name,moa,target,disease_area,indication,phase
1-azakenpaullone,glycogen synthase kinase inhibitor,"CCNB1, CDK1, CDK5, GSK3B",,,Preclinical
1-naphthyl-PP1,src inhibitor,SRC,,,Preclinical
1-phenylbiguanide,serotonin receptor agonist,"HTR3A, HTR3B",,,Preclinical
10-deacetylbaccatin,antitumor agent,,,,Preclinical
10-hydroxycamptothecin,topoisomerase inhibitor,TOP1,,,Preclinical
12-O-tetradecanoylphorbol-13-acetate,PKC activator,"KCNT2, TRPV4",,,Phase 2
2'-MeCCPA,adenosine receptor agonist,ADORA1,,,Preclinical
"2,3-DCPE",Bcl-XL downregulator,BCL2L1,,,Preclinical
2-methoxyestradiol,hypoxia inducible factor inhibitor,"COMT, CYP19A1, CYP1A1, CYP1B1, HIF1A, TUBB",,,Phase 2
3'-fluorobenzylspiperone,dopamine receptor ligand,DRD2,,,Preclinical
3-amino-benzamide,PARP inhibitor,PARP1,,,Phase 2
3-deazaneplanocin-A,histone lysine methyltransferase inhibitor,EZH2,,,Preclinical
4-(4-fluorobenzoyl)-1-(4-phenylbutyl)-piperidine,serotonin receptor antagonist,HTR2A,,,Preclinical
4-chlorophenylguanidine,urokinase inhibitor,PLAUR,,,Preclinical
4-hydroxy-phenazone,,,,,Preclinical
4-iodo-6-phenylpyrimidine,macrophage migration inhibiting factor inhibitor,MIF,,,Preclinical
4-methylgenistein,protein tyrosine kinase inhibitor,"CYP19A1, ESRRA, ESRRB, ESRRG, FASN",,,Preclinical
4-methylhistamine,histamine receptor agonist,HRH4,,,Preclinical
4-pyrimidinecarbonitrile,,,,,Preclinical
4E1RCat,protein synthesis inhibitor,"EIF4E, EIF4G1",,,Preclinical
5-fluorouracil,thymidylate synthase inhibitor,"DPYD, TYMS",oncology,"colorectal cancer, breast cancer, pancreatic cancer, gastric adenocarcinoma",Launched
5-hydroxymethyl-tolterodine,acetylcholine receptor antagonist,CHRM3,,,Phase 1
7-aminocephalosporanic-acid,beta lactamase inhibitor,,,,Preclinical
7-hydroxystaurosporine,"CDK inhibitor, CHK inhibitor, PKC inhibitor","CHEK1, MARK3, PDPK1",,,Phase 2
7-nitroindazole,nitric oxide synthase inhibitor,"NOS1, NOS2, NOS3",,,Preclinical
8-bromo-cGMP,PKA activator,PRKG1,,,Preclinical
8-hydroxy-PIPAT,dopamine receptor ligand,"DRD2, DRD3",,,Preclinical
9-aminoacridine,,,,,Preclinical
A-674563,AKT inhibitor,"AKT1, PKIA, PRKACA",,,Preclinical
A-803467,sodium channel blocker,SCN10A,,,Preclinical
A61603,adrenergic receptor agonist,ADRA1A,,,Preclinical
ABT-702,adenosine kinase inhibitor,ADK,,,Preclinical
ABT-737,BCL inhibitor,"BCL2, BCL2L1, BCL2L2",,,Phase 1/Phase 2
ABT-751,tubulin polymerization inhibitor,TUBB,,,Phase 2
AC-264613,PAR agonist,F2RL1,,,Preclinical
ACDPP,glutamate receptor antagonist,GRM5,,,Preclinical
ACY-1215,HDAC inhibitor,"HDAC1, HDAC2, HDAC3, HDAC6, HDAC8",,,Phase 1/Phase 2
ADL5859,opioid receptor agonist,OPRD1,,,Phase 2
AEE788,"EGFR inhibitor, VEGFR inhibitor","EGFR, ERBB2, ERBB4, FGFR2, FGFR3, KDR",,,Phase 1/Phase 2
AEG3482,HSP inducer,,,,Preclinical
AG-14361,PARP inhibitor,PARP1,,,Preclinical
AM-251,cannabinoid receptor antagonist,"CNR1, GPR18, GPR55",,,Preclinical
AM-404,"cyclooxygenase inhibitor, FAAH inhibitor, TRPV antagonist","CNR1, CNR2, FAAH, TRPV1",,,Preclinical
AM-580,retinoid receptor agonist,RARA,,,Preclinical
AMG-208,tyrosine kinase inhibitor,MET,,,Phase 1
AMG-232,MDM inhibitor,MDM2,,,Phase 1/Phase 2
AMG458,MET inhibitor,MET,,,Preclinical
AMG900,Aurora kinase inhibitor,"AURKA, AURKB, AURKC",,,Phase 1
AP1903,,,,,Phase 1/Phase 2
AP26113,ALK tyrosine kinase receptor inhibitor,"ALK, EGFR",,,Phase 2
AR-12,phosphoinositide dependent kinase inhibitor,PDPK1,,,Phase 1
AR-42,HDAC inhibitor,HDAC1,,,Phase 1
ARRY-334543,EGFR inhibitor,ERBB2,,,Phase 2
AS-1949490,SHIP2 phosphatase inhibitor,INPP5D,,,Preclinical
AS-703026,MEK inhibitor,"MAP2K1, MAP2K2",,,Phase 2
AST-1306,EGFR inhibitor,"EGFR, ERBB2",,,Phase 1
AT-7519,CDK inhibitor,"CDK1, CDK2, CDK4, CDK5, CDK6, CDK9",,,Phase 2
AT-9283,"Aurora kinase inhibitor, JAK inhibitor","AURKA, AURKB, JAK2, JAK3, RPS6KA6, STK17A",,,Phase 2
AT13387,HSP antagonist,HSP90AA1,,,Phase 2
AT7867,AKT inhibitor,"AKT2, GSK3B, PKIA, PRKACA",,,Preclinical
AV-412,protein tyrosine kinase inhibitor,"EGFR, ERBB2",,,Phase 1
AVL-292,Bruton's tyrosine kinase (BTK) inhibitor,"BTK, YES1",,,Phase 2
AVN-944,inosine monophosphate dehydrogenase inhibitor,"IMPDH1, IMPDH2",,,Phase 2
AZ-628,RAF inhibitor,"BRAF, RAF1",,,Preclinical
AZ20,ATR kinase inhibitor,"ATR, MTOR",,,Preclinical
AZ3146,monopolar spindle 1 kinase inhibitor,,,,Preclinical
AZ960,JAK inhibitor,JAK2,,,Preclinical
AZD1480,JAK inhibitor,"JAK1, JAK2, JAK3",,,Phase 1
AZD2014,mTOR inhibitor,MTOR,,,Phase 2
AZD2461,PARP inhibitor,,,,Phase 1
AZD2858,glycogen synthase kinase inhibitor,GSK3B,,,Preclinical
AZD3463,"ALK tyrosine kinase receptor inhibitor, insulin growth factor receptor inhibitor","ALK, IGF1R",,,Preclinical
AZD4547,FGFR inhibitor,"FGFR1, FGFR2, FGFR3, FGFR4, IGF1R, KDR",,,Phase 2/Phase 3
AZD5363,AKT inhibitor,"AKT1, AKT2, AKT3",,,Phase 2
AZD5438,CDK inhibitor,KCNH2,,,Phase 1
AZD6482,PI3K inhibitor,"PIK3CA, PIK3CB, PIK3CD, PIK3CG",,,Phase 1
AZD7762,CHK inhibitor,"CHEK1, CHEK2",,,Phase 1
AZD8055,mTOR inhibitor,MTOR,,,Phase 1
AZD8330,MEK inhibitor,,,,Phase 1
AZD8931,EGFR inhibitor,"EGFR, ERBB2, ERBB3",,,Phase 2
AZD9668,elastase inhibitor,ELANE,,,Phase 2
BAM7,BAX activator,BAX,,,Preclinical
BAN-ORL-24,nociceptin/orphanin FQ receptor antagonist,OPRL1,,,Preclinical
BAY-11-7082,NFkB pathway inhibitor,RELA,,,Preclinical
BAY-11-7085,NFkB pathway inhibitor,NFKBIA,,,Preclinical
BAY-87-2243,hypoxia inducible factor inhibitor,HIF1A,,,Phase 1
BAY-K-8644-(s)-(-),L-type calcium channel activator,CACNA1C,,,Preclinical
BF2.649,histamine receptor antagonist,HRH3,,,Phase 3
BGT226,PI3K inhibitor,"MTOR, PIK3CA, PIK3CB, PIK3CG",,,Phase 1/Phase 2
BI-2536,PLK inhibitor,"BRD4, PLK1, PLK2, PLK3",,,Phase 2
BI-78D3,JNK inhibitor,MAPK8,,,Preclinical
BI-D1870,ribosomal protein inhibitor,"RPS6KA1, RPS6KA2, RPS6KA3, RPS6KA6",,,Preclinical
BIBR-1532,telomerase inhibitor,TERT,,,Preclinical
BIBU-1361,EGFR inhibitor,EGFR,,,Preclinical
BIBX-1382,EGFR inhibitor,"EGFR, ERBB2",,,Phase 1
BIIB021,HSP inhibitor,HSP90AA1,,,Phase 2
BIX-01294,histone lysine methyltransferase inhibitor,"EHMT1, EHMT2",,,Preclinical
BIX-02188,MEK inhibitor,MAP2K5,,,Preclinical
BMS-265246,CDK inhibitor,"CDK1, CDK2",,,Preclinical
BMS-345541,IKK inhibitor,"CHUK, IKBKB",,,Preclinical
BMS-387032,"CDK inhibitor, cell cycle inhibitor, MCL1 inhibitor","CDK2, CDK7, CDK9",,,Phase 1
BMS-599626,"EGFR inhibitor, protein tyrosine kinase inhibitor","EGFR, ERBB2, ERBB4",,,Phase 1
BMS-626529,HIV attachment inhibitor,,,,Phase 3
BMS-690514,"EGFR inhibitor, VEGFR inhibitor","EGFR, ERBB2, FLT3, KDR",,,Phase 2
BMS-707035,HIV integrase inhibitor,,,,Phase 2
BMS-754807,IGF-1 inhibitor,"AKT1, IGF1R",,,Phase 2
BMS-986020,lysophosphatidic acid receptor antagonist,LPAR1,,,Phase 2
BNC105,tubulin polymerization inhibitor,,,,Phase 2
BNTX,opioid receptor antagonist,"OPRD1, OPRK1, OPRM1",,,Preclinical
BTS-54505,dopamine reuptake inhibitor,"SLC6A2, SLC6A3, SLC6A4",,,Withdrawn
BVD-523,MAP kinase inhibitor,,,,Phase 1/Phase 2
BVT-948,tyrosine phosphatase inhibitor,"PTPN1, PTPN11, PTPN2",,,Preclinical
BW-180C,opioid receptor agonist,"OPRD1, OPRM1",,,Phase 2
BX-912,pyruvate dehydrogenase kinase inhibitor,"CDK2, CHEK1, GSK3B, KDR, PDK1, PDPK1",,,Preclinical
CB-10-277,DNA synthesis inhibitor,,,,Phase 1
CCG-50014,G protein signaling inhibitor,"RGS4, RGS8",,,Preclinical
CCMI,acetylcholine receptor allosteric modulator,CHRNA7,,,Preclinical
CCT128930,AKT inhibitor,"PKIA, PRKACA",,,Preclinical
CCT129202,Aurora kinase inhibitor,"AURKA, AURKB, AURKC",,,Preclinical
CCT137690,Aurora kinase inhibitor,"AURKA, AURKB, AURKC",,,Preclinical
CD-437,retinoid receptor agonist,RARG,,,Preclinical
CEP-32496,RAF inhibitor,"BRAF, RAF1",,,Phase 1/Phase 2
CEP-33779,JAK inhibitor,JAK2,,,Preclinical
CEP-37440,ALK tyrosine kinase receptor inhibitor,ALK,,,Phase 1
CGM097,MDM inhibitor,MDM2,,,Phase 1
CGP-37849,glutamate receptor antagonist,"GRIN2A, GRIN2B, GRIN2C, GRIN2D",,,Phase 1
CGP-52411,EGFR inhibitor,EGFR,,,Preclinical
CGP-54626,GABA receptor antagonist,"GABBR1, GABBR2, KCTD12, KCTD16, KCTD8",,,Preclinical
CGS-15943,adenosine receptor antagonist,"ADORA1, ADORA2A, ADORA2B, ADORA3",,,Preclinical
CGS-20625,"benzodiazepine receptor agonist, GABA benzodiazepine site receptor partial agonist","GABRA1, GABRA2, GABRA3, GABRA4, GABRA5, GABRA6",,,Phase 1
CH5132799,PI3K inhibitor,"MTOR, PIK3CA, PIK3CB, PIK3CD, PIK3CG",,,Phase 1
CHIR-124,CHK inhibitor,CHEK1,,,Preclinical
CHIR-98014,glycogen synthase kinase inhibitor,"GSK3A, GSK3B",,,Preclinical
CHIR-99021,glycogen synthase kinase inhibitor,"CDK1, GSK3A, GSK3B, MAPK1",,,Preclinical
CI-844,,,,,Phase 2
CID-5458317,MAP kinase phosphatase inhibitor,MAPK3,,,Preclinical
CL-218872,benzodiazepine receptor agonist,"GABRA1, GABRA2, GABRA3, GABRA5, GABRB2, GABRG2",,,Phase 1
CMPD-1,p38 MAPK inhibitor,"GNRHR, MAPK14",,,Preclinical
CNX-2006,EGFR inhibitor,EGFR,,,Preclinical
CNX-774,Bruton's tyrosine kinase (BTK) inhibitor,BTK,,,Preclinical
CP-673451,PDGFR tyrosine kinase receptor inhibitor,"KIT, PDGFRA, PDGFRB",,,Preclinical
CP-724714,"EGFR inhibitor, protein tyrosine kinase inhibitor",ERBB2,,,Phase 2
"CP-945,598",cannabinoid receptor antagonist,CNR1,,,Phase 3
CPI-1189,tumor necrosis factor release inhibitor,TNF,,,Phase 2
CPP,glutamate receptor antagonist,"GRIN1, GRIN2A, GRIN2B, GRIN2C, GRIN2D",,,Phase 2
CR8-(R),CDK inhibitor,CCNA2,,,Preclinical
CS-110266,dopamine receptor agonist,SLC6A3,,,Preclinical
CUDC-101,EGFR inhibitor,"EGFR, ERBB2",,,Phase 1
CUDC-907,PI3K inhibitor,"HDAC2, PIK3R1",,,Phase 2
CX-4945,casein kinase inhibitor,"CSNK2A1, CSNK2A2, DAPK3, HIPK3",,,Phase 1/Phase 2
CX-5461,RNA polymerase inhibitor,,,,Phase 1
CYC116,Aurora kinase inhibitor,"AURKA, AURKB, KDR",,,Phase 1
CYT-997,tubulin polymerization inhibitor,TUBB,,,Phase 2
D-4476,TGF beta receptor inhibitor,"CSNK1A1, CSNK1D, TGFB1",,,Preclinical
D-64131,microtubule inhibitor,TUBB,,,Preclinical
D-7193,,,,,Phase 2
D-Serine,glutamate receptor agonist,"GLRA1, GRIN1, GRIN2A, GRIN2B, GRIN2C, GRIN2D, SERPINB3",,,Launched
DCEBIO,potassium channel activator,"KCNN2, KCNN3, KCNN4",,,Preclinical
DMH1,ALK tyrosine kinase receptor inhibitor,ACVR1,,,Preclinical
DPI-201106,sodium channel activator,ADRB2,,,Phase 2
DU-728,structural glycoprotein antagonist,"ITGA2B, ITGB3",,,Phase 1
DVD-111,,,,,Phase 2
E7449,PARP inhibitor,"PARP1, PARP2, TNKS, TNKS2",,,Phase 1/Phase 2
EMD-53998,phosphodiesterase inhibitor,TNNC1,,,Phase 1
ENMD-2076,"Aurora kinase inhibitor, FLT3 inhibitor, VEGFR inhibitor","AURKA, FLT3, KDR, PDGFRA, PTK2, SRC",,,Phase 2
EPZ-5676,histone lysine methyltransferase inhibitor,DOT1L,,,Phase 1
ER-27319,"mediator release inhibitor, SYK inhibitor",SYK,,,Preclinical
ETP-46464,ATR kinase inhibitor,,,,Preclinical
EVP4593,NFkB pathway inhibitor,,,,Preclinical
FERb-033,EGFR inhibitor,ERBB2,,,Preclinical
FG-4592,hypoxia inducible factor prolyl hydroxylase inhibitor,EGLN2,,,Phase 3
FK-3311,cyclooxygenase inhibitor,PTGS2,,,Phase 2
FK-866,niacinamide phosphoribosyltransferase inhibitor,NAMPT,,,Phase 2
FK-888,tachykinin antagonist,"TACR1, TACR2",,,Phase 2
FLI-06,notch signaling inhibitor,,,,Preclinical
FPH1-(BRD-6125),hepatocyte function enhancer,,,,Preclinical
FR-122047,cyclooxygenase inhibitor,,,,Preclinical
FR-139317,endothelin receptor antagonist,EDNRA,,,Phase 1
G-1,G protein-coupled receptor agonist,GPER1,,,Preclinical
GDC-0068,AKT inhibitor,"AKT1, AKT2, AKT3, PRKG1",,,Phase 2
GDC-0152,XIAP inhibitor,"BIRC2, BIRC3, BIRC7, XIAP",,,Phase 1
GDC-0349,Pim kinase inhibitor,PIK3CA,,,Phase 1
GDC-0879,RAF inhibitor,BRAF,,,Preclinical
GDC-0941,PI3K inhibitor,"PIK3CA, PIK3CB, PIK3CD, PIK3CG",,,Phase 2
GDC-0980,"mTOR inhibitor, PI3K inhibitor","FGR, MAP3K9, MTOR, PIK3CA, PIK3CB, PIK3CD, PIK3CG, SYK",,,Phase 2
GGTI-298,GGTase inhibitor,CDKN1A,,,Preclinical
GS-39783,GABA receptor modulator,GABBR1,,,Preclinical
GS-9973,syk inhibitor,SYK,,,Phase 2
GSK-3-inhibitor-IX,"glycogen synthase kinase inhibitor, lipoxygenase inhibitor","GSK3A, GSK3B",,,Preclinical
GSK-J4,histone lysine demethylase inhibitor,"KDM6A, KDM6B",,,Preclinical
GSK1070916,Aurora kinase inhibitor,"AURKA, AURKB, AURKC, CYP2D6, CYP3A4",,,Phase 1
GSK1292263,glucose dependent insulinotropic receptor agonist,GRPR,,,Phase 2
GSK1838705A,insulin growth factor receptor inhibitor,"ALK, IGF1R, INSR, RPS6KA1",,,Preclinical
GSK1904529A,"IGF-1 inhibitor, insulin growth factor receptor inhibitor, insulin receptor ligand","IGF1R, INSR",,,Preclinical
GSK2110183,AKT inhibitor,"AKT1, AKT2, AKT3",,,Phase 2
GSK2126458,"mTOR inhibitor, PI3K inhibitor","MTOR, PIK3CA, PIK3CB, PIK3CD, PIK3CG",,,Phase 1
GSK256066,phosphodiesterase inhibitor,PDE4A,,,Phase 2
GSK2656157,PERK inhibitor,,,,Preclinical
GSK2830371,protein phosphatase inhibitor,PPM1D,,,Preclinical
GSK429286A,rho associated kinase inhibitor,ROCK1,,,Preclinical
GSK461364,PLK inhibitor,PLK1,,,Phase 1
GSK650394,serum/glucocorticoid regulated kinase inhibitor,"SGK1, SGK2",,,Preclinical
GSK923295,centromere associated protein inhibitor,CENPE,,,Phase 1
GTP-14564,"FLT3 inhibitor, tyrosine kinase inhibitor","CSF1R, FLT3, KIT, PDGFRB",,,Preclinical
GW-3965,LXR agonist,"NR1H2, NR1H3",,,Preclinical
GW-405833,cannabinoid receptor agonist,CNR2,,,Preclinical
GW-441756,growth factor receptor inhibitor,NTRK1,,,Preclinical
GW-501516,PPAR receptor agonist,"PPARA, PPARD",,,Phase 2
GW-583340,EGFR inhibitor,"EGFR, ERBB2",,,Preclinical
GW-788388,ALK tyrosine kinase receptor inhibitor,"LCK, MAPK14, TGFBR1",,,Preclinical
GW-842166,cannabinoid receptor agonist,CNR2,,,Phase 2
GW-843682X,PLK inhibitor,"PLK1, PLK3",,,Preclinical
GZD824,Bcr-Abl kinase inhibitor,"ABL1, BCR",,,Preclinical
HA14-1,BCL inhibitor,BCL2,,,Preclinical
HMN-214,PLK inhibitor,PLK1,,,Phase 1
I-BET-762,bromodomain inhibitor,"BRD2, BRD3, BRD4",,,Phase 2
I-BET151,bromodomain inhibitor,"BRD2, BRD3, BRD4",,,Preclinical
ICG-001,beta-catenin inhibitor,CTNNB1,,,Preclinical
ICI-162846,histamine receptor antagonist,HRH2,,,Phase 1
IDRA-21,glutamate receptor positive allosteric modulator,"GRIA1, GRIA2, GRIA3, GRIA4",,,Preclinical
IEM1754,glutamate receptor antagonist,GRIA1,,,Preclinical
IKK-16,IKK inhibitor,IKBKB,,,Preclinical
IKK-2-inhibitor-V,"IKK inhibitor, NFkB pathway inhibitor",IKBKB,,,Phase 1
INC-280,c-Met inhibitor,MET,,,Phase 2
INH1,Hec1 inhibitor,NDC80,,,Preclinical
IOWH032,CFTR channel antagonist,CFTR,,,Phase 2
JIB04,histone lysine demethylase inhibitor,KDM4E,,,Preclinical
JK-184,hedgehog pathway inhibitor,,,,Preclinical
JNJ-16259685,glutamate receptor antagonist,GRM1,,,Preclinical
JNJ-26481585,HDAC inhibitor,"HDAC1, HDAC10, HDAC11, HDAC2, HDAC3, HDAC4, HDAC5, HDAC6, HDAC7, HDAC8, HDAC9, MDM2",,,Phase 2
JNJ-7706621,CDK inhibitor,"AURKA, AURKB, CDK1, CDK2",,,Preclinical
JQ1-(+),bromodomain inhibitor,"BRD4, BRDT",,,Preclinical
JTC-801,opioid receptor antagonist,OPRL1,,,Phase 2
JTE-607,cytokine production inhibitor,"IL10, IL1B, IL6, TNF",,,Phase 2
JZL-184,monoacylglucerol lipase inhibitor,MGLL,,,Preclinical
K-858,kinesin-like spindle protein inhibitor,KIF11,,,Preclinical
K-Ras(G12C)-inhibitor-6,K-ras inhibitor,,,,Preclinical
KD-023,ACAT inhibitor,"ACACA, ACACB",,,Phase 2
KD025,rho associated kinase inhibitor,ROCK2,,,Phase 2
KF-38789,P selectin inhibitor,SELP,,,Preclinical
KI-16425,lysophosphatidic acid receptor antagonist,"LPAR1, LPAR3",,,Preclinical
KI-8751,"KIT inhibitor, PDGFR tyrosine kinase receptor inhibitor, VEGFR inhibitor",KDR,,,Preclinical
KP-1212,,,,,Phase 2
KPT-185,exportin antagonist,XPO1,,,Preclinical
KPT-276,exportin antagonist,XPO1,,,Preclinical
KW-2449,"Abl kinase inhibitor, Aurora kinase inhibitor, FLT3 inhibitor","ABL1, AURKA, AURKB, FLT3",,,Phase 1
KW-2478,HSP inhibitor,,,,Phase 1/Phase 2
KX2-391,"src inhibitor, tubulin polymerization inhibitor",SRC,,,Phase 2
KY02111,Wnt pathway inhibitor,DKK1,,,Preclinical
"L-798,106",prostanoid receptor antagonist,PTGER3,,,Preclinical
LB42708,farnesyltransferase inhibitor,,,,Preclinical
LCL-161,XIAP inhibitor,"BIRC2, XIAP",,,Phase 2
LDN-212854,bone morphogenic protein inhibitor,"ABL1, ACVR1, RIPK2",,,Preclinical
LDN-57444,ubiquitin C-terminal hydrolase inhibitor,,,,Preclinical
LE-135,retinoid receptor agonist,RARB,,,Preclinical
LGX818,RAF inhibitor,BRAF,,,Phase 3
LY2090314,glycogen synthase kinase inhibitor,GSK3B,,,Phase 2
LY2109761,TGF beta receptor inhibitor,"TGFBR1, TGFBR2",,,Preclinical
LY2183240,"FAAH inhibitor, FAAH reuptake inhibitor",FAAH,,,Preclinical
LY2334737,"antitumor agent, ribonucleotide reductase inhibitor",,,,Phase 1
LY2603618,CHK inhibitor,CHEK1,,,Phase 2
LY2606368,CHK inhibitor,CHEK1,,,Phase 2
LY2608204,glucokinase activator,GCK,,,Phase 2
LY2784544,JAK inhibitor,"JAK2, JAK3",,,Phase 2
LY2801653,MET inhibitor,MET,,,Phase 2
LY2874455,FGFR antagonist,"FGFR1, FGFR2, FGFR3, FGFR4, KDR",,,Phase 1
LY3023414,"PI3K inhibitor, mTOR inhibitor",MTOR,,,Phase 2
LY303511,"casein kinase inhibitor, mTOR inhibitor, PI3K inhibitor","BRD2, BRD3, BRD4",,,Preclinical
LY364947,"TGF beta receptor inhibitor, p38 MAPK inhibitor",TGFBR1,,,Preclinical
LY456236,glutamate receptor antagonist,GRM1,,,Preclinical
M-344,HDAC inhibitor,,,,Preclinical
MEK1-2-inhibitor,MEK inhibitor,MAP2K2,,,Preclinical
MEK162,MEK inhibitor,"MAP2K1, MAP2K2",,,Phase 3
MG-132,proteasome inhibitor,PSMB1,,,Preclinical
MGCD-265,VEGFR inhibitor,"AXL, MET",,,Preclinical
MK-0773,androgen receptor modulator,AR,,,Phase 2
MK-0812,CC chemokine receptor antagonist,CCR2,,,Phase 2
MK-1775,WEE1 kinase inhibitor,WEE1,,,Phase 2
MK-2206,AKT inhibitor,"AKT1, AKT2, AKT3",,,Phase 2
MK-2461,"FGFR inhibitor, VEGFR inhibitor","FGFR1, FGFR2, FGFR3, FLT1, FLT3, FLT4, KDR, MERTK, MET, MST1R, NTRK1, NTRK2, PDGFRB",,,Phase 1/Phase 2
MK-3207,calcitonin antagonist,CALCA,,,Phase 2
MK-5108,Aurora kinase inhibitor,"AURKA, AURKB, AURKC",,,Phase 1
MK-8245,stearoyl-CoA desaturase inhibitor,SCD,,,Phase 2
MK-8745,Aurora kinase inhibitor,AURKA,,,Preclinical
ML133,potassium channel blocker,,,,Preclinical
MLN-8054,Aurora kinase inhibitor,AURKA,,,Phase 1
MLN0128,mTOR inhibitor,"MTOR, PIK3CA, PIK3CD, PIK3CG",,,Phase 2
"MNS-(3,4-Methylenedioxy-nitrostyrene)","src inhibitor, syk inhibitor","SRC, SYK",,,Preclinical
MPI-0479605,mitotic kinase inhibitor,TTK,,,Preclinical
MRS-1220,adenosine receptor antagonist,"ADORA2B, ADORA3",,,Preclinical
MTPG,glutamate receptor antagonist,"GRM2, GRM3",,,Preclinical
N-acetylmannosamine,,CHIT1,,,Phase 1
NAN-190,serotonin receptor agonist,"ADRA1A, ADRA1B, ADRA1D, HTR1A, HTR1F",,,Preclinical
NH125,eukaryotic translation elongation factor 2 inhibitor,,,,Preclinical
NMS-1286937,PLK inhibitor,"FLT3, PLK1, PLK2, PLK3",,,Phase 1
NMS-873,ATPase inhibitor,VCP,,,Preclinical
NMS-E973,HSP inhibitor,,,,Preclinical
NSC-23766,Ras GTPase inhibitor,,,,Preclinical
NSC-319726,p53 activator,,,,Preclinical
NSC-3852,HDAC inhibitor,HDAC1,,,Preclinical
NSC-632839,ubiquitin specific protease inhibitor,"SENP2, USP1, USP2, USP7",,,Preclinical
NSC-663284,CDC inhibitor,"CDC25A, CDC25B, CDC25C",,,Preclinical
NSC-697923,ubiquitin-conjugating enzyme inhibitor,UBE2N,,,Preclinical
NU6027,CDK inhibitor,"CCNA2, CDK2",,,Preclinical
NVP-AEW541,IGF-1 inhibitor,"IGF1R, INSR",,,Preclinical
NVP-AUY922,HSP inhibitor,"HSP90AA1, HSP90AB1",,,Phase 2
NVP-BEZ235,"mTOR inhibitor, PI3K inhibitor","ATR, MTOR, PIK3CA, PIK3CD, PIK3CG",,,Phase 2
NVP-BHG712,ephrin inhibitor,EPHB4,,,Preclinical
NVP-BVU972,MET inhibitor,MET,,,Preclinical
NVP-TAE226,protein tyrosine kinase inhibitor,PTK2,,,Preclinical
NVP-TAE684,ALK tyrosine kinase receptor inhibitor,"ALK, INSR",,,Preclinical
OLDA,TRPV agonist,GPR119,,,Preclinical
ONC201,"AKT inhibitor, MAP kinase inhibitor",TNFSF10,,,Phase 2
ONX-0914,proteasome inhibitor,,,,Preclinical
OSI-027,mTOR inhibitor,MTOR,,,Phase 1
OSI-420,EGFR inhibitor,EGFR,,,Preclinical
OSI-930,"KIT inhibitor, VEGFR inhibitor","KDR, KIT",,,Phase 1
OTS167,maternal embryonic leucine zipper kinase inhibitor,MELK,,,Phase 1
OTX015,bromodomain inhibitor,"BRD2, BRD3, BRD4",,,Phase 1/Phase 2
P22077,ubiquitin specific protease inhibitor,USP7,,,Preclinical
P276-00,CDK inhibitor,"CDK1, CDK4, CDK9",,,Phase 2
P5091,ubiquitin specific protease inhibitor,USP7,,,Preclinical
PAC-1,caspase activator,CASP3,,,Phase 1
PCI-24781,HDAC inhibitor,"HDAC1, HDAC2, HDAC3, HDAC6",,,Phase 1/Phase 2
PD-0325901,MEK inhibitor,MAP2K1,,,Phase 2
PD-153035,EGFR inhibitor,"EGFR, KDR",,,Phase 1
PD-168393,EGFR inhibitor,"EGFR, ERBB2, SRC",,,Preclinical
PD-173074,"FGFR inhibitor, VEGFR inhibitor","FGFR1, FGFR2, FGFR3, FGFR4, FLT1, FLT4, KDR, PDGFRA, PDGFRB",,,Preclinical
PD-184352,MEK inhibitor,"MAP2K1, MAP3K1, MAP3K2",,,Phase 2
PD-198306,"MAP kinase inhibitor, MEK inhibitor","MAP2K1, MAP2K2",,,Preclinical
PD-318088,MEK inhibitor,MAP2K1,,,Preclinical
PD-407824,PKC inhibitor,WEE1,,,Preclinical
PD-98059,MEK inhibitor,"AKT1, CHEK1, GSK3B, LCK, MAP2K1, MAPK1, MAPK11, MAPK12, MAPK14, MAPK8, PRKCA, RAF1, ROCK1, RPS6KB1, SGK1",,,Preclinical
PETCM,caspase activator,CASP3,,,Preclinical
PF-03758309,p21 activated kinase inhibitor,PAK4,,,Phase 1
PF-03814735,Aurora kinase inhibitor,"AURKA, AURKB",,,Phase 1
PF-04136309,CC chemokine receptor antagonist,,,,Phase 2
PF-04217903,c-Met inhibitor,MET,,,Phase 1
PF-04457845,FAAH inhibitor,FAAH,,,Phase 2
PF-04691502,"mTOR inhibitor, PI3K inhibitor","MTOR, PIK3CA",,,Phase 2
PF-05212384,"mTOR inhibitor, PI3K inhibitor","MTOR, PIK3CA",,,Phase 2
PF-3845,FAAH inhibitor,FAAH,,,Preclinical
PF-477736,CHK inhibitor,"CHEK1, CHEK2",,,Phase 1
PF-4981517,cytochrome P450 inhibitor,CYP3A4,,,Preclinical
PF-562271,focal adhesion kinase inhibitor,"PTK2, PTK2B",,,Phase 1
PF-573228,focal adhesion kinase inhibitor,"CDK1, CDK2, CDK7, GSK3B, IKBKB",,,Preclinical
PFI-1,bromodomain inhibitor,BRD4,,,Preclinical
PFK-015,phosphofructokinase inhibitor,PFKFB3,,,Phase 1
PHA-665752,c-Met inhibitor,MET,,,Preclinical
PHA-680632,Aurora kinase inhibitor,"AURKA, AURKB, AURKC",,,Preclinical
PHA-767491,CDC inhibitor,"CDK1, RPS6KB1",,,Preclinical
PHA-793887,CDK inhibitor,"CDK1, CDK2, CDK4, CDK5, CDK7, CDK9",,,Phase 1
PHA-848125,"CDK inhibitor, growth factor receptor inhibitor","CDK2, CDK4, CDK7, NTRK1",,,Phase 2
PI-103,"mTOR inhibitor, PI3K inhibitor","MTOR, PIK3CA, PIK3CB, PIK3CD, PIK3CG, PRKDC",,,Preclinical
PI-828,PI3K inhibitor,,,,Preclinical
PI3K-IN-2,PI3K inhibitor,,,,Phase 2
PIK-75,"DNA protein kinase inhibitor, PI3K inhibitor","PIK3CA, PIK3CB, PIK3CD, PIK3CG, PRKDC",,,Preclinical
PJ-34,PARP inhibitor,"EEF2, PARP1, PARP15, PARP3",,,Preclinical
PKI-179,"mTOR inhibitor, PI3K inhibitor",MTOR,,,Phase 1
PLX-4720,RAF inhibitor,"BRAF, KDR",,,Preclinical
PP-1,src inhibitor,"HCK, RET",,,Preclinical
PP-121,protein tyrosine kinase inhibitor,"ABL1, EGFR, HCK, KDR, MTOR, PDGFRA, PIK3CA, PIK3CB, PIK3CD, PIK3CG, PRKDC, SRC",,,Preclinical
PP-2,src inhibitor,"ABL1, LCK, LYN, RIPK2, SRC",,,Preclinical
PP242,mTOR inhibitor,"MTOR, PASK",,,Preclinical
PPT,estrogen receptor agonist,ESR1,,,Preclinical
PQ-401,IGF-1 inhibitor,IGF1R,,,Preclinical
PR-619,DUB inhibitor,,,,Preclinical
PRT062070,"JAK inhibitor, syk inhibitor",SYK,,,Phase 1
PRT062607,syk inhibitor,"FGR, MAP3K9, SYK",,,Phase 2
PSB-1115,adenosine receptor antagonist,"ADORA1, ADORA2B, ADORA3",,,Preclinical
PSI-7976,HCV inhibitor,,,,Preclinical
PTC-209,BMI-1 inhibitor,,,,Preclinical
PU-H71,HSP inhibitor,HSP90AA1,,,Phase 1
R306465,HDAC inhibitor,,,,Phase 1
R406,SYK inhibitor,"RET, SYK",,,Phase 1
R547,CDK inhibitor,"CDK1, CDK2, CDK4, CDK7",,,Phase 1
RAF265,"RAF inhibitor, VEGFR inhibitor",BRAF,,,Phase 2
RG108,DNA methyltransferase inhibitor,"DNMT1, DNMT3B",,,Preclinical
RG2833,HDAC inhibitor,"HDAC1, HDAC3",,,Phase 1
RGFP966,HDAC inhibitor,HDAC3,,,Preclinical
RI-1,,RAD51,,,Preclinical
RITA,MDM inhibitor,MDM2,,,Preclinical
RKI-1447,rho associated kinase inhibitor,"CDC42BPA, DMPK, LIMK1, MYLK, PAK1, PKN1, ROCK1, ROCK2",,,Preclinical
RN-1734,TRPV antagonist,TRPV4,,,Preclinical
RS-16566,serotonin receptor antagonist,,,,Preclinical
RS-17053,adrenergic receptor antagonist,"ADRA1A, ADRA1D",,,Preclinical
RS-504393,CC chemokine receptor antagonist,"CCL2, CCR2",,,Preclinical
RS-67506,serotonin receptor partial agonist,HTR4,,,Preclinical
RU-58841,androgen receptor antagonist,AR,,,Phase 2
Ro-04-5595,,GRIN2B,,,Preclinical
Ro-10-5824,dopamine receptor agonist,DRD4,,,Preclinical
Ro-106-9920,NFkB pathway inhibitor,,,,Preclinical
Ro-4987655,MEK inhibitor,MAP2K1,,,Phase 1
Ro-90-7501,,APP,,,Preclinical
Ro-9187,HCV inhibitor,,,,Preclinical
S-methylcysteine,,"CTSD, MGMT",,,Phase 1
S26948,PPAR receptor agonist,PPARG,,,Preclinical
SAR131675,VEGFR inhibitor,FLT4,,,Preclinical
SB-200646,serotonin receptor antagonist,"HTR2B, HTR2C",,,Preclinical
SB-205384,GABA receptor modulator,"GABRA3, GABRA5, GABRA6",,,Preclinical
SB-216641,serotonin receptor antagonist,"HTR1A, HTR1B, HTR1D, HTR2A, HTR2B, HTR2C",,,Preclinical
SB-218078,CHK inhibitor,CHEK1,,,Preclinical
SB-218795,tachykinin antagonist,TACR3,,,Preclinical
SB-225002,CC chemokine receptor antagonist,CXCR2,,,Preclinical
SB-228357,serotonin receptor antagonist,"HTR2A, HTR2B, HTR2C",,,Preclinical
SB-2343,"mTOR inhibitor, PI3K inhibitor","MTOR, PIK3CA, PIK3CB, PIK3CD, PIK3CG",,,Phase 1
SB-239063,p38 MAPK inhibitor,"MAPK11, MAPK14, PTGS2",,,Preclinical
SB-242235,p38 MAPK inhibitor,"HSPB1, MAPK14",,,Phase 1
SB-366791,TRPV antagonist,TRPV1,,,Preclinical
SB-431542,TGF beta receptor inhibitor,"ACVR1C, TGFBR1",,,Preclinical
SB-505124,ALK tyrosine kinase receptor inhibitor,TGFBR1,,,Preclinical
SB-525334,TGF beta receptor inhibitor,TGFBR1,,,Preclinical
SB-590885,RAF inhibitor,BRAF,,,Preclinical
SB-657510,urotensin receptor antagonist,UTS2R,,,Preclinical
SB-743921,kinesin-like spindle protein inhibitor,KIF11,,,Phase 1/Phase 2
SB-939,HDAC inhibitor,"HDAC1, HDAC10, HDAC3, HDAC4, HDAC5, HDAC9",,,Phase 2
SC-12267,dihydroorotate dehydrogenase inhibitor,IL17A,,,Phase 2
SC-144,P glycoprotein inhibitor,,,,Preclinical
SCH-58261,adenosine receptor antagonist,"ADORA1, ADORA2A, ADORA2B, ADORA3",,,Preclinical
SCH-900776,CHK inhibitor,"CDK2, CHEK1",,,Phase 2
SCS,,,,,Preclinical
SDZ-WAG-994,adenosine receptor agonist,ADORA1,,,Phase 2
SGI-1027,DNA methyltransferase inhibitor,"DNMT1, DNMT3A, DNMT3B",,,Preclinical
SGI-1776,Pim kinase inhibitor,"FLT3, PIM1, PIM2, PIM3",,,Phase 1
SIB-1757,glutamate receptor antagonist,GRM5,,,Preclinical
SID-7969543,steroidogenic factor antagonist,NR5A1,,,Preclinical
SKF-96365,calcium channel blocker,"CYP3A4, PKD2, TRPC1, TRPC3, TRPC4, TRPC5, TRPV2",,,Preclinical
SKI-II,sphingosine kinase inhibitor,SPHK1,,,Preclinical
SMI-4a,Pim kinase inhibitor,PIM1,,,Preclinical
SN-38,topoisomerase inhibitor,TOP1,oncology,colorectal cancer,Launched
SNS-314,Aurora kinase inhibitor,"AURKA, AURKB, AURKC",,,Phase 1
SNX-2112,HSP inhibitor,,,,Phase 1
SNX-5422,HSP inhibitor,HSP90AA1,,,Phase 1/Phase 2
SR-27897,CCK receptor antagonist,CCKAR,,,Phase 2
SR-33805,calcium channel blocker,,,,Phase 1
SR-57227A,serotonin receptor agonist,HTR3A,,,Phase 2
SRT1720,SIRT activator,SIRT1,,,Preclinical
STA-5326,interleukin synthesis inhibitor,IL12A,,,Phase 2
STF-118804,NAMPT inhibitor,NAMPT,,,Preclinical
SU014813,"PDGFR tyrosine kinase receptor inhibitor, VEGFR inhibitor",KDR,,,Phase 2
SU3327,JNK inhibitor,MAPK8,,,Preclinical
TAK-285,EGFR inhibitor,ERBB2,,,Phase 1
TAK-632,RAF inhibitor,BRAF,,,Preclinical
TAK-715,p38 MAPK inhibitor,MAPK14,,,Phase 2
TAK-733,MEK inhibitor,MAP2K1,,,Phase 1
TAK-901,Aurora kinase inhibitor,AURKB,,,Phase 1
TAME,,,,,Preclinical
TAS-103,topoisomerase inhibitor,TOP1,,,Phase 1
TC1,beta-secretase inhibitor,BACE1,,,Preclinical
TG-02,"CDK inhibitor, FLT3 inhibitor, JAK inhibitor","CDK1, CDK2, CDK7, CDK9, FLT3, JAK2",,,Phase 1
TG-100572,"src inhibitor, VEGFR inhibitor","KDR, SRC",,,Preclinical
TG-100713,PI3K inhibitor,,,,Preclinical
TG-101209,JAK inhibitor,"JAK2, JAK3",,,Preclinical
TG-101348,"FLT3 inhibitor, JAK inhibitor","BRD4, JAK1, JAK2, JAK3, TYK2",,,Phase 3
TG100-115,PI3K inhibitor,"PIK3CA, PIK3CB, PIK3CD, PIK3CG",,,Phase 1/Phase 2
TH-302,DNA alkylating agent,,,,Phase 3
TMC-353121,RSV fusion inhibitor,,,,Phase 2
TMS,,,,,Preclinical
TPCA-1,IKK inhibitor,IKBKB,,,Preclinical
TU-2100,,,,,Phase 2
TW-37,BCL inhibitor,"BCL2, BCL2L1, MCL1",,,Preclinical
TWS-119,glycogen synthase kinase inhibitor,"GSK3B, JUN, MYC",,,Preclinical
U-0126,MEK inhibitor,"AKT1, CHEK1, GSK3B, LCK, MAP2K1, MAP2K2, MAP2K7, MAPK1, MAPK11, MAPK12, MAPK14, MAPK8, PRKCA, RAF1, ROCK1, RPS6KB1, SGK1",,,Preclinical
U-18666A,oxidosqualene cyclase inhibitor,,,,Preclinical
UH-232-(+),dopamine receptor antagonist,"DRD2, DRD3, DRD4, HTR1A",,,Preclinical
UK-383367,Procollagen C-Endopeptidase Inhibitors,BMP1,,,Phase 1
UNBS-5162,CC chemokine receptor antagonist,,,,Phase 1
UNC0631,histone lysine methyltransferase inhibitor,EHMT2,,,Preclinical
UNC2250,MER tyrosine kinase inhibitor,MERTK,,,Preclinical
VE-821,ATR kinase inhibitor,ATR,,,Preclinical
VE-822,ATR kinase inhibitor,"ATM, ATR, MTOR, PIK3CG",,,Phase 2
VER-49009,HSP inhibitor,HSP90AA1,,,Preclinical
VLX600,ubiquitin C-terminal hydrolase inhibitor,USP14,,,Phase 1
VS-4718,focal adhesion kinase inhibitor,,,,Phase 1
VTP-27999,renin inhibitor,REN,,,Phase 1
VU0238429,acetylcholine receptor allosteric modulator,CHRM5,,,Preclinical
VU0361737,glutamate receptor positive allosteric modulator,GRM4,,,Preclinical
VU0364770,glutamate receptor positive allosteric modulator,GRM4,,,Preclinical
VX-702,p38 MAPK inhibitor,"MAPK11, MAPK12, MAPK14",,,Phase 2
VX-765,caspase inhibitor,CASP1,,,Phase 2
WAY-170523,metalloproteinase inhibitor,MMP13,,,Preclinical
WAY-600,mTOR inhibitor,MTOR,,,Preclinical
WHI-P154,JAK inhibitor,"EGFR, JAK1, JAK2, JAK3",,,Preclinical
WP1066,STAT inhibitor,STAT3,,,Phase 1
WP1130,deubiquitinase inhibitor,"JAK2, UCHL5, USP14, USP9X",,,Preclinical
WYE-125132,mTOR inhibitor,MTOR,,,Preclinical
WYE-354,mTOR inhibitor,MTOR,,,Preclinical
WZ-3146,EGFR inhibitor,EGFR,,,Preclinical
WZ-4002,EGFR inhibitor,"EGFR, ERBB2",,,Preclinical
WZ8040,EGFR inhibitor,EGFR,,,Preclinical
XBD173,benzodiazepine receptor ligand,TSPO,,,Phase 2
XL-647,"EGFR inhibitor, VEGFR inhibitor","EGFR, EPHB4, ERBB2, FLT4, KDR",,,Phase 3
XL388,mTOR inhibitor,MTOR,,,Preclinical
XL888,HSP inhibitor,,,,Phase 1
Y-27632,rho associated kinase inhibitor,"PKIA, PKN2, PRKACA, PRKCE, ROCK1, ROCK2",,,Preclinical
Y-320,interleukin inhibitor,IL17A,,,Preclinical
Y-39983,rho associated kinase inhibitor,"ROCK1, ROCK2",,,Phase 2
YM-155,survivin inhibitor,BIRC5,,,Phase 2
YM-201636,PI3K inhibitor,,,,Preclinical
YM-976,phosphodiesterase inhibitor,PDE4A,,,Phase 1
YO-01027,gamma secretase inhibitor,,,,Preclinical
ZK-93423,benzodiazepine receptor agonist,"GABRA1, GABRA2, GABRA3, GABRA5, GABRB2, GABRG2",,,Phase 3
ZK-93426,benzodiazepine receptor antagonist,"GABRA1, GABRA2, GABRA3, GABRA5",,,Phase 1
ZK811752,CC chemokine receptor antagonist,CCR1,,,Phase 2
ZLN005,,,,,Preclinical
ZM-306416,"Abl kinase inhibitor, src inhibitor, VEGFR inhibitor","EGFR, FLT1, FLT4, KDR",,,Preclinical
ZM-447439,Aurora kinase inhibitor,"AURKA, AURKB",,,Preclinical
ZSTK-474,PI3K inhibitor,"PIK3CB, PIK3CD, PIK3CG",,,Phase 1/Phase 2
abemaciclib,CDK inhibitor,"CDK4, CDK6",oncology,breast cancer,Launched
abiraterone,androgen biosynthesis inhibitor,"CYP11B1, CYP17A1",oncology,prostate cancer,Launched
abiraterone-acetate,androgen biosynthesis inhibitor,CYP17A1,oncology,prostate cancer,Launched
acesulfame-potassium,,,,,Phase 3
acetazolamide,carbonic anhydrase inhibitor,"AQP1, CA1, CA12, CA14, CA2, CA3, CA4, CA7",ophthalmology,glaucoma,Launched
acetophenazine,dopamine receptor antagonist,"DRD1, DRD2",neurology/psychiatry,psychosis,Launched
acetylcysteine,mucolytic agent,"ACY1, CHUK, GRIN1, GRIN2A, GRIN2B, GRIN2D, GRIN3A, GSS, IKBKB, RELA, SLC7A11",gastroenterology,"acetaminophen overdose, hepatic injury",Launched
acetylsalicylsalicylic-acid,cyclooxygenase inhibitor,,,,Preclinical
acipimox,cholesterol inhibitor,HCAR2,endocrinology,hyperlipidemia,Launched
acivicin,gamma glutamyltransferase Inhibitors,CTPS1,,,Phase 2
adapalene,retinoid receptor agonist,"RARA, RARB, RARG, RXRA, RXRB, RXRG",dermatology,acne vulgaris (AV),Launched
adaprev,TGF beta receptor inhibitor,"IGF2R, M6PR",,,Phase 3
adarotene,retinoid receptor agonist,"RARB, RARG",,,Phase 1
adefovir-dipivoxil,DNA polymerase inhibitor,,infectious disease,hepatitis B,Launched
afatinib,EGFR inhibitor,"EGFR, ERBB2, ERBB4",oncology,non-small cell lung cancer (NSCLC),Launched
afobazole,anxiolytic,,neurology/psychiatry,anxiety,Launched
ajmaline,sodium channel blocker,SCN5A,cardiology,Wolff-Parkinson-White Syndrome (WPW),Launched
albendazole,tubulin polymerization inhibitor,"TUBA1A, TUBB, TUBB4B",infectious disease,"cystic hydatid disease, parenchymal neurocysticercosis",Launched
alectinib,ALK tyrosine kinase receptor inhibitor,"ALK, MET",oncology,non-small cell lung cancer (NSCLC),Launched
alexidine,phosphatidylglycerophosphatase inhibitor,PTPMT1,,,Preclinical
alfacalcidol,vitamin D receptor agonist,"CYP27B1, VDR",endocrinology,vitamin D deficiency,Launched
alisertib,Aurora kinase inhibitor,AURKA,,,Phase 3
almorexant,orexin receptor antagonist,"HCRTR1, HCRTR2",,,Phase 3
alogliptin,dipeptidyl peptidase inhibitor,DPP4,endocrinology,diabetes mellitus,Launched
alpelisib,PI3K inhibitor,"PIK3CA, PIK3CB, PIK3CD, PIK3CG",,,Phase 3
altretamine,DNA synthesis inhibitor,,oncology,ovarian cancer,Launched
alvespimycin,HSP inhibitor,HSP90AA1,,,Phase 2
alvocidib,CDK inhibitor,"CDK1, CDK2, CDK4, CDK5, CDK6, CDK7, CDK8, CDK9, EGFR, PYGM",,,Phase 2
ambazone,DNA damage inducer,,,,Phase 1
amfenac,cyclooxygenase inhibitor,"PTGS1, PTGS2",neurology/psychiatry,pain relief,Launched
aminoglutethimide,glucocorticoid receptor antagonist,"CYP11A1, CYP19A1","endocrinology, oncology","Cushing's syndrome, breast cancer",Launched
aminopurvalanol-a,"CDK inhibitor, tyrosine kinase inhibitor","CDK1, CDK2, CDK5, CDK6",,,Preclinical
amisulpride,dopamine receptor antagonist,"DRD2, DRD3, HTR2A, HTR7",neurology/psychiatry,"psychosis, bipolar disorder, schizophrenia",Launched
ammonium-lactate,,HCAR1,dermatology,"xerosis cutis, ichthyosis vulgaris",Launched
amonafide,topoisomerase inhibitor,"TOP2A, TOP2B",,,Phase 3
amoxicillin,penicillin binding protein inhibitor,"CYP2C19, SLC15A1, SLC15A2, SLC22A6","infectious disease, gastroenterology","skin infections, duodenal ulcer disease, gonorrhea, ear infections, throat infections, genitourinary tract infections, respiratory tract infections",Launched
amprolium,thiamine uptake blocker,,infectious disease,coccidiosis,Launched
amsacrine,topoisomerase inhibitor,"KCNH2, TOP2A",hematologic malignancy,"acute lymphoblastic leukemia (ALL), acute lymphoblastic leukemia (ALL)",Launched
anagrelide,phosphodiesterase inhibitor,PDE3A,"hematology, hematologic malignancy","thrombocythemia, myeloproliferative neoplasms",Launched
anastrozole,aromatase inhibitor,CYP19A1,oncology,breast cancer,Launched
anguidine,protein synthesis inhibitor,SLC5A1,,,Phase 2
anisomycin,DNA synthesis inhibitor,"NHP2L1, RPL10L, RPL11, RPL13A, RPL15, RPL19, RPL23, RPL23A, RPL26L1, RPL3, RPL37, RPL8, RSL24D1",,,Preclinical
apatinib,RET tyrosine kinase inhibitor,"CSK, KDR, KIT, RET",,,Phase 3
aphidicolin,RNA synthesis inhibitor,,,,Phase 1
arctigenin,MEK inhibitor,"CHUK, MAP2K1",,,Preclinical
arcyriaflavin-a,CDK inhibitor,"CCND1, CDK4",,,Preclinical
aripiprazole,"serotonin receptor agonist, serotonin receptor antagonist","ADRA1A, ADRA1B, ADRA2A, ADRA2B, ADRA2C, CHRM1, CHRM2, CHRM3, CHRM4, CHRM5, DRD1, DRD2, DRD3, DRD4, DRD5, HRH1, HTR1A, HTR1B, HTR1D, HTR1E, HTR2A, HTR2C, HTR3A, HTR6, HTR7",neurology/psychiatry,"depression, schizophrenia, bipolar disorder",Launched
artemisinin,DNA synthesis inhibitor,CYP2B6,infectious disease,malaria,Launched
artesunate,DNA synthesis inhibitor,,infectious disease,malaria,Launched
aspirin,cyclooxygenase inhibitor,"AKR1C1, ASIC3, EDNRA, HSPA5, IKBKB, NFKB1, NFKB2, NFKBIA, PRKAA1, PRKAA2, PRKAB1, PRKAB2, PRKAG1, PRKAG2, PRKAG3, PTGS1, PTGS2, RPS6KA3, TP53","neurology/psychiatry, endocrinology, dental","headache, fever, toothache, muscle pain",Launched
astemizole,histamine receptor antagonist,"HRH1, KCNH1, KCNH2",,,Withdrawn
asymmetrical-dimethylarginine,nitric oxide synthase inhibitor,"NOS2, NOS3",,,Phase 1
atenolol-(+/-),adrenergic receptor antagonist,"ADRB1, ADRB2",cardiology,"hypertension, angina pectoris",Launched
atenolol-(-),adrenergic receptor antagonist,,,,Phase 2
atipamezole,adrenergic receptor antagonist,,neurology/psychiatry,reverse sedative,Launched
atiprimod,"JAK inhibitor, STAT inhibitor","JAK2, STAT3",,,Phase 2
atorvastatin,HMGCR inhibitor,"AHR, DPP4, HMGCR","neurology/psychiatry, cardiology","stroke, heart attack",Launched
aurora-a-inhibitor-i,Aurora kinase inhibitor,AURKA,,,Preclinical
avanafil,phosphodiesterase inhibitor,PDE5A,urology,erectile dysfunction,Launched
axitinib,"PDGFR tyrosine kinase receptor inhibitor, VEGFR inhibitor","CSF1, FLT1, FLT4, KDR, PLK4",oncology,renal cell carcinoma (RCC),Launched
azacitidine,DNA methyltransferase inhibitor,"DNMT1, DNMT3A","hematologic malignancy, hematology","myelodysplastic diseases (MDS), anemia, chronic myelomonocytic leukemia (CMMoL)",Launched
azalomycin-b,bacterial 50S ribosomal subunit inhibitor,,,,Preclinical
azathioprine,dehydrogenase inhibitor,"HPRT1, IMPDH1, PPAT","transplant, rheumatology","renal homotransplantation, rheumatoid arthritis",Launched
azilsartan,angiotensin receptor antagonist,"AGTR1, AGTR2",cardiology,hypertension,Launched
azithromycin,bacterial 50S ribosomal subunit inhibitor,MLNR,infectious disease,"pelvic inflammatory disease, pneumonia",Launched
azodicarbonamide,DNA synthesis inhibitor,,,,Phase 2
azomycin-(2-nitroimidazole),protein synthesis inhibitor,,,,Preclinical
aztreonam,bacterial cell wall synthesis inhibitor,,infectious disease,"urinary tract infections, respiratory tract infections, bacterial septicemia, skin infections, intra-abdominal infections, gynecologic infections",Launched
bafetinib,"Bcr-Abl kinase inhibitor, LYN tyrosine kinase inhibitor","ABL1, BCR, LYN",,,Phase 2
baicalein,lipoxygenase inhibitor,"ALOX5, GLO1, PREP, SELL, SELP, TNF, XDH",,,Preclinical
baicalin,beta glucuronidase inhibitor,PREP,,,Launched
balapiravir,RNA polymerase inhibitor,,,,Phase 2
barasertib,Aurora kinase inhibitor,"AURKA, AURKB",,,Phase 2/Phase 3
barasertib-HQPA,Aurora kinase inhibitor,AURKB,,,Phase 2/Phase 3
bardoxolone,"nuclear factor erythroid derived, like (NRF2) activator","NOS2, PPARG",,,Phase 1
bardoxolone-methyl,"nuclear factor erythroid derived, like (NRF2) activator","PPARG, STAT3",,,Phase 3
baricitinib,JAK inhibitor,"JAK1, JAK2",,,Phase 3
batimastat,matrix metalloprotease inhibitor,"ADAM28, ADAMTS5, MMP12, MMP16, MMP2, MMP8",,,Phase 3
beclomethasone-dipropionate,glucocorticoid receptor agonist,"GPR97, NR3C1",allergy,allergic rhinitis,Launched
bekanamycin,bacterial 30S ribosomal subunit inhibitor,,infectious disease,gram-negative bacterial infections,Launched
belinostat,HDAC inhibitor,"HDAC1, HDAC10, HDAC11, HDAC2, HDAC3, HDAC4, HDAC5, HDAC6, HDAC7, HDAC8, HDAC9",hematologic malignancy,peripheral T-cell lymphoma (PTCL),Launched
bendamustine,DNA inhibitor,,hematologic malignancy,"chronic lymphocytic leukemia (CLL), non-Hodgkin lymphoma (NHL)",Launched
bendroflumethiazide,sodium/potassium/chloride transporter inhibitor,"CA1, CA2, CA4, KCNMA1, SLC12A1, SLC12A3",cardiology,hypertension,Launched
benfotiamine,antioxidant,AGER,rheumatology,lumbago,Launched
bentazepam,benzodiazepine receptor agonist,,neurology/psychiatry,"anxiety, sedative, muscle relaxant",Launched
benzethonium,sodium channel blocker,SCN10A,infectious disease,first-aid antiseptic,Launched
benzocaine,sodium channel blocker,SCN10A,infectious disease,first-aid antiseptic,Launched
benzydamine,prostanoid receptor antagonist,,"dental, otolaryngology","mouth inflammation, throat inflammation",Launched
benzyldimethylhexadecylammonium,cationic surfactant,,,,Preclinical
bephenium-hydroxynaphthoate,anthelmintic agent,,infectious disease,ascariasis,Launched
berberine,LDL receptor activator,LDLR,,,Phase 2/Phase 3
beta-lapachone,topoisomerase inhibitor,TOP1,,,Phase 2
beta-naphthol,,,,,Preclinical
betamethasone,glucocorticoid receptor agonist,NR3C1,dermatology,corticosteroid-responsive dermatoses,Launched
betamethasone-dipropionate,anti-inflammatory agent,,dermatology,corticosteroid-responsive dermatoses,Launched
betulinic-acid,"apoptosis stimulant, NFkB pathway inhibitor",GPBAR1,,,Phase 1/Phase 2
bexarotene,retinoid receptor agonist,"RXRA, RXRB, RXRG",hematologic malignancy,cutaneous T-cell lymphoma (CTCL),Launched
bicalutamide,androgen receptor antagonist,AR,oncology,prostate cancer,Launched
bifemelane,acetylcholine release enhancer,"MAOA, MAOB","ophthalmology, neurology/psychiatry","glaucoma, senile dementia",Launched
bindarit,NFkB pathway inhibitor,"CCL2, CCL7, CCL8",,,Phase 2
birinapant,XIAP inhibitor,"BIRC2, XIAP",,,Phase 2
bis(maltolato)oxovanadium(IV),tyrosine phosphatase inhibitor,PTPN1,,,Phase 2
bisacodyl,laxative,,gastroenterology,constipation,Launched
bisindolylmaleimide-ix,PKC inhibitor,"AKT1, GSK3B, LCK, MAPK1, MAPK11, MAPK12, MAPK14, MAPK8, PRKCA, ROCK1, RPS6KB1, SIRT1",,,Preclinical
bitopertin,"glycine transporter inhibitor, GlyT-1 inhibitor","SLC6A5, SLC6A9",,,Phase 3
blebbistatin-(-),ATPase inhibitor,,,,Preclinical
bortezomib,"NFkB pathway inhibitor, proteasome inhibitor","PSMA1, PSMA2, PSMA3, PSMA4, PSMA5, PSMA6, PSMA7, PSMA8, PSMB1, PSMB10, PSMB11, PSMB2, PSMB3, PSMB4, PSMB5, PSMB6, PSMB7, PSMB8, PSMB9, PSMD1, PSMD2, RELA",hematologic malignancy,"multiple myeloma, mantle cell lymphoma (MCL)",Launched
bosentan,endothelin receptor antagonist,"EDNRA, EDNRB",pulmonary,pulmonary arterial hypertension (PAH),Launched
bosutinib,"Abl kinase inhibitor, Bcr-Abl kinase inhibitor, src inhibitor","ABL1, BCR, CAMK1D, CAMK2G, CDK2, FRK, FYN, HCK, LYN, MAP2K1, MAP2K2, MAP3K2, MAP4K5, SRC, STK10, STK24, STK4, TNK2, TXK",hematologic malignancy,chronic myeloid leukemia (CML),Launched
brefeldin-a,protein synthesis inhibitor,"ARF1, CYTH2",,,Preclinical
brequinar,dihydroorotate dehydrogenase inhibitor,DHODH,,,Phase 2
brigatinib,"ALK tyrosine kinase receptor inhibitor, EGFR inhibitor","ALK, EGFR",oncology,non-small cell lung cancer (NSCLC),Launched
brilliant-green,,,,,Launched
brivaracetam,voltage-gated sodium channel blocker,SV2A,neurology/psychiatry,seizures,Launched
bromosporine,bromodomain inhibitor,,,,Preclinical
broxaldine,,,,,Preclinical
broxyquinoline,antiprotozoal agent,,,,Phase 1
bruceantin,protein synthesis inhibitor,,,,Phase 2
bucladesine,"adenosine receptor agonist, cAMP stimulant",PRKACA,dermatology,skin ulcer,Launched
bumetanide,solute carrier family member inhibitor,"CFTR, GPR35, SLC12A1, SLC12A2, SLC12A4, SLC12A5",cardiology,"edema, congestive heart failure",Launched
buparlisib,PI3K inhibitor,"PIK3CA, PIK3CG",,,Phase 3
buphenine,adrenergic receptor agonist,ADRB2,rheumatology,Raynaud's disease,Launched
busulfan,DNA inhibitor,,hematologic malignancy,chronic myeloid leukemia (CML),Launched
butamben,sodium channel blocker,,,,Withdrawn
buthionine-sulfoximine,glutathione transferase inhibitor,GCLM,,,Phase 1
butylscopolamine-bromide,cholinergic receptor antagonist,,gastroenterology,abdominal pain,Launched
cabazitaxel,microtubule inhibitor,"TUBA4A, TUBB, TUBB1",oncology,prostate cancer,Launched
cabozantinib,"RET tyrosine kinase inhibitor, VEGFR inhibitor","KDR, MET",oncology,medullary thyroid cancer (MTC),Launched
caffeic-acid,"HIV integrase inhibitor, lipoxygenase inhibitor, nitric oxide production inhibitor, tumor necrosis factor production inhibitor","ALOX5, MIF",,,Preclinical
caffeic-acid-phenethyl-ester,HIV integrase inhibitor,RELA,,,Preclinical
calcitriol,vitamin D receptor agonist,VDR,"endocrinology, orthopedics","hypocalcemia, hypoparathyroidism, osteoporosis",Launched
camptothecin,topoisomerase inhibitor,TOP1,,,Phase 3
camylofine-chlorhydrate,,,gastroenterology,abdominal pain,Launched
candesartan,angiotensin receptor antagonist,AGTR1,cardiology,"hypertension, congestive heart failure",Launched
canertinib,EGFR inhibitor,"AKT1, EGFR, ERBB2, ERBB4",,,Phase 3
canrenone,mineralocorticoid receptor antagonist,NR3C2,,,Withdrawn
capecitabine,"DNA synthesis inhibitor, thymidylate synthase inhibitor",TYMS,oncology,"breast cancer, colorectal cancer",Launched
capsaicin,TRPV agonist,"CFTR, TRPV1","neurology/psychiatry, rheumatology","muscle pain, rheumatoid arthritis",Launched
captamine,,,,,Preclinical
carbachol,cholinergic receptor agonist,"CHRM1, CHRM2, CHRM3, CHRM4, CHRM5, CHRNA2",ophthalmology,intraocular pressure,Launched
carboplatin,"DNA alkylating agent, DNA inhibitor",,oncology,ovarian cancer,Launched
carboxyamidotriazole,calcium channel blocker,CXCL8,,,Phase 3
carboxypyridine-disulfide,,,,,Phase 2
carfilzomib,proteasome inhibitor,"PSMA1, PSMA2, PSMA3, PSMA4, PSMA5, PSMA6, PSMA7, PSMA8, PSMB1, PSMB10, PSMB11, PSMB2, PSMB3, PSMB4, PSMB5, PSMB6, PSMB7, PSMB8, PSMB9",hematologic malignancy,multiple myeloma,Launched
cariporide,sodium/hydrogen exchanger inhibitor,SLC9A1,,,Phase 3
carmofur,thymidylate synthase inhibitor,TYMS,oncology,"breast cancer, colorectal cancer",Launched
carmustine,"DNA alkylating agent, DNA inhibitor",GSR,"hematologic malignancy, oncology","non-Hodgkin lymphoma (NHL), Hodgkin's lymphoma, multiple myeloma, glioblastoma, brainstem glioma, medulloblastoma, astrocytoma, ependymoma",Launched
carvedilol,adrenergic receptor antagonist,"ADRA1A, ADRA1B, ADRA1D, ADRA2A, ADRA2B, ADRA2C, ADRB1, ADRB2, ADRB3, GJA1, HIF1A, KCNH2, NDUFC2, NPPB, SELE, VCAM1, VEGFA",cardiology,"myocardial infarction, hypertension",Launched
cebranopadol,opioid receptor agonist,"OPRL1, OPRM1",,,Phase 3
cediranib,"KIT inhibitor, VEGFR inhibitor","CSF1R, FLT1, FLT3, FLT4, KDR, KIT, PDGFRA, PDGFRB",,,Phase 3
cefdinir,bacterial cell wall synthesis inhibitor,MPO,"infectious disease, otolaryngology, pulmonary","pneumonia, tonsillitis, pharyngitis, bronchitis, skin infections, otitis, sinusitis",Launched
cefditoren-pivoxil,bacterial cell wall synthesis inhibitor,,"infectious disease, pulmonary, otolaryngology","pneumonia, bronchitis, skin infections, tonsillitis, pharyngitis",Launched
cefpiramide,bacterial cell wall synthesis inhibitor,,infectious disease,gram-negative bacterial infections,Launched
cephalomannine,DNA polymerase inhibitor,,,,Preclinical
cetrimonium,,,dermatology,cosmetic,Launched
cetylpyridinium,,,dental,"gingivitis, mouth inflammation",Launched
chicago-sky-blue-6b,"glutamate inhibitor, macrophage migration inhibiting factor inhibitor",MIF,,,Preclinical
chidamide,HDAC inhibitor,"HDAC10, HDAC3",,,Launched
chlorambucil,DNA inhibitor,,hematologic malignancy,"chronic lymphocytic leukemia (CLL), Hodgkin's lymphoma",Launched
chloramphenicol-palmitate,protein synthesis inhibitor,,"infectious disease, endocrinology","meningitis, fever, cholera",Launched
chlorhexidine,membrane integrity inhibitor,,"dermatology, infectious disease, dental","cosmetic, skin infections, gingivitis",Launched
chlorindanol,,,,,Preclinical
chlormidazole,fungal lanosterol demethylase inhibitor,,infectious disease,fungal infection,Launched
chlorogenic-acid,antioxidant,SLC37A4,"neurology/psychiatry, pulmonary, allergy","headache, chest congestion, allergic rhinitis",Launched
chloropyramine,histamine receptor antagonist,HRH1,"cardiology, ophthalmology, allergy, pulmonary","edema, conjunctivitis, allergic rhinitis, asthma",Launched
chloroxine,opioid receptor antagonist,OPRK1,"gastroenterology, infectious disease, dermatology","diarrhea, inflammatory bowel disease, giardiasis, dandruff",Launched
chlorpropamide,ATP channel blocker,"ABCC8, KCNJ10, KCNJ11",endocrinology,diabetes mellitus,Launched
chlorpyrifos,acetylcholinesterase inhibitor,ACHE,,,Launched
chlorquinaldol,other antibiotic,,infectious disease,fungal infection,Launched
cholecalciferol,,VDR,endocrinology,vitamin D deficiency,Launched
chromocarb,antispasmodic,,,,Launched
cibenzoline,sodium channel blocker,,,,Launched
ciclesonide,glucocorticoid receptor agonist,"NR3C1, SERPINA6",allergy,allergic rhinitis,Launched
ciclopirox,membrane integrity inhibitor,ATP1A1,infectious disease,onychomycosis,Launched
cidofovir,DNA polymerase inhibitor,,infectious disease,"acquired immunodeficiency syndrome (AIDS), cytomegalovirus retinitis",Launched
cilostamide,phosphodiesterase inhibitor,"PDE3A, PDE3B",,,Preclinical
cimetidine,histamine receptor antagonist,"HRH2, SLC29A4, SLC47A1, SLC47A2","gastroenterology, hematologic malignancy, endocrinology","duodenal ulcer disease, peptic ulcer disease (PUD), gastroesophageal reflux disease (GERD), aggressive systemic mastocytosis (ASM), Zollinger-Ellison syndrome, endocrine adenoma",Launched
cinacalcet,calcium channel activator,CASR,"endocrinology, nephrology, oncology","hyperparathyroidism, chronic kidney disease (CKD), parathyroid carcinoma, hypercalcemia",Launched
cinalukast,leukotriene receptor antagonist,CYSLTR1,,,Phase 2
cinnarazine,calcium channel blocker,,"neurology/psychiatry, gastroenterology, ophthalmology","Meniere's disease, nausea, vomiting, Cogan's syndrome",Launched
cinromide,,,,,Phase 3
ciprofibrate,PPAR receptor agonist,PPARA,endocrinology,hyperlipidemia,Launched
cisplatin,"DNA alkylating agent, DNA synthesis inhibitor",XIAP,oncology,"testicular carcinoma, ovarian cancer, bladder cancer",Launched
cladribine,"adenosine deaminase inhibitor, ribonucleotide reductase inhibitor","ADA, PNP, POLA1, POLE, POLE2, POLE3, POLE4, RRM1, RRM2, RRM2B",hematologic malignancy,hairy cell leukemia,Launched
clebopride,dopamine receptor antagonist,"ACHE, DRD2",gastroenterology,nausea,Launched
clenbuterol,adrenergic receptor agonist,"ADRB1, ADRB2, ADRB3, NGF, TNF",pulmonary,"chronic obstructive pulmonary disease (COPD), asthma",Launched
clindamycin-phosphate,protein synthesis inhibitor,,obstetrics/gynecology,bacterial vaginosis,Launched
clobetasol-propionate,glucocorticoid receptor agonist,"NR3C1, PLA2G1B",dermatology,corticosteroid-responsive dermatoses,Launched
clobutinol,antitussive,,,,Withdrawn
clocortolone-pivalate,steroid,"NR3C1, PLA2G1B",dermatology,corticosteroid-responsive dermatoses,Launched
clofarabine,ribonucleotide reductase inhibitor,"POLA1, POLD1, POLE, RRM1, RRM2, RRM2B",hematologic malignancy,acute lymphoblastic leukemia (ALL),Launched
clofazimine,GK0582 inhibitor,,infectious disease,leprosy,Launched
clofibrate,PPAR receptor agonist,"LPL, PPARA","endocrinology, cardiology","hyperlipidemia, cholesterol",Launched
clofoctol,protein synthesis inhibitor,,infectious disease,gram-positive bacterial infections,Launched
clomifene,estrogen receptor antagonist,ESR1,obstetrics/gynecology,infertility,Launched
clonazepam,GABA benzodiazepine site receptor agonist,"GABRA1, GABRA2, GABRA3, GABRA4, GABRA5, GABRA6, GABRB1, GABRB2, GABRB3, GABRD, GABRE, GABRG1, GABRG2, GABRG3, GABRP, GABRQ, TSPO",neurology/psychiatry,"seizures, panic disorders",Launched
clopamide,sodium/chloride cotransporter inhibitor,,cardiology,hypertension,Launched
clotrimazole,"cytochrome P450 inhibitor, imidazoline receptor ligand","CYP3A4, KCNN4, NR1I2, NR1I3, TRPM2, TRPM4, TRPM8",infectious disease,"vulvovaginal candidiasis, oropharyngeal candidiasis",Launched
cobicistat,cytochrome P450 inhibitor,"CYP3A4, CYP3A43, CYP3A5, CYP3A7",infectious disease,human immunodeficiency virus (HIV-1),Launched
cobimetinib,MEK inhibitor,,oncology,melanoma,Launched
colchicine,microtubule inhibitor,"GLRA1, GLRA2, TUBA1A, TUBA1B, TUBA1C, TUBA3C, TUBA3D, TUBA3E, TUBA4A, TUBB, TUBB1, TUBB2A, TUBB2B, TUBB3, TUBB4A, TUBB4B, TUBB6, TUBB8","rheumatology, endocrinology","gout, fever",Launched
colforsin-daproate,adenylyl cyclase activator,,,,Launched
colfosceril-palmitate,pulmonary surfactant,,pulmonary,respiratory distress syndrome (RDS),Launched
colistin-b-sulfate,bacterial permeability inducer,,infectious disease,gram-negative bacterial infections,Launched
combretastatin-A-4,tubulin polymerization inhibitor,,,,Phase 2
costunolide,telomerase inhibitor,,,,Preclinical
creatine,,"CKB, CKM, CKMT1A, CKMT2, GAMT, SLC6A8",,,Launched
crenolanib,PDGFR tyrosine kinase receptor inhibitor,"CSF1R, FLT3, KIT, PDGFRA, PDGFRB",,,Phase 2
crizotinib,ALK tyrosine kinase receptor inhibitor,"ALK, MET",oncology,non-small cell lung cancer (NSCLC),Launched
crizotinib-(S),MTH1 inhibitor,NUDT1,,,Preclinical
cromakalim,,KCNJ8,,,Phase 2
crystal-violet,other antibiotic,,,,Launched
curcumin,"cyclooxygenase inhibitor, histone acetyltransferase inhibitor, lipoxygenase inhibitor, NFkB pathway inhibitor","APP, CA1, CA12, CA14, CA2, CA4, CA6, CA9, CYP3A4, DNMT3B, EP300, MMP13, MMP9, NOS2, PTGS1, PTGS2, XDH",,,Launched
cyclocytidine,"DNA synthesis inhibitor, RNA synthesis inhibitor",,,,Preclinical
cycloheximide,protein synthesis inhibitor,RPL3,,,Preclinical
cyclophosphamide,DNA alkylating agent,"CYP2A6, CYP2B6, CYP2C18, CYP2C19, CYP2C8, CYP2C9, CYP2D6, CYP3A4, CYP3A5, CYP3A7","hematologic malignancy, oncology","Hodgkin's lymphoma, small lymphocytic lymphoma (SLL), breast cancer, neuroblastoma, Burkitt's lymphoma, multiple myeloma, chronic lymphocytic leukemia (CLL), acute myeloid leukemia (AML), acute lymphoblastic leukemia (ALL), chronic myeloid leukemia (CML), true histiocytic lymphoma (THL), retinoblastoma, ovarian cancer",Launched
cyclosporin-a,calcineurin inhibitor,PPP3CA,"rheumatology, dermatology","rheumatoid arthritis, psoriasis",Launched
cyclosporine,calcineurin inhibitor,"ABCB11, CAMLG, FPR1, PPIA, PPIF, PPP3R2, SLC10A1, SLCO1B1, SLCO1B3","transplant, rheumatology, dermatology","organ rejection, rheumatoid arthritis, psoriasis",Launched
cyclovalone,breast cancer resistance protein inhibitor,ABCG2,gastroenterology,bile stimulation,Launched
cyclovirobuxin-d,calcium channel modulator,,,,Preclinical
cyproheptadine,histamine receptor antagonist,"ADRA1A, ADRA1B, ADRA1D, CHRM1, CHRM2, CHRM3, HRH1, HTR2A, HTR2C, HTR6, HTR7","allergy, otolaryngology, ophthalmology, dermatology","allergic rhinitis, vasomotor rhinitis, conjunctivitis, urticaria, dermatographism",Launched
cyproterone-acetate,androgen receptor antagonist,"ADORA1, AR",oncology,prostate cancer,Launched
cyromazine,,,,,Launched
cyt387,,"JAK1, JAK2, JAK3",,,Phase 3
cytarabine,ribonucleotide reductase inhibitor,"POLA1, POLB, POLD1, POLE",hematologic malignancy,"acute lymphoblastic leukemia (ALL), chronic lymphocytic leukemia (CLL), acute myeloid leukemia (AML), non-Hodgkin lymphoma (NHL)",Launched
cytochalasin-b,microtubule inhibitor,ACTB,,,Phase 2
cytochlor,,,,,Phase 1
dabrafenib,RAF inhibitor,"BRAF, LIMK1, NEK11, RAF1, SIK1",oncology,melanoma,Launched
dacarbazine,DNA alkylating agent,"PGD, POLA2","oncology, hematologic malignancy","melanoma, Hodgkin's lymphoma",Launched
dacinostat,HDAC inhibitor,"HDAC1, HDAC2, HDAC3, HDAC4, HDAC5, HDAC6, HDAC7, HDAC8, HDAC9",,,Phase 1
daclatasvir,HCV inhibitor,,infectious disease,hepatitis C,Launched
dacomitinib,EGFR inhibitor,"EGFR, ERBB2, ERBB4",,,Phase 3
dalcetrapib,cholesteryl ester transfer protein inhibitor,CETP,,,Phase 3
danazol,"estrogen receptor antagonist, progesterone receptor agonist","AR, CCL2, ESR1, GNRHR, GNRHR2, PGR","obstetrics/gynecology, cardiology","endometriosis, angioedema",Launched
danusertib,"Aurora kinase inhibitor, growth factor receptor inhibitor","AURKA, AURKB, AURKC, FGFR1, NTRK1, RET, SLK",,,Phase 2
dapivirine,non-nucleoside reverse transcriptase inhibitor,"CYP3A4, CYP3A5",,,Phase 3
darapladib,phospholipase inhibitor,PLA2G7,,,Phase 3
darifenacin,acetylcholine receptor antagonist,"CHRM1, CHRM2, CHRM3, CHRM4, CHRM5",urology,urinary incontinence,Launched
dasatinib,"Bcr-Abl kinase inhibitor, ephrin inhibitor, KIT inhibitor, PDGFR tyrosine kinase receptor inhibitor, src inhibitor, tyrosine kinase inhibitor","ABL1, ABL2, BLK, EPHA2, FGR, FRK, FYN, HCK, KIT, LCK, LYN, PDGFRB, SRC, SRMS, STAT5B, YES1",hematologic malignancy,"chronic myeloid leukemia (CML), acute lymphoblastic leukemia (ALL)",Launched
daunorubicin,"RNA synthesis inhibitor, topoisomerase inhibitor","TOP2A, TOP2B",hematologic malignancy,"acute myeloid leukemia (AML), acute lymphoblastic leukemia (ALL)",Launched
decitabine,DNA methyltransferase inhibitor,"DNMT1, DNMT3A","hematologic malignancy, hematology","myelodysplastic diseases (MDS), anemia, chronic myeloid leukemia (CML)",Launched
defactinib,focal adhesion kinase inhibitor,PTK2,,,Phase 2
deferasirox,chelating agent,CYP3A4,hematology,"transfusional hemosiderosis, thalassemia, iron overload",Launched
deflazacort,glucocorticoid receptor agonist,NR3C1,rheumatology,joint inflammation,Launched
deforolimus,mTOR inhibitor,MTOR,,,Phase 3
dehydrocholate-acid,,,,,Preclinical
delanzomib,proteasome inhibitor,"CMA1, CTSG, CYP3A4, ELANE",,,Phase 1/Phase 2
demecarium,acetylcholinesterase inhibitor,"ACHE, BCHE",ophthalmology,"intraocular pressure, glaucoma",Launched
deoxycorticosterone-acetate,progestogen hormone,NR3C2,,,Preclinical
dequalinium,PKC inhibitor,"KCNN1, KCNN3",,,Launched
desonide,glucocorticoid receptor agonist,"NR3C1, PLA2G1B",gastroenterology,Crohn's disease,Launched
desoxycortone,mineralocorticoid receptor agonist,"NR3C1, NR3C2",,,Preclinical
dexamethasone-acetate,glucocorticoid receptor agonist,,"endocrinology, rheumatology, allergy, gastroenterology, hematology, neurology/psychiatry, dermatology","hypercalcemia, rheumatoid arthritis, psoriatic arthritis, osteoarthritis, allergic rhinitis, ulcerative colitis, anemia, multiple sclerosis, enteritis, lupus, dermatitis herpetiformis (DH), nephrotic syndrome, psoriasis",Launched
dexrazoxane,"chelating agent, topoisomerase inhibitor","TOP2A, TOP2B",cardiology,cardiomyopathy,Launched
dianhydrogalactitol,DNA alkylating agent,,,,Phase 1
diaveridine,dihydrofolate reductase inhibitor,,,,Launched
diazooxonorleucine,glutamate receptor antagonist,,,,Phase 2
dichlorisone-acetate,,,,,Phase 2
dichloroacetate,pyruvate dehydrogenase kinase inhibitor,PDK1,,,Phase 3
dichlorvos,acetylcholinesterase inhibitor,,,,Launched
diclazuril,antiprotozoal agent,,infectious disease,equine protozoal myeloencephalitis (EPM),Launched
dicycloverine,acetylcholine receptor antagonist,"CHRM1, CHRM2, CHRM3",gastroenterology,irritable bowel syndrome,Launched
dienogest,progesterone receptor agonist,PGR,"endocrinology, obstetrics/gynecology","contraceptive, endometriosis",Launched
difluprednate,glucocorticoid receptor agonist,NR3C1,ophthalmology,endogenous uveitis,Launched
digitoxigenin,ATPase inhibitor,ATP1A1,,,Preclinical
digitoxin,ATPase inhibitor,ATP1A1,,,Launched
digoxigenin,steroid,,,,Preclinical
digoxin,ATPase inhibitor,ATP1A1,cardiology,"congestive heart failure, atrial fibrillation (AF)",Launched
dihydroartemisinin,antimalarial agent,,infectious disease,malaria,Launched
dihydroergocristine,"adrenergic receptor antagonist, prolactin inhibitor","ADRA1A, ADRB1, DRD1, DRD2, DRD3, DRD4, DRD5, HTR1A, HTR2A, HTR3A, HTR4, HTR5A, HTR6, HTR7",,,Launched
dihydromyricetin,,,,,Preclinical
dimethisoquin,local anesthetic,,neurology/psychiatry,local anesthetic,Launched
dinaciclib,CDK inhibitor,"CDK1, CDK2, CDK5, CDK9",,,Phase 3
dioscin,apoptosis stimulant,CXCR3,,,Preclinical
diphemanil,acetylcholine receptor antagonist,CHRM3,neurology/psychiatry,spasms,Launched
diphenyleneiodonium,nitric oxide synthase inhibitor,"NOS2, NOS3",,,Preclinical
dirithromycin,bacterial 50S ribosomal subunit inhibitor,,pulmonary,bronchitis,Launched
disulfiram,"aldehyde dehydrogenase inhibitor, DNA methyltransferase inhibitor, TRPV agonist","ALDH2, DBH",neurology/psychiatry,abstinence from alcohol,Launched
docetaxel,tubulin polymerization inhibitor,"BCL2, MAP2, MAP4, MAPT, NR1I2, TUBB, TUBB1",oncology,"breast cancer, non-small cell lung cancer (NSCLC), prostate cancer, gastric adenocarcinoma, head and neck squamous cell carcinoma (HNSCC)",Launched
dofetilide,potassium channel blocker,"KCNH1, KCNH2, KCNJ12, KCNK2",,,Withdrawn
dolastatin-10,tubulin polymerization inhibitor,TUBB,,,Phase 2
dolutegravir,HIV integrase inhibitor,"CYP3A4, CYP3A5, CYP3A7, POU2F2, UGT1A1",infectious disease,human immunodeficiency virus (HIV-1),Launched
domiphen,,,,,Preclinical
domperidone,dopamine receptor antagonist,"DRD2, DRD3",infectious disease,fescue toxicosis,Launched
dorzolamide,carbonic anhydrase inhibitor,"CA1, CA12, CA14, CA2, CA4, CA7",ophthalmology,"intraocular pressure, glaucoma",Launched
dovitinib,"EGFR inhibitor, FGFR inhibitor, FLT3 inhibitor, PDGFR tyrosine kinase receptor inhibitor, VEGFR inhibitor","CSF1R, EGFR, FGFR1, FGFR2, FGFR3, FLT1, FLT3, FLT4, INSR, KDR, KIT, PDGFRA, PDGFRB",,,Phase 3
doxercalciferol,vitamin D receptor agonist,VDR,"nephrology, endocrinology","chronic kidney disease (CKD), hyperparathyroidism",Launched
doxifluridine,thymidylate synthase inhibitor,TYMS,oncology,colorectal cancer,Launched
doxorubicin,topoisomerase inhibitor,TOP2A,"hematologic malignancy, oncology","acute lymphoblastic leukemia (ALL), acute myeloid leukemia (AML), Wilm's tumor, breast cancer, ovarian cancer, Hodgkin's lymphoma, bladder cancer, multiple myeloma",Launched
doxycycline,metalloproteinase inhibitor,MMP8,dental,periodontitis,Launched
dronedarone,adrenergic receptor antagonist,"ADRA1A, ADRA1B, ADRA1D, ADRA2A, ADRA2B, ADRA2C, ADRB1, CACNA1C, CACNA1D, CACNA1F, CACNA1S, CACNB1, CACNB2, CACNB3, CACNB4, KCNA5, KCNH2, KCNK2, SCN1A",cardiology,atrial fibrillation (AF),Launched
drospirenone,mineralocorticoid receptor antagonist,"AR, NR3C2, PGR",endocrinology,contraceptive,Launched
ebastine,histamine receptor antagonist,"CYP3A4, HRH1",allergy,"allergic rhinitis, urticaria",Launched
ecamsule-triethanolamine,,,dermatology,"skin protectant, sunscreen lotion",Launched
echinomycin,DNA intercalating agent,,,,Phase 2
efonidipine-monoethanolate,"L-type calcium channel blocker, T-type calcium channel blocker","CACNA1C, CACNA1G",,,Launched
elacridar,P glycoprotein inhibitor,ABCB1,,,Phase 1
elesclomol,oxidative stress inducer,HSPA1A,,,Phase 3
eltrombopag,thrombopoietin receptor agonist,MPL,"hematology, infectious disease","anemia, hepatitis C, thrombocytopenia",Launched
embelin,"HCV inhibitor, XIAP inhibitor",XIAP,,,Preclinical
emetine,protein synthesis inhibitor,RPS2,,,Phase 2
endo-IWR-1,PARP inhibitor,"TNKS, TNKS2",,,Preclinical
enocitabine,DNA synthesis inhibitor,"CMPK1, RRM1, TYMS",,,Launched
enoximone,phosphodiesterase inhibitor,PDE3A,cardiology,congestive heart failure,Launched
entinostat,HDAC inhibitor,"HDAC1, HDAC2, HDAC3, HDAC9",,,Phase 3
enzalutamide,androgen receptor antagonist,AR,oncology,prostate cancer,Launched
epiandrosterone,steroid,G6PD,,,Preclinical
epinastine,histamine receptor antagonist,"ADRA1A, ADRA2A, HRH1, HRH2, HTR2A, HTR7",ophthalmology,conjunctivitis,Launched
epinephrine,"adrenergic receptor agonist, neurotransmitter","ADRA1A, ADRA1B, ADRA1D, ADRA2A, ADRA2B, ADRA2C, ADRB1, ADRB2, ADRB3, PAH, TNF","cardiology, allergy, pulmonary","cardiac arrest, anaphylactic shock, asthma",Launched
epirubicin,topoisomerase inhibitor,"CHD1, TOP2A",oncology,breast cancer,Launched
eplerenone,cytochrome P450 inhibitor,NR3C2,cardiology,"congestive heart failure, hypertension",Launched
epothilone-a,microtubule stabilizing agent,,,,Preclinical
epothilone-b,"microtubule stabilizing agent, tubulin polymerization inhibitor","TUBA1A, TUBA1B, TUBA1C, TUBA3C, TUBA4A, TUBA8, TUBB, TUBB1, TUBB3, TUBB4A, TUBB4B",,,Phase 3
epothilone-d,"microtubule stabilizing agent, tubulin polymerization inhibitor","TUBA1A, TUBA1B, TUBA1C, TUBA3C, TUBA4A, TUBA8, TUBB, TUBB1, TUBB3, TUBB4A, TUBB4B",,,Phase 2
eprinomectin,benzodiazepine receptor agonist,,infectious disease,"gastrointestinal roundworms, lungworms",Launched
eprobemide,monoamine oxidase inhibitor,MAOA,neurology/psychiatry,depression,Launched
eprosartan,angiotensin receptor antagonist,AGTR1,cardiology,hypertension,Launched
eptifibatide,platelet aggregation inhibitor,"ITGA2B, ITGB3",cardiology,"acute coronary syndrome (ACS), percutaneous coronary intervention (PCI)",Launched
equol,estrogen receptor agonist,"ESR1, ESR2",,,Launched
erastin,ion channel antagonist,VDAC2,,,Preclinical
ercalcitriol,vitamin D receptor agonist,VDR,,,Phase 1
erdafitinib,FGFR inhibitor,"FGFR1, FGFR2, FGFR3, FGFR4",,,Phase 2
erlotinib,EGFR inhibitor,"EGFR, NR1I2",oncology,"non-small cell lung cancer (NSCLC), pancreatic cancer",Launched
erteberel,estrogen receptor agonist,"ESR1, ESR2",,,Phase 2
erythritol,,,,,Launched
estradiol,estrogen receptor agonist,"ESR1, ESR2, GPER1, KCNMA1, NR1I2",endocrinology,contraceptive,Launched
estradiol-benzoate,contraceptive agent,ESR1,,,Preclinical
estradiol-cypionate,estrogen receptor agonist,ESR1,endocrinology,"hypoestrogenism, menopause",Launched
estramustine,DNA alkylating agent,"ESR1, ESR2, MAP1A, MAP2",oncology,prostate cancer,Launched
estramustine-phosphate,"DNA synthesis inhibitor, microtubule inhibitor","ESR1, ESR2, MAP1A, MAP2",oncology,prostate cancer,Launched
estrone,"estrogen receptor agonist, estrogenic hormone","ESR1, ESR2",,,Launched
ethacridine-lactate-monohydrate,DNA intercalating agent,,,,Preclinical
ethinyl-estradiol,"estrogen receptor agonist, estrogenic hormone","ESR1, ESR2, NR1I2",endocrinology,contraceptive,Launched
etofylline-clofibrate,platelet aggregation inhibitor,PPARA,,,Launched
etomoxir,carnitine palmitoyltransferase inhibitor,CPT1A,,,Phase 2
etoposide,topoisomerase inhibitor,"TOP2A, TOP2B",oncology,non-small cell lung cancer (NSCLC),Launched
etoposide-phosphate,topoisomerase inhibitor,TOP2A,oncology,"testicular carcinoma, small cell lung cancer",Launched
evacetrapib,cholesteryl ester transfer protein inhibitor,CETP,,,Phase 3
everolimus,mTOR inhibitor,MTOR,"oncology, neurology/psychiatry, genetics, urology","breast cancer, neuroendocrine tumors of pancreatic origin (PNET), renal cell carcinoma (RCC), subependymal giant cell astrocytoma (SEGA), tuberous sclerosis complex (TSC), renal angiomyolipoma",Launched
evodiamine,"ATPase inhibitor, TRPV agonist",TRPV1,,,Preclinical
exatecan-mesylate,topoisomerase inhibitor,TOP1,,,Phase 3
exemestane,aromatase inhibitor,CYP19A1,oncology,breast cancer,Launched
famciclovir,DNA polymerase inhibitor,,"dental, infectious disease","cold sore, genitial herpes, shingles",Launched
famotidine,histamine receptor antagonist,HRH2,gastroenterology,heartburn,Launched
favipiravir,RNA polymerase inhibitor,,,,Phase 3
fdcyd,DNA methyltransferase inhibitor,,,,Phase 2
felbamate,glutamate receptor antagonist,"GRIN1, GRIN2A, GRIN2B, GRIN2C, GRIN2D, GRIN3A, GRIN3B",neurology/psychiatry,epilepsy,Launched
fenaclon,,,,,Preclinical
fenbendazole,tubulin polymerization inhibitor,TUBB,infectious disease,"gastrointestinal parasites, gastrointestinal roundworms",Launched
fendiline,calcium channel blocker,HTR2B,,,Preclinical
fenofibrate,PPAR receptor agonist,"MMP25, PPARA",endocrinology,"hypercholesterolemia, hypertriglyceridemia",Launched
fenoprofen,prostaglandin inhibitor,"PTGS1, PTGS2, SLC5A8",rheumatology,"rheumatoid arthritis, osteoarthritis",Launched
fenretinide,"apoptosis stimulant, retinoid receptor agonist",RARA,,,Phase 3
fexinidazole,,,,,Phase 2/Phase 3
filanesib,"kinesin inhibitor, kinesin-like spindle protein inhibitor",KIF11,,,Phase 3
filgotinib,JAK inhibitor,"JAK1, JAK2, JAK3, TYK2",,,Phase 2
finafloxacin,bacterial DNA gyrase inhibitor,,"infectious disease, pulmonary","intra-abdominal infections, chronic obstructive pulmonary disease (COPD), cystic fibrosis",Launched
fleroxacin,topoisomerase inhibitor,,"infectious disease, gastroenterology","gonorrhea, enteritis, diarrhea, respiratory tract infections",Launched
florfenicol,protein synthesis inhibitor,,pulmonary,bovine respiratory disease (BRD),Launched
floxuridine,DNA synthesis inhibitor,TYMS,oncology,colorectal cancer,Launched
flubendazole,tubulin polymerization inhibitor,TUBB,infectious disease,gastrointestinal parasites,Launched
fludarabine,ribonucleotide reductase inhibitor,"ADA, RRM1, RRM2",hematologic malignancy,chronic lymphocytic leukemia (CLL),Launched
fludarabine-phosphate,ribonucleotide reductase inhibitor,"DCK, POLA1, POLD1, POLE, RRM1, RRM2, RRM2B",hematologic malignancy,chronic lymphocytic leukemia (CLL),Launched
fludroxycortide,glucocorticoid receptor agonist,"NR3C1, SERPINA6","infectious disease, dermatology","skin infections, psoriasis",Launched
flufenamic-acid,chloride channel blocker,"AKR1C3, ANO1, AR, GJA1, GJA10, GJA3, GJA4, GJA5, GJA8, GJA9, GJB1, GJB2, GJB3, GJB4, GJB5, GJB6, GJB7, GJC1, GJC2, GJC3, GJD2, GJD3, GJD4, GJE1, PANX1, PANX2, PANX3, PKD2L1, PTGS1, PTGS2, TRPC5, TRPM2, TRPM5",,,Preclinical
flumatinib,Bcr-Abl kinase inhibitor,"ABL1, PDGFRB",,,Phase 3
flumethasone,glucocorticoid receptor agonist,"NR3C1, PLA2G1B",dermatology,corticosteroid-responsive dermatoses,Launched
flumethasone-pivalate,glucocorticoid receptor agonist,"NR3C1, SERPINA6",,,Launched
fluocinolone-acetonide,glucocorticoid receptor agonist,"NR3C1, SERPINA6",dermatology,seborrheic dermatitis,Launched
fluorometholone,glucocorticoid receptor agonist,NR3C1,ophthalmology,eye inflammation,Launched
fluoromethylcholine,,,,,Launched
fluroxene,local anesthetic,,,,Preclinical
flutamide,androgen receptor antagonist,"AHR, AR",oncology,prostate cancer,Launched
fluticasone-propionate,glucocorticoid receptor agonist,"NR3C1, NR3C2, PGR, PLA2G4A",dermatology,corticosteroid-responsive dermatoses,Launched
fluvastatin,HMGCR inhibitor,HMGCR,"endocrinology, cardiology","hypercholesterolemia, congenital heart defects",Launched
foretinib,VEGFR inhibitor,"FLT1, FLT4, KDR, MET",,,Phase 2
formestane,aromatase inhibitor,CYP19A1,oncology,breast cancer,Launched
forodesine,purinergic receptor antagonist,PNP,,,Phase 2
forskolin,adenylyl cyclase activator,"ADCY2, ADCY5, GNAS",,,Launched
fosbretabulin,"tubulin polymerization inhibitor, VE-cadherin antagonist",CDH5,,,Phase 3
foscarnet,DNA polymerase inhibitor,,infectious disease,"cytomegalovirus retinitis, acquired immunodeficiency syndrome (AIDS), virus herpes simplex (HSV)",Launched
frentizole,immunosuppressant,,,,Phase 1
ftorafur,thymidylate synthase inhibitor,TYMS,oncology,colorectal cancer,Launched
fudosteine,mucolytic agent,,pulmonary,chest congestion,Launched
fulvestrant,estrogen receptor antagonist,"ESR1, ESR2, GPER1",oncology,breast cancer,Launched
galeterone,androgen receptor modulator,"AR, CYP17A1",,,Phase 3
gambogic-acid,caspase activator,BCL2,,,Phase 2
gamma-aminobutyric-acid,benzodiazepine receptor agonist,"GABBR1, GABBR2, GABRA1, GABRA2, GABRA3, GABRA5, GABRB2, GABRG2, GATM, KCTD12, KCTD16, KCTD8, SLC6A1",,,Preclinical
ganetespib,HSP inhibitor,HSP90AA1,,,Phase 3
gastrodin,,,,,Phase 2
gefitinib,EGFR inhibitor,EGFR,oncology,non-small cell lung cancer (NSCLC),Launched
gemcitabine,ribonucleotide reductase inhibitor,"CMPK1, RRM1, RRM2, TYMS",oncology,"ovarian cancer, breast cancer, non-small cell lung cancer (NSCLC), pancreatic cancer",Launched
genipin,choleretic agent,,,,Preclinical
genz-644282,topoisomerase inhibitor,TOP1,,,Phase 1
gestrinone,progesterone receptor antagonist,"AR, ESR1, PGR",obstetrics/gynecology,endometriosis,Launched
gidazepam,GABA benzodiazepine site receptor agonist,,,,Launched
gilteritinib,FLT3 inhibitor,FLT3,,,Phase 3
gimeracil,dihydropyrimidine dehydrogenase inhibitor,DPYD,oncology,gastric adenocarcinoma,Launched
ginkgolide-a,GABA receptor antagonist,"GLRA1, GLRB",,,Preclinical
givinostat,HDAC inhibitor,"HDAC1, HDAC2, HDAC3, HDAC4, HDAC5, HDAC6, HDAC7, HDAC8, HDAC9",,,Phase 2
golgicide-a,ARF inhibitor,GBF1,,,Preclinical
golvatinib,VEGFR inhibitor,"KDR, MET",,,Phase 2
gossypol,"BCL inhibitor, MCL1 inhibitor",BCL2,,,Phase 2
guanidine,HSP inhibitor,"ALDH2, DLG4, GAMT, RNASE1",neurology/psychiatry,Lambert-Eaton myasthenic syndrome (LEMS),Launched
halcinonide,glucocorticoid receptor agonist,NR3C1,dermatology,corticosteroid-responsive dermatoses,Launched
halobetasol-propionate,glucocorticoid receptor agonist,"NR3C1, PLA2G1B",dermatology,corticosteroid-responsive dermatoses,Launched
halofantrine,antimalarial agent,"KCNH2, KCNN4",infectious disease,malaria,Launched
halofuginone,collagenase inhibitor,"COL1A1, MMP2",rheumatology,scleroderma,Launched
harringtonine,protein synthesis inhibitor,,,,Phase 3
hesperadin,Aurora kinase inhibitor,AURKB,,,Preclinical
hexachlorophene,potassium channel activator,"GLUD1, SDHD",infectious disease,gram-positive bacterial infections,Launched
hexaminolevulinate,,,radiology,diagnostic agent,Launched
hexylresorcinol,local anesthetic,TYR,infectious disease,"skin infections, first-aid antiseptic",Launched
homoharringtonine,protein synthesis inhibitor,RPL3,hematologic malignancy,chronic myeloid leukemia (CML),Launched
homoquinolinic-acid,glutamate receptor agonist,"GRIN1, GRIN2A, GRIN2B, GRIN2C, GRIN2D",,,Preclinical
homosalate,HSP inducer,,,,Preclinical
hydrocortisone,glucocorticoid receptor agonist,,"dermatology, neurology/psychiatry","eczema, psoriasis, seborrheic dermatitis, itching",Launched
"hydroxytacrine-maleate-(r,s)",cholinesterase inhibitor,ACHE,,,Preclinical
hydroxyurea,ribonucleotide reductase inhibitor,"RRM1, RRM2, RRM2B","hematologic malignancy, oncology","chronic myeloid leukemia (CML), head and neck squamous cell carcinoma (HNSCC)",Launched
hyodeoxycholic-acid,atherosclerosis formation inhibitor,,,,Phase 1
hyoscyamine,acetylcholine receptor antagonist,"CHRM1, CHRM2, CHRM3, CHRM4","gastroenterology, urology, neurology/psychiatry, allergy","peptic ulcer disease (PUD), acute abdominal visceral spasm, ulcerative colitis, interstitial cystitis (IC), enterocolitis, irritable bowel syndrome, tremors, allergic rhinitis",Launched
hypericin,tyrosine kinase inhibitor,,,,Phase 2
hypoestoxide,IKK inhibitor,"IKBKB, IL1B, TNF",,,Phase 1
ibrutinib,Bruton's tyrosine kinase (BTK) inhibitor,"BLK, BMX, BTK",hematologic malignancy,"chronic lymphocytic leukemia (CLL), mantle cell lymphoma (MCL), Waldenstrom's macroglobulinemia (WM)",Launched
ibutilide,potassium channel blocker,"CACNA1C, CACNA2D1, CACNB1, CACNG1, KCNH2, KCNH6, KCNH7, KCNJ11, KCNK1, KCNK6",cardiology,atrial fibrillation (AF),Launched
icotinib,EGFR inhibitor,EGFR,oncology,non-small cell lung cancer (NSCLC),Launched
idarubicin,topoisomerase inhibitor,TOP2A,hematologic malignancy,acute myeloid leukemia (AML),Launched
idasanutlin,MDM inhibitor,"MDM2, TP53",,,Phase 3
idazoxan,adrenergic receptor antagonist,ADRA2A,,,Phase 3
idelalisib,PI3K inhibitor,"PIK3CA, PIK3CB, PIK3CD, PIK3CG",hematologic malignancy,chronic lymphocytic leukemia (CLL),Launched
idoxuridine,DNA directed DNA polymerase inhibitor,,infectious disease,virus herpes simplex (HSV),Launched
idronoxil,XIAP inhibitor,"ENOX2, SPHK1",,,Phase 3
ifosfamide,DNA alkylating agent,"CYP2A6, CYP2B6, CYP2C18, CYP2C19, CYP2C8, CYP2C9, CYP3A4, CYP3A5, CYP3A7, PTGS1","oncology, urology","testicular carcinoma, hemorrhagic cystitis",Launched
ilomastat,matrix metalloprotease inhibitor,"ACAN, ADAM28, MMP1, MMP12, MMP13, MMP14, MMP2, MMP3, MMP8, MMP9",,,Phase 3
imatinib,"Bcr-Abl kinase inhibitor, KIT inhibitor, PDGFR tyrosine kinase receptor inhibitor","ABL1, CSF1R, DDR1, KIT, NTRK1, PDGFRA, PDGFRB, RET","hematologic malignancy, oncology","chronic myeloid leukemia (CML), acute lymphoblastic leukemia (ALL), myelodysplastic diseases (MDS), aggressive systemic mastocytosis (ASM), hypereosinophilic syndrome (HES), chronic eosinophilic leukemia (CEL), dermatofibrosarcoma protuberans (DFSP), gastrointestinal stromal tumors (GIST)",Launched
imidapril,angiotensin converting enzyme inhibitor,ACE,cardiology,"hypertension, congestive heart failure",Launched
imiloxan,adrenergic receptor antagonist,"ADRA2A, ADRA2B",,,Phase 1
imiquimod,"interferon inducer, toll-like receptor agonist","TLR7, TLR8","dermatology, infectious disease, oncology","actinic keratosis (AK), genital warts, basal cell carcinoma (BCC)",Launched
indibulin,tubulin polymerization inhibitor,,,,Phase 1/Phase 2
indiplon,benzodiazepine receptor agonist,GABRA1,,,Phase 3
indirubin,"CDK inhibitor, glycogen synthase kinase inhibitor","CDK1, CDK5, GSK3A",,,Phase 2/Phase 3
indisulam,CDK inhibitor,"CA1, CA12, CA14, CA2, CA6, CA7, CA9",,,Phase 2
indoprofen,"cyclooxygenase inhibitor, prostanoid receptor antagonist","CXCR1, CXCR2, PTGS1, PTGS2",,,Withdrawn
ingenol-mebutate,PKC activator,"PRKCA, PRKCB, PRKCD, PRKCE, PRKCG",dermatology,actinic keratosis (AK),Launched
inosine,neurotrophic agent,"PARP1, PNP",,,Launched
iobenguane,antineoplastic agent,,"oncology, cardiology, endocrinology","neuroblastoma, congestive heart failure, pheochromocytoma",Launched
iodipamide,radiopaque medium,ALB,radiology,contrast agent,Launched
iododexetimide,acetylcholine receptor antagonist,,,,Phase 2
iproniazid,monoamine oxidase inhibitor,"MAOA, MAOB",,,Withdrawn
ipsapirone,serotonin receptor agonist,HTR1A,,,Phase 3
irinotecan,topoisomerase inhibitor,"TOP1, TOP1MT",oncology,colorectal cancer,Launched
isoetharine,adrenergic receptor agonist,"ADRB1, ADRB2",pulmonary,"bronchospasm, asthma",Launched
isofloxythepin,dopamine receptor antagonist,,,,Phase 2
isoflupredone-acetate,,NR3C1,,,Preclinical
isometheptene-mucate,,"ADRA1A, SLC18A2",neurology/psychiatry,headache,Launched
isopropyl-myristate,,,dermatology,cosmetic,Launched
isoxsuprine,adrenergic receptor agonist,ADRB2,"rheumatology, cardiology","Raynaud's disease, arteriosclerosis, Buerger's disease",Launched
ispinesib,kinesin inhibitor,KIF11,,,Phase 2
istradefylline,adenosine receptor antagonist,"ADORA1, ADORA2A, ADORA2B, ADORA3",neurology/psychiatry,"Parkinson's Disease, dyskinesia",Launched
itraconazole,cytochrome P450 inhibitor,CYP51A1,infectious disease,"onychomycosis, histoplasmosis, blastomycosis, aspergillosis",Launched
ivermectin,benzodiazepine receptor agonist,"CHRNA7, GABRB3, GLRA3, P2RX7",infectious disease,"gastrointestinal roundworms, lungworms, cattle grubs, mites, lice, horn flies",Launched
ixabepilone,microtubule stabilizing agent,"TUBA1A, TUBA1B, TUBA1C, TUBA3C, TUBA3D, TUBA3E, TUBA4A, TUBB, TUBB1, TUBB2A, TUBB2B, TUBB3, TUBB4A, TUBB4B, TUBB6, TUBB8",oncology,breast cancer,Launched
ixazomib,proteasome inhibitor,,hematologic malignancy,multiple myeloma,Launched
ixazomib-citrate,proteasome inhibitor,,hematologic malignancy,multiple myeloma,Launched
josamycin,bacterial 50S ribosomal subunit inhibitor,,pulmonary,bronchitis,Launched
k-strophanthidin,ATPase inhibitor,ATP1A1,,,Phase 2
kenpaullone,"CDK inhibitor, glycogen synthase kinase inhibitor","CCNB1, CDK1, CDK5, GSK3B",,,Preclinical
ketoconazole,sterol demethylase inhibitor,"AR, CYP19A1, CYP21A2, KCNA10",dermatology,seborrheic dermatitis,Launched
ketoprofen,cyclooxygenase inhibitor,"CXCR1, PTGS1, PTGS2, SLC5A8",rheumatology,"rheumatoid arthritis, osteoarthritis",Launched
kifunensine,mannosidase inhibitor,"MAN1B1, MAN2A1",,,Phase 1
ku-0063794,mTOR inhibitor,MTOR,,,Preclinical
kynurenic-acid,glutamate receptor antagonist,"GPR35, GRIN1, GRIN2A, GRIN2B",,,Preclinical
lacitol,osmosis stimulant,,gastroenterology,constipation,Launched
lafutidine,histamine receptor antagonist,HRH2,gastroenterology,"duodenal ulcer disease, peptic ulcer disease (PUD)",Launched
lanatoside-c,cardiac glycoside,,,,Preclinical
lanoconazole,sterol demethylase inhibitor,,infectious disease,fungal infection,Launched
lapatinib,EGFR inhibitor,"EGFR, ERBB2",oncology,breast cancer,Launched
lappaconite,sodium channel blocker,,,,Phase 2
lasalocid,bacterial permeability inducer,,infectious disease,coccidiosis,Launched
latanoprost,prostanoid receptor agonist,PTGFR,ophthalmology,"ocular hypertension, glaucoma",Launched
latrepirdine,glutamate receptor antagonist,"HRH1, HTR6",,,Phase 3
lenalidomide,anticancer agent,"CDH5, CRBN, PTGS2, TNF, TNFSF11",hematologic malignancy,"multiple myeloma, mantle cell lymphoma (MCL), myelodysplastic diseases (MDS)",Launched
lenvatinib,"FGFR inhibitor, KIT inhibitor, PDGFR tyrosine kinase receptor inhibitor, VEGFR inhibitor","FLT4, KDR",oncology,thyroid cancer,Launched
lerisetron,serotonin receptor antagonist,HTR3A,,,Phase 3
lestaurtinib,"FLT3 inhibitor, growth factor receptor inhibitor, JAK inhibitor","FLT3, NTRK1",,,Phase 3
letrozole,aromatase inhibitor,CYP19A1,oncology,breast cancer,Launched
leucovorin,folate receptor ligand,TYMS,oncology,osteosarcoma,Launched
levobunolol,adrenergic receptor antagonist,"ADRB1, ADRB2, ADRB3",ophthalmology,"glaucoma, ocular hypertension",Launched
levocarnitine,,,endocrinology,carnitine deficiency,Launched
levocetirizine,histamine receptor antagonist,HRH1,allergy,"allergic rhinitis, urticaria",Launched
levonorgestrel,"estrogen receptor agonist, glucocorticoid receptor antagonist, progesterone receptor agonist, progesterone receptor antagonist","AR, ESR1, PGR, SRD5A1",endocrinology,contraceptive,Launched
licochalcone-a,topoisomerase inhibitor,PTPN1,,,Phase 3
lidamidine,adrenergic receptor agonist,,gastroenterology,diarrhea,Launched
lidocaine,histamine receptor agonist,"EGFR, SCN10A, SCN11A, SCN1A, SCN2A, SCN3A, SCN4A, SCN5A, SCN7A, SCN8A, SCN9A","neurology/psychiatry, dermatology, hematology","itching, eczema, hemorrhage",Launched
linalool,anticonvulsant,,,,Phase 1
linifanib,"PDGFR tyrosine kinase receptor inhibitor, VEGFR inhibitor","CSF1, CSF1R, FLT1, FLT3, FLT4, KDR, KIT, PDGFRB, RET, TEK",,,Phase 3
linsitinib,IGF-1 inhibitor,"IGF1R, INSR, INSRR",,,Phase 3
litronesib,kinesin-like spindle protein inhibitor,KIF11,,,Phase 2
lomefloxacin,bacterial DNA gyrase inhibitor,TOP2A,infectious disease,"respiratory tract infections, urinary tract infections",Launched
lomitapide,microsomal trigylceride transfer protein inhibitor,MTTP,endocrinology,hypercholesterolemia,Launched
lonafarnib,farnesyltransferase inhibitor,"FNTA, HRAS, KRAS, NRAS",,,Phase 3
lorazepam,benzodiazepine receptor agonist,"GABRA1, GABRA2, GABRA3, GABRA4, GABRA5, GABRA6, GABRB1, GABRB2, GABRB3, GABRD, GABRE, GABRG1, GABRG2, GABRG3, GABRP, GABRQ, TSPO",neurology/psychiatry,status epilepticus,Launched
lorlatinib,ALK tyrosine kinase receptor inhibitor,ALK,,,Phase 2
lovastatin,HMGCR inhibitor,"HDAC2, HMGCR, ITGAL, NR1I2","cardiology, endocrinology","coronary heart disease, myocardial infarction, hypercholesterolemia",Launched
loxistatin-acid,cysteine peptidase inhibitor,CTSB,,,Preclinical
lucitanib,"FGFR inhibitor, VEGFR inhibitor","FGFR1, FLT1, KDR, KIT, PDGFRA, PDGFRB, RET",,,Phase 2
lurasidone,"dopamine receptor antagonist, serotonin receptor antagonist","ADRA2A, ADRA2C, DRD2, HTR1A, HTR2A, HTR7",neurology/psychiatry,schizophrenia,Launched
maprotiline,"norepinephrine reputake inhibitor, tricyclic antidepressant","ADRA1A, ADRA1B, ADRA1D, ADRA2A, ADRA2B, ADRA2C, CHRM1, CHRM2, CHRM3, CHRM4, CHRM5, DRD2, HRH1, HTR2A, HTR2C, HTR7, SLC6A2",neurology/psychiatry,"depression, dysthymic disorder",Launched
marimastat,matrix metalloprotease inhibitor,"MMP1, MMP10, MMP11, MMP12, MMP13, MMP14, MMP15, MMP16, MMP17, MMP19, MMP2, MMP20, MMP21, MMP23A, MMP24, MMP25, MMP26, MMP27, MMP28, MMP3, MMP7, MMP8, MMP9",,,Phase 3
masitinib,"KIT inhibitor, PDGFR tyrosine kinase receptor inhibitor, src inhibitor","FGFR3, KIT, PDGFRA, PDGFRB",dermatology,mastocytoma,Launched
maxacalcitol,vitamin D receptor agonist,VDR,endocrinology,hyperparathyroidism,Launched
maytansinol-isobutyrate,,,,,Preclinical
mebendazole,tubulin polymerization inhibitor,"TUBA1A, TUBB, TUBB4B",infectious disease,"pinworm, whipworm, hookworm, ascariasis",Launched
mechlorethamine,DNA inhibitor,,"hematologic malignancy, hematology, infectious disease, oncology","Hodgkin's lymphoma, chronic myeloid leukemia (CML), chronic lymphocytic leukemia (CLL), polycythemia vera, mycosis, bronchogenic carcinoma",Launched
meclizine,constitutive androstane receptor (CAR) agonist,"HRH1, NR1I3","gastroenterology, neurology/psychiatry","nausea, vomiting, motion sickness",Launched
mefexamide,psychoactive drug,,,,Preclinical
meglitinide,potassium channel blocker,CCR2,,,Phase 2
melengestrol-acetate,progesterone receptor agonist,,,,Preclinical
meloxicam,cyclooxygenase inhibitor,"PTGS1, PTGS2",rheumatology,"osteoarthritis, rheumatoid arthritis",Launched
melphalan,"DNA alkylating agent, DNA inhibitor",,hematologic malignancy,multiple myeloma,Launched
menadione,"mitochondrial DNA polymerase inhibitor, phosphatase inhibitor","AOX1, BGLAP, F10, F2, F7, F9, GGCX, NQO1, NQO2, PROC, PROS1, PROZ, VKORC1, VKORC1L1","gastroenterology, neurology/psychiatry, dermatology, rheumatology","ulcerative colitis, diarrhea, headache, varicose veins, rheumatoid arthritis",Launched
mephenytoin,hydantoin antiepileptic,"SCN10A, SCN11A, SCN1A, SCN2A, SCN3A, SCN4A, SCN5A, SCN7A, SCN8A, SCN9A",neurology/psychiatry,seizures,Launched
mepivacaine,"potassium channel blocker, sodium channel blocker",SCN10A,neurology/psychiatry,local anesthetic,Launched
mercaptopurine,"immunosuppressant, protein synthesis inhibitor, purine antagonist","HPRT1, IMPDH1, IMPDH2, PPAT",hematologic malignancy,acute lymphoblastic leukemia (ALL),Launched
mericitabine,HCV inhibitor,,,,Phase 2
merimepodib,inosine monophosphate dehydrogenase inhibitor,IMPDH1,,,Phase 2
mesna,antioxidant,,urology,hemorrhagic cystitis,Launched
mesoridazine,dopamine receptor antagonist,"DRD2, HTR2A",neurology/psychiatry,schizophrenia,Launched
metaraminol,adrenergic receptor agonist,ADRA1A,cardiology,hypotension,Launched
metatinib,Bcr-Abl kinase inhibitor,"ABL1, BCR",,,Phase 1
methacycline,protein synthesis inhibitor,,pulmonary,bronchitis,Launched
methiazole,anthelmintic agent,,,,Preclinical
methocarbamol,muscle relaxant,CA1,neurology/psychiatry,muscle relaxant,Launched
methotrexate,dihydrofolate reductase inhibitor,DHFR,"oncology, hematologic malignancy, dermatology, rheumatology","gestational choriocarcinoma, hydatidiform mole, acute lymphoblastic leukemia (ALL), psoriasis, rheumatoid arthritis",Launched
methoxyflurane,membrane permeability inhibitor,"ATP2C1, ATP5D, GABRA1, GABRA2, GABRA3, GABRA4, GABRA5, GABRA6, GABRB1, GABRB2, GABRB3, GABRD, GABRE, GABRG1, GABRG2, GABRG3, GABRP, GABRQ, GLRA1, GLRB, GRIA1, KCNA1, MT-ND1",neurology/psychiatry,general anaesthetic,Launched
methscopolamine,acetylcholine receptor antagonist,"CHRM1, CHRM2, CHRM3",gastroenterology,peptic ulcer disease (PUD),Launched
methyldopa,adrenergic receptor agonist,"ADRA2A, ADRA2B, ADRA2C, DDC",cardiology,hypertension,Launched
methylphenidate,dopamine-norepinephrine reuptake inhibitor,"SLC6A2, SLC6A3, SLC6A4",neurology/psychiatry,"attention-deficit/hyperactivity disorder (ADHD), narcolepsy",Launched
methylprednisolone,glucocorticoid receptor agonist,NR3C1,"endocrinology, rheumatology, dermatology, infectious disease, allergy, hematology, neurology/psychiatry, gastroenterology","hypercalcemia, thyroiditis, ankylosing spondylitis, bursitis, osteoarthritis, psoriatic arthritis, seborrheic dermatitis, mycosis, allergic rhinitis, psoriasis, anemia, multiple sclerosis, ulcerative colitis, enteritis",Launched
metoprolol,adrenergic receptor antagonist,"ADRB1, ADRB2",cardiology,"hypertension, angina pectoris, myocardial infarction",Launched
metoxibutropate,cyclooxygenase inhibitor,"PTGS1, PTGS2",,,Launched
metronidazole,DNA inhibitor,"CYP2C9, CYP3A4",dermatology,rosacea,Launched
metyrapone,cytochrome P450 inhibitor,CYP11B1,nephrology,adrenal diagnostic agent,Launched
mevastatin,HMGCR inhibitor,HMGCR,,,Preclinical
mexeneone,,,,,Preclinical
mexiletine,sodium channel blocker,"AHR, SCN4A, SCN5A",cardiology,"ventricular arrhythmias, ventricular tachycardia (VT)",Launched
mibampator,glutamate receptor modulator,GRIA1,,,Phase 2
mibefradil,T-type calcium channel blocker,"ANO1, CACNA1C, CACNA1D, CACNA1F, CACNA1G, CACNA1H, CACNA1I, CACNA1S, CACNB1, CACNB2, CACNB3, CACNB4, CATSPER1, CATSPER2, CATSPER3, CATSPER4",,,Withdrawn
midodrine,adrenergic receptor agonist,"ADRA1A, ADRA1B, ADRA1D",cardiology,hypotension,Launched
midostaurin,"FLT3 inhibitor, KIT inhibitor, PKC inhibitor","FLT3, PRKCG",hematologic malignancy,acute myeloid leukemia (AML),Launched
mifepristone,"glucocorticoid receptor antagonist, progesterone receptor antagonist","AR, NR1I2, NR3C1, PGR",endocrinology,"hyperglycemia, diabetes mellitus",Launched
minocycline,bacterial 30S ribosomal subunit inhibitor,"ALOX5, CASP1, CASP3, CYCS, IL1B, MMP9, VEGFA","endocrinology, infectious disease, ophthalmology, urology","fever, respiratory tract infections, psittacosis, trachoma, conjunctivitis, urethritis, chancroid, tularemia, cholera, brucellosis",Launched
mitomycin-c,"DNA alkylating agent, DNA synthesis inhibitor",,oncology,"pancreatic cancer, gastric adenocarcinoma",Launched
mitoxantrone,topoisomerase inhibitor,TOP2A,"neurology/psychiatry, oncology, hematologic malignancy","multiple sclerosis, prostate cancer, acute myeloid leukemia (AML)",Launched
mocetinostat,HDAC inhibitor,"HDAC1, HDAC11, HDAC2, HDAC3",,,Phase 2
monensin,bacterial permeability inducer,,,,Launched
monobenzone,melanin inhibitor,TYR,dermatology,skin depigmentation,Launched
morin,cytochrome P450 inhibitor,"ADORA2A, ESR2, FASN, MCL1, SLC22A12",,,Preclinical
motesanib,"KIT inhibitor, PDGFR tyrosine kinase receptor inhibitor, VEGFR inhibitor","FLT1, FLT4, KDR, KIT",,,Phase 3
mozavaptan,vasopressin receptor antagonist,"AVPR1A, AVPR1B, AVPR2",endocrinology,hyponatremia,Launched
mubritinib,protein tyrosine kinase inhibitor,"EGFR, ERBB2",,,Phase 1
mycophenolate-mofetil,"dehydrogenase inhibitor, inositol monophosphatase inhibitor","IMPDH1, IMPDH2",transplant,organ rejection,Launched
mycophenolic-acid,"dehydrogenase inhibitor, inositol monophosphatase inhibitor","IMPDH1, IMPDH2",transplant,organ rejection,Launched
nadide,electron acceptor,"AHCY, AKR1A1, ALDH2, BLVRA, DHPS, DLD, GALE, HMGCR, HSD17B1, HSD17B4, IMPDH2, MGAM, P2RY11, SORD, TRPM2",,,Launched
nadifloxacin,bacterial DNA gyrase inhibitor,,"dermatology, infectious disease","acne vulgaris (AV), skin infections",Launched
nafcillin,bacterial cell wall synthesis inhibitor,"CYP1A2, CYP3A4, SLC22A6",infectious disease,gram-positive bacterial infections,Launched
naftidrofuryl,adrenergic receptor antagonist,,cardiology,claudication,Launched
naftifine,fungal squalene epoxidase inhibitor,SQLE,infectious disease,"tinea pedis, tinea cruris, tinea corporis",Launched
naloxone,opioid receptor antagonist,"CREB1, ESR1, OPRD1, OPRK1, OPRM1, TLR4",pulmonary,respiratory depression,Launched
naltrexone,opioid receptor antagonist,"OPRD1, OPRK1, OPRM1, SIGMAR1",neurology/psychiatry,abstinence from alcohol,Launched
nanchangmycin,other antibiotic,,,,Preclinical
napabucasin,STAT inhibitor,STAT3,,,Phase 3
naproxen,cyclooxygenase inhibitor,"PTGS1, PTGS2","neurology/psychiatry, rheumatology, dental, otolaryngology, endocrinology","pain relief, rheumatoid arthritis, headache, toothache, backache, muscle pain, common cold, fever",Launched
narasin,antiprotozoal agent,,infectious disease,coccidiosis,Launched
narlaprevir,HCV inhibitor,,,,Phase 2/Phase 3
navarixin,CC chemokine receptor antagonist,"CXCR1, CXCR2",,,Phase 2
navitoclax,BCL inhibitor,"BCL2, BCL2L1, BCL2L2",,,Phase 2
nefiracetam,"acetylcholine receptor agonist, benzodiazepine receptor agonist",CHRM1,,,Phase 3
nelarabine,"DNA synthesis inhibitor, T cell inhibitor",POLA1,hematologic malignancy,"acute lymphoblastic leukemia (ALL), acute lymphoblastic leukemia (ALL)",Launched
nemonapride,dopamine receptor antagonist,"DRD2, DRD3, DRD4",neurology/psychiatry,schizophrenia,Launched
nemorubicin,topoisomerase inhibitor,"TOP1, TOP2A",,,Phase 2
neratinib,EGFR inhibitor,"EGFR, ERBB2, KDR",,,Phase 3
nexturastat-a,HDAC inhibitor,"HDAC1, HDAC6",,,Preclinical
niacin,"NAD precursor, vitamin B","DGAT2, HCAR1, HCAR2, HCAR3, NNMT, QPRT",endocrinology,hypertriglyceridemia,Launched
niclosamide,"DNA replication inhibitor, STAT inhibitor",STAT3,infectious disease,tapeworm,Launched
nicorandil,"nitric oxide donor, potassium channel activator",KCNJ11,cardiology,angina pectoris,Launched
nicotine,acetylcholine receptor agonist,"CHAT, CHRNA10, CHRNA2, CHRNA3, CHRNA4, CHRNA5, CHRNA6, CHRNA7, CHRNA9, CHRNB2, CHRNB3, CHRNB4, CYP19A1, TBXAS1, TRPA1",neurology/psychiatry,smoking cessation,Launched
nilotinib,"Abl kinase inhibitor, Bcr-Abl kinase inhibitor","ABL1, KIT",hematologic malignancy,chronic myeloid leukemia (CML),Launched
nilutamide,androgen receptor antagonist,AR,oncology,prostate cancer,Launched
nimorazole,bacterial DNA inhibitor,,oncology,head and neck squamous cell carcinoma (HNSCC),Launched
nintedanib,"FGFR inhibitor, PDGFR tyrosine kinase receptor inhibitor, VEGFR inhibitor","FGFR1, FGFR2, FGFR3, FGFR4, FLT1, FLT4, KDR, PDGFRA, PDGFRB",pulmonary,idiopathic pulmonary fibrosis (IPF),Launched
niraparib,PARP inhibitor,PARP1,oncology,primary peritoneal cancer (PPC),Launched
niridazole,phosphofructokinase inhibitor,,infectious disease,schistosomiasis,Launched
nisoxetine,norepinephrine reuptake inhibitor,"SLC6A2, SLC6A3, SLC6A4",,,Phase 1
nitarsone,,,dermatology,blackhead disease,Launched
nithiamide,bacterial DNA inhibitor,,,,Preclinical
nitisinone,hydroxyphenylpyruvate dioxygenase inhibitor,HPD,metabolism,tyrosinemia,Launched
nitrocaramiphen,cholinergic receptor antagonist,CHRM1,,,Preclinical
nizatidine,histamine receptor antagonist,HRH2,gastroenterology,"duodenal ulcer disease, erosive esophagitis (EE), ulcerative esophagitis (UE), gastroesophageal reflux disease (GERD)",Launched
nizofenone,ion channel antagonist,,neurology/psychiatry,stroke,Launched
nobiletin,MEK inhibitor,MAP2K1,,,Preclinical
nocodazole,tubulin polymerization inhibitor,HPGDS,,,Preclinical
nomegestrol-acetate,progesterone receptor agonist,PGR,endocrinology,contraceptive,Launched
nonoxynol-9,membrane integrity inhibitor,,endocrinology,contraceptive,Launched
norepinephrine,adrenergic receptor agonist,"ADRA1A, ADRA1B, ADRA1D, ADRA2A, ADRA2B, ADRA2C, ADRB1, ADRB2, ADRB3, PAH, SLC18A1, SLC18A2","cardiology, allergy, neurology/psychiatry","hypertension, urticaria, headache, seasonal affective disorder",Launched
norethindrone,progesterone receptor agonist,PGR,obstetrics/gynecology,endometriosis,Launched
norethindrone-acetate,progesterone receptor agonist,,"endocrinology, orthopedics, obstetrics/gynecology","menopause, osteoporosis, vaginal atrophy",Launched
noretynodrel,progestogen hormone,PGR,endocrinology,contraceptive,Launched
norfloxacin,bacterial DNA gyrase inhibitor,TOP2A,"infectious disease, urology","urinary tract infections, gonorrhea, prostatitis",Launched
norgestrel,progesterone receptor agonist,PGR,endocrinology,contraceptive,Launched
novobiocin,bacterial DNA gyrase inhibitor,,obstetrics/gynecology,mastitis,Launched
nutlin-3,MDM inhibitor,"MDM2, TP53",,,Preclinical
obatoclax,BCL inhibitor,BCL2,,,Phase 3
obidoxime,cholinesterase reactivator,ACHE,"critical care, neurology/psychiatry","poison antidote, nerve gas poisoning",Launched
octenidine,membrane integrity inhibitor,,,,Launched
octopamine,trace amine associated receptor agonist,"F10, TAAR1",,,Preclinical
odanacatib,cathepsin inhibitor,CTSK,,,Phase 3
olaparib,PARP inhibitor,"PARP1, PARP2",oncology,ovarian cancer,Launched
oleanolic-acid,G protein-coupled receptor agonist,GPBAR1,,,Preclinical
oleoylethanolamide,"cannabinoid receptor agonist, glucose dependent insulinotropic receptor agonist, potassium channel blocker, PPAR receptor agonist","CNR1, GPR119, GPR55, PPARA",,,Preclinical
oligomycin-a,"ATP synthase inhibitor, ATPase inhibitor",ATP5A1,,,Preclinical
oltipraz,"nuclear factor erythroid derived, like (NRF2) activator",ANG,,,Phase 3
omeprazole,ATPase inhibitor,"ATP4A, CLCN2",gastroenterology,heartburn,Launched
oncrasin-1,apoptosis stimulant,,,,Preclinical
oprozomib,proteasome inhibitor,,,,Phase 1/Phase 2
orantinib,"FGFR inhibitor, PDGFR tyrosine kinase receptor inhibitor, VEGFR inhibitor","AURKA, AURKB, EGFR, FGFR1, FGFR2, KDR, PDGFRA, PDGFRB",,,Phase 3
oridonin,BCL inhibitor,BCL2,,,Preclinical
ornithine,NFkB pathway modulator,"ARG1, ARG2, GATM, GPRC6A, OAT, OAZ1, OAZ2, OAZ3, OTC, SLC25A15, SLC25A2, SLC7A1, SLC7A2, SLC7A3, SLC7A4",,,Launched
orotic-acid,,DHODH,,,Phase 2
oseltamivir-phosphate,neuraminidase inhibitor,"CES1, NEU1, NEU2",infectious disease,influenza A virus infection,Launched
osimertinib,EGFR inhibitor,EGFR,oncology,non-small cell lung cancer (NSCLC),Launched
ouabain,ATPase inhibitor,ATP1A1,cardiology,"hypertension, cardiac arrythmia",Launched
oxaliplatin,DNA inhibitor,,oncology,colorectal cancer,Launched
oxazepam,GABA benzodiazepine site receptor agonist,"GABRA1, GABRA2, GABRA3, GABRA4, GABRA5, GABRA6, GABRB1, GABRB2, GABRB3, GABRD, GABRE, GABRG1, GABRG2, GABRG3, GABRP, GABRQ, GABRR1, GABRR2, GABRR3",neurology/psychiatry,anxiety,Launched
oxcarbazepine,sodium channel blocker,"SCN10A, SCN11A, SCN1A, SCN2A, SCN3A, SCN4A, SCN5A, SCN7A, SCN8A, SCN9A",neurology/psychiatry,seizures,Launched
oxibendazole,tubulin polymerization inhibitor,"TUBB, TUBB4B",infectious disease,strongyles,Launched
oxiperomide,dopamine receptor antagonist,,,,Phase 2
oxiracetam,acetylcholine receptor agonist,,,,Launched
oxonic-acid,uricase inhibitor,,,,Preclinical
oxprenolol,adrenergic receptor antagonist,"ADRB1, ADRB2",cardiology,"angina pectoris, hypertension, cardiac arrythmia",Launched
oxymatrine,,,,,Launched
oxymetazoline,adrenergic receptor agonist,"ADRA1A, ADRA1B, ADRA1D, ADRA2A, ADRA2B, ADRA2C, HTR1B, HTR1D, HTR2C",otolaryngology,nasal congestion,Launched
oxyphencyclimine,cholinergic receptor antagonist,"CHRM1, CHRM2, CHRM3",gastroenterology,peptic ulcer disease (PUD),Launched
oxyquinoline,chelating agent,METAP2,dermatology,cosmetic,Launched
paclitaxel,tubulin polymerization inhibitor,"BCL2, MAP2, MAP4, MAPT, NR1I2, TLR4, TUBB, TUBB1",oncology,"ovarian cancer, breast cancer, non-small cell lung cancer (NSCLC)",Launched
pacritinib,"FLT3 inhibitor, JAK inhibitor","FLT3, JAK1, JAK2, JAK3",,,Phase 3
palbociclib,CDK inhibitor,"CDK4, CDK6",oncology,breast cancer,Launched
paliperidone,"dopamine receptor antagonist, serotonin receptor antagonist","ADRA1A, ADRA1B, ADRA2A, ADRA2B, ADRA2C, CYP2D6, CYP3A4, CYP3A5, DRD1, DRD2, DRD3, DRD4, HRH1, HTR1A, HTR1D, HTR2A, HTR2C",neurology/psychiatry,schizophrenia,Launched
palmatine-chloride,dopamine synthesis inhibitor,CYP3A4,,,Preclinical
palmitoylethanolamide,cannabinoid receptor agonist,"CNR2, GPR119, GPR55",,,Launched
palomid-529,"AKT inhibitor, mTOR inhibitor",MTOR,,,Phase 1
panobinostat,HDAC inhibitor,"HDAC1, HDAC2, HDAC3, HDAC4, HDAC6, HDAC7, HDAC8, HDAC9",hematologic malignancy,multiple myeloma,Launched
papaverine,phosphodiesterase inhibitor,"PDE10A, PDE4B, PDE5A","cardiology, hematology, gastroenterology","myocardial infarction, angina pectoris, pulmonary embolism (PE), colitis, vascular spasm",Launched
parachlorophenol,antiinfective drug,,,,Launched
parbendazole,tubulin polymerization inhibitor,TUBB,,,Preclinical
pardoprunox,"serotonin receptor agonist, dopamine receptor agonist","DRD2, DRD3, DRD4, HTR1A, HTR7",,,Phase 3
paricalcitol,vitamin D receptor agonist,VDR,"nephrology, endocrinology","chronic kidney disease (CKD), hyperthyroidism",Launched
parthenolide,NFkB pathway inhibitor,,,,Phase 1
parthenolide-(-),NFkB pathway inhibitor,HDAC1,,,Preclinical
pazopanib,"KIT inhibitor, PDGFR tyrosine kinase receptor inhibitor, VEGFR inhibitor","CSF1R, FGF1, FGFR1, FGFR3, FLT1, FLT4, ITK, KDR, KIT, PDGFRA, PDGFRB, SH2B3",oncology,"renal cell carcinoma (RCC), soft tissue sarcoma (STS)",Launched
pelitinib,EGFR inhibitor,EGFR,,,Phase 2
penfluridol,T-type calcium channel blocker,CACNA1G,neurology/psychiatry,schizophrenia,Launched
penicillamine-(D),chelating agent,,"metabolism, rheumatology, nephrology","Wilson's disease, rheumatoid arthritis, cystinuria",Launched
pentagastrin,CCK receptor agonist,CCKBR,gastroenterology,"anacidity diagnostic, gastric hypersecretion diagnostic, anacidity diagnostic, gastric hypersecretion diagnostic",Launched
pentamidine,anti-pneumocystis agent,TRDMT1,infectious disease,pneumonia,Launched
pentostatin,"adenosine deaminase inhibitor, ribonucleotide reductase inhibitor",ADA,hematologic malignancy,hairy cell leukemia,Launched
pepstatin,aspartic protease inhibitor,"CTSB, CTSD, CTSL, REN",,,Preclinical
peruvoside,cardiac glycoside,,,,Phase 1
pevonedistat,nedd activating enzyme inhibitor,"NAE1, UBA3",,,Phase 2
phenazone,cyclooxygenase inhibitor,"PTGS1, PTGS2",neurology/psychiatry,pain relief,Launched
phenelzine,monoamine oxidase inhibitor,"ABAT, AOC3, GAD2, GPT, GPT2, MAOA, MAOB, SLC6A2, SLC6A3, SLC6A4",neurology/psychiatry,depression,Launched
pheniramine,histamine receptor antagonist,HRH1,allergy,"allergic rhinitis, urticaria",Launched
phenylbutazone,"cyclooxygenase inhibitor, prostanoid receptor antagonist","PTGIS, PTGS1, PTGS2",,,Withdrawn
phenylmercuric-acetate,other antifungal,,,,Preclinical
phlorizin,sodium/glucose cotransporter inhibitor,"SLC5A1, SLC5A11, SLC5A2, SLC5A3",,,Preclinical
pibenzimol,DNA inhibitor,,,,Phase 2
picolinic-acid,chelating agent,,,,Phase 2
pilaralisib,PI3K inhibitor,,,,Phase 2
pilocarpine,acetylcholine receptor agonist,"CHRM1, CHRM2, CHRM3, CHRM4, CHRM5","ophthalmology, cardiology","glaucoma, hypertension",Launched
pindolol,adrenergic receptor antagonist,"ADRB1, ADRB2, HTR1A, HTR1B, HTR2A, HTR2B",cardiology,hypertension,Launched
piperacetazine,dopamine receptor antagonist,,neurology/psychiatry,schizophrenia,Launched
piperazine,benzodiazepine receptor agonist,GABRB3,infectious disease,gastrointestinal roundworms,Launched
piperine,monoamine oxidase inhibitor,"MAOA, MAOB, TRPV1",,,Phase 1
pirenperone,serotonin receptor antagonist,"HTR2A, HTR7",,,Preclinical
piretanide,glucocorticoid receptor agonist,"SLC12A1, SLC12A2",cardiology,"hypertension, edema",Launched
piroxicam,cyclooxygenase inhibitor,"PTGS1, PTGS2",rheumatology,"osteoarthritis, rheumatoid arthritis",Launched
pitavastatin,HMGCR inhibitor,HMGCR,endocrinology,hyperlipidemia,Launched
plinabulin,tubulin polymerization inhibitor,,,,Phase 3
podophyllotoxin,"microtubule inhibitor, tubulin polymerization inhibitor","IGF1R, TOP2A, TUBA4A, TUBB",infectious disease,genital warts,Launched
polydatin,ICAM1 expression inhibitor,ICAM1,,,Phase 2
pomalidomide,"angiogenesis inhibitor, tumor necrosis factor production inhibitor","CRBN, PTGS2, TNF",hematologic malignancy,multiple myeloma,Launched
ponatinib,"Bcr-Abl kinase inhibitor, FLT3 inhibitor, PDGFR tyrosine kinase receptor inhibitor","ABL1, BCR, FGFR1, FGFR2, FGFR3, FGFR4, FLT3, KDR, KIT, LCK, LYN, PDGFRA, RET, SRC, TEK",hematologic malignancy,"chronic myeloid leukemia (CML), acute lymphoblastic leukemia (ALL)",Launched
posaconazole,sterol demethylase inhibitor,CYP3A4,infectious disease,oropharyngeal candidiasis,Launched
poziotinib,EGFR inhibitor,"EGFR, ERBB2, ERBB4",,,Phase 2
practolol,adrenergic receptor antagonist,ADRB1,,,Withdrawn
pralatrexate,dihydrofolate reductase inhibitor,"DHFR, TYMS",hematologic malignancy,peripheral T-cell lymphoma (PTCL),Launched
pranidipine,calcium channel blocker,CACNA1C,,,Phase 2
prazosin,adrenergic receptor antagonist,"ADRA1A, ADRA1B, ADRA1D, ADRA2A, ADRA2B, ADRA2C, KCNH2, KCNH6, KCNH7",cardiology,hypertension,Launched
prednisolone,glucocorticoid receptor agonist,"NR3C1, NR3C2, SERPINA6","ophthalmology, dermatology, infectious disease","conjunctivitis, rosacea, punctate keratitis, shingles, iritis, cyclitis",Launched
prednisolone-acetate,glucocorticoid receptor agonist,NR3C1,"ophthalmology, dermatology, infectious disease","conjunctivitis, rosacea, punctate keratitis, shingles, iritis, cyclitis",Launched
prednisolone-hemisuccinate,glucocorticoid receptor agonist,NR3C1,,,Preclinical
prednisolone-tebutate,anti-inflammatory agent,,,,Launched
primaquine,"antimalarial agent, DNA inhibitor","KRT7, NQO2",infectious disease,malaria,Launched
proflavine-hemisulfate,topical anesthetic,F2,,,Phase 2
propoxycaine,local anesthetic,,neurology/psychiatry,anesthetic,Launched
propranolol,adrenergic receptor antagonist,,"cardiology, neurology/psychiatry","hypertension, angina pectoris, migraine headache",Launched
proscillaridin-a,,,cardiology,"congestive heart failure, cardiac arrythmia",Launched
protirelin,thyrotropin releasing hormone receptor agonist,TRHR,radiology,thyroid function diagnostic,Launched
pterostilbene,"cyclooxygenase inhibitor, PPAR receptor agonist",PTGS2,,,Phase 2/Phase 3
puromycin,protein synthesis inhibitor,"NHP2L1, RPL10L, RPL11, RPL13A, RPL15, RPL19, RPL23, RPL23A, RPL26L1, RPL3, RPL37, RPL8, RSL24D1",,,Preclinical
pyrimethamine,dihydrofolate reductase inhibitor,"DHFR, SLC47A1",infectious disease,malaria,Launched
pyrithione-zinc,ATP synthase inhibitor,"KCNQ1, KCNQ2, KCNQ4, KCNQ5",dermatology,dandruff,Launched
pyritinol,,,"rheumatology, neurology/psychiatry","rheumatoid arthritis, senile dementia",Launched
pyroxamide,HDAC inhibitor,HDAC1,,,Phase 1
quinethazone,thiazide diuretic,"CA1, CA2, SLC12A1, SLC12A2, SLC12A3",cardiology,hypertension,Launched
quinidine,sodium channel blocker,"KCNA5, KCNA7, KCNH1, KCNH2, KCNH5, KCNK1, KCNK6, SCN5A, SLC29A4","infectious disease, cardiology","malaria, atrial fibrillation (AF), ventricular arrhythmias",Launched
quizartinib,FLT3 inhibitor,"CSF1R, FLT3, KIT, PDGFRA, PDGFRB, RET",,,Phase 3
rabeprazole,"ATPase inhibitor, gastrin inhibitor",ATP4A,gastroenterology,"gastroesophageal reflux disease (GERD), duodenal ulcer disease, Zollinger-Ellison syndrome",Launched
racecadotril,enkephalinase inhibitor,MME,gastroenterology,diarrhea,Launched
raclopride,dopamine receptor antagonist,"DRD2, DRD3, HTR1A",,,Launched
radezolid,"bacterial 30S ribosomal subunit inhibitor, bacterial 50S ribosomal subunit inhibitor",,,,Phase 2
raloxifene,"estrogen receptor antagonist, selective estrogen receptor modulator (SERM)","ESR1, ESR2","orthopedics, oncology","osteoporosis, breast cancer",Launched
raltitrexed,thymidylate synthase inhibitor,"FPGS, TYMS",oncology,mesothelioma,Launched
ramatroban,prostanoid receptor antagonist,"PTGDR2, TBXA2R","cardiology, pulmonary","coronary artery disease (CAD), asthma",Launched
ramifenazone,cyclooxygenase inhibitor,,"neurology/psychiatry, endocrinology","pain relief, fever",Launched
ranitidine,histamine receptor antagonist,HRH2,gastroenterology,heartburn,Launched
refametinib,MEK inhibitor,"MAP2K1, MAP2K2",,,Phase 2
regorafenib,"FGFR inhibitor, KIT inhibitor, PDGFR tyrosine kinase receptor inhibitor, RAF inhibitor, RET tyrosine kinase inhibitor, VEGFR inhibitor","ABL1, BRAF, DDR2, EPHA2, FGFR1, FGFR2, FLT1, FLT4, FRK, KDR, KIT, MAPK11, NTRK1, PDGFRA, PDGFRB, RAF1, RET, TEK",oncology,"colorectal cancer, gastrointestinal stromal tumors (GIST)",Launched
remoxipride,dopamine receptor antagonist,"DRD2, DRD3, DRD4, HTR2A, SIGMAR1",,,Withdrawn
repaglinide,insulin secretagogue,"ABCC8, KCNJ11, PPARG",endocrinology,diabetes mellitus,Launched
repsox,TGF beta receptor inhibitor,TGFBR1,,,Preclinical
resatorvid,toll-like receptor antagonist,TLR4,,,Phase 3
resiquimod,toll-like receptor agonist,"TLR7, TLR8",,,Phase 3
resminostat,HDAC inhibitor,"HDAC1, HDAC3, HDAC6, HDAC8",,,Phase 2
rheochrysidin,protein tyrosine kinase inhibitor,PTPN1,,,Preclinical
ribavirin,antiviral,"ADK, ENPP1, IMPDH1, IMPDH2, NT5C2",infectious disease,hepatitis C,Launched
ribitol,,,,,Preclinical
ribociclib,CDK inhibitor,"CDK4, CDK6",oncology,breast cancer,Launched
riboflavin,vitamin B2,"BLVRB, RFK",gastroenterology,jaundice,Launched
rifampin,RNA polymerase inhibitor,"NR1I2, SLCO1A2, SLCO1B1, SLCO1B3",infectious disease,"tuberculosis, meningitis",Launched
rigosertib,"cell cycle inhibitor, PLK inhibitor",PLK1,,,Phase 3
riluzole,glutamate inhibitor,"KCNK10, KCNK2, KCNK4, KCNN4, SCN10A, SCN11A, SCN1A, SCN2A, SCN3A, SCN4A, SCN5A, SCN7A, SCN8A, SCN9A, SLC7A11",neurology/psychiatry,amyotrophic lateral sclerosis (ALS),Launched
rimexolone,glucocorticoid receptor agonist,"NR3C1, SERPINA6",ophthalmology,anterior uveitis,Launched
riociguat,guanylate cyclase stimulant,"GUCY1A2, GUCY1A3, GUCY1B2, GUCY1B3",cardiology,hypertension,Launched
ritodrine,adrenergic receptor agonist,ADRB2,obstetrics/gynecology,premature labor,Launched
rociletinib,EGFR inhibitor,EGFR,,,Phase 3
romidepsin,HDAC inhibitor,"HDAC1, HDAC2, HDAC3, HDAC4, HDAC5, HDAC6, HDAC7, HDAC8, HDAC9",hematologic malignancy,cutaneous T-cell lymphoma (CTCL),Launched
roquinimex,"angiogenesis inhibitor, tumor necrosis factor production inhibitor",,,,Phase 3
rubitecan,topoisomerase inhibitor,TOP1,,,Phase 3
rucinol,tyrosinase inhibitor,TYR,,,Phase 1
rutin,"antioxidant, capillary stabilizing agent, nitric oxide scavenger",AKR1C3,"rheumatology, otolaryngology, gastroenterology, neurology/psychiatry, allergy","joint pain, nasal congestion, constipation, irritability, allergic rhinitis",Launched
ruxolitinib,JAK inhibitor,"JAK1, JAK2, JAK3, TYK2","hematologic malignancy, hematology","myelofibrosis, polycythemia vera",Launched
ryuvidine,histone lysine methyltransferase inhibitor,"CDK2, CDK4",,,Preclinical
salidroside,beta amyloid protein neurotoxicity inhibitor,APP,,,Preclinical
salinomycin,,,infectious disease,coccidiosis,Launched
salvianolic-acid-B,"metalloproteinase inhibitor, EGFR inhibitor",MMP9,,,Phase 2
salvinorin-a,opioid receptor agonist,"OPRD1, OPRK1, OPRM1",,,Phase 1
sangivamycin,DNA inhibitor,,,,Phase 1
saracatinib,src inhibitor,"ABL1, LCK, SRC, YES1",,,Phase 2/Phase 3
sarafloxacin,bacterial DNA gyrase inhibitor,,,,Launched
satraplatin,DNA alkylating agent,,,,Phase 3
saxagliptin,dipeptidyl peptidase inhibitor,DPP4,endocrinology,diabetes mellitus,Launched
sclareol,,,,,Preclinical
scriptaid,HDAC inhibitor,"HDAC1, HDAC2, HDAC3, HDAC4, HDAC5, HDAC6, HDAC7, HDAC8, HDAC9",,,Preclinical
se-methylselenocysteine,,,,,Phase 2
secnidazole,"acetylcholinesterase inhibitor, microtubule inhibitor",,infectious disease,protozoan infection,Launched
securinine,"GABA receptor antagonist, TP53 activator",GABRA1,,,Preclinical
selamectin,nematocide,,infectious disease,flea control,Launched
selinexor,exportin antagonist,XPO1,,,Phase 2/Phase 3
selumetinib,MEK inhibitor,MAP2K1,,,Phase 3
semaxanib,VEGFR inhibitor,"FGFR1, FLT1, KDR, KIT, PDGFRA, PDGFRB, RET",,,Phase 3
serdemetan,MDM inhibitor,MDM2,,,Phase 1
sertindole,"dopamine receptor antagonist, serotonin receptor antagonist","ADRA1A, ADRA1B, ADRA1D, DRD2, DRD3, DRD4, HRH1, HTR1A, HTR1B, HTR1D, HTR1E, HTR1F, HTR2A, HTR2C, HTR6, KCNH2",,,Withdrawn
sevelamer,phosphate antagonist,,nephrology,chronic kidney disease (CKD),Launched
sevoflurane,membrane integrity inhibitor,"ATP2C1, ATP5D, GABRA1, GABRA2, GABRA3, GABRA4, GABRA5, GABRA6, GABRB1, GABRB2, GABRB3, GABRD, GABRE, GABRG1, GABRG2, GABRG3, GABRP, GABRQ, GLRA1, GLRB, GRIA1, KCNA1, KCNK10, KCNK18, KCNK2, KCNK3, KCNK9, MT-ND1",neurology/psychiatry,anesthetic,Launched
simvastatin,HMGCR inhibitor,"HMGCR, ITGB2","endocrinology, cardiology, neurology/psychiatry","hypercholesterolemia, coronary heart disease, myocardial infarction, stroke, hyperlipidemia",Launched
sirolimus,mTOR inhibitor,"FGF2, FKBP1A, MTOR","transplant, pulmonary","organ rejection, lymphangioleiomyomatosis",Launched
skepinone-l,p38 MAPK inhibitor,MAPK14,,,Preclinical
sobetirome,thyroid hormone receptor agonist,"THRA, THRB",,,Phase 1
sodium-glucoheptonate,,,,,Launched
sodium-stibogluconate,tyrosine phosphatase inhibitor,"PTPN6, TOP1",infectious disease,leishmaniasis,Launched
sodium-tanshinone-ii-a-sulfonate,potassium channel activator,,,,Phase 2
sonidegib,smoothened receptor antagonist,SMO,oncology,basal cell carcinoma (BCC),Launched
sorafenib,"FLT3 inhibitor, KIT inhibitor, PDGFR tyrosine kinase receptor inhibitor, RAF inhibitor, RET tyrosine kinase inhibitor, VEGFR inhibitor","BRAF, DDR2, FGFR1, FLT1, FLT3, FLT4, KDR, KIT, PDGFRB, RAF1, RET",oncology,"renal cell carcinoma (RCC), thyroid cancer, hepatocellular carcinoma (HCC)",Launched
sparfloxacin,bacterial DNA gyrase inhibitor,TOP2A,,,Withdrawn
spermidine,glutamate receptor modulator,"KCNJ4, TXNRD1",,,Preclinical
spermine,,"CA14, CA4, CA6, CA9, CASR, GRIN1, GRIN2A, KCNJ4, ODC1, SMOX, SMS, TRPM4, TRPM5",,,Preclinical
spiradoline,opioid receptor agonist,OPRK1,,,Phase 2
spironolactone,mineralocorticoid receptor antagonist,"AR, CACNA1A, CACNA1B, CACNA1C, CACNA1D, CACNA1F, CACNA1G, CACNA1H, CACNA1I, CACNA1S, CACNA2D1, CACNA2D2, CACNA2D3, CACNB1, CACNB2, CACNB3, CACNB4, CACNG1, CYP11B2, NR3C1, NR3C2, PGR, SHBG","endocrinology, cardiology, gastroenterology, rheumatology","hyperaldosteronism, congestive heart failure, hepatic cirrhosis, nephrotic syndrome, hypertension, hypokalemia",Launched
stattic,,,,,Preclinical
stemregenin-1,aryl hydrocarbon receptor antagonist,AHR,,,Preclinical
streptozotocin,DNA alkylating agent,SLC2A2,oncology,pancreatic cancer,Launched
sufentanil,opioid receptor modulator,"OPRD1, OPRK1, OPRM1",neurology/psychiatry,anesthetic,Launched
sulconazole,sterol demethylase inhibitor,,infectious disease,"tinea pedis, tinea cruris, tinea corporis",Launched
sulfabenzamide,bacterial antifolate,,,,Launched
sulfamethazine,PABA antagonist,,gastroenterology,"enteritis, enteritis",Launched
sulfanilamide,carbonic anhydrase inhibitor,"CYP2C19, CYP2C9, CYP2D6, CYP2E1, CYP3A4",infectious disease,vulvovaginal candidiasis,Launched
sulfasalazine,cyclooxygenase inhibitor,"ACAT1, ALOX5, CHUK, IKBKB, PLA2G1B, PPARG, PTGS1, PTGS2, SLC46A1, SLC7A11, TBXAS1",gastroenterology,ulcerative colitis,Launched
sulmazole,adenosine receptor antagonist,,,,Phase 1
sunitinib,"FLT3 inhibitor, KIT inhibitor, PDGFR tyrosine kinase receptor inhibitor, RET tyrosine kinase inhibitor, VEGFR inhibitor","CSF1R, FGFR1, FLT1, FLT3, FLT4, KDR, KIT, PDGFRA, PDGFRB, RET",oncology,"gastrointestinal stromal tumors (GIST), renal cell carcinoma (RCC), neuroendocrine tumors of pancreatic origin (PNET)",Launched
suxibuzone,cyclooxygenase inhibitor,,"rheumatology, neurology/psychiatry","joint pain, muscle pain",Launched
tacalcitol,vitamin D receptor agonist,VDR,dermatology,"psoriasis, chapped lips",Launched
tacedinaline,HDAC inhibitor,HDAC1,,,Phase 3
tacrolimus,calcineurin inhibitor,FKBP1A,transplant,organ rejection,Launched
tagatose,phosphorylase inhibitor,PYGL,,,Phase 3
talazoparib,PARP inhibitor,PARP2,,,Phase 3
talmapimod,p38 MAPK inhibitor,"MAPK11, MAPK14",,,Phase 2
taltirelin,thyrotropin releasing hormone receptor agonist,TRHR,neurology/psychiatry,spinocerebellar ataxia,Launched
taltobulin,tubulin polymerization inhibitor,,,,Phase 1
tamibarotene,retinoid receptor agonist,"RARA, RARB",hematologic malignancy,acute promyelocytic leukemia (APL),Launched
tamoxifen,"estrogen receptor antagonist, selective estrogen receptor modulator (SERM)","EBP, ESR1, ESR2, GPER1, PRKCA, PRKCB, PRKCD, PRKCE, PRKCG, PRKCI, PRKCQ, PRKCZ",oncology,breast cancer,Launched
tanaproget,progesterone receptor agonist,PGR,,,Phase 2
tandutinib,"FLT3 inhibitor, KIT inhibitor, PDGFR tyrosine kinase receptor inhibitor","CSF1R, FLT3, KIT, PDGFD, PDGFRB",,,Phase 2
tanespimycin,HSP inhibitor,HSP90AA1,,,Phase 3
tanshinone-i,AP inhibitor,IFNG,,,Phase 2
taselisib,PI3K inhibitor,PIK3CA,,,Phase 3
tasisulam,apoptosis stimulant,,,,Phase 3
taurine,antioxidant,,neurology/psychiatry,"anxiety, irritability, sleeplessness",Launched
tazemetostat,histone lysine methyltransferase inhibitor,EZH2,,,Phase 2
tecastemizole,histamine receptor antagonist,KCNH2,,,Phase 3
tedizolid,bacterial 50S ribosomal subunit inhibitor,,infectious disease,skin infections,Launched
tedizolid-phosphate,protein synthesis inhibitor,,infectious disease,skin infections,Launched
telatinib,"KIT inhibitor, PDGFR tyrosine kinase receptor inhibitor, VEGFR inhibitor",KDR,,,Phase 2
telotristat-ethyl,tryptophan hydroxylase inhibitor,TPH1,gastroenterology,diarrhea,Launched
temazepam,benzodiazepine receptor agonist,"GABRA1, GABRA2, GABRA3, GABRA4, GABRA5, GABRA6, GABRB1, GABRB2, GABRB3, GABRD, GABRE, GABRG1, GABRG2, GABRG3, GABRP, GABRQ, GABRR1, GABRR2, GABRR3, TSPO",,,Withdrawn
temocapril,angiotensin converting enzyme inhibitor,ACE,"cardiology, nephrology","hypertension, congestive heart failure, diabetic nephropathy, coronary artery disease (CAD)",Launched
temoporfin,radical formation stimulant,,oncology,head and neck squamous cell carcinoma (HNSCC),Launched
temozolomide,DNA alkylating agent,MGMT,oncology,"glioblastoma, astrocytoma",Launched
temsirolimus,mTOR inhibitor,MTOR,oncology,renal cell carcinoma (RCC),Launched
teniposide,topoisomerase inhibitor,"TOP2A, TOP2B",hematologic malignancy,acute lymphoblastic leukemia (ALL),Launched
tenovin-6,SIRT inhibitor,"SIRT1, SIRT2, SIRT3",,,Preclinical
tepoxalin,"cyclooxygenase inhibitor, lipoxygenase inhibitor",ALOX5,"rheumatology, orthopedics","rheumatoid arthritis, hip dysplasia",Launched
teprenone,mucus protecting agent,,dermatology,cosmetic,Launched
terbutaline,adrenergic receptor agonist,ADRB2,pulmonary,"bronchospasm, bronchitis, emphysema",Launched
terconazole,sterol demethylase inhibitor,,infectious disease,vulvovaginal candidiasis,Launched
terfenadine,histamine receptor antagonist,"CHRM1, CHRM2, CHRM3, CHRM4, CHRM5, HRH1, KCNH1, KCNH2",,,Withdrawn
teriflunomide,dihydroorotate dehydrogenase inhibitor,DHODH,neurology/psychiatry,multiple sclerosis,Launched
teroxirone,DNA inhibitor,,,,Phase 1
tetrahydropapaverine,,,,,Preclinical
tetrahydrouridine,cytidine deaminase inhibitor,CDA,,,Phase 2
tetramethylthiuram-monosulfide,,,,,Preclinical
tetrandrine,calcium channel blocker,SLC6A3,,,Preclinical
tezacaftor,CFTR channel agonist,,pulmonary,cystic fibrosis,Launched
theophylline,adenosine receptor antagonist,,pulmonary,"asthma, emphysema, bronchitis",Launched
thiamine,vitamin B,"SLC19A2, SLC19A3, TPK1",metabolism,thiamine deficiency,Launched
thiocolchicoside,GABA receptor antagonist,"GABRA1, GABRB2, GABRG2, GLRA1, GLRB",neurology/psychiatry,muscle relaxant,Launched
thioguanine,purine antagonist,"IMPDH1, IMPDH2",hematologic malignancy,acute myeloid leukemia (AML),Launched
thiomersal,other antibiotic,OXCT1,,,Launched
thioproperazine,dopamine receptor antagonist,"ADRA1A, ADRA1B, DRD1, DRD2, HTR1A, HTR2A",neurology/psychiatry,schizophrenia,Launched
thiostrepton,"FOXM1 inhibitor, protein synthesis inhibitor",FOXM1,obstetrics/gynecology,mastitis,Launched
thiram,,JAK2,ophthalmology,contact dermatitis,Launched
thonzonium,ATPase inhibitor,,,,Launched
tiagabine,GABA uptake inhibitor,SLC6A1,neurology/psychiatry,seizures,Launched
tideglusib,glycogen synthase kinase inhibitor,GSK3B,,,Phase 2
tiletamine,glutamate receptor antagonist,,neurology/psychiatry,anesthetic,Launched
tilmicosin,bacterial 50S ribosomal subunit inhibitor,,pulmonary,bovine respiratory disease (BRD),Launched
tiludronate,"bone resorption inhibitor, osteoclast inhibitor","ATP6V1A, MMP2, PTPN1",orthopedics,navicular syndrome,Launched
tioguanine,purine antagonist,,,,Phase 2
tiotidine,histamine receptor antagonist,HRH2,,,Phase 2
tioxolone,carbonic anhydrase inhibitor,CA2,,,Preclinical
tipifarnib,farnesyltransferase inhibitor,"FNTA, FNTB",,,Phase 3
tipiracil,thymidine phosphorylase inhibitor,TYMP,oncology,colorectal cancer,Launched
tipranavir,HIV protease inhibitor,,infectious disease,human immunodeficiency virus (HIV-1),Launched
tirapazamine,DNA inhibitor,,,,Phase 3
tivantinib,tyrosine kinase inhibitor,MET,,,Phase 3
tivozanib,VEGFR inhibitor,"FLT1, FLT4, KDR, KIT, PDGFRA, PDGFRB",,,Phase 3
tofogliflozin,sodium/glucose cotransporter inhibitor,GCK,endocrinology,"diabetes mellitus, diabetes mellitus",Launched
topotecan,topoisomerase inhibitor,"TOP1, TOP1MT",oncology,"small cell lung cancer, cervical cancer",Launched
torasemide,"electrolyte reabsorption inhibitor, thromboxane receptor antagonist",SLC12A1,cardiology,"edema, congestive heart failure, hypertension",Launched
torcetrapib,cholesteryl ester transfer protein inhibitor,CETP,,,Phase 3
toremifene,"estrogen receptor antagonist, selective estrogen receptor modulator (SERM)",ESR1,oncology,breast cancer,Launched
torin-1,mTOR inhibitor,MTOR,,,Preclinical
torin-2,mTOR inhibitor,MTOR,,,Preclinical
tosedostat,peptidase inhibitor,"ANPEP, LAP3, NPEPPS",,,Phase 2
tozasertib,"Aurora kinase inhibitor, Bcr-Abl kinase inhibitor, FLT3 inhibitor, JAK inhibitor","AURKA, AURKB, AURKC, LCK",,,Phase 2
trametinib,MEK inhibitor,"MAP2K1, MAP2K2",oncology,melanoma,Launched
tranilast,angiogenesis inhibitor,"HPGDS, HRH1",pulmonary,asthma,Launched
trans-4-Hydroxycrotonic-acid,gamma hydroxybutyric acid ligand,,,,Preclinical
trapidil,PDGFR tyrosine kinase receptor inhibitor,PDGFRA,cardiology,coronary artery disease (CAD),Launched
tremorine,acetylcholine receptor agonist,,,,Preclinical
trequinsin,phosphodiesterase inhibitor,PDE5A,,,Phase 1
triamcinolone,glucocorticoid receptor agonist,"NR3C1, SERPINA6",dermatology,corticosteroid-responsive dermatoses,Launched
triamcinolone-acetonide,"glucocorticoid receptor agonist, immunosuppressant",NR3C1,dermatology,corticosteroid-responsive dermatoses,Launched
triamterene,sodium channel blocker,"SCNN1A, SCNN1B, SCNN1D, SCNN1G","endocrinology, cardiology","hypokalemia, hypertension, edema",Launched
triapine,ribonucleotide reductase inhibitor,"RRM1, RRM2",,,Phase 2
trichostatin-a,HDAC inhibitor,"HDAC1, HDAC10, HDAC2, HDAC3, HDAC4, HDAC5, HDAC6, HDAC7, HDAC8, HDAC9",,,Preclinical
triciribine,AKT inhibitor,"AKT1, AKT2, AKT3",,,Phase 1/Phase 2
triclabendazole,microtubule inhibitor,DNMT1,infectious disease,tapeworm,Launched
trifluridine,"DNA directed DNA polymerase inhibitor, thymidylate synthase inhibitor",TYMS,infectious disease,virus herpes simplex (HSV),Launched
trimebutine,opioid receptor agonist,"OPRD1, OPRK1, OPRM1",gastroenterology,irritable bowel syndrome,Launched
triptolide,RNA polymerase inhibitor,RELA,,,Phase 3
trolox,antioxidant,,,,Launched
trometamol,,"AMD1, CANT1, DCN, NEIL1, VEGFA",,,Launched
tropisetron,serotonin receptor antagonist,"GLRA1, GLRA2, GLRB, HTR3A, HTR4",gastroenterology,"nausea, vomiting, nausea, vomiting",Launched
trovafloxacin,bacterial DNA gyrase inhibitor,TOP2A,,,Withdrawn
tryptanthrin,cyclooxygenase inhibitor,IDO1,,,Preclinical
tucatinib,EGFR inhibitor,ERBB2,,,Phase 2
tyloxapol,NFkB pathway inhibitor,"LPL, NFKB2",,,Launched
tyrphostin-A9,"protein tyrosine kinase inhibitor, tyrosine kinase inhibitor",,,,Preclinical
tyrphostin-AG-1296,FLT3 inhibitor,FLT3,,,Preclinical
tyrphostin-AG-1478,EGFR inhibitor,"EGFR, MAPK14",,,Preclinical
tyrphostin-AG-494,EGFR inhibitor,EGFR,,,Preclinical
tyrphostin-AG-99,tyrosine kinase inhibitor,EGFR,,,Preclinical
ubenimex,leukotriene synthesis inhibitor,"LTA4H, RNPEP",hematologic malignancy,acute myeloid leukemia (AML),Launched
ulipristal,progesterone receptor antagonist,PGR,endocrinology,contraceptive,Launched
uprosertib,AKT inhibitor,"AKT1, AKT2, AKT3",,,Phase 2
uracil,,"DPYD, UCKL1",,,Launched
uric-acid,,PYGL,,,Phase 3
uridine,dopamine receptor agonist,"LSM6, TYMP",,,Phase 2
usniacin-(+),MAP kinase activator,PTPN1,,,Preclinical
valnemulin,bacterial 50S ribosomal subunit inhibitor,,"infectious disease, gastroenterology","dysentry, colitis, pneumonia",Launched
valrubicin,"DNA inhibitor, topoisomerase inhibitor",TOP2A,oncology,bladder cancer,Launched
vandetanib,"EGFR inhibitor, RET tyrosine kinase inhibitor, VEGFR inhibitor","EGFR, EPHA1, EPHA10, EPHA2, EPHA3, EPHA4, EPHA5, EPHA6, EPHA7, EPHA8, EPHB1, EPHB2, EPHB3, EPHB4, EPHB6, ERBB2, ERBB3, ERBB4, FLT1, FLT4, KDR, PTK6, RET, SRC, TEK, VEGFA",oncology,medullary thyroid cancer (MTC),Launched
vanoxerine,dopamine uptake inhibitor,SLC6A3,,,Phase 3
vatalanib,"KIT inhibitor, PDGFR tyrosine kinase receptor inhibitor, VEGFR inhibitor","EGFR, FLT1, FLT4, KDR, PDGFRB",,,Phase 3
vemurafenib,RAF inhibitor,"BRAF, RAF1",oncology,melanoma,Launched
venetoclax,BCL inhibitor,BCL2,hematologic malignancy,chronic lymphocytic leukemia (CLL),Launched
verubulin,tubulin polymerization inhibitor,TUBB,,,Phase 2
vidarabine,antiviral,ADA,infectious disease,"virus herpes simplex (HSV), varicella-zoster virus (VZV)",Launched
vinblastine,"microtubule inhibitor, tubulin polymerization inhibitor","JUN, TUBA1A, TUBB, TUBD1, TUBE1, TUBG1","hematologic malignancy, infectious disease, oncology","Hodgkin's lymphoma, true histiocytic lymphoma (THL), mycosis, small lymphocytic lymphoma (SLL), testicular carcinoma, Kaposi sarcoma",Launched
vincamine,adrenergic receptor antagonist,"CHRM1, CHRM2, CHRM3, CHRM4",,,Withdrawn
vincristine,tubulin polymerization inhibitor,"TUBA4A, TUBB",hematologic malignancy,acute lymphoblastic leukemia (ALL),Launched
vindesine,tubulin polymerization inhibitor,"TUBB, TUBB1",oncology,"breast cancer, non-small cell lung cancer (NSCLC), melanoma",Launched
vinflunine,microtubule inhibitor,,oncology,bladder cancer,Launched
vinorelbine,tubulin polymerization inhibitor,"TUBA1A, TUBA1B, TUBA1C, TUBA3C, TUBA3D, TUBA3E, TUBA4A, TUBB, TUBB1, TUBB2A, TUBB2B, TUBB3, TUBB4A, TUBB4B, TUBB6, TUBB8",oncology,non-small cell lung cancer (NSCLC),Launched
vismodegib,"hedgehog pathway inhibitor, smoothened receptor antagonist",SMO,oncology,basal cell carcinoma (BCC),Launched
volasertib,PLK inhibitor,PLK1,,,Phase 3
voreloxin,topoisomerase inhibitor,TOP2A,,,Phase 3
vorinostat,HDAC inhibitor,"HDAC1, HDAC10, HDAC11, HDAC2, HDAC3, HDAC5, HDAC6, HDAC8, HDAC9",hematologic malignancy,cutaneous T-cell lymphoma (CTCL),Launched
voxtalisib,"mTOR inhibitor, PI3K inhibitor","MTOR, PIK3CA",,,Phase 2
warfarin,vitamin K antagonist,VKORC1,"hematology, cardiology","deep vein thrombosis (DVT), pulmonary embolism (PE), atrial fibrillation (AF), myocardial infarction",Launched
xanomeline,acetylcholine receptor agonist,"CHRM1, CHRM2, CHRM3, CHRM4, CHRM5, HTR1A, HTR1B, HTR1D, HTR1E, HTR1F, HTR2A, HTR2B, HTR2C, HTR6, HTR7",,,Phase 3
xilobam,,,,,Phase 1
xylazine,adrenergic receptor agonist,"ADRA2A, ADRA2B, ADRA2C",neurology/psychiatry,anesthetic,Launched
zaldaride,calmodulin antagonist,CALM1,,,Phase 3
zaleplon,benzodiazepine receptor agonist,"GABRA1, GABRB1, GABRG2, TSPO",neurology/psychiatry,insomnia,Launched
zardaverine,phosphodiesterase inhibitor,PDE4D,,,Phase 2
ziprasidone,"dopamine receptor antagonist, serotonin receptor antagonist","ADRA1A, ADRA1B, ADRA2A, ADRA2B, ADRA2C, CHRM1, CHRM2, CHRM3, CHRM4, CHRM5, DRD1, DRD2, DRD3, DRD4, DRD5, HRH1, HTR1A, HTR1B, HTR1D, HTR1E, HTR2A, HTR2C, HTR3A, HTR6, HTR7, SLC6A4",neurology/psychiatry,"schizophrenia, bipolar disorder",Launched
zolantidine,histamine receptor antagonist,,,,Preclinical
zolmitriptan,serotonin receptor agonist,"HTR1A, HTR1B, HTR1D, HTR1E, HTR1F",neurology/psychiatry,migraine headache,Launched
