drug,primary_mean_auc,metastasis_mean_auc,delta_auc,pvalue
plinabulin,0.8097677563021819,0.7571003268318245,-0.05266742947035741,1.6352625333288126e-11
bibx-1382,1.8682066756333418,1.7535002461449376,-0.11470642948840415,2.433548775584439e-11
eltrombopag,0.8425494459653566,0.7182890704317231,-0.12426037553363356,5.727430937804016e-11
meloxicam,0.1332151335353483,-0.05204210761775092,-0.18525724115309922,6.595532313110692e-11
fg-4592,0.5936312918428647,0.4685300434454283,-0.12510124839743636,3.351367510524279e-10
kifunensine,-0.4063593027415335,-0.5771183136820885,-0.17075901094055507,3.4670398828804197e-10
tepoxalin,1.0570110698664927,0.9748554694060722,-0.08215560046042059,5.376024806550249e-10
gsk-j4,0.6987965959994411,0.6308559495028586,-0.06794064649658249,8.026698981748316e-10
orotic-acid,1.2668612583673122,1.137680103053864,-0.12918115531344831,8.297867439302179e-10
fph1-(brd-6125),0.930540509218795,0.8376851832425711,-0.09285532597622392,9.166091088088901e-10
gsk1070916,0.20518269894523627,0.1239657464602375,-0.08121695248499877,1.2748979731339974e-09
epothilone-a,0.5127102690576488,0.45810609706891237,-0.05460417198873646,1.2748979731339974e-09
gzd824,0.15628515724568942,0.04015876690814159,-0.11612639033754783,1.5519703905012285e-09
bvd-523,0.5257816378505127,0.4208839983453885,-0.10489763950512421,1.7684224001254338e-09
rimexolone,0.9783478724441884,0.7988098039879565,-0.17953806845623188,2.609521076110881e-09
azd1480,0.8704610211042861,0.7908675569570881,-0.07959346414719803,2.783287663698077e-09
primaquine,0.9058753587539147,0.7725992869500887,-0.13327607180382595,3.5981181902961153e-09
uridine,0.7657398610527472,0.6502332050742946,-0.11550665597845255,4.088378101148736e-09
ym-201636,1.2895530309780563,1.1324555569534638,-0.1570974740245925,4.220758293923648e-09
uk-383367,1.3277734032267714,1.2292263852881313,-0.09854701793864007,4.35730661505253e-09
pha-848125,0.6471773502693189,0.5936061559165794,-0.05357119435273949,6.1736801755618655e-09
rg2833,1.8917527984616636,1.7415402242962101,-0.15021257416545342,7.225322802162017e-09
trifluridine,0.42972313394021633,0.36746776098814704,-0.06225537295206929,7.693076074751942e-09
trametinib,0.782260429201163,0.6786492530058065,-0.10361117619535654,1.2272103008073123e-08
desoxycortone,2.5705716323341465,2.3910865091835714,-0.1794851231505752,1.346371283269667e-08
imiquimod,0.8714016574471644,0.8923160010821659,0.020914343635001553,1.4767423784546624e-08
raf265,1.1428149848126068,1.048479824984214,-0.0943351598283928,1.522864146857827e-08
sb-242235,0.4982297426738096,0.3853593810854196,-0.11287036158838998,1.6697821535527337e-08
sulfabenzamide,1.095653031656002,1.0036023073161768,-0.0920507243398252,1.830427577585838e-08
ivermectin,0.7782998365452581,0.7018746803753638,-0.07642515616989431,1.8872376580888498e-08
salinomycin,0.9604475648346052,0.8688085462059045,-0.09163901862870072,2.0060390457847276e-08
salvinorin-a,1.7464770699252214,1.620443389070078,-0.12603368085514344,2.0681313949576813e-08
rs-17053,0.9923954885971823,0.9535327101934253,-0.03886277840375696,3.256475443776131e-08
pki-179,0.3864229953419811,0.34324350098501244,-0.04317949435696866,3.3558178288439765e-08
rigosertib,1.4377572452044678,1.3358858001791556,-0.1018714450253122,3.3558178288439765e-08
nonoxynol-9,0.6787607090006097,0.5623973161390642,-0.11636339286154551,3.671804492759432e-08
az-628,1.4567763492341983,1.3752838455417384,-0.08149250369245986,4.392629036572874e-08
azd8330,0.8137052366405342,0.7224308717904343,-0.09127436485009988,4.392629036572874e-08
alfacalcidol,0.36649962467139047,0.262698958910509,-0.10380066576088148,4.392629036572874e-08
salvianolic-acid-b,1.3839773937598379,1.3098677425757042,-0.0741096511841337,4.662070500543052e-08
astemizole,1.0705138902669165,0.9613956889102965,-0.10911820135661998,5.407655127364418e-08
mesoridazine,0.9783953606492513,0.8976809975854771,-0.08071436306377411,6.086135924386712e-08
puromycin,0.7671897810296567,0.7250124603618258,-0.042177320667830975,6.086135924386712e-08
chlorpropamide,0.9326900635613207,0.8372899315016026,-0.09540013205971809,7.927807404530343e-08
lgx818,1.1145422311518112,0.9105052663389713,-0.20403696481283984,8.653907119517776e-08
vinblastine,0.9560668713741993,0.8837194282493424,-0.07234744312485697,1.06073298109065e-07
almorexant,0.9270657410575945,0.8264115189198054,-0.10065422213778918,1.0919099481466261e-07
jte-607,1.031251947280564,0.9756622763618231,-0.055589670918740786,1.0919099481466261e-07
unc0631,0.744792663399921,0.712909131684894,-0.031883531715027,1.2615793810914686e-07
norfloxacin,0.9102991229598231,0.8036242588349225,-0.10667486412490057,1.3753412422634416e-07
ap1903,0.4948180936252589,0.3845775170692729,-0.11024057655598601,1.4989970959343424e-07
as-703026,0.9411220077125132,0.8726635861107558,-0.06845842160175741,1.5425554287515e-07
betamethasone-dipropionate,1.2538724363830367,1.1147412155637348,-0.13913122081930185,1.6333737596154882e-07
ots167,0.5420801463299166,0.49682855904266016,-0.04525158728725648,1.9379322041637805e-07
voxtalisib,0.9587278738569256,0.8474267183699079,-0.11130115548701769,2.051142362723832e-07
selumetinib,0.9004358239161703,0.8510589073900414,-0.049376916526128856,2.4304473431327117e-07
diphenyleneiodonium,0.24822296547637526,0.19483381853214418,-0.05338914694423108,2.877099245326e-07
ly2090314,0.45823961086003434,0.3619375764461979,-0.09630203441383645,2.9588659067930613e-07
epothilone-b,0.4150360092496081,0.3525145941702846,-0.06252141507932352,3.0428743034495404e-07
azd8055,0.21933516020321803,0.17324886535515807,-0.046086294848059955,3.0428743034495404e-07
narlaprevir,0.18950194887064561,0.10152004417072062,-0.08798190469992499,3.1291834923324865e-07
amg900,0.1420471933718249,0.053014308564195756,-0.08903288480762914,3.217854018048761e-07
flumethasone,0.7937058972664044,0.6392549136826502,-0.1544509835837542,3.3089479483688517e-07
4-methylgenistein,1.8131474165931782,1.9171604571581693,0.10401304056499105,3.5974144621694893e-07
ri-1,1.575845999370664,1.4793028432166648,-0.09654315615399911,3.910080086447706e-07
mexiletine,1.1709801778812938,1.1273745669383186,-0.043605610942975215,4.020011545354531e-07
epinephrine,1.0720946833495704,0.9602573087668407,-0.11183737458272969,4.744947544335086e-07
pi-828,1.0471555488860327,0.975067993040294,-0.07208755584573867,5.01347872931561e-07
bindarit,1.0989574241873106,1.0285653804903476,-0.07039204369696295,5.296636164225873e-07
sn-38,0.582583321277954,0.5025969926748625,-0.07998632860309152,6.073623343153265e-07
tg-101209,0.7379644387070591,0.6695449264879668,-0.06841951221909226,6.241691691160957e-07
az20,0.5271130372256158,0.4828997694927671,-0.04421326773284867,6.241691691160957e-07
practolol,0.6356680998018508,0.5768784855244098,-0.058789614277441005,6.241691691160957e-07
acesulfame-potassium,1.7664028713074282,1.7013760464548746,-0.06502682485255362,6.414238091633759e-07
tioguanine,0.9824028241895388,0.8887309307520503,-0.0936718934374885,6.959903423865151e-07
idoxuridine,1.3345844691348938,1.2120256385748325,-0.12255883056006134,7.550159620096482e-07
kpt-276,0.6594322826614639,0.5999318726148151,-0.059500410046648855,7.550159620096482e-07
d-serine,0.2591550777017338,0.33993004780609215,0.08077497010435836,7.757415644296639e-07
idarubicin,0.3711169575708896,0.33894451255639124,-0.03217244501449834,8.188490610816037e-07
4e1rcat,0.36707191694901803,0.2591671500473161,-0.10790476690170192,8.878639014097394e-07
parbendazole,0.910880926849833,0.860565468354582,-0.050315458495250986,8.878639014097394e-07
4-(4-fluorobenzoyl)-1-(4-phenylbutyl)-piperidine,1.2460769068916233,1.1454342551691725,-0.1006426517224508,9.3694983317242e-07
oxibendazole,0.8874032815648416,0.8427877032613856,-0.04461557830345597,9.886431140827787e-07
lestaurtinib,0.5299081787886508,0.47721368022622423,-0.052694498562426584,1.0713632573035063e-06
nutlin-3,1.783477986435228,1.6613667133305245,-0.12211127310470338,1.1003878570329601e-06
pd-153035,0.9512744324168598,0.842181102011838,-0.10909333040502178,1.1607236588120528e-06
clofazimine,1.207705885527227,1.1185410329989192,-0.08916485252830775,1.257233172681184e-06
icg-001,1.230412744243482,1.1308536193163758,-0.09955912492710617,1.257233172681184e-06
tu-2100,0.8537328969202114,0.7647232081106787,-0.08900968880953264,1.291084931648326e-06
isopropyl-myristate,1.2365196598814565,1.1670992741723483,-0.06942038570910825,1.325812530387811e-06
piperine,1.3130243013390872,1.2483332305508947,-0.06469107078819247,1.3614376374878538e-06
nitrocaramiphen,1.3256958288079312,1.4116834176072708,0.08598758879933954,1.435469609347382e-06
ro-4987655,1.6043117425837126,1.5050380615230092,-0.09927368106070333,1.473922403584532e-06
vx-765,1.3321775180627322,1.2776466424692619,-0.05453087559347036,1.473922403584532e-06
spermidine,0.7159412676079735,0.6567051978981945,-0.059236069709779016,1.473922403584532e-06
dichlorisone-acetate,1.2576107491509254,1.1537319661667544,-0.10387878298417097,1.5538204944911638e-06
u-18666a,0.09141875696923284,-0.01884193868271688,-0.11026069565194971,1.5538204944911638e-06
oxyquinoline,0.9445054279739019,0.9067204023480017,-0.03778502562590025,1.6815224449520775e-06
7-aminocephalosporanic-acid,0.9789656598833333,1.051902819666758,0.07293715978342463,1.6815224449520775e-06
dacinostat,0.6392181834446927,0.6024916757947066,-0.036726507649986084,1.7262880951867877e-06
isoflupredone-acetate,0.8011699099776746,0.6759294006988008,-0.12524050927887376,1.7721978962344515e-06
genipin,0.7447318671198775,0.6943477395821382,-0.05038412753773924,1.917074775178552e-06
snx-2112,0.6631184461623031,0.6250295475691316,-0.03808889859317144,2.128032352801831e-06
camptothecin,0.6612877529316052,0.5507065262253337,-0.11058122670627157,2.184157079946139e-06
ch5132799,0.6997184283769449,0.6622694662946454,-0.03744896208229942,2.3007009812121935e-06
vatalanib,1.14554138896902,1.0452502702591864,-0.10029111870983365,2.361189514327107e-06
bms-265246,0.6940676531370712,0.6272352300983098,-0.06683242303876136,2.486779128537916e-06
barasertib-hqpa,0.5817581356775693,0.4816293049965381,-0.10012883068103118,2.551954429239956e-06
rifampin,1.1853817765640595,1.127025824516162,-0.058355952047897564,2.829431514062548e-06
tetrahydrouridine,0.9072144087880823,0.7854397674901091,-0.12177464129797322,2.9031977926623053e-06
cobimetinib,0.7059762861328129,0.6581187940433056,-0.04785749208950729,3.056304020624895e-06
kw-2449,0.4874643482143071,0.41111494945917104,-0.07634939875513608,3.3860754655561384e-06
mexeneone,1.1886175374015695,1.122105501992846,-0.06651203540872341,3.3860754655561384e-06
gsk2126458,-0.11512479919249094,-0.16139538987757382,-0.04627059068508288,3.473701834291633e-06
rki-1447,1.778425534939772,1.8681590897361058,0.08973355479633383,3.5635002905521412e-06
difluprednate,0.6744510705494663,0.5803659329649377,-0.09408513758452863,3.6555221141900174e-06
jib04,1.320019736728682,1.2565751524820168,-0.0634445842466651,3.846446728562547e-06
cabazitaxel,0.8518378286349421,0.7948510249610125,-0.05698680367392961,4.15085799169834e-06
obidoxime,1.52994382081135,1.4482476215698394,-0.08169619924151061,4.478280390639238e-06
du-728,1.160301476274766,1.0597463307138508,-0.10055514556091527,4.592817026709498e-06
bephenium-hydroxynaphthoate,1.3402545267937496,1.2765817716242658,-0.06367275516948379,4.8303651594637445e-06
doxorubicin,0.5389918188146419,0.5001796873382801,-0.038812131476361755,4.953508608913177e-06
terfenadine,1.371137095241468,1.290119886490461,-0.08101720875100704,4.953508608913177e-06
az3146,1.2897148765261954,1.2004595493627868,-0.08925532716340867,4.953508608913177e-06
eprobemide,1.3862697388254872,1.2838270359290003,-0.10244270289648694,5.208875085120135e-06
evodiamine,0.9615442307251115,0.9068337642537168,-0.05471046647139477,5.208875085120135e-06
enocitabine,0.9172339929558099,0.8439256541637417,-0.07330833879206822,5.3412389338026225e-06
cholecalciferol,0.941056531717011,0.8664016800290363,-0.0746548516879747,5.4768196410287e-06
mifepristone,0.967754603453047,0.899774234889534,-0.06798036856351297,5.903614173739565e-06
eprosartan,0.890684256106788,0.828836547663015,-0.061847708443773075,5.903614173739565e-06
lasalocid,0.8566437482382633,0.8818549137042478,0.025211165465984564,6.205634366535351e-06
vlx600,-0.045709908156250666,-0.18942635588293735,-0.14371644772668668,6.3621346161693505e-06
colfosceril-palmitate,1.3478643659543865,1.28560721649513,-0.06225714945925653,6.3621346161693505e-06
acy-1215,1.030765095206941,0.985853540147003,-0.044911555059937935,6.68653810405732e-06
darifenacin,0.6832252168265417,0.6229903620175822,-0.060234854808959515,6.68653810405732e-06
cb-10-277,0.9998678078485537,0.8988367175585757,-0.10103109028997792,6.854615912085871e-06
le-135,1.024686104995332,0.9704546477675463,-0.05423145722778566,7.026730615930559e-06
r547,0.6534189092117092,0.6051366957179266,-0.04828221349378259,7.026730615930559e-06
danazol,1.4815136544362415,1.4094061429059976,-0.07210751153024386,7.383440892425141e-06
prt062070,0.8553334184176979,0.7592727468167498,-0.09606067160094811,7.383440892425141e-06
triamcinolone,1.045102212514683,0.96199804783273,-0.08310416468195292,7.5682265341956914e-06
tame,1.692125301052279,1.6141284109347294,-0.07799689011754962,7.757429289578012e-06
mek162,0.9471846785089736,0.8811471791257586,-0.06603749938321501,7.951149351839102e-06
4-iodo-6-phenylpyrimidine,1.5195578917124017,1.448460007371891,-0.07109788434051079,8.149489051879852e-06
digoxin,0.7442263709704762,0.7205075097421976,-0.023718861228278598,8.560447631987601e-06
butamben,0.5628870959337151,0.48363698813205513,-0.07925010780165997,8.77328224708315e-06
petcm,1.6666175123523315,1.741832348677768,0.07521483632543657,8.77328224708315e-06
pac-1,0.5801018464542209,0.4885620532836111,-0.09153979317060984,8.77328224708315e-06
wye-125132,0.029832449962000962,-0.025469734772256714,-0.05530218473425767,9.442550354058044e-06
sunitinib,1.0586127933346965,1.0111955700526623,-0.04741722328203424,9.442550354058044e-06
raloxifene,1.5107418857109167,1.4570904612951394,-0.053651424415777305,9.676281435431222e-06
gemcitabine,0.41564859580260904,0.3565297588169337,-0.05911883698567533,9.915533003202061e-06
10-deacetylbaccatin,1.0019635421461226,1.0677000254320315,0.06573648328590886,1.0160428627410369e-05
simvastatin,1.2123222074655657,1.1439992197408577,-0.06832298772470802,1.0411094475200713e-05
dehydrocholate-acid,1.6149285948543708,1.5217949810809552,-0.09313361377341556,1.1474077200674061e-05
fr-122047,1.4949706832130774,1.410644749664185,-0.0843259335488924,1.1755581162384222e-05
maxacalcitol,0.819142891995251,0.7461624282930571,-0.07298046370219391,1.2043669784859065e-05
10-hydroxycamptothecin,0.4295199001823969,0.38995963094738284,-0.039560269235014045,1.2043669784859065e-05
letrozole,1.9802718558849768,2.0816308966158084,0.10135904073083157,1.2043669784859065e-05
tpca-1,1.0391405978939572,0.9924584242458565,-0.04668217364810068,1.2338488881877465e-05
mozavaptan,1.197593007897236,1.1677580911468894,-0.029834916750346663,1.2948916949984528e-05
sparfloxacin,0.9528720638393279,0.9974498197020119,0.044577755862683976,1.3918860170861554e-05
tak-733,0.9789233574421516,0.9121185921037543,-0.0668047653383973,1.3918860170861554e-05
pj-34,1.213235491639656,1.1340626422234374,-0.0791728494162185,1.3918860170861554e-05
kp-1212,0.7392951832491907,0.6852556840234334,-0.05403949922575735,1.4603574825771937e-05
oxymatrine,1.2744672468739677,1.2029527886618696,-0.07151445821209812,1.532033693357883e-05
cudc-907,0.7052591091976289,0.6779249843935429,-0.027334124804086035,1.726188945606911e-05
tasisulam,0.9117530141043475,0.9444216256748302,0.03266861157048273,1.7677366716772055e-05
riociguat,2.086083990305127,2.1871748302733027,0.10109083996817558,1.7677366716772055e-05
baicalein,1.0270572171002175,0.9503221842437913,-0.07673503285642613,1.8102361215007175e-05
xbd173,0.9579290963498049,0.8768053805269994,-0.08112371582280553,1.8981729711644872e-05
oncrasin-1,1.5716888825913302,1.5062627090889176,-0.06542617350241264,1.8981729711644872e-05
riluzole,0.7053284555386657,0.628088063063046,-0.07724039247561976,1.9436528089263238e-05
etomoxir,1.516209774782355,1.4616492027933852,-0.05456057198896991,1.9901692619021325e-05
pi-103,0.48833261528554145,0.4459035374062937,-0.04242907787924777,2.0864016730597463e-05
gdc-0879,1.4112429167733076,1.2486427149426036,-0.162600201830704,2.187054054323005e-05
xl-647,0.6469198611511215,0.604835950977892,-0.042083910173229544,2.187054054323005e-05
tecastemizole,1.2360514401706375,1.1565436602508117,-0.07950777991982583,2.2390972129182414e-05
s-methylcysteine,1.4010757759527854,1.3262991853604114,-0.07477659059237407,2.3467406116798225e-05
resatorvid,1.7022773916690606,1.6156570017807508,-0.08662038988830978,2.4592967485787378e-05
pf-04691502,0.5168755191975728,0.4883423730040147,-0.028533146193558123,2.517482738450111e-05
lb42708,1.0928408988189238,1.0555903249788539,-0.03725057384006991,2.5769767303496904e-05
fendiline,1.7059216619849606,1.6399294765324883,-0.06599218545247232,2.6378064341756295e-05
nsc-319726,0.5429714758891548,0.4876464805238788,-0.05532499536527602,2.6378064341756295e-05
foretinib,0.5059729535740302,0.4665729626402512,-0.03939999093377894,2.8285951793506173e-05
irinotecan,0.6444975110865924,0.5738552723114985,-0.0706422387750939,2.8950559173427392e-05
xl388,0.6549782828323825,0.6125198832185852,-0.04245839961379727,3.0324565317717093e-05
az960,0.6276011362309193,0.5743622378038533,-0.05323889842706597,3.103459302564949e-05
mesna,0.8738221125940164,0.7880716879426576,-0.08575042465135885,3.103459302564949e-05
betamethasone,1.3434539277744828,1.2468396009750473,-0.09661432679943549,3.103459302564949e-05
candesartan,1.031585371866974,0.9488228910737857,-0.08276248079318838,3.103459302564949e-05
sb-366791,1.5828528230344963,1.6471294888520167,0.06427666581752045,3.2502316374541306e-05
hmn-214,0.9724506149511369,0.939896860799362,-0.03255375415177497,3.2502316374541306e-05
quizartinib,0.46595561187305956,0.325417048711103,-0.14053856316195656,3.2502316374541306e-05
sb-431542,1.0010136364273707,0.9646361775733455,-0.03637745885402521,3.3260678464926605e-05
smi-4a,1.1688842145217804,1.0871695947282345,-0.08171461979354588,3.3260678464926605e-05
uh-232-(+),1.377498453586298,1.2965282180263022,-0.08097023555999572,3.5637902275274946e-05
avn-944,0.8180774686369219,0.7827239320349412,-0.035353536601980706,3.646554410385221e-05
rs-504393,1.355905165088907,1.2958953475080661,-0.060009817580840785,3.731141417354892e-05
nvp-bez235,-0.25052441080937615,-0.32370031156970974,-0.07317590076033359,3.8175889880950184e-05
ipsapirone,0.8372312742254394,0.7840790327388498,-0.05315224148658959,3.9059355876438764e-05
halcinonide,1.306439292555678,1.1799123233786615,-0.12652696917701656,4.279107679526883e-05
phenazone,0.2790534498889437,0.221422517241833,-0.057630932647110694,4.377552686820669e-05
clindamycin-phosphate,1.2114731578977944,1.1477783310748604,-0.06369482682293404,4.478143471014726e-05
gestrinone,0.8214336031560251,0.7576284875098269,-0.06380511564619817,4.5809239414666296e-05
methoxyflurane,0.565064275408043,0.6253022707464648,0.06023799533842178,4.79323375581136e-05
pd-184352,1.1285243751770635,1.0292980132475111,-0.09922636192955236,4.9028551388762725e-05
gw-405833,1.3251788447068351,1.2480116557652814,-0.07716718894155372,4.9028551388762725e-05
tofogliflozin,1.3390280234466994,1.2742773246117078,-0.06475069883499152,5.014850315863706e-05
"hydroxytacrine-maleate-(r,s)",1.730196879165483,1.654072455219735,-0.07612442394574792,5.2461558291740195e-05
betulinic-acid,1.181478648602929,1.12356127085922,-0.057917377743708975,5.2461558291740195e-05
halobetasol-propionate,-0.3300362590000542,-0.4675752373833147,-0.1375389783832605,5.365565335829942e-05
"2,3-dcpe",1.560518656393141,1.5022248539303569,-0.05829380246278415,5.487547008189447e-05
oligomycin-a,-0.23758096329426312,-0.30044351374319694,-0.06286255044893382,5.487547008189447e-05
beta-lapachone,0.6958690952131505,0.6776458779940232,-0.01822321721912734,5.487547008189447e-05
epothilone-d,0.6582284878697938,0.6170286662058044,-0.04119982166398939,5.487547008189447e-05
bw-180c,1.3434898411719987,1.3982523035577152,0.05476246238571658,5.487547008189447e-05
ag-14361,1.77556031243998,1.716435783752413,-0.05912452868756701,5.612152783381892e-05
prednisolone-acetate,0.5871916785566869,0.4899289348228023,-0.09726274373388455,5.612152783381892e-05
gastrodin,1.0260670520901098,0.9535604606754373,-0.07250659141467253,5.739435568139393e-05
propoxycaine,0.7988843410336031,0.7112360790142269,-0.08764826201937614,6.002248739802669e-05
dirithromycin,0.5976916430344503,0.5293062903271388,-0.0683853527073115,6.137889936798714e-05
omeprazole,1.0227699780147963,1.0884582640273204,0.06568828601252408,6.276429797512626e-05
monobenzone,0.979586796373394,0.9227802786756653,-0.05680651769772871,6.417926327225519e-05
balapiravir,1.9029306269087307,1.8074077224717846,-0.09552290443694611,6.417926327225519e-05
kf-38789,1.1891264034456563,1.1639479461208486,-0.025178457324807724,6.562438602761373e-05
methscopolamine,1.2448925671077637,1.1602711919037554,-0.08462137520400836,6.562438602761373e-05
afatinib,0.10634928580272915,0.04973990994186002,-0.05660937586086913,6.562438602761373e-05
4-hydroxy-phenazone,0.5683344230399365,0.502426133249022,-0.06590828979091456,6.710026790353625e-05
u-0126,1.753248831788576,1.8381098101571494,0.08486097836857343,7.496290791753143e-05
ibutilide,1.3328317204749334,1.2614671049942112,-0.07136461548072215,7.496290791753143e-05
gw-441756,0.8007947006126119,0.7503563666029298,-0.05043833400968212,8.009059176695076e-05
indibulin,1.0488912804450825,1.0189741784912902,-0.02991710195379227,8.554860845991306e-05
ku-0063794,0.47993546209025534,0.4386069313850338,-0.04132853070522152,8.554860845991306e-05
cl-218872,0.8045223228100554,0.8545511168772338,0.05002879406717842,8.744475028928796e-05
verubulin,0.7965488627217504,0.7403435736243881,-0.05620528909736233,8.93805503342257e-05
methyldopa,0.976342374644053,0.9114916990588731,-0.06485067558517998,8.93805503342257e-05
epiandrosterone,1.9345346946128061,2.0198558946548215,0.08532120004201538,9.543371388817963e-05
indoprofen,1.5294153444907708,1.442685793636981,-0.08672955085378975,9.543371388817963e-05
piperazine,0.6900764635510711,0.6073370501903997,-0.08273941336067137,0.0001018725274228021
pi3k-in-2,0.3062382789421249,0.27692578501590726,-0.029312493926217653,0.00010410841356014772
dmh1,0.4005822897692879,0.32544904025191346,-0.07513324951737443,0.00010871984500031549
dihydroergocristine,0.729693686717413,0.6727865134307325,-0.05690717328668049,0.0001110971902436875
fluroxene,0.29170830728083075,0.20146468916922106,-0.09024361811160969,0.0001110971902436875
ro-04-5595,1.0269702273829728,0.9488446269654697,-0.07812560041750316,0.0001110971902436875
ciclopirox,1.3703193925052375,1.2910335868705394,-0.07928580563469811,0.0001135235150080395
elesclomol,0.5854881364651321,0.5336535163332669,-0.05183462013186524,0.00011599975945830321
jtc-801,0.9020140446894395,0.8741007936698129,-0.027913251019626606,0.00011599975945830321
podophyllotoxin,1.180442610861116,1.149129186459322,-0.031313424401793855,0.00011599975945830321
volasertib,0.9752903059203368,0.8816352417661745,-0.09365506415416236,0.00011599975945830321
cebranopadol,0.44199577743015594,0.5295619993405289,0.087566221910373,0.00012110585101050112
adaprev,1.0751280710419648,1.0178398253635899,-0.05728824567837498,0.00012373766215764814
bi-2536,0.7998621726086852,0.7274391865923128,-0.07242298601637243,0.00012373766215764814
torasemide,0.751609818220215,0.6734134852786963,-0.07819633294151873,0.00012373766215764814
sb-590885,1.187575603929026,1.1075601701152895,-0.08001543381373644,0.00012642332160994524
dihydroartemisinin,1.1237453404651845,1.034152174877546,-0.08959316558763852,0.00012642332160994524
lucitanib,0.6073207578731701,0.5620566201712802,-0.04526413770188986,0.00012916385483417923
bay-87-2243,0.23369545132140865,0.1845554782670561,-0.049139973054352554,0.00013196030516300818
trichostatin-a,0.4669305075766108,0.4503273334227546,-0.016603174153856204,0.00013772522145857617
onc201,0.7522273038662152,0.7247532139925982,-0.02747408987361699,0.0001468191158053943
cinalukast,0.5529893998911758,0.49378958960681696,-0.059199810284358834,0.0001468191158053943
theophylline,0.9394067343078828,0.9994311406169939,0.0600244063091111,0.0001468191158053943
dolastatin-10,0.6096118856633826,0.5631996629429386,-0.046412222720444096,0.00014997401456478922
tak-285,0.8877676081686888,0.8166898794845435,-0.0710777286841453,0.00014997401456478922
quinidine,1.3430655072123803,1.2787645227973206,-0.06430098441505971,0.00015982598375458874
pf-3845,0.8633733360418137,0.7888145591191194,-0.0745587769226943,0.00015982598375458874
cpp,0.819066278955841,0.7485478898504265,-0.07051838910541453,0.00015982598375458874
gsk1904529a,1.2535763104044646,1.1608835903744474,-0.09269272003001716,0.00016324312149676364
lappaconite,0.8829809714095888,0.8619178245406879,-0.021063146868900873,0.00016672891392454132
nvp-bhg712,1.540362255120119,1.4716077111810812,-0.0687545439390378,0.0001702846414037148
estradiol-benzoate,1.4368980500023198,1.3725768846983242,-0.06432116530399568,0.0001702846414037148
sns-314,0.6386527308609978,0.5499341256779514,-0.08871860518304642,0.00017391160605482973
wz-4002,1.1423675988736315,1.0460810684133437,-0.09628653046028779,0.0001776111320794967
mk-0773,1.600379678456718,1.5456854349513058,-0.05469424350541208,0.0001776111320794967
carbachol,0.7155433890258693,0.665861411152483,-0.04968197787338635,0.00018138456609075607
pentamidine,0.24778532863224934,0.18988636161729552,-0.05789896701495381,0.0001852332774475286
chlorindanol,1.255698146445714,1.197562585681007,-0.05813556076470694,0.0001852332774475286
ruxolitinib,0.8073670025640165,0.8280913647425194,0.02072436217850293,0.00018915865859319613
bitopertin,1.144887690118051,1.102575173031189,-0.0423125170868619,0.00018915865859319613
nocodazole,0.7839387497855921,0.7498055361290862,-0.0341332136565059,0.00019316212539833365
stf-118804,0.991380033003377,1.0127704770931893,0.021390444089812388,0.00019724511750763765
tagatose,1.2728494214091297,1.2175752633313766,-0.055274158077753155,0.00019724511750763765
bam7,2.171565164795402,2.092179093514391,-0.07938607128101083,0.00019724511750763765
cefdinir,1.7568964239418767,1.8389155248573592,0.08201910091548248,0.00020565555719933036
desonide,0.7721686746199447,0.6754882676871341,-0.09668040693281055,0.00020565555719933036
gsk1292263,0.6727426841758046,0.6215429907721263,-0.05119969340367836,0.00020565555719933036
aurora-a-inhibitor-i,1.1285215042740335,1.1064590559826106,-0.022062448291422898,0.00021440198375899408
lorazepam,1.1975586907631508,1.1337148908419072,-0.06384379992124356,0.0002189050539743244
suxibuzone,1.2397048865904787,1.2938082638786308,0.054103377288152066,0.0002189050539743244
pd-0325901,0.9432317880881449,0.8749053373940598,-0.06832645069408505,0.0002189050539743244
ky02111,2.1145356636011283,2.0444817016774977,-0.07005396192363067,0.0002189050539743244
meclizine,0.8223363984195196,0.7836427916079017,-0.03869360681161782,0.0002189050539743244
aspirin,0.30969683389195063,0.24561001885932637,-0.06408681503262426,0.00022349680658351775
osi-420,0.730372378804945,0.6774227983081559,-0.052949580496789106,0.00022349680658351775
chloramphenicol-palmitate,0.7691054992848269,0.8221652288222522,0.053059729537425326,0.00022817885772355998
brilliant-green,0.393255766377108,0.37515596664257617,-0.018099799734531852,0.00023782045405355018
bix-02188,0.6204264206560384,0.5810049424471896,-0.03942147820884878,0.00025826135121330055
ml133,0.7981828131517283,0.7737299134478859,-0.024452899703842457,0.00025826135121330055
k-strophanthidin,0.7346721165815503,0.7181618917173547,-0.016510224864195622,0.00026362303633273206
evacetrapib,0.665283911556276,0.6144496961723527,-0.0508342153839233,0.00026362303633273206
taselisib,0.24520979197681447,0.1729050714284631,-0.07230472054835138,0.00026908894346432414
sulfanilamide,1.1097392579061327,1.0615081967092563,-0.04823106119687637,0.00026908894346432414
ki-16425,1.392450937677754,1.4390611036165604,0.04661016593880629,0.0002803409371831056
cinromide,1.4624142335636967,1.5178281352494856,0.05541390168578886,0.0002920326652505882
ppt,0.8466042690357857,0.788747721984287,-0.057856547051498675,0.00029804835735374347
ritodrine,1.3517860729869247,1.4080904547362616,0.05630438174933694,0.00030417995991816656
thioproperazine,0.8363584118614912,0.7866064322332127,-0.049751979628278487,0.00030417995991816656
belinostat,0.7706394905841044,0.7403660445518659,-0.03027344603223847,0.0003104295323143214
5-hydroxymethyl-tolterodine,0.9676236819883015,0.914753073363088,-0.05287060862521353,0.0003104295323143214
tropisetron,0.9333976242738037,0.8567814443011094,-0.07661617997269432,0.0003167991669024147
emetine,0.7759952199622485,0.7552733595344124,-0.02072186042783608,0.0003232909894902068
merimepodib,0.973710163448688,0.9275328723580725,-0.046177291090615524,0.00032990715979586165
temsirolimus,0.018235379144634963,-0.03762080108516351,-0.05585618022979848,0.0003366498719158459
doxercalciferol,1.1409833046392288,1.0508604057098667,-0.0901228989293621,0.00034352135479794564
ketoprofen,1.5445171734992698,1.4621372927259604,-0.08237988077330938,0.0003576597257701812
a-674563,0.7181371481410288,0.6909104420033783,-0.027226706137650547,0.0003649312503415153
valnemulin,0.49948255023715044,0.4558908015981127,-0.04359174863903775,0.0003649312503415153
lerisetron,1.4883374177649267,1.433843041755846,-0.05449437600908058,0.00037989084408434243
avanafil,1.6004495313584834,1.5502098192683003,-0.050239712090183186,0.00037989084408434243
sb-525334,0.46212378746252064,0.39365488647955144,-0.0684689009829692,0.00038758377201406367
gsk1838705a,1.1450988530180013,1.0778675228118606,-0.0672313302061407,0.00039542208999456967
ammonium-lactate,1.2191344620094262,1.1482393090631682,-0.07089515294625803,0.00039542208999456967
rucinol,1.2026400967930446,1.1478013397793736,-0.054838757013671025,0.00039542208999456967
th-302,0.8365104218409667,0.8022385074712135,-0.03427191436975319,0.00039542208999456967
octopamine,1.6218146662021973,1.5589424358674415,-0.06287223033475575,0.00039542208999456967
bardoxolone-methyl,1.0068099437285272,0.9756065435837873,-0.03120340014473988,0.00039542208999456967
d-7193,0.9614625583720035,0.9153731261155519,-0.04608943225645157,0.0004034083234342739
obatoclax,0.41157071198774003,0.35356228432479503,-0.058008427662945006,0.0004034083234342739
pha-665752,0.7158903795936863,0.6802190612839101,-0.03567131830977621,0.0004115450370844009
dioscin,0.5519469575499528,0.5135960368910164,-0.038350920658936416,0.0004198348355646251
naproxen,1.5717413304403598,1.6262877462631953,0.05454641582283548,0.00042828036389414606
epz-5676,1.1111432293161103,1.0465526325732923,-0.06459059674281797,0.00044564939540007477
nizatidine,1.2153986619174655,1.2618265501351065,0.04642788821764099,0.00045457839546857236
linifanib,0.8718925271610847,0.8936322589666903,0.021739731805605622,0.00045457839546857236
navarixin,0.8175273363457308,0.7812324387382303,-0.03629489760750049,0.00046367412027107394
cyclosporine,0.622873924365547,0.5888093761336,-0.034064548231947045,0.00046367412027107394
phenylbutazone,1.0058253923957972,0.9394516962004709,-0.06637369619532629,0.0004919904139043238
parthenolide,1.0397644024414274,1.0173565616654217,-0.022407840776005772,0.0004919904139043238
3-deazaneplanocin-a,0.9626156879231232,0.9291114272076028,-0.033504260715520484,0.0005017820292558948
erastin,0.8228949977833206,0.7791654780870306,-0.04372951969629002,0.0005017820292558948
sdz-wag-994,1.060107468172715,1.013101862220825,-0.04700560595188996,0.0005117550879532734
methocarbamol,1.7541939381372627,1.7887315916250854,0.034537653487822784,0.0005322578997334412
kd025,0.7777513846039267,0.7331264521076806,-0.044624932496246106,0.0005322578997334412
tioxolone,1.7010480211406802,1.6319980477218206,-0.06904997341885966,0.0005322578997334412
fosbretabulin,1.3477429810718535,1.3859587151657609,0.03821573409390733,0.0005755794949067585
creatine,0.7308095193934219,0.6501319561146632,-0.08067756327875863,0.0005869115333845256
bosutinib,1.3382363283959144,1.2732952376807933,-0.06494109071512111,0.0005984509895796711
paricalcitol,0.4389282134464694,0.4909172263570928,0.05198901291062341,0.0006102013328531313
su3327,0.745008383710865,0.7070027992268781,-0.03800558448398683,0.0006221660841198813
zstk-474,0.21833328861743898,0.2733598255574673,0.05502653694002832,0.0006221660841198813
imatinib,1.0727584833702788,1.0403518509515817,-0.03240663241869712,0.0006343488164936267
rita,0.939612710145865,0.8754653510691529,-0.0641473590767121,0.0006343488164936267
niacin,0.5112045599354545,0.4262960437042818,-0.08490851623117274,0.0006467531559373811
pf-05212384,0.6547428869866151,0.6776675352750566,0.02292464828844154,0.000659382781919959
rubitecan,0.16159623754334115,0.10930099528531613,-0.052295242258025024,0.000659382781919959
azd6482,1.1147030549556893,1.0884690447189678,-0.02623401023672156,0.000659382781919959
elacridar,1.4582090077125498,1.4277730605111087,-0.03043594720144105,0.0006722414280784027
sarafloxacin,1.0429084415048477,0.9965970802149563,-0.04631136128989144,0.0006853328828863444
lidamidine,0.7153808868848164,0.6644176104776025,-0.050963276407213876,0.0006853328828863444
cgs-20625,1.1374464008845473,1.071295123996394,-0.06615127688815337,0.0007122296505801646
ly2109761,1.3720237210564812,1.4477396342671365,0.0757159132106553,0.0007122296505801646
felbamate,1.4479193712307248,1.4194395023471342,-0.028479868883590553,0.0007260428206950795
anguidine,0.4629202686352523,0.4383071266349464,-0.0246131420003059,0.0007260428206950795
nomegestrol-acetate,1.1344093335507788,1.200510684232575,0.06610135068179623,0.0007260428206950795
chir-99021,1.3494395505300179,1.2649344247691163,-0.08450512576090152,0.0007401045152961333
torin-2,0.5242261205874997,0.5090772933608535,-0.015148827226646233,0.00075441880727442
bms-754807,0.1605396066457388,0.1062462825869372,-0.05429332405880159,0.00075441880727442
itraconazole,1.2997723207544636,1.3470903853137792,0.04731806455931564,0.0007689898284933918
gsk2830371,1.0693403989071821,1.0346258724885982,-0.03471452641858397,0.0007689898284933918
pu-h71,0.7700191898166807,0.7558420347316831,-0.014177155084997617,0.0007838217704991806
nms-e973,0.6335090710965963,0.6063116542493237,-0.027197416847272615,0.0007838217704991806
sb-2343,0.432536780004159,0.4131290945373095,-0.01940768546684951,0.0007989188852369502
ramatroban,0.9153478664286322,0.8475625857296684,-0.06778528069896383,0.0007989188852369502
cephalomannine,0.7129392524048914,0.6819498209052416,-0.030989431499649833,0.0007989188852369502
piperacetazine,0.5513319452196792,0.4899814940818208,-0.06135045113785842,0.0008299259470247322
daunorubicin,1.037872847722057,0.9744360439335814,-0.0634368037884755,0.0008299259470247322
prednisolone-hemisuccinate,1.070310142214768,0.9616087138654447,-0.10870142834932339,0.0008620462650012367
cediranib,1.4780308479765472,1.4412892698935986,-0.036741578082948534,0.0008620462650012367
ast-1306,0.14061773842918013,0.10799766789409657,-0.03262007053508356,0.0008620462650012367
cyproterone-acetate,0.5697797425442368,0.6089079194900732,0.03912817694583637,0.0008953161035586015
cinnarazine,1.500836791439841,1.4436622800866004,-0.0571745113532407,0.0009123937086331375
colchicine,1.1860827357140866,1.1426701405304873,-0.0434125951835993,0.0009297727643256245
abiraterone-acetate,2.051989969259413,2.1051102370933266,0.05312026783391355,0.0009297727643256245
batimastat,0.6750651053945965,0.7067760502106518,0.0317109448160553,0.0009297727643256245
pp-2,0.5683435595032941,0.5140069804355294,-0.05433657906776468,0.000965454610545057
tak-632,0.6683647783401834,0.6431967806700501,-0.025167997670133224,0.000965454610545057
vu0238429,0.8905297793877047,0.8586496424520965,-0.031880136935608205,0.0009837672630845537
gw-501516,1.0222183971912555,0.9574509491679718,-0.06476744802328371,0.0009837672630845537
hexaminolevulinate,0.9901443337860052,0.9496249570044673,-0.04051937678153794,0.001002401091839232
alisertib,0.5557247600057612,0.48742567327524844,-0.06829908673051277,0.001002401091839232
lenvatinib,0.7800157543933676,0.8053972198107132,0.02538146541734565,0.0010213612018854768
sb-205384,0.6624024952429932,0.6994410665306501,0.03703857128765686,0.0010406527693638242
snx-5422,0.5599054117966428,0.5391411504532468,-0.02076426134339593,0.0010602810422862198
mebendazole,1.1114508023479202,1.0914160179300043,-0.02003478441791584,0.0010802513413492654
gsk923295,1.3310794889690745,1.2797049797138957,-0.051374509255178724,0.0010802513413492654
tamibarotene,0.6328396486359577,0.659659211724248,0.026819563088290366,0.001142268709866278
mk-8245,1.0234504434624254,0.9652363606776275,-0.058214082784797894,0.001185424644821739
whi-p154,1.01675697502962,0.9551104634431447,-0.06164651158647527,0.0012075630096904117
nh125,0.4739806761114986,0.443669381033378,-0.03031129507812058,0.0012075630096904117
phlorizin,0.9447209562592446,0.9990431342883264,0.05432217802908179,0.0012529897989027772
xylazine,1.5154707147085082,1.4702544069581274,-0.04521630775038088,0.0012529897989027772
cyclovirobuxin-d,0.8095185959146128,0.7693989868349005,-0.04011960907971235,0.0012529897989027772
nafcillin,0.8868224053369788,0.8376183033876462,-0.04920410194933256,0.0012762901678674535
clotrimazole,0.9968282970023066,0.9340078715470945,-0.06282042545521205,0.0012762901678674535
cgm097,1.6644304900208695,1.5822886229598832,-0.08214186706098636,0.0012999899508149976
norgestrel,1.2734867131004604,1.3327554469081344,0.05926873380767406,0.0012999899508149976
mg-132,0.6911537035038237,0.6732517553502569,-0.017901948153566716,0.0013240953233660709
n-acetylmannosamine,1.0032752435178904,0.9394596015225269,-0.06381564199536349,0.0013989079838569037
resminostat,0.5107603440875405,0.576269801123906,0.06550945703636557,0.0014246991426359907
dacomitinib,0.7776332554362785,0.7445079669322708,-0.033125288504007644,0.0014509280306804373
kx2-391,0.840623524731519,0.7997867277390442,-0.04083679699247478,0.0014509280306804373
i-bet-762,0.8424397868392937,0.8676676435318281,0.025227856692534467,0.0014776013345490493
tyrphostin-ag-1478,1.2289408546923217,1.2644774657265982,0.03553661103427652,0.0014776013345490493
tremorine,1.0244139872113824,0.9993765615736236,-0.025037425637758792,0.0014776013345490493
alogliptin,1.2146955436449114,1.1564506349484207,-0.05824490869649068,0.0015047258291411294
enmd-2076,0.7465733399280284,0.7057456417876989,-0.040827698140329494,0.0015047258291411294
sb-939,0.6927256058504114,0.666946912712011,-0.02577869313840042,0.00156035593735062
idasanutlin,0.5032027709726198,0.5327277019423481,0.029524930969728302,0.0015888755508216288
7-nitroindazole,1.4166921068729914,1.354348910258147,-0.06234319661484444,0.0015888755508216288
isofloxythepin,1.1070735972375512,1.042034627677518,-0.06503896956003308,0.0016178743566011432
cyclophosphamide,1.1693479725404023,1.1222243623837505,-0.047123610156651896,0.0016178743566011432
voreloxin,0.819994975904963,0.7843005089832021,-0.035694466921760815,0.001647359585276911
chlormidazole,0.810817445704929,0.8459748604819242,0.03515741477699519,0.001647359585276911
pyroxamide,0.7696322217415626,0.7349030159838214,-0.0347292057577413,0.001707818704494836
pha-767491,1.0716257420727062,1.038661219801876,-0.03296452227083013,0.001707818704494836
sb-505124,1.431764584571303,1.3901258371953915,-0.041638747375911445,0.0017388075299188401
penfluridol,0.827023076144047,0.8075857255955743,-0.01943735054847273,0.0017703126499350925
mln0128,-0.10241468792894709,-0.15399740060296352,-0.05158271267401643,0.0017703126499350925
halofantrine,1.6331456130422288,1.6808168122245857,0.04767119918235685,0.0018023417746345167
gdc-0152,2.019097229392066,1.9497389380847472,-0.06935829130731896,0.0018023417746345167
bix-01294,0.9664441696843099,0.9569547735893027,-0.009489396095007208,0.0018680033735191612
ajmaline,0.7238566883345923,0.6566012549419898,-0.06725543339260243,0.0019016517659175723
cid-5458317,0.9774354899648803,0.9674638241926822,-0.009971665772198102,0.0019016517659175723
yo-01027,0.5289720674328642,0.45695860740636624,-0.07201346002649794,0.00193585600141004
nemorubicin,-0.05731213520554332,-0.08282021077396359,-0.025508075568420274,0.0020059649617706825
tozasertib,0.867670786837732,0.8292103319835236,-0.03846045485420846,0.0020783972187636028
cyclocytidine,0.6053080024871544,0.5620476896661181,-0.04326031282103637,0.0020783972187636028
remoxipride,1.1883527476365774,1.2488098294279832,0.06045708179140585,0.0020783972187636028
bardoxolone,0.9544785518422703,0.9843932847649425,0.029914732922672216,0.0021155059718593085
uracil,1.2224687589172232,1.1807772568473986,-0.041691502069824526,0.0021155059718593085
caffeic-acid,1.4658577206522851,1.3808679748625878,-0.08498974578969731,0.0021155059718593085
melengestrol-acetate,0.5760497217257201,0.509190108449726,-0.0668596132759941,0.002191552444163104
benzethonium,0.37107822824026687,0.40430243580294334,0.03322420756267647,0.002191552444163104
avl-292,1.1169675167949327,1.0943082228563408,-0.022659293938591896,0.0022305079774216324
dofetilide,1.1708598307956277,1.1259349315968947,-0.04492489919873299,0.0022700971023577664
pterostilbene,0.9444703184440439,0.9887047951385306,0.04423447669448666,0.0023103290039173338
unc2250,0.9088392345789793,0.8305592035764768,-0.07828003100250247,0.002351212980094061
ixazomib-citrate,0.8869833736451319,0.9028608861513386,0.015877512506206726,0.0023927584429805663
plx-4720,1.046841183077047,1.0122660622940853,-0.034575120782961655,0.002434974919823611
paliperidone,1.2545912657477822,1.1871696463262094,-0.06742161942157288,0.002521459606497281
lenalidomide,0.9933342624578662,0.9547222114531387,-0.03861205100472742,0.0025657474561466614
cabozantinib,0.5325231292300527,0.4675353264716289,-0.06498780275842386,0.0025657474561466614
fluvastatin,1.1971655426409313,1.2225074883702294,0.025341945729298043,0.0027980453501876778
entinostat,0.9844152217518374,1.0268646730219881,0.04244945127015076,0.0027980453501876778
nexturastat-a,1.4444022211328322,1.3767448096098898,-0.06765741152294247,0.0028467492067041885
dequalinium,0.7388021848589866,0.7058837273109146,-0.03291845754807199,0.0028962259181274856
sb-216641,0.9323646595604086,0.9080895166675443,-0.024275142892864254,0.0029464863491694645
asymmetrical-dimethylarginine,1.542028842965057,1.502917824306251,-0.03911101865880595,0.0029464863491694645
acivicin,1.0647727950190047,1.0305409032006787,-0.03423189181832598,0.002997541492657414
i-bet151,1.6583650233682332,1.5947864645753989,-0.06357855879283436,0.002997541492657414
pr-619,1.0839263037758562,1.1063401326851687,0.02241382890931254,0.0031020805354735536
iododexetimide,1.1532573152571348,1.1038469445063863,-0.0494103707507485,0.0031020805354735536
taltobulin,0.6872827809551575,0.656246597882339,-0.031036183072818524,0.003155587070967545
amfenac,1.6001518824426684,1.6503542015661048,0.05020231912343642,0.003209933593457659
berberine,0.6625625438350513,0.6321782290116628,-0.030384314823388547,0.003209933593457659
fluocinolone-acetonide,1.234162277026864,1.1476463960492882,-0.0865158809775759,0.003209933593457659
homoharringtonine,0.7110395481055573,0.6654183855319454,-0.04562116257361182,0.0032651317529377635
indisulam,1.0142510868644268,0.9879407512393925,-0.026310335625034265,0.0032651317529377635
pentostatin,1.4446803776042991,1.4135088225718628,-0.031171555032436293,0.0032651317529377635
tirapazamine,1.1188407350739753,1.159972503021093,0.0411317679471177,0.003321193334171821
radezolid,0.7191651610183541,0.6638660696567489,-0.05529909136160527,0.003321193334171821
1-naphthyl-pp1,0.9943926062263168,0.9492481481750197,-0.045144458051297076,0.003378130257811974
cpi-1189,1.2374080138868075,1.278638691479206,0.04123067759239851,0.003378130257811974
ly3023414,0.3577883565531963,0.33599386335564074,-0.021794493197555553,0.003378130257811974
dimethisoquin,0.8799356863746179,0.8174656930043828,-0.06246999337023518,0.003435954581518779
bucladesine,0.793804190623478,0.8500775759771804,0.05627338535370241,0.003494678501083629
pilaralisib,1.3924152726312633,1.352026139353404,-0.0403891332778592,0.003494678501083629
cgs-15943,0.5263523105402355,0.4874354471118627,-0.03891686342837275,0.003494678501083629
fleroxacin,-0.4192317742370762,-0.48633959197210014,-0.06710781773502394,0.003494678501083629
midodrine,0.7590590932448295,0.8052192572617384,0.04616016401690892,0.0035543143515531297
bekanamycin,1.5310592717759492,1.4775514056975543,-0.05350786607839497,0.0035543143515531297
tg-101348,1.4706815971225302,1.4456366499832864,-0.025044947139243767,0.003614874608355321
thiamine,0.8492346880625612,0.8127943290115064,-0.036440359051054805,0.003614874608355321
favipiravir,2.3195554573961346,2.371178569159811,0.05162311176367629,0.00367637188842772
ci-844,1.1300263949475535,1.1727746374535677,0.04274824250601417,0.00367637188842772
cx-4945,0.9403139394054619,0.8828829945445785,-0.057430944860883404,0.0037388189513468673
sb-239063,0.6319337614255484,0.5926040079577324,-0.039329753467815975,0.003802228700459385
pp-1,1.085955133814798,1.0227919624039443,-0.06316317141085359,0.0038666141840144044
etofylline-clofibrate,1.2175901231417379,1.1703345207154057,-0.0472556024263322,0.0039319885962971245
mpi-0479605,0.4598799493714818,0.4092376594279842,-0.05064228994349762,0.0039319885962971245
prednisolone,0.5858206139128644,0.500403692693215,-0.08541692121964939,0.0039319885962971245
gimeracil,0.9661811789615097,1.005622117217606,0.0394409382560964,0.003998365278763476
valrubicin,0.6321726606783686,0.6123463448849668,-0.019826315793401883,0.003998365278763476
buphenine,0.9747720306725838,0.8764208607823648,-0.09835116989021897,0.003998365278763476
tandutinib,1.2354285226891035,1.1907161577598955,-0.04471236492920805,0.0040657577211756874
levonorgestrel,1.0142851617072077,1.046882655245819,0.0325974935386113,0.004134179562738577
ly2603618,1.0774357574172677,1.0543305902554525,-0.02310516716181521,0.004134179562738577
exemestane,0.8298976297240038,0.7876349342243665,-0.04226269549963735,0.004203644593236545
ve-822,0.2485360120424976,0.20899080736039705,-0.03954520468210054,0.004203644593236545
repsox,1.0891562709681843,1.0430162677071264,-0.04614000326105794,0.004203644593236545
kd-023,1.5310652324406482,1.4925104887712688,-0.03855474366937939,0.004203644593236545
rheochrysidin,1.513378382236077,1.4747504028751643,-0.03862797936091256,0.00427416675417097
chloropyramine,0.9910885055408986,1.0136900750245783,0.02260156948367975,0.004345760139897954
zolmitriptan,1.1603543141366404,1.200225248634944,0.0398709344983037,0.004567110906111602
rs-67506,0.727539333454678,0.6674955779091016,-0.060043755545576394,0.004643133231489492
diclazuril,0.6117987384796788,0.5793538874646115,-0.03244485101506733,0.004643133231489492
streptozotocin,1.1365756186980087,1.084651807800608,-0.051923810897400724,0.004643133231489492
pp-121,0.8867090248345597,0.8695992298796467,-0.01710979495491305,0.004643133231489492
pq-401,1.8923712190182036,1.9649632806104256,0.07259206159222198,0.004643133231489492
gw-842166,1.7296494674342724,1.685291415161837,-0.04435805227243539,0.004720299586084413
saracatinib,0.8933476692645386,0.8678380468459269,-0.025509622418611655,0.00479862500527121
gw-583340,1.3149568494865322,1.3602772365773,0.04532038709076769,0.00479862500527121
naltrexone,1.6543443784513938,1.6933581620332239,0.03901378358183005,0.00479862500527121
flumatinib,0.7253663516193238,0.6732148189075147,-0.05215153271180917,0.00479862500527121
triptolide,-0.05065867400896828,-0.07331864097949709,-0.022659966970528807,0.00479862500527121
pp242,0.6655552220655271,0.6458884369526382,-0.019666785112888885,0.004878124685239161
sr-33805,0.5213451769718503,0.5491943702933945,0.02784919332154412,0.005123823687756185
adl5859,0.8627192639178094,0.9156213015895596,0.05290203767175017,0.005123823687756185
romidepsin,0.1270226833357371,0.08944977902567394,-0.03757290431006316,0.005208175628713045
ifosfamide,1.3189614237927618,1.2798088764479159,-0.03915254734484597,0.0052937802632777985
azd3463,0.7067866853814951,0.685845581206985,-0.020941104174510117,0.0053806537763042865
d-4476,1.5195652463563,1.4652382221663454,-0.05432702418995472,0.0053806537763042865
gdc-0068,0.5156770703598946,0.48213108764657153,-0.0335459827133231,0.005468812521371699
lomefloxacin,0.7536837950209277,0.7334003358824719,-0.02028345913845586,0.005468812521371699
vindesine,1.2706927326286885,1.2328370905951658,-0.03785564203352276,0.0056490519723059835
ro-90-7501,1.011167379693122,1.0551707495837486,0.04400336989062659,0.005741166239048969
cd-437,0.3277588226877871,0.3065809192686683,-0.021177903419118793,0.005929469054603942
topotecan,0.6477248543584961,0.6125263678637792,-0.03519848649471691,0.005929469054603942
golgicide-a,0.6209990475142335,0.6477355419887457,0.026736494474512207,0.005929469054603942
benzydamine,1.2131529965451544,1.1309655071152713,-0.08218748942988308,0.005929469054603942
ornithine,0.9800878804302898,0.9390734179494856,-0.041014462480804204,0.00602569220682235
ketoconazole,0.7946285102899687,0.7571556176872308,-0.037472892602737895,0.006123319884411158
ki-8751,0.942394540689141,0.9020729672614628,-0.04032157342767817,0.006123319884411158
pf-562271,1.1287640130238792,1.1094239031954254,-0.0193401098284538,0.006123319884411158
ribavirin,1.331953675841653,1.2898691363705073,-0.042084539471145765,0.006123319884411158
vtp-27999,0.47525680226895856,0.4363275529519882,-0.03892924931697034,0.006123319884411158
brigatinib,0.5592840643561445,0.5342247271050459,-0.025059337251098657,0.006222369830935632
deflazacort,1.0978618904809259,1.0412019188505954,-0.05665997163033043,0.006322859968685131
emd-53998,1.204758343778895,1.1388142442409595,-0.06594409953793545,0.006322859968685131
nms-1286937,0.6625563206966406,0.6509056136951192,-0.011650707001521377,0.006424808399766555
e7449,1.3429672367643553,1.2830398514945796,-0.0599273852697757,0.0065282334071934
ixazomib,1.3081875888288073,1.337807639283749,0.02962005045494176,0.006847553454026527
pd-198306,1.2830065491191673,1.24049718551676,-0.042509363602407424,0.006847553454026527
ap26113,1.1080923683408825,1.0678203138216242,-0.040272054519258305,0.006847553454026527
at-7519,0.784730546018401,0.8160532099296547,0.03132266391125371,0.007068159794713147
prt062607,0.8850371301216913,0.8693804757313591,-0.015656654390332148,0.007068159794713147
zolantidine,0.1262273785571043,0.17003127984464259,0.04380390128753828,0.007068159794713147
ccmi,1.5155558697065432,1.4645111203681427,-0.05104474933840053,0.007068159794713147
bay-k-8644-(s)-(-),1.1964861859894582,1.1420662122721352,-0.05441997371732299,0.007068159794713147
ispinesib,1.5540570494594768,1.4902322507738528,-0.06382479868562396,0.007180838470325698
"mns-(3,4-methylenedioxy-nitrostyrene)",0.7636848567483117,0.735763004707217,-0.027921852041094652,0.007180838470325698
tas-103,0.7365645904213345,0.7103471180267776,-0.02621747239455685,0.007180838470325698
nitarsone,0.9832901003681948,1.033329874562241,0.05003977419404626,0.0072951268592558296
tedizolid,0.8313311205359978,0.7938819534653899,-0.03744916707060786,0.0072951268592558296
famciclovir,1.091352341075314,1.140149445114898,0.048797104039583816,0.0074110447303950555
tivantinib,1.3024584261304968,1.2795576962047996,-0.02290072992569714,0.007528612043115494
menadione,0.9796034000663457,0.9588684969437674,-0.020734903122578308,0.007528612043115494
mk-1775,0.8327008538309809,0.806689037317295,-0.026011816513685893,0.0076478489483039975
ferb-033,0.6369177843368355,0.6706901075814085,0.03377232324457291,0.007768775789389691
cct128930,0.9212211695996007,0.8845022468876766,-0.03671892271192401,0.007768775789389691
am-404,1.530854023225495,1.4929211780723965,-0.03793284515309847,0.007768775789389691
ly2801653,0.7087472224428205,0.7352775648478198,0.026530342404999296,0.007891413103364431
tyrphostin-a9,0.7218157568486866,0.698920569367116,-0.0228951874815706,0.007891413103364431
tranilast,1.400455019647785,1.3724786345871285,-0.027976385060656472,0.008015781621796017
clofarabine,0.4350307603311896,0.4031852814324149,-0.031845478898774704,0.008015781621796017
nizofenone,0.73548062330988,0.7798531863675197,0.0443725630576397,0.008015781621796017
ski-ii,1.3025774323407788,1.3272861579587425,0.024708725617963667,0.008141902271833937
torcetrapib,1.328643663320945,1.2815961952798582,-0.04704746804108684,0.008269796177207356
3-amino-benzamide,0.7726282113079214,0.7352027242628029,-0.0374254870451185,0.008269796177207356
tg-02,0.6920123866888027,0.673262902108761,-0.018749484580041664,0.008269796177207356
danusertib,0.3015121052967731,0.269654675997587,-0.03185742929918606,0.008399484659215124
tanespimycin,0.8793376508221886,0.9131229595023803,0.033785308680191695,0.008399484659215124
8-bromo-cgmp,1.5647573065021823,1.5320941054572816,-0.032663201044900614,0.00853098923770762
foscarnet,1.0370507446479398,1.0888068860665139,0.0517561414185741,0.008664331632059936
12-o-tetradecanoylphorbol-13-acetate,2.208272118576359,2.1103586774775063,-0.0979134410988527,0.008664331632059936
oxiperomide,0.6316779412489925,0.6024508418715852,-0.029227099377407306,0.008664331632059936
dexrazoxane,0.6444733952253525,0.6639600034489793,0.0194866082236268,0.008664331632059936
sulfamethazine,1.7846741238593706,1.8189243111359565,0.03425018727658591,0.008664331632059936
bvt-948,1.0590199173187036,1.0220632428529663,-0.03695667446573725,0.008664331632059936
epinastine,2.1230178785701477,2.162507450197571,0.03948957162742328,0.00879953376213647
everolimus,0.18790338624355696,0.12113436221623664,-0.06676902402732032,0.0089366177492465
aztreonam,1.4415526615750716,1.4812978491993245,0.03974518762425294,0.0089366177492465
pf-04457845,1.28168257480201,1.2541397645429,-0.027542810259109984,0.009216520792696468
fexinidazole,0.9071252231189628,0.8674539814505432,-0.03967124166841962,0.009216520792696468
loxistatin-acid,1.460701124626462,1.4971845620485353,0.03648343742207327,0.009504221797499273
enoximone,1.0000283233139582,0.9707434787587276,-0.029284844555230616,0.009504221797499273
ercalcitriol,0.10171607943251865,0.061521470084281826,-0.04019460934823682,0.00965105400568416
embelin,0.5132973485749887,0.4608506603991893,-0.05244668817579934,0.00965105400568416
iobenguane,1.3680208625961152,1.4106202335701772,0.04259937097406197,0.009799905081410031
scs,2.648610159966199,2.5965512932600894,-0.05205886670610971,0.009950798582044
bnc105,0.8591509446717105,0.8216935679183973,-0.037457376753313176,0.009950798582044
tw-37,0.5256809105771049,0.5065926904162339,-0.019088220160870972,0.010103758273686664
gs-9973,0.9946163479809925,1.018450637398631,0.023834289417638543,0.010258808132034704
indirubin,0.6806506945455468,0.6958193550158335,0.015168660470286643,0.010258808132034704
apatinib,0.9015112404405087,0.8619026278823342,-0.039608612558174494,0.010258808132034704
maytansinol-isobutyrate,0.7913330037564507,0.7478293114493982,-0.04350369230705242,0.010258808132034704
gs-39783,2.6249939834492544,2.6751542518129297,0.050160268363675264,0.010736741626004508
cytochlor,0.6258131303483196,0.5738072802174431,-0.05200585013087655,0.010736741626004508
pf-03758309,0.5224736839102708,0.564306190965039,0.04183250705476815,0.010736741626004508
formestane,1.6479057510566835,1.6068535885527013,-0.04105216250398214,0.010900396129591337
acetophenazine,1.2063254763676525,1.2450938695209293,0.03876839315327674,0.01106626385166531
pilocarpine,0.1873364200604365,0.11577393441425865,-0.07156248564617784,0.01106626385166531
dacarbazine,0.9978998038802183,1.0156945600892802,0.0177947562090619,0.011234370042939971
aee788,0.8952471052128792,0.9360820021242204,0.040834896911341234,0.011404740169420028
secnidazole,0.1892969181643143,0.14482926260449833,-0.044467655559815966,0.011577399913162551
vinflunine,0.9441999465661589,0.9171522550551804,-0.027047691510978522,0.011577399913162551
sid-7969543,1.1419084128563786,1.0883384191928316,-0.05356999366354698,0.011752375173024238
diazooxonorleucine,0.7307973646020515,0.779482357387108,0.04868499278505656,0.011929692065394234
baicalin,1.3487652660496552,1.3838651438273828,0.035099877777727606,0.011929692065394234
afobazole,1.5051873336766413,1.5518371661150754,0.046649832438434125,0.012109376924912606
imidapril,1.336025976912034,1.304968334393406,-0.03105764251862797,0.012291456305173825
onx-0914,0.7429360699917855,0.7528058581027381,0.009869788110952626,0.012291456305173825
sch-58261,1.2783007730803668,1.2244206486144305,-0.053880124465936374,0.012291456305173825
cetylpyridinium,0.43789324145246095,0.41905461454440185,-0.018838626908059097,0.012475956979415106
ilomastat,1.0925119226622444,1.1272564024020115,0.03474447973976713,0.012662905941189469
azd2014,0.2833848331333488,0.24724658334046237,-0.03613824979288641,0.012662905941189469
beclomethasone-dipropionate,0.4049964535500985,0.3238940499107867,-0.08110240363931182,0.012662905941189469
calcitriol,1.1055487075775063,1.0723535103448507,-0.03319519723265563,0.012662905941189469
triapine,0.9523509423973331,0.9239859259224716,-0.02836501647486145,0.012662905941189469
1-phenylbiguanide,1.2143371607143196,1.174755684942481,-0.03958147577183868,0.012852330405022736
metronidazole,1.352257475364369,1.40793140974258,0.05567393437821089,0.012852330405022736
sta-5326,0.9506117747068067,0.9069806613248447,-0.04363111338196202,0.012852330405022736
gdc-0980,0.21308590622641518,0.18959639137975556,-0.02348951484665962,0.012852330405022736
clopamide,1.1101478808990606,1.16769506220329,0.05754718130422942,0.013044257807054746
phenelzine,0.9863705720690827,0.9336872241182294,-0.05268334795085339,0.013044257807054746
pd-407824,0.9399087277465678,0.9666637113104596,0.026754983563891832,0.013044257807054746
mycophenolic-acid,0.7773728248118131,0.7573680476556364,-0.020004777156176767,0.013238715805664197
orantinib,1.5355182859708323,1.5739746091636164,0.038456323192784136,0.013238715805664197
psi-7976,0.9527971190220125,0.9828399431030543,0.030042824081041863,0.013238715805664197
pacritinib,0.8177481675266318,0.8073448940451521,-0.010403273481479736,0.013435732282076602
isoetharine,1.309498313454643,1.2537055123387275,-0.05579280111591545,0.013435732282076602
amisulpride,1.0851437172264626,1.0546184311207343,-0.030525286105728355,0.013635335340955627
refametinib,0.7582959539049484,0.7226012015308756,-0.035694752374072825,0.013635335340955627
tyrphostin-ag-1296,1.5089645879137648,1.4871235300226924,-0.02184105789107238,0.013635335340955627
p22077,1.3250791668402524,1.3819521857045813,0.05687301886432894,0.013635335340955627
zk-93423,0.4436856576235275,0.4079218966864103,-0.035763760937117195,0.014042414745384067
cetrimonium,0.9402455616862003,0.9276021975939214,-0.012643364092278953,0.014042414745384067
ym-155,0.7245809298560167,0.7006140781406419,-0.023966851715374826,0.014249948422527876
bibr-1532,1.0941577485074658,1.1222551035764796,0.028097355069013785,0.014249948422527876
hyodeoxycholic-acid,0.5057095312309633,0.4640759733048465,-0.04163355792611678,0.014249948422527876
jq1-(+),1.163671458708508,1.1017953047615217,-0.06187615394698631,0.014249948422527876
ingenol-mebutate,1.4899436439727927,1.3876874210284658,-0.1022562229443269,0.014249948422527876
cyt387,0.8166861746381955,0.8369803266281165,0.020294151989921017,0.014460183346385748
vidarabine,1.3881584212985538,1.36479556771726,-0.023362853581293752,0.014673148747063852
dalcetrapib,1.70817486762623,1.6751188469971703,-0.03305602062905977,0.015107389032827056
methotrexate,1.2032062194052584,1.1772840962116338,-0.025922123193624635,0.015552907661110458
dabrafenib,0.047234425690828565,-0.024702187612336824,-0.07193661330316539,0.015779971844709938
arctigenin,1.0252574548173625,0.9899570833221197,-0.03530037149524279,0.0162428629328834
digitoxigenin,0.8635882769012381,0.8855955123844678,0.022007235483229692,0.0162428629328834
tg-100713,0.6628839299885771,0.6403966165602902,-0.022487313428286915,0.016478751717767307
inc-280,0.5838713465612417,0.5658936072207783,-0.017977739340463428,0.016717644299441867
sufentanil,1.1881495307472483,1.1495417649233723,-0.03860776582387593,0.016717644299441867
crizotinib,0.618776133737077,0.6005690112437807,-0.018207122493296257,0.016959572192600896
thiostrepton,0.6755511075747296,0.648465517792336,-0.027085589782393615,0.017204567142275157
epirubicin,0.717002111584208,0.702239589703201,-0.014762521881007018,0.017204567142275157
gsk2110183,0.7452643085327361,0.7678853008963749,0.022620992363638792,0.017452661124087405
pentagastrin,0.774627187248274,0.8057650982082342,0.031137910959960213,0.01770388634448517
cyc116,1.4094982644986602,1.3596558731974546,-0.0498423913012056,0.017958275240950238
raclopride,1.4085204694168412,1.3657977270584494,-0.042722742358391796,0.017958275240950238
am-580,1.118845591722144,1.0850185245433674,-0.03382706717877659,0.018476674968276038
pik-75,0.6378227516656149,0.625826806078637,-0.011995945586977808,0.018476674968276038
am-251,0.6962783533247189,0.667535340101295,-0.028743013223423874,0.018476674968276038
wp1066,0.6744844962358999,0.6819489337983623,0.0074644375624624,0.019278826370048418
cobicistat,0.32689933692350953,0.2823148604736914,-0.04458447644981811,0.019552891468449768
triamterene,1.3192671824270104,1.35188740605626,0.032620223629249656,0.019830353786901726
lidocaine,1.2787633566956673,1.3245209976518846,0.04575764095621726,0.019830353786901726
cmpd-1,1.1557807241218054,1.1326575881073346,-0.023123136014470802,0.02011124761585202
otx015,0.9213219800522929,0.8588027183056188,-0.0625192617466741,0.02097486454747586
jk-184,0.7541726657757425,0.732548443106527,-0.021624222669215487,0.02097486454747586
jnj-16259685,0.883298875739412,0.8385746404634392,-0.0447242352759728,0.021269831958920543
mephenytoin,1.140463895908969,1.1043865253634677,-0.03607737054550131,0.021269831958920543
wz8040,0.8070970962375068,0.7842116723161927,-0.022885423921314096,0.021269831958920543
cgp-37849,0.9710054287417442,0.9271066472553422,-0.04389878148640203,0.021568405809515724
ve-821,1.16340340774178,1.1169815368761442,-0.04642187086563587,0.021568405809515724
rabeprazole,0.5333527289621874,0.5697497398218166,0.03639701085962921,0.021568405809515724
methiazole,1.2375246153228716,1.2089890558074334,-0.02853555951543818,0.021870621779640536
rgfp966,1.7522492054884957,1.714381379029333,-0.03786782645916276,0.022176515780885482
chlorhexidine,0.718666464099761,0.7336195386200753,0.014953074520314358,0.022176515780885482
sangivamycin,0.005404688482362606,-0.004523011576890807,-0.009927700059253412,0.022176515780885482
eplerenone,0.3548085396650276,0.3277545883355685,-0.027053951329459147,0.022486123955851915
teprenone,1.050120493266769,1.0207767483301566,-0.029343744936612293,0.022799482677923262
tanshinone-i,0.581450246239304,0.5502315568742437,-0.031218689365060226,0.022799482677923262
evp4593,0.3866463667385236,0.3644583920361808,-0.022187974702342794,0.023762429316724842
ponatinib,0.2435363333721536,0.22181318661906216,-0.02172314675309145,0.023762429316724842
kpt-185,0.4861981685983979,0.4618707151294794,-0.02432745346891846,0.024091158567073428
brefeldin-a,0.47348399985086603,0.45913506457779796,-0.014348935273068075,0.024091158567073428
saxagliptin,0.9836173092438328,0.952702641088019,-0.030914668155813785,0.024091158567073428
ryuvidine,0.9816805886686832,0.9715428342524258,-0.010137754416257416,0.02442382368314685
azd7762,0.5828784803544511,0.5594091268700777,-0.0234693534843734,0.02442382368314685
rs-16566,0.8778508311494518,0.8552343606395404,-0.022616470509911446,0.025445812883522725
mibampator,0.7402685909635398,0.7196171376489443,-0.020651453314595503,0.025445812883522725
nanchangmycin,0.6851421190875722,0.6661531466706497,-0.018988972416922434,0.025445812883522725
chromocarb,1.1789873307555643,1.1223901863992447,-0.05659714435631957,0.025445812883522725
harringtonine,0.7547193700333875,0.7277464418790113,-0.02697292815437624,0.026147516539654865
cytochalasin-b,1.0324017361130318,1.009741011012132,-0.02266072510089967,0.0265045976103262
d-64131,0.9113491368261996,0.8797125792726429,-0.031636557553556655,0.026865883586418816
pd-173074,0.9595500990629311,0.9266875699970291,-0.032862529065902035,0.027231413807215013
defactinib,0.24904504892240673,0.22126861032771622,-0.027776438594690506,0.027975365461521202
aminopurvalanol-a,1.1788439817889353,1.1511687802338975,-0.027675201555037887,0.027975365461521202
su014813,0.8831099659266382,0.861467103488048,-0.02164286243859015,0.027975365461521202
dinaciclib,0.6247560464747969,0.5939372235050685,-0.030818822969728377,0.02835386669296515
bms-690514,0.8294467942171508,0.8126491941172401,-0.016797600099910714,0.02873677176350016
birinapant,1.4030139407223932,1.3489310233018126,-0.05408291742058058,0.02912412112733582
bgt226,0.007525801661163575,-0.006389766986725844,-0.013915568647889419,0.029515955459328433
ibrutinib,0.5704578479643558,0.5489449083975279,-0.021512939566827982,0.029515955459328433
nsc-663284,1.2222127117153436,1.2034163737005374,-0.01879633801480618,0.02991231565412178
isometheptene-mucate,0.6756683527163087,0.7191782836195435,0.04350993090323485,0.030313242825253724
norepinephrine,0.9492612185144086,0.9276946994195486,-0.02156651909485996,0.03071877830422797
terbutaline,0.5534521802334592,0.5178099394001215,-0.03564224083333767,0.03071877830422797
penicillamine-(d),0.3687588837452505,0.39356061370443157,0.024801729959181062,0.03071877830422797
clofibrate,0.40964141478897437,0.44953485113588915,0.03989343634691478,0.031128963639550346
azithromycin,0.8901409182730913,0.8762111590138668,-0.013929759259224461,0.031128963639550346
curcumin,1.1260539275252501,1.1130881683717246,-0.012965759153525491,0.03154384059573016
bx-912,0.9454562298651038,0.9275333180739033,-0.017922911791200535,0.03238783750247317
cidofovir,0.5529423210303399,0.5240036330029774,-0.028938688027362547,0.03238783750247317
flubendazole,1.1414973823121657,1.123759561668699,-0.01773782064346663,0.03238783750247317
ar-42,1.0867493947586078,1.1071333952266367,0.020384000468028907,0.03325110742038834
litronesib,1.4901580956573286,1.4541452815139635,-0.0360128141433651,0.03325110742038834
bi-d1870,1.0212390395263855,0.9792920424929423,-0.04194699703344318,0.0336900764341801
vemurafenib,0.23112844658043538,0.28135437625632354,0.050225929675888153,0.034133992131496205
zk811752,0.839080140349343,0.8645330459058784,0.025452905556535455,0.034133992131496205
zm-447439,0.5751123764885115,0.5459407320558327,-0.029171644432678834,0.034133992131496205
lonafarnib,0.5377324332314088,0.5724456672003301,0.03471323396892123,0.03503683676556186
chlorquinaldol,1.0954452727014437,1.1164318258637222,0.0209865531622786,0.03503683676556186
chir-98014,1.3058797657446903,1.267567861430986,-0.03831190431370435,0.03503683676556186
mk-5108,1.2314758403067918,1.2106998336706225,-0.020776006636169297,0.0354958528121818
papaverine,0.9062419644018678,0.924264443594727,0.018022479192859264,0.0354958528121818
exatecan-mesylate,-0.036846863251539366,-0.06406718415169221,-0.027220320900152847,0.0354958528121818
deforolimus,0.48733685093770535,0.45062701879223166,-0.036709832145473686,0.0354958528121818
gidazepam,0.8862608259716328,0.9015132859047839,0.015252459933151052,0.03595998975937118
terconazole,1.6359132192375279,1.601475568011324,-0.0344376512262039,0.03642929167137379
oxonic-acid,1.7373690547504514,1.6967439747275042,-0.04062508002294729,0.036903802813596995
sr-57227a,0.7809548379085474,0.7295387773317104,-0.05141606057683701,0.036903802813596995
2-methoxyestradiol,0.877278855543432,0.860886869164926,-0.01639198637850603,0.03738356765113032
dapivirine,0.42042075943189583,0.4400181469478887,0.01959738751599288,0.03738356765113032
sb-743921,0.7433917073051741,0.7117034548837581,-0.03168825242141604,0.03738356765113032
pomalidomide,1.0214238730639538,0.9912474942999729,-0.030176378763980827,0.03738356765113032
pf-03814735,0.4077149053727927,0.36859079423035507,-0.039124111142437634,0.03786863084722451
biib021,0.7957689044992503,0.7730147193523652,-0.022754185146885098,0.03786863084722451
vorinostat,0.7748405828803641,0.7577801896637997,-0.017060393216564385,0.038854831949507854
capsaicin,0.7969485590587055,0.7584061838813596,-0.03854237517734593,0.03935606015877157
sertindole,0.9654502786409633,0.9480435685165575,-0.017406710124405866,0.03935606015877157
bisindolylmaleimide-ix,0.782676192356123,0.7730962859365939,-0.009579906419529105,0.03986276732942895
methylprednisolone,0.9257163826267079,0.8622360991316959,-0.063480283495012,0.03986276732942895
cep-32496,1.2342891216476972,1.1986941470454215,-0.035594974602275675,0.03986276732942895
at13387,0.9308828909934104,0.9588753771722277,0.027992486178817333,0.04037499909135426
azodicarbonamide,1.3218170031880898,1.2888259720073945,-0.03299103118069535,0.04037499909135426
nu6027,0.6700363243170439,0.64138727916524,-0.028649045151803887,0.04089280126263216
gsk256066,1.0808544329535321,1.0300096993477095,-0.050844733605822645,0.04141621984775987
hypericin,0.2536440450361791,0.20476906579972742,-0.04887497923645168,0.04141621984775987
bi-78d3,0.9242412926452173,0.9352189603111979,0.010977667665980628,0.04141621984775987
pralatrexate,0.8375782548673955,0.8049318257790224,-0.03264642908837301,0.04194530103580826
gw-843682x,0.6260932366241718,0.6029841933954229,-0.02310904322874896,0.04194530103580826
ru-58841,0.788779533882872,0.7558021841745921,-0.032977349708279924,0.043020636888503515
oxyphencyclimine,0.7966853092109997,0.7705319841431875,-0.026153325067812205,0.043020636888503515
anisomycin,0.621297573812628,0.6368731212496943,0.01557554743706635,0.04356698483704419
homosalate,0.9659155289887995,0.9289296130677668,-0.03698591592103273,0.04356698483704419
amg458,1.0812994469141926,1.0438057907935938,-0.03749365612059874,0.04411918195233013
broxyquinoline,0.979507245684783,0.9998648878226863,0.020357642137903365,0.04411918195233013
anastrozole,0.48708129550070167,0.4481360690920925,-0.038945226408609146,0.044677275317294964
sch-900776,0.796585048116735,0.7741853619148841,-0.022399686201850955,0.04524131218755558
lapatinib,1.0472541693477406,1.0702078439446807,0.022953674596940088,0.04524131218755558
amonafide,1.308393642562974,1.3542216964700855,0.04582805390711142,0.04581133998928629
mevastatin,1.2783181859309234,1.2947767765702802,0.01645859063935684,0.04581133998928629
resiquimod,0.8145416555704211,0.8273278436193393,0.012786188048918179,0.046387406317050094
capecitabine,0.9843930252675903,0.9971209165256123,0.012727891258021984,0.046969558931589016
mycophenolate-mofetil,0.47728312954852525,0.5001611356150835,0.02287800606655821,0.04755784575757205
canertinib,0.7660545960512124,0.7481453681960979,-0.017909227855114507,0.04755784575757205
taurine,0.9709322715460584,1.0057865085531335,0.03485423700707502,0.04755784575757205
disulfiram,0.5779430236319169,0.5619134876911186,-0.016029535940798256,0.04755784575757205
gambogic-acid,1.15438198456628,1.143165272073904,-0.01121671249237588,0.04815231488130105
k-ras(g12c)-inhibitor-6,1.897554625455723,1.8629031152651117,-0.0346515101906113,0.04815231488130105
ly2606368,0.5148243965873299,0.4782718423258763,-0.03655255426145365,0.04875301454837407
osi-027,0.69420855905104,0.680179957881616,-0.014028601169423949,0.04875301454837407
osi-930,0.9909892050585033,0.9607402709891056,-0.03024893406939766,0.04875301454837407
ver-49009,1.0050799133420871,0.9926290433509364,-0.012450869991150748,0.04875301454837407
fluticasone-propionate,1.2858333922605159,1.2473351960790706,-0.03849819618144523,0.04875301454837407
ccg-50014,0.7866664689069954,0.7683289198679139,-0.01833754903908158,0.049359993161306834
iodipamide,1.2682171983756847,1.2938237886053254,0.025606590229640736,0.049359993161306834
zaldaride,1.1275838884239013,1.1006915638560528,-0.026892324567848513,0.049973299277111236
azd2461,1.4229683964619624,1.3844708947937576,-0.03849750166820476,0.049973299277111236
4-chlorophenylguanidine,0.6167017712945455,0.5856360159619413,-0.03106575533260425,0.049973299277111236
ly2874455,0.5532570209871032,0.5423977762897135,-0.010859244697389636,0.05121908900303779
tamoxifen,0.630536472421886,0.6030692510240523,-0.027467221397833752,0.05121908900303779
deferasirox,1.274406243132959,1.239365865000426,-0.03504037813253302,0.05185167047727604
pelitinib,0.6613365530614953,0.6443415146868282,-0.016995038374667093,0.05185167047727604
monensin,0.36449358122012276,0.34370521330216636,-0.020788367917956407,0.05185167047727604
sb-657510,0.6943806753755142,0.6370516454645007,-0.05732902991101352,0.053788751561551246
dichloroacetate,0.6127176540090721,0.5931122021810015,-0.019605451828070608,0.053788751561551246
tyloxapol,1.2231860848888756,1.2666842735906731,0.04349818870179756,0.05444772224327293
domperidone,1.0269871314255006,0.9896758277874329,-0.03731130363806767,0.05444772224327293
bf2.649,1.9514949656770666,1.907484731383211,-0.04401023429385553,0.05578587708669136
ptc-209,1.0663318028760047,1.0442202979174644,-0.022111504958540307,0.05578587708669136
mercaptopurine,1.239209007670368,1.197659378561906,-0.04154962910846183,0.05578587708669136
piroxicam,1.8795483934819772,1.9036626930251208,0.02411429954314359,0.05578587708669136
gsk-3-inhibitor-ix,0.7744589206456589,0.8119165395921064,0.0374576189464475,0.05646516103923246
ikk-2-inhibitor-v,1.1669004152836064,1.1516038726931341,-0.015296542590472306,0.057151316083205714
fludarabine-phosphate,1.1306074589508617,1.1142197714784188,-0.016387687472442902,0.057151316083205714
filgotinib,1.2144161883852873,1.1907544916712154,-0.023661696714071923,0.05784439242512059
lcl-161,1.3574296344231955,1.332292491133778,-0.02513714328941763,0.05784439242512059
semaxanib,0.4121786255350163,0.4268660717497816,0.01468744621476531,0.05854444039059855
tacalcitol,0.7517026735371448,0.7117604845012871,-0.03994218903585767,0.05925151042134887
acetazolamide,0.6706666473965659,0.7042194399661711,0.033552792569605194,0.05925151042134887
lurasidone,1.0563435784946797,1.0280966612053455,-0.02824691728933426,0.05925151042134887
butylscopolamine-bromide,1.012581252116225,0.9886045485003604,-0.02397670361586457,0.059965653072100444
sc-144,0.23178699464846997,0.18196190034364118,-0.04982509430482879,0.059965653072100444
s26948,1.2845467466231215,1.3283469441032267,0.04380019748010522,0.06068691900749053
ixabepilone,1.0341092739649385,1.023088847087457,-0.011020426877481393,0.06068691900749053
noretynodrel,0.9000442632175912,0.8830834751896719,-0.016960788027919338,0.06289396474993354
thiomersal,0.9942683851373487,0.9842804948379678,-0.009987890299380964,0.06364423255708619
nsc-23766,0.7477990091167797,0.7251122343463803,-0.022686774770399376,0.06364423255708619
mrs-1220,0.9756227780082232,0.9545032791042022,-0.021119498904020984,0.06364423255708619
cgp-52411,1.0848032612085379,1.1121146192144327,0.027311358005894792,0.06440187850875076
chlorogenic-acid,1.9157170469829816,1.8829768095748531,-0.03274023740812848,0.06440187850875076
thonzonium,1.0247044204802653,1.0141445612994962,-0.010559859180769182,0.06440187850875076
alectinib,0.9014607723162196,0.886624594037867,-0.014836178278352596,0.06440187850875076
palbociclib,1.0256528307062165,0.9785630615633253,-0.0470897691428912,0.06440187850875076
thiram,0.13792129795182853,0.15492128026520913,0.016999982313380596,0.06516695386124462
tak-715,0.8283651100330467,0.8032903004408708,-0.025074809592175895,0.065939509957799
efonidipine-monoethanolate,1.0750416722911633,1.0520491592092418,-0.022992513081921517,0.065939509957799
vu0361737,2.5989980568279965,2.565384258083899,-0.03361379874409742,0.065939509957799
oseltamivir-phosphate,1.1981879414505667,1.225919826414395,0.02773188496382817,0.06750727016979025
alpelisib,0.8711968577189416,0.8577396541225404,-0.013457203596401235,0.06830257737491922
trometamol,1.252995454679624,1.216563669523687,-0.036431785155937035,0.06830257737491922
tg100-115,0.8283751084394716,0.7987459392192682,-0.029629169220203422,0.06830257737491922
finafloxacin,0.9514713763206781,0.9181599320793796,-0.033311444241298505,0.06910557149636119
tiagabine,0.33931450883812403,0.29982875136740395,-0.039485757470720084,0.06991630425918204
azalomycin-b,0.6869403012806283,0.6933015803674859,0.006361279086857574,0.06991630425918204
pibenzimol,1.863195677379448,1.8353368272342014,-0.027858850145246583,0.06991630425918204
trans-4-hydroxycrotonic-acid,0.3944751196813822,0.3647451941153383,-0.029729925566043924,0.0707348274539668
zk-93426,1.3857700801199426,1.3541405040642227,-0.03162957605571992,0.0707348274539668
delanzomib,0.5747480999573067,0.5897418418990908,0.014993741941784156,0.0707348274539668
methacycline,1.6056165799580164,1.581565985390515,-0.02405059456750136,0.07156119293310402
brivaracetam,1.3230385519011791,1.3044148836678415,-0.01862366823333761,0.07156119293310402
amsacrine,0.5645468611199672,0.5527857948671712,-0.011761066252796049,0.07156119293310402
cct129202,1.0630231078263361,1.042629589047108,-0.020393518779228126,0.072395452607027
nadifloxacin,0.8367637885723056,0.874882551384381,0.03811876281207538,0.072395452607027
cep-37440,0.8298398567547962,0.8155079483956682,-0.01433190835912801,0.07323765844041283
xilobam,-0.11813687577319652,-0.15039703625543807,-0.03226016048224155,0.0740878624483391
gsk429286a,0.5767202044521889,0.6022105360713176,0.025490331619128725,0.0740878624483391
cefditoren-pivoxil,0.24044222735037407,0.2598840528512221,0.019441825500848053,0.07494611669239848
fudosteine,0.4081519039740845,0.37779176093237415,-0.030360143041710363,0.07581247327677061
mitomycin-c,0.5922329830065914,0.576204075119954,-0.016028907886637467,0.07668698434425279
endo-iwr-1,1.3695448723829888,1.3947898316062273,0.02524495922323844,0.07668698434425279
bumetanide,1.1350672370891508,1.167829506100821,0.03276226901167023,0.07756970207224821
ulipristal,0.7648144743581795,0.7455634731477018,-0.019251001210477736,0.07846067866871315
gilteritinib,0.617688288738764,0.5930660432526231,-0.024622245486140892,0.07935996636806235
cinacalcet,0.8939994140349501,0.8868404108354784,-0.007159003199471714,0.08026761742703306
stemregenin-1,1.2151240804399317,1.1741636610656045,-0.04096041937432715,0.08026761742703306
cariporide,0.7755539447379121,0.8072087900277758,0.03165484528986373,0.08118368412050818
nadide,1.7036703777353297,1.665162600504951,-0.03850777723037879,0.08210821873729876
azilsartan,1.1151656578511522,1.1000267692332462,-0.015138888617906021,0.08304127357588516
ro-9187,0.4364276287574153,0.41262395321761974,-0.023803675539795566,0.08304127357588516
estradiol-cypionate,1.3620251262273182,1.3873434173437402,0.02531829111642203,0.08304127357588516
kynurenic-acid,1.700827203971958,1.665997997604092,-0.03482920636786613,0.08398290094011858
trolox,1.5090398652434358,1.4714069460225088,-0.03763291922092704,0.08493315313488155
ouabain,0.7293743558872879,0.7179963320638311,-0.011378023823456873,0.08493315313488155
lafutidine,0.7371425641513579,0.759060483863038,0.02191791971168011,0.08589208246170939
palmatine-chloride,0.6144311020230991,0.5727382386784695,-0.04169286334462963,0.08589208246170939
melphalan,0.6181180747259962,0.6626896980438276,0.04457162331783138,0.08589208246170939
cr8-(r),0.7353647282110658,0.7468583531853769,0.011493624974311056,0.08589208246170939
buparlisib,0.6082927397367415,0.5984371788642872,-0.009855560872454316,0.08685974121437072
bifemelane,0.8413616937258827,0.8185956841868872,-0.022766009538995435,0.08685974121437072
trequinsin,1.4560776871096692,1.430010286354131,-0.02606740075553815,0.08981561675465122
oxcarbazepine,1.6393562717999401,1.6676981842786214,0.02834191247868123,0.08981561675465122
idra-21,-0.18877793598949769,-0.15628250183362224,0.03249543415587544,0.09081871583614663
flumethasone-pivalate,1.2840669626245245,1.2557860227571709,-0.028280939867353583,0.09183080553841788
cycloheximide,0.9673821482171882,0.9503488752986085,-0.0170332729185797,0.09183080553841788
thiocolchicoside,1.6292466483700567,1.596511504947298,-0.03273514342275874,0.09285193801364887
forodesine,1.8268675828384024,1.8415557372732587,0.014688154434856271,0.09492153968805843
daclatasvir,0.7397855761750638,0.7132548556328159,-0.02653072054224792,0.09492153968805843
atiprimod,0.7102916695323997,0.7253218391328605,0.015030169600460774,0.09597011297372035
benzocaine,0.9483309717809167,0.9273885719288618,-0.020942399852054927,0.09597011297372035
metoprolol,0.8281091502290294,0.8517543599835176,0.02364520975448814,0.09702793719574405
cyclosporin-a,0.8072613682373617,0.7836943277764506,-0.02356704046091107,0.09809506425973583
picolinic-acid,1.2184641533698575,1.189460606167636,-0.029003547202221425,0.09809506425973583
darapladib,0.8355910666636248,0.84701301054371,0.011421943880085217,0.10025743421219158
iem1754,1.5959716875191943,1.5682305231144293,-0.02774116440476493,0.10025743421219158
azd9668,1.5279225335621744,1.5649724821157194,0.03704994855354493,0.10025743421219158
sulmazole,1.3817883087295781,1.3386407933986324,-0.04314751533094574,0.10135278057324881
baricitinib,1.540546212295997,1.5678877852946993,0.027341572998702324,0.10135278057324881
fludarabine,1.35381519281355,1.3339376372580403,-0.01987755555550974,0.10135278057324881
dvd-111,0.6519876853813416,0.6245089472644438,-0.027478738116897716,0.10135278057324881
decitabine,1.0227852360790288,1.001891808000821,-0.02089342807820782,0.10135278057324881
trovafloxacin,0.7353632179330867,0.6965042399477467,-0.03885897798533999,0.10245763671153686
anagrelide,0.9438805274146315,0.9301515033117662,-0.01372902410286525,0.10245763671153686
azacitidine,1.2110595435729552,1.2363751099579112,0.025315566384956023,0.10357205416427269
bibu-1361,1.0256938410426664,0.9956005303909546,-0.030093310651711724,0.10357205416427269
tiletamine,1.7729328549021297,1.7397675835860273,-0.03316527131610236,0.10357205416427269
eprinomectin,-0.1377635846831181,-0.16272600746859667,-0.024962422785478555,0.10469608437998944
r406,0.7461680405166891,0.7211399198115157,-0.02502812070517335,0.10469608437998944
imiloxan,0.3464013377320245,0.3185194903274134,-0.027881847404611082,0.10582977871345448
raltitrexed,0.5878791747350794,0.5698107901491944,-0.018068384585885,0.10582977871345448
posaconazole,0.4995070700952578,0.4778177511704853,-0.021689318924772494,0.10582977871345448
acetylsalicylsalicylic-acid,1.395084992841115,1.3603381316244165,-0.034746861216698566,0.10582977871345448
ac-264613,1.0427677645915827,1.0693795513045974,0.026611786713014673,0.10582977871345448
ebastine,0.44442400979326974,0.423602002363099,-0.020822007430170764,0.10697318842055434
skf-96365,0.7056436253737032,0.7167714856516502,0.011127860277946988,0.10812636465314666
oxymetazoline,1.0538333624919045,1.0261204532100718,-0.027712909281832676,0.10812636465314666
gdc-0349,0.7493373019159667,0.7636430886044627,0.014305786688496025,0.11046222075098089
ar-12,0.9635532335496708,0.9771385033242318,0.013585269774560982,0.11164500235300981
dcebio,0.9447026397835813,0.9606217348298084,0.015919095046227127,0.11164500235300981
olda,0.6433742753347638,0.6109521283800812,-0.032422146954682596,0.11164500235300981
m-344,0.9263458683580346,0.9366426000605845,0.010296731702549966,0.11283775394358617
se-methylselenocysteine,1.7498190987689322,1.7275914557425411,-0.02222764302639102,0.11404052607608228
nilutamide,0.9398881088024055,0.9549776359234051,0.015089527120999646,0.1152533691682872
bisacodyl,0.9537346329612807,0.9294111113022978,-0.024323521658982883,0.1152533691682872
bms-599626,0.6507832765219196,0.6167659419394775,-0.03401733458244205,0.1152533691682872
sulconazole,0.4356748988569446,0.45609722800616304,0.020422329149218432,0.1164763334970412
colforsin-daproate,1.6627293791925366,1.6240189892026795,-0.0387103899898571,0.1164763334970412
crenolanib,0.7662587676967781,0.7506799491983803,-0.015578818498397817,0.1164763334970412
cladribine,0.06576232412799525,0.05037469176595017,-0.01538763236204508,0.11770946919284113
mek1-2-inhibitor,1.0154672635145856,0.9991350766564638,-0.016332186858121767,0.11770946919284113
nvp-bvu972,0.3181552402690277,0.2792258516106397,-0.03892938865838802,0.11770946919284113
dexamethasone-acetate,2.0228768993132373,2.0533800463889404,0.03050314707570312,0.11770946919284113
pitavastatin,1.2817147344328481,1.2641491736609989,-0.01756556077184923,0.11770946919284113
levocarnitine,1.0297603292068167,0.988987029773126,-0.04077329943369068,0.11770946919284113
palmitoylethanolamide,1.0184077431318181,1.0454372550217808,0.02702951188996261,0.11895282623441629
domiphen,0.3108214165418838,0.3424025811195426,0.031581164577658805,0.11895282623441629
chloroxine,0.8380979981715515,0.8228526935962954,-0.01524530457525608,0.12020645444327704
arcyriaflavin-a,0.8457355302929209,0.8782644424359448,0.03252891214302389,0.12147040347823594
amprolium,1.4034791272768528,1.4264262627081996,0.022947135431346855,0.12274472282990098
bortezomib,0.8286349435747944,0.8537201843857728,0.025085240810978404,0.1240294618151427
azd4547,0.9857401260422517,0.9537886875955067,-0.03195143844674497,0.1240294618151427
spiradoline,1.1518817559987973,1.1330349221307447,-0.018846833868052526,0.1240294618151427
nsc-632839,1.0773432051397631,1.0487226591533363,-0.028620545986426826,0.1240294618151427
g-1,1.8467194574523147,1.8173466135309218,-0.029372843921392944,0.1240294618151427
floxuridine,0.4411521337015365,0.4277685020060888,-0.013383631695447706,0.12532466957153532
etoposide-phosphate,1.2042770951177266,1.1815590375167475,-0.022718057600979114,0.12532466957153532
mitoxantrone,0.33199475762284414,0.3193823217958341,-0.012612435827010049,0.1279466870180606
gw-788388,1.4066557212359276,1.4435379435926257,0.036882222356698025,0.1279466870180606
gamma-aminobutyric-acid,0.8020383738409141,0.8400215897271525,0.03798321588623832,0.1292735940364795
tacrolimus,1.0237447195574385,1.0039565292892014,-0.019788190268237082,0.1292735940364795
dienogest,1.0447638920809053,1.0304169584668403,-0.014346933614064916,0.1292735940364795
idelalisib,0.7696079201592109,0.7760578407147545,0.006449920555543609,0.1292735940364795
dihydromyricetin,1.414778435456517,1.441392279143226,0.02661384368670916,0.1306111644713319
pf-477736,1.0414449568484718,1.0239385207100895,-0.01750643613838232,0.13195944647946004
nicotine,0.5450002768573751,0.5695575248831106,0.024557248025735556,0.13195944647946004
tanaproget,0.4376092920132123,0.4143001895036861,-0.023309102509526225,0.13195944647946004
linsitinib,0.6381597539381815,0.6482547826194062,0.010095028681224694,0.13331848800454416
nvp-tae226,0.3268838720228642,0.31174940635763354,-0.015134465665230634,0.1346883367713776
lorlatinib,0.5830447235547827,0.594314780580824,0.011270057026041336,0.1346883367713776
alexidine,0.8766137557061168,0.8677206280591078,-0.008893127647009003,0.1360690402801216
nimorazole,0.9333623753153316,0.9477734127606205,0.014411037445288932,0.13886320036621078
wye-354,0.6422876126309043,0.6281230895754587,-0.014164523055445577,0.14027675076872423
brequinar,0.6680838308114632,0.6572836428769446,-0.010800187934518535,0.14027675076872423
fr-139317,0.9312352207737647,0.9533134936773912,0.022078272903626406,0.14027675076872423
fk-888,1.142567956936728,1.124230222295115,-0.018337734641612924,0.1417013435518562
neratinib,0.9185101493918573,0.9049869618523987,-0.013523187539458581,0.1431370250057275
deoxycorticosterone-acetate,0.7912553428722728,0.8027633827300588,0.011508039857785923,0.1431370250057275
sar131675,0.7155739687796685,0.755602383341747,0.04002841456207851,0.14604183778272273
bms-345541,0.920598636689255,0.8977079147516868,-0.022890721937568248,0.14899155412451157
y-39983,2.4246609150379843,2.456668075237873,0.032007160199888585,0.14899155412451157
phenylmercuric-acetate,0.7954826289910972,0.7874740735322602,-0.008008555458837052,0.14899155412451157
acdpp,0.37874585135720146,0.3413938229298905,-0.037352028427310946,0.14899155412451157
cimetidine,1.1785286728125495,1.1919658939130258,0.013437221100476293,0.15048336399490286
bruceantin,0.6358378201461536,0.6248980246924636,-0.01093979545369006,0.15048336399490286
wz-3146,0.41489135471647387,0.42818907801169087,0.013297723295217001,0.15198653462076037
dorzolamide,1.2153815329604734,1.2296445370692417,0.014263004108768351,0.15198653462076037
cgp-54626,1.7393685951069267,1.718323429133003,-0.021045165973923696,0.1535011103516807
bts-54505,1.5583679322430326,1.5312156496401759,-0.027152282602856737,0.1535011103516807
tivozanib,0.9778031397387384,0.9655358492495909,-0.012267290489147542,0.15502713523630665
tedizolid-phosphate,0.9623812361959373,0.9731420923619413,0.010760856166003974,0.15502713523630665
teriflunomide,0.5310362109724891,0.5110330251559979,-0.020003185816491187,0.1565646530163546
scriptaid,0.933877171909532,0.9181575878707444,-0.015719584038787593,0.1565646530163546
josamycin,1.6896929170584352,1.6739832804029342,-0.015709636655500958,0.1565646530163546
idazoxan,0.7391788568703852,0.7119615826576107,-0.027217274212774534,0.16124659641659722
ribitol,0.8691645403939646,0.8858832418715543,0.016718701477589692,0.1628305168473715
5-fluorouracil,0.8196057283501225,0.7996806698864231,-0.019925058463699408,0.1628305168473715
temozolomide,1.5217414333003125,1.508768231447247,-0.012973201853065497,0.16442614406852218
r306465,0.6969077964994992,0.691265221827882,-0.005642574671617218,0.16442614406852218
golvatinib,0.6621846728295461,0.6722255800683631,0.01004090723881701,0.1660335198542422
roquinimex,0.8867539902880331,0.9018126820567843,0.015058691768751187,0.1660335198542422
diaveridine,1.1482942920495083,1.1265299202801395,-0.02176437176936874,0.1660335198542422
ambazone,0.46634080443228637,0.4463242051043758,-0.020016599327910556,0.167652685629733
7-hydroxystaurosporine,0.5213943680099645,0.5113199016348996,-0.010074466375064928,0.16928368246516845
satraplatin,0.8428606641426589,0.8075925016842787,-0.03526816245838027,0.16928368246516845
rutin,1.2190797084799547,1.202846082834813,-0.016233625645141636,0.16928368246516845
tezacaftor,1.5146532839263207,1.5337080453760414,0.019054761449720736,0.17092655106965116
oxprenolol,0.6807080112679669,0.6604628739386145,-0.020245137329352403,0.1725813317851682
pfk-015,0.894515849388852,0.9068205674069785,0.012304718018126493,0.1725813317851682
clobetasol-propionate,0.8389833791072845,0.8046391024873717,-0.034344276619912795,0.17424806458054143
oleanolic-acid,1.3623479869111936,1.376377140074514,0.014029153163320318,0.17424806458054143
azd5438,0.7477462022235037,0.7527311564110721,0.004984954187568391,0.17592678904537762
spermine,1.3219025516168041,1.3424064249694088,0.020503873352604618,0.17932036940947638
digitoxin,0.9812924466027847,0.964891276504355,-0.016401170098429674,0.17932036940947638
gsk461364,1.0177706377529405,0.9899045813522144,-0.027866056400726147,0.18103530253740485
mln-8054,0.4448864787856172,0.458103382853484,0.013216904067866797,0.18103530253740485
psb-1115,0.9103829650829733,0.8741396183915819,-0.0362433466913914,0.18103530253740485
rg108,1.5257353222718537,1.545981289671052,0.020245967399198372,0.1827623817800249
nvp-aew541,1.0964399144920833,1.0771291691436367,-0.01931074534844668,0.1827623817800249
tak-901,0.6077849737567237,0.593674224506601,-0.014110749250122678,0.1827623817800249
lomitapide,0.5917418802018227,0.6254218758151235,0.03367999561330082,0.1880168701399133
metyrapone,1.4039229808411677,1.3960852895811189,-0.007837691260048851,0.189792905683422
p5091,0.9344390073595729,0.913930673897217,-0.02050833346235581,0.189792905683422
cnx-774,1.4333884462241675,1.4131285082068517,-0.02025993801731585,0.1915812711397965
tetrahydropapaverine,0.8428635285112424,0.8659203154188261,0.023056786907583726,0.1915812711397965
morin,1.3619180229987384,1.3366078273746507,-0.02531019562408776,0.19338200197382494
zaleplon,1.1175274324814621,1.0954681793226395,-0.022059253158822623,0.19519513320462045
av-412,0.8948222094290755,0.883531230281451,-0.011290979147624558,0.19519513320462045
amg-208,2.742788379887715,2.711881715275798,-0.030906664611916934,0.19519513320462045
as-1949490,0.6519978051293305,0.6283123887601062,-0.023685416369224277,0.19885873466854498
chlorpyrifos,0.7896198150039322,0.8088389143626039,0.01921909935867172,0.19885873466854498
bms-707035,0.43585723050677494,0.40492124868671003,-0.030935981820064906,0.19885873466854498
pheniramine,1.2396611303852862,1.2569291268049516,0.017267996419665366,0.20070927265748462
xanomeline,1.0887419575788695,1.0666752720592538,-0.02206668551961566,0.20070927265748462
cct137690,0.8362463187064649,0.8181446681777023,-0.01810165052876267,0.2025723465428414
vanoxerine,0.8518890307062607,0.8561927708571386,0.004303740150877977,0.2025723465428414
abt-737,1.6980158216719823,1.67893959156585,-0.01907623010613224,0.2025723465428414
digoxigenin,0.8585662125042263,0.865794589323865,0.007228376819638727,0.2025723465428414
mefexamide,0.9307162330529405,0.9129954944714543,-0.01772073858148615,0.20444798902540096
oxaliplatin,1.0040390402509567,1.0175880802903294,0.01354904003937274,0.20444798902540096
pirenperone,1.212550010761121,1.2039002768308107,-0.00864973393031021,0.20444798902540096
aphidicolin,0.09131350131189513,0.07900602240500056,-0.01230747890689457,0.20444798902540096
filanesib,0.8744612844882151,0.8916996885808947,0.017238404092679516,0.2063362323243666
tipranavir,1.080597976901572,1.0949782589263033,0.014380282024731184,0.2063362323243666
narasin,0.5010154462089772,0.4864438549304726,-0.014571591278504603,0.21015064780479054
etoposide,1.2291212570894043,1.2505362779346108,0.02141502084520641,0.21015064780479054
pha-680632,0.8351030310036559,0.8245397055183254,-0.010563325485330455,0.21207688196334729
octenidine,0.6940612457414119,0.6843138152353586,-0.009747430506053312,0.21207688196334729
poziotinib,0.46261406116610215,0.4437379013236156,-0.01887615984248653,0.21207688196334729
torin-1,0.4439638238970355,0.43512358983777755,-0.008840234059257934,0.2140158408806997
cisplatin,1.2387245557778288,1.2166832382655746,-0.022041317512254244,0.21596755427932102
niridazole,2.1199526894378136,2.1388237556527403,0.018871066214926735,0.21596755427932102
ggti-298,1.251328797135425,1.2642880816542283,0.012959284518803349,0.21793205136468807
vincamine,1.355357342878886,1.3303676556618294,-0.024989687217056744,0.22189951079756087
fludroxycortide,0.675379168967794,0.6620256188524414,-0.013353550115352664,0.22189951079756087
cyproheptadine,1.554442348656869,1.5334469837254552,-0.02099536493141385,0.22189951079756087
venetoclax,0.5968583157997389,0.5663382138822401,-0.030520101917498765,0.22189951079756087
givinostat,0.5432855263672073,0.535147134346753,-0.0081383920204543,0.22390252891857265
eptifibatide,1.1319806501940388,1.1414781315973674,0.009497481403328623,0.22390252891857265
clofoctol,1.004468955798593,0.9953302707580115,-0.009138685040581573,0.22390252891857265
tyrphostin-ag-99,1.197057693080008,1.1843031255261878,-0.012754567553820317,0.22390252891857265
er-27319,0.9294447095018404,0.922825067307095,-0.006619642194745423,0.2259184422617656
pepstatin,0.8143324087698964,0.7956843361465982,-0.018648072623298262,0.2259184422617656
fenretinide,1.2715469565111257,1.2581480851197513,-0.013398871391374412,0.2259184422617656
colistin-b-sulfate,0.791742139655346,0.7622296544155357,-0.029512485239810315,0.2259184422617656
atorvastatin,0.7549756024829982,0.7340938630147716,-0.02088173946822658,0.2259184422617656
niclosamide,0.848532402932067,0.8595111998604743,0.010978796928407308,0.22794727736043985
metaraminol,0.5100149145147607,0.504376563939047,-0.005638350575713713,0.22794727736043985
bms-387032,0.7073791838778125,0.6998998349942106,-0.007479348883601911,0.22794727736043985
cyromazine,0.9265897787326267,0.9519672754823846,0.025377496749757866,0.22794727736043985
altretamine,0.7984731812837583,0.7774739711729223,-0.020999210110836053,0.22794727736043985
erythritol,1.2223441720019557,1.2413011561632783,0.018956984161322632,0.22998906019617593
clebopride,0.028060282888258778,0.01458144719533857,-0.013478835692920207,0.23204381619312808
quinethazone,1.9878296945521279,1.9594451952113103,-0.02838449934081755,0.23411157021234608
bntx,0.9327607298006885,0.9382170828617994,0.005456353061110919,0.23619234654612087
tipifarnib,1.212114762951555,1.194308061181186,-0.017806701770368916,0.23828616891236032
nitisinone,1.3665473834713453,1.382886118535661,0.0163387350643156,0.24039306044899245
srt1720,0.8930178791506234,0.9036441700256984,0.01062629087507505,0.2425130437083982
mk-8745,0.7790524564878784,0.7899914779253363,0.010939021437457952,0.24464614065187662
sevoflurane,1.0832005058174883,1.1070716002915468,0.023871094474058552,0.24464614065187662
benfotiamine,0.6965476113132841,0.6798531847002663,-0.016694426613017788,0.2467923726441391
sb-218795,1.4973372932898181,1.4688701000403799,-0.02846719324943825,0.2467923726441391
clonazepam,1.4003229164232551,1.4059697893292522,0.00564687290599708,0.2489517604478383
tosedostat,0.6274592158743917,0.6016221291967561,-0.025837086677635623,0.2489517604478383
etp-46464,0.8501197637089699,0.8406233028174019,-0.00949646089156797,0.2489517604478383
osimertinib,0.7485612220035626,0.7550307987981163,0.006469576794553733,0.2511243242181296
sclareol,1.1629151836213103,1.1911787187238507,0.028263535102540427,0.2511243242181296
fenaclon,0.31854664149413037,0.30272576764935255,-0.015820873844777816,0.25550905720923656
sb-200646,0.7999908268997301,0.8250031056832172,0.025012278783487107,0.25994672050431056
ban-orl-24,1.6815101414721434,1.6591172332060165,-0.022392908266126943,0.26218544479624095
fenoprofen,0.48352371783067394,0.49479588099051175,0.011272163159837811,0.264437452928181
sonidegib,0.9409353952226716,0.9459052147517335,0.004969819529061947,0.2667027606535556
unbs-5162,1.3484889502063995,1.3334111619052085,-0.015077788301190997,0.26898138307610875
costunolide,1.201819431258714,1.1801261839502837,-0.021693247308430363,0.26898138307610875
combretastatin-a-4,1.5066093172803134,1.4642376665323245,-0.04237165074798899,0.26898138307610875
pf-04136309,0.6606850052397445,0.6743588903556689,0.013673885115924378,0.27127333464481285
tenovin-6,0.7704373830147637,0.7796268809342827,0.009189497919518952,0.27127333464481285
linalool,0.5302187464142603,0.5194245638460955,-0.010794182568164779,0.2735786291488178
nicorandil,1.7051106215799094,1.7269620477643282,0.02185142618441871,0.2735786291488178
sb-218078,0.8637136704799655,0.8449675529540311,-0.018746117525934358,0.27589727971244626
trimebutine,0.6187882087571223,0.5901982178646614,-0.028589990892460837,0.27589727971244626
chicago-sky-blue-6b,0.8092696077150986,0.824527795856358,0.015258188141259454,0.28057469816200786
prazosin,1.5409113358211768,1.5603526580020286,0.019441322180851817,0.2829334889280355
bms-626529,1.1984560740916825,1.1862785478577977,-0.012177526233884794,0.2829334889280355
masitinib,1.6351137735834185,1.6136516283147657,-0.021462145268652755,0.28530568150418867
pevonedistat,0.587590391814983,0.5723895850171957,-0.015200806797787236,0.2876912856171808
alvespimycin,1.2155840535732407,1.235743554033524,0.020159500460283253,0.2876912856171808
sirolimus,0.6489990602418859,0.6420917942357873,-0.006907266006098589,0.2876912856171808
pha-793887,1.3918631276600044,1.4150273212462698,0.023164193586265425,0.29009031029984644
triclabendazole,1.0879773724110644,1.0775131497768309,-0.010464222634233522,0.29009031029984644
crystal-violet,0.6208647723265408,0.606297009492247,-0.01456776283429384,0.29009031029984644
cudc-101,1.3422930583135386,1.3262419454553211,-0.016051112858217476,0.29009031029984644
dovitinib,0.6835781165520449,0.6658901750573091,-0.017687941494735848,0.29250276388646956
ly2334737,0.9194759734443807,0.9271534317937189,0.007677458349338195,0.29250276388646956
tetrandrine,0.5287660328473204,0.5343708751115916,0.00560484226427127,0.29736798758832195
jnj-26481585,0.022249502503427332,0.03586743434568349,0.01361793184225616,0.29736798758832195
temazepam,0.7281606525004256,0.7345708090122297,0.006410156511804099,0.2998207708380728
barasertib,0.7066420857726614,0.6964072836284295,-0.010234802144231891,0.3022870092518565
azd2858,0.6367383653884615,0.6226274880913116,-0.014110877297149882,0.3022870092518565
mibefradil,-0.20901237811540357,-0.19339719555981005,0.01561518255559352,0.3022870092518565
abt-751,0.8777963479439396,0.8721909604656761,-0.005605387478263446,0.3022870092518565
naftifine,1.7515452666488032,1.7328236089329212,-0.018721657715881967,0.3047667076030053
tideglusib,0.9593362133709995,0.9721929577186647,0.01285674434766515,0.307259869939403
mechlorethamine,0.44312728709986915,0.4566170081930597,0.013489721093190576,0.307259869939403
latanoprost,1.6272816835949349,1.6002512256739707,-0.027030457920964146,0.307259869939403
dronedarone,0.9038720629498392,0.8976730255462207,-0.00619903740361849,0.3097664995791958
gefitinib,1.1170372326997073,1.0992023315320518,-0.017834901167655515,0.3097664995791958
olaparib,1.8690108015476603,1.8537357834718524,-0.015275018075807889,0.31228659910656253
ly303511,1.6791662347198473,1.6629855873761357,-0.016180647343711607,0.31228659910656253
homoquinolinic-acid,1.4254260799345178,1.4485311730716315,0.02310509313711373,0.31228659910656253
hyoscyamine,0.9345585611001735,0.9455965404673129,0.01103797936713935,0.31228659910656253
4-pyrimidinecarbonitrile,0.9895531815195354,0.9657560477735909,-0.0237971337459445,0.3148201703675443
at-9283,0.23181037926427958,0.20892050574232973,-0.02288987352194985,0.3148201703675443
famotidine,0.6446006115050711,0.6602172111536119,0.015616599648540785,0.3148201703675443
istradefylline,0.6060714646417652,0.5942449840368824,-0.011826480604882783,0.3148201703675443
tg-100572,1.0062900776277888,1.0113752520603894,0.005085174432600592,0.31736721446593374
fenofibrate,1.6680637398451588,1.6494560508132414,-0.01860768903191734,0.31736721446593374
demecarium,1.714564223817842,1.6994652453472852,-0.015098978470556856,0.32250172185462345
cyt-997,1.0233552901722147,1.012946298312691,-0.01040899185952382,0.33293237592337654
sb-228357,1.024481851374675,1.039570405246554,0.015088553871879018,0.33293237592337654
atenolol-(-),2.006250856975794,1.9835926538823994,-0.022658203093394613,0.33293237592337654
a-803467,1.3859480431365343,1.3687201386934786,-0.017227904443055664,0.3355736976061964
bafetinib,0.9927589942760195,0.9796008572756784,-0.013158137000341186,0.3355736976061964
tacedinaline,0.6739529308335963,0.6682230226757929,-0.005729908157803387,0.33822847376302234
stattic,0.8432952223839806,0.8369772509323626,-0.006317971451617943,0.3408966986427636
cilostamide,1.377587901682301,1.3674417740360134,-0.010146127646287528,0.3408966986427636
drospirenone,0.5007705244979694,0.5129859524238585,0.012215427925889033,0.3408966986427636
ftorafur,0.6455888523441278,0.658290535984509,0.012701683640381267,0.3435783657144673
halofuginone,0.4352265370399399,0.4422046209956659,0.006978083955725967,0.34627346766392586
aeg3482,2.0950013011986677,2.080691532996179,-0.014309768202488637,0.34627346766392586
alvocidib,0.9174598622768122,0.904489838840762,-0.012970023436050249,0.34627346766392586
naftidrofuryl,1.297451383981326,1.3087694177621594,0.011318033780833403,0.34627346766392586
nithiamide,1.0157674418449865,0.996509938454634,-0.01925750339035248,0.34627346766392586
dicycloverine,0.3215973367892888,0.3347911025876202,0.01319376579833137,0.351703943003139
a61603,0.6218944677584348,0.610127794147449,-0.011766673610985823,0.351703943003139
chlorambucil,1.368314734698628,1.3552554957410168,-0.013059238957611186,0.3571880503571757
azd8931,0.5637595702762175,0.5565174401745883,-0.007242130101629218,0.3571880503571757
parthenolide-(-),0.9935428845647677,0.9851895524304826,-0.00835333213428513,0.3571880503571757
tiotidine,1.8703725392726727,1.8816653239973926,0.011292784724719951,0.35995018933980705
dichlorvos,0.679930112536907,0.695211005736824,0.01528089319991699,0.3655145775084594
azomycin-(2-nitroimidazole),1.5341186832930744,1.527086868877445,-0.007031814415629389,0.3655145775084594
chidamide,0.7865658621769502,0.7793292057959625,-0.007236656380987694,0.36831680011472134
echinomycin,0.23206470349519864,0.23851130743296806,0.006446603937769413,0.36831680011472134
pf-4981517,2.1115386175959525,2.1022461600000906,-0.009292457595861947,0.37113235600004113
iproniazid,0.5318012295191293,0.5034044273614786,-0.028396802157650725,0.37113235600004113
nsc-3852,0.3837418376132234,0.39532375694250854,0.01158191932928515,0.37396122984692926
vinorelbine,0.8286859234265694,0.8370323242806705,0.0083464008541011,0.37396122984692926
peruvoside,0.8530768620522619,0.8486076712171985,-0.0044691908350633636,0.37396122984692926
fluoromethylcholine,0.8413684507094302,0.8373407146344203,-0.004027736075009947,0.37680340552213887
nms-873,0.6581793708962729,0.6651640882210755,0.006984717324802658,0.37680340552213887
marimastat,0.8661350934957238,0.8662227172752831,8.762377955928713e-05,0.379658866074169
zln005,0.6080232404411672,0.5953943432248603,-0.012628897216306889,0.379658866074169
skepinone-l,1.699716312231704,1.6766230352433118,-0.023093276988392253,0.382527593730847
caffeic-acid-phenethyl-ester,0.764249843142638,0.7526499484305541,-0.011599894712083891,0.382527593730847
p276-00,0.9345595937945078,0.9276208118225239,-0.006938781971983943,0.3854095698969925
bay-11-7085,0.828212892604753,0.8211250440832705,-0.007087848521482476,0.3912131892484727
cp-673451,0.8871562939461577,0.8636035440070587,-0.02355274993909895,0.3912131892484727
axitinib,0.9689481966749489,0.9635188204639497,-0.005429376210999259,0.394134791108515
ly456236,1.4177348145822426,1.3998299372438285,-0.01790487733841406,0.394134791108515
thioguanine,0.6488426529055125,0.6538724636213116,0.00502981071579911,0.39706955882333983
bentazepam,0.9850753150950765,0.9808541590883321,-0.004221156006744442,0.39706955882333983
idronoxil,1.2453777112437454,1.2378003099716501,-0.007577401272095274,0.40001746965053653
captamine,1.1391661372877009,1.1179475300563286,-0.021218607231372255,0.40001746965053653
3'-fluorobenzylspiperone,0.8670052714592177,0.8481281478632529,-0.01887712359596483,0.4029785000123902
ranitidine,1.173037790347363,1.1633018251631648,-0.00973596518419817,0.4029785000123902
triamcinolone-acetonide,0.025876025064555594,0.0038042832057948255,-0.02207174185876077,0.4029785000123902
oltipraz,0.922481191149441,0.9271710707581227,0.004689879608681613,0.405952625494129
nvp-auy922,0.4799482779320863,0.49291021727453205,0.012961939342445772,0.405952625494129
gtp-14564,1.6419423031444085,1.6448953452211759,0.002953042076767387,0.405952625494129
abt-702,0.5573461085218985,0.5478666976827182,-0.009479410839180247,0.405952625494129
selinexor,0.776526053584669,0.7843782576553479,0.007852204070678881,0.4089398208422509
erdafitinib,0.5862456221299297,0.5780449759439821,-0.008200646185947624,0.4089398208422509
sb-225002,0.8531534987471477,0.8442973559628919,-0.008856142784255838,0.4119400599629428
isoxsuprine,1.216846803241349,1.207641176929457,-0.009205626311892035,0.4149533159205818
lanoconazole,0.9870597065071812,1.0001677221098215,0.0131080156026403,0.4149533159205818
hypoestoxide,1.0966481941858017,1.107523286772783,0.010875092586981383,0.4149533159205818
erteberel,1.3072410070226048,1.2934336189949818,-0.013807388027623047,0.421018766386798
zm-306416,0.343115981073761,0.3272551627683978,-0.015860818305363233,0.421018766386798
leucovorin,0.8609400458765646,0.8728029160352696,0.011862870158705019,0.421018766386798
busulfan,1.4050730127772075,1.384549663745684,-0.02052334903152353,0.4240709028028403
hexylresorcinol,1.036352423317182,1.0503020226331714,0.013949599315989492,0.4240709028028403
estramustine-phosphate,1.8015706139183663,1.8122975104988812,0.010726896580514955,0.43640813907605946
tws-119,0.8886045304178215,0.8774533943990415,-0.011151136018780039,0.43640813907605946
atenolol-(+/-),0.6306121563378267,0.620001735550104,-0.010610420787722785,0.43952445860557077
ro-106-9920,0.9134491990484984,0.9085344427130575,-0.004914756335440917,0.43952445860557077
odanacatib,1.0715973013564921,1.0688297808067238,-0.0027675205497683653,0.43952445860557077
tmc-353121,1.2738200628328122,1.2774422138266879,0.003622150993875639,0.44265351446675216
ldn-57444,1.0818918222143208,1.075699836543678,-0.006191985670642719,0.44265351446675216
fli-06,1.0034038513514012,1.0136970244551173,0.010293173103716136,0.44265351446675216
prednisolone-tebutate,1.6865586582878223,1.7008471720960108,0.014288513808188519,0.4457952712430703
vu0364770,1.021231485720442,1.0136631058481467,-0.0075683798722954165,0.4457952712430703
niraparib,0.8983292616499109,0.9064847555611847,0.008155493911273792,0.4457952712430703
sib-1757,0.8244569349597811,0.8357551863821979,0.011298251422416805,0.4457952712430703
oleoylethanolamide,1.1188764192883425,1.1028801875766647,-0.015996231711677744,0.4457952712430703
doxifluridine,1.193761301490915,1.2043723805294448,0.01061107903852987,0.4457952712430703
mk-3207,1.1567343442832754,1.1665106896551847,0.0097763453719093,0.4457952712430703
rn-1734,1.056518036479841,1.0652133213298367,0.00869528484999571,0.44894969266560636
pazopanib,0.9988343256552732,0.9848211635340415,-0.014013162121231715,0.44894969266560636
ro-10-5824,1.3276453120043064,1.3408197274878404,0.013174415483534041,0.44894969266560636
ly2183240,1.469539255101103,1.4592366013461624,-0.01030265375494066,0.45211674161264537
naloxone,1.3937913964896835,1.3745036091091034,-0.019287787380580124,0.4584885693275641
ciprofibrate,0.37857067566739855,0.3952699912164621,0.016699315549063565,0.4584885693275641
oprozomib,0.5424027020870876,0.5370479062442945,-0.005354795842793081,0.4649104403483866
proscillaridin-a,0.10538745755789213,0.11181959204754631,0.006432134489654184,0.4649104403483866
fluorometholone,1.5902871636604203,1.5779097596849843,-0.012377403975436074,0.468140040227244
racecadotril,0.3883104106012469,0.40029877148266013,0.011988360881413251,0.47138202698029974
methylphenidate,2.4025869841478946,2.3922560840701133,-0.010330900077781369,0.4746363575126108
pf-04217903,0.31046431547651765,0.32443868940134185,0.013974373924824202,0.47790298787653596
artemisinin,0.9348861580447249,0.9258356016137855,-0.009050556430939327,0.47790298787653596
nilotinib,1.0412129293374104,1.028249209790154,-0.01296371954725628,0.47790298787653596
pd-98059,0.8383339561260705,0.8284595783677968,-0.009874377758273711,0.48447296804792384
teniposide,0.6931018562065134,0.6881162690352551,-0.004985587171258299,0.48447296804792384
latrepirdine,1.3269048013778084,1.3222901937536609,-0.00461460762414756,0.48447296804792384
y-320,0.051317573209418654,0.03542634975738391,-0.015891223452034746,0.4877762257010806
nintedanib,0.9339048272272752,0.92446018033194,-0.009444646895335196,0.4877762257010806
ly2784544,0.7467844069869678,0.7497284516617708,0.002944044674803026,0.49109159887860976
sorafenib,1.8069636389619022,1.7992839124781093,-0.0076797264837928925,0.49441903937795906
jzl-184,1.0364170461252828,1.050739937169735,0.014322891044452168,0.49441903937795906
pyritinol,0.9668079439680658,0.974100289373356,0.007292345405290224,0.497758498147991
tryptanthrin,0.6246325619660998,0.6109722142620782,-0.013660347704021691,0.497758498147991
cp-724714,0.6474129102798826,0.6461941774381569,-0.0012187328417256893,0.497758498147991
4-methylhistamine,0.9058887430931624,0.8918391475655799,-0.014049595527582448,0.5011099252900111
equol,1.029577522258405,1.021102697648918,-0.008474824609487008,0.5011099252900111
estradiol,0.830597383637296,0.8352172919291513,0.004619908291855324,0.5011099252900111
enzalutamide,1.4847812000138263,1.4721284868377449,-0.01265271317608141,0.5011099252900111
spironolactone,0.8858663996390091,0.8905141804483958,0.004647780809386659,0.5078484808643027
gossypol,0.63598649889889,0.6396510248349827,0.0036645259360926774,0.5112355052720214
inh1,1.12904972470412,1.109197733452064,-0.019851991252056056,0.5112355052720214
vincristine,1.4042405176597372,1.4185172375840376,0.014276719924300352,0.5146342900053671
dianhydrogalactitol,1.804908421839663,1.7922939416304786,-0.01261448020918432,0.5146342900053671
fk-866,1.1262594970687958,1.13243229396268,0.00617279689388428,0.5180447809467149
cefpiramide,0.5093555729272788,0.5211317202322147,0.011776147304935813,0.5180447809467149
way-170523,0.7502630462866116,0.7451855861012375,-0.0050774601853740275,0.5214669231391167
ly364947,0.9422386475377942,0.9189519767864669,-0.023286670751327287,0.5214669231391167
pindolol,1.3498988022978977,1.340113281200684,-0.009785521097213756,0.5214669231391167
clomifene,0.31842176893322854,0.3152058933798056,-0.0032158755534229533,0.5283459372630874
levobunolol,1.4752427714688254,1.4654036752565527,-0.009839096212272747,0.5283459372630874
oxiracetam,1.3785836251907668,1.3741725687795554,-0.0044110564112114226,0.5352708760030304
clenbuterol,1.3674018156275098,1.3784367884630537,0.011034972835543888,0.5352708760030304
albendazole,0.9354777529975437,0.9219512849685693,-0.013526468028974392,0.5387504208460534
sodium-tanshinone-ii-a-sulfonate,1.7530980852389901,1.7618568102223404,0.008758724983350286,0.5387504208460534
protirelin,1.5474870346421647,1.5578512550381063,0.010364220395941537,0.5457433617139512
vismodegib,0.8139575340743658,0.8194306659977701,0.005473131923404373,0.5527810281894441
azathioprine,0.985687722837083,0.9965802371942917,0.010892514357208727,0.5527810281894441
beta-naphthol,0.858064157536937,0.8506621931466307,-0.00740196439030627,0.5527810281894441
ldn-212854,0.7420717127513954,0.743733979091054,0.0016622663396586024,0.5563164769660341
8-hydroxy-pipat,1.4601917337836083,1.4515949652919404,-0.008596768491667905,0.5563164769660341
ciclesonide,0.46754470135857196,0.4557139077560238,-0.011830793602548184,0.5598629176345893
paclitaxel,1.1993347174491864,1.1822337878405578,-0.017100929608628634,0.5634202853287924
metoxibutropate,1.9934582325261097,2.0010533605587284,0.007595128032618748,0.5669885143731064
cytarabine,1.1471300660187398,1.141054654376588,-0.006075411642151751,0.5669885143731064
propranolol,0.5935693997085281,0.5811763810406139,-0.012393018667914202,0.5669885143731064
kenpaullone,-0.06796389213061489,-0.08278504017759641,-0.014821148046981522,0.5777577007769755
pd-168393,0.8469396857568099,0.8498119950754052,0.0028723093185952786,0.5813687023894443
bis(maltolato)oxovanadium(iv),1.5309243984656968,1.5360253591388109,0.005100960673114052,0.5849902249449086
ganetespib,0.6835494408129077,0.689216008508126,0.005666567695218339,0.5886221979792186
ginkgolide-a,1.7262837563377238,1.7086361583341176,-0.017647598003606157,0.5886221979792186
iowh032,0.7256095653882765,0.7192447390024366,-0.006364826385839906,0.5886221979792186
arry-334543,0.5759395812633917,0.5816470117875673,0.00570743052417555,0.5922645502421626
acipimox,0.525958423459505,0.516904232880679,-0.00905419057882606,0.5922645502421626
bexarotene,0.7625892383668099,0.7661329323149672,0.003543693948157234,0.5922645502421626
palomid-529,1.3420829820933875,1.351492851806946,0.009409869713558505,0.5922645502421626
norethindrone-acetate,1.0258006492913347,1.01467477209633,-0.011125877195004685,0.5922645502421626
tc1,1.0094660061094773,1.0118850698796142,0.0024190637701368978,0.5959172097011677
sobetirome,0.13898756858365918,0.14952756540616666,0.010539996822507475,0.5959172097011677
navitoclax,1.0306976306363984,1.0261121259320456,-0.004585504704352816,0.5995801035451014
levocetirizine,1.4100798342849747,1.4020291462061514,-0.008050688078823365,0.5995801035451014
talmapimod,1.3371706730418764,1.347968327200688,0.01079765415881151,0.5995801035451014
usniacin-(+),-0.026593737274346444,-0.03938778140652007,-0.012794044132173627,0.5995801035451014
vx-702,0.804115225135978,0.8170762177332794,0.012960992597301435,0.6032531581881675
ziprasidone,0.8270516354706676,0.8126688386985711,-0.014382796772096529,0.6032531581881675
fenbendazole,0.7328062071545741,0.7403108057953245,0.007504598640750371,0.6069362992739022
bosentan,1.1331988511101605,1.1440275882313655,0.010828737121205023,0.6069362992739022
clocortolone-pivalate,1.392391015407276,1.4122905927546765,0.019899577347400443,0.610629451679265
warfarin,0.5982692199410811,0.587978239792364,-0.0102909801487171,0.610629451679265
canrenone,0.5577084701911972,0.5655455355932691,0.007837065402071963,0.610629451679265
nelarabine,1.5137199895362579,1.531470589552299,0.01775060001604123,0.610629451679265
motesanib,0.8081151033242006,0.8107792360432644,0.0026641327190638497,0.610629451679265
fk-3311,1.0955867213552462,1.0885267369200236,-0.007059984435222599,0.610629451679265
sevelamer,1.4168680721432692,1.421595194051542,0.004727121908272958,0.6143325395188275
2'-meccpa,1.3511795329402725,1.3752572893348747,0.02407775639460219,0.6143325395188275
toremifene,1.1703666285662122,1.1748735425919203,0.004506914025708131,0.6143325395188275
nvp-tae684,1.1008166005942366,1.0974732180342777,-0.0033433825599589184,0.6143325395188275
pd-318088,1.1428634326066336,1.130002455348577,-0.012860977258056572,0.6180454861490585
"l-798,106",1.7302170342157956,1.7180318428677885,-0.012185191348007107,0.621768214172705
triciribine,0.5392638060886612,0.5457869713840369,0.006523165295375666,0.6292427010695769
wp1130,0.7429576163743877,0.7464530785276692,0.003495462153281448,0.6292427010695769
acetylcysteine,0.5585062485127804,0.5533429295538651,-0.005163318958915308,0.6329943014204531
mericitabine,1.0403202009397279,1.0552163009619953,0.014896100022267378,0.6367553661294741
carmofur,0.8484901011217048,0.8487233904767482,0.00023328935504340897,0.6367553661294741
pfi-1,1.0061819011232365,1.008829761444943,0.0026478603217066077,0.6405258140998287
at7867,1.414722495701142,1.405137520008929,-0.009584975692212838,0.6405258140998287
mgcd-265,1.259941444456664,1.253681299493549,-0.006260144963115,0.6405258140998287
vs-4718,1.133389424291086,1.1232609478719235,-0.01012847641916248,0.6443055635092654
1-azakenpaullone,2.092406077448091,2.082675635925719,-0.009730441522372235,0.6443055635092654
estrone,1.2174973831728486,1.2342577802903991,0.016760397117550507,0.6480945318151363
tipiracil,0.8081940771636557,0.8135432461234804,0.005349168959824735,0.6518926357595312
pranidipine,1.8163249985437988,1.824917436924716,0.008592438380917278,0.6556997913745061
carboxyamidotriazole,0.6762349994531272,0.6693952793965458,-0.0068397200565814,0.6633409182262564
proflavine-hemisulfate,0.9858382408424972,0.989945705635684,0.004107464793186799,0.6633409182262564
piretanide,0.8916780959832212,0.8976405445857621,0.005962448602540915,0.6633409182262564
uric-acid,0.9705617010336034,0.9726678605647386,0.0021061595311352432,0.6671747180253035
securinine,1.5127958160236665,1.5020589463418732,-0.010736869681793326,0.6671747180253035
ubenimex,1.4771777360833118,1.4739547626782346,-0.0032229734050772674,0.6671747180253035
ikk-16,0.9177859489597412,0.9209020209148095,0.0031160719550683558,0.6671747180253035
benzyldimethylhexadecylammonium,1.4499561395888945,1.44752990901442,-0.0024262305744744417,0.6710172266305665
cx-5461,0.9096099114844045,0.912154546211967,0.0025446347275625003,0.6710172266305665
parachlorophenol,0.9518126096095224,0.9505020555944885,-0.0013105540150338824,0.6710172266305665
florfenicol,1.0437350417683804,1.0520127562197985,0.008277714451418117,0.6748683566055386
mubritinib,0.18619508510275426,0.18231162057277567,-0.003883464529978592,0.6748683566055386
cibenzoline,1.515535220413691,1.5186597354829339,0.003124515069242939,0.6748683566055386
icotinib,0.603995326302011,0.6061591378751467,0.002163811573135721,0.6787280198369526
tms,0.8734124133246781,0.8769185100633069,0.0035060967386287833,0.6825961275406403
amoxicillin,1.0909134296088507,1.079191063137939,-0.011722366470911627,0.6825961275406403
gdc-0941,0.5060734256740145,0.5096689603412664,0.0035955346672519317,0.6864725902674774
gsk2656157,0.10074530795392665,0.10556674290613578,0.00482143495220913,0.6903573179094186
riboflavin,1.4265356606991217,1.4187156465712405,-0.007820014127881247,0.6903573179094186
napabucasin,0.7467550213888793,0.7429889768979306,-0.003766044490948639,0.6903573179094186
minocycline,1.4299029936538783,1.413586727476813,-0.016316266177065275,0.6903573179094186
nobiletin,0.6407845983610594,0.643713136772171,0.0029285384111116253,0.6942502197056157
crizotinib-(s),0.8722408735741134,0.8705408624033012,-0.001700011170812199,0.6942502197056157
flutamide,1.1751825365854034,1.1860745349234714,0.010891998338067976,0.6942502197056157
mepivacaine,1.289822999318199,1.2843477741332998,-0.0054752251848992906,0.6942502197056157
telotristat-ethyl,0.9406853131646749,0.9453538175824715,0.004668504417796648,0.6981512042486251
artesunate,1.1532897734291057,1.158852261878519,0.0055624884494134275,0.6981512042486251
bendamustine,0.7601225101875643,0.7550907877659357,-0.005031722421628526,0.6981512042486251
adarotene,0.8257705210796071,0.8238620476387329,-0.0019084734408741921,0.7020601794906967
bromosporine,1.3737624066730518,1.3766090689902646,0.002846662317212756,0.7059770527501512
oxazepam,0.9674651266750313,0.9605858041607634,-0.006879322514267816,0.7099017307178372
pf-573228,1.1605598383136921,1.1683170107841054,0.007757172470413298,0.7138341194636751
panobinostat,0.6818934783564949,0.6746589036591877,-0.007234574697307261,0.7177741244432797
estramustine,1.0191383790126887,1.019224195779889,8.581676720043063e-05,0.7177741244432797
dolutegravir,0.5131867820751382,0.5096188545831013,-0.0035679274920369375,0.7177741244432797
pyrimethamine,1.031576131364868,1.0292391646439478,-0.0023369667209200973,0.7217216505046669
ramifenazone,1.1157640815274934,1.1191015690000268,0.0033374874725333736,0.7217216505046669
meglitinide,1.3171974717949484,1.313398293460945,-0.00379917833400345,0.7256766018950396
ethacridine-lactate-monohydrate,0.692891200910544,0.6937401776666505,0.000848976756106512,0.7256766018950396
regorafenib,1.103725208215867,1.0953687021688143,-0.008356506047052736,0.7256766018950396
sodium-glucoheptonate,1.1194290136793508,1.1094412901813044,-0.00998772349804633,0.7296388822676549
repaglinide,1.3208542161583228,1.311099502199118,-0.009754713959204686,0.7336083946887688
temocapril,1.4016717763403346,1.404403641569084,0.0027318652287493528,0.7336083946887688
doxycycline,0.8126458101854915,0.8092292586784067,-0.003416551507084864,0.7336083946887688
fdcyd,0.25490582309155246,0.2535487242747643,-0.0013570988167881382,0.7336083946887688
sulfasalazine,0.44219845236166705,0.4552133868502012,0.013014934488534136,0.7375850416446604
cyclovalone,0.775326311032893,0.7735777885187323,-0.0017485225141606886,0.7415687250487331
novobiocin,0.8289924677583476,0.8416079888838165,0.012615521125468931,0.7415687250487331
frentizole,1.0100793454455104,1.0161542989244001,0.006074953478889755,0.7415687250487331
metatinib,0.5922343797324499,0.5957972102758073,0.003562830543357487,0.7455593462486922
zardaverine,1.0315084794494016,1.028617203777963,-0.0028912756714385424,0.7455593462486922
azd5363,0.9981960531693964,1.0007680107238064,0.002571957554409976,0.7495568060337994
pyrithione-zinc,0.40007738713441143,0.40050578681351684,0.00042839967910540677,0.7495568060337994
carboplatin,0.6426312554681837,0.6382818042982217,-0.004349451169961993,0.7535610046422
kw-2478,1.1684560133613429,1.172724453471728,0.0042684401103851854,0.7575718417683268
lovastatin,1.6316837236030346,1.6244114993660785,-0.00727222423695606,0.7575718417683268
tazemetostat,0.7233793675064553,0.7175044293093304,-0.005874938197124813,0.7575718417683268
serdemetan,0.3560449932507263,0.357080795172844,0.0010358019221177184,0.7575718417683268
blebbistatin-(-),1.6277905642010695,1.6329426090019992,0.005152044800929678,0.7615892165703747
abiraterone,0.7564601062974906,0.7536276928388147,-0.0028324134586759087,0.7696431731991833
adefovir-dipivoxil,0.39867123870983096,0.3962918296747623,-0.002379409035068669,0.7696431731991833
gsk650394,0.523733355269398,0.5218138852680319,-0.0019194700013661636,0.7696431731991833
broxaldine,0.7757754286789491,0.7750351214734046,-0.0007403072055445215,0.7736795507294308
guanidine,0.8403385054884939,0.8393031516896076,-0.001035353798886307,0.7777220573580209
mk-0812,0.6001554183474869,0.5999518697216993,-0.00020354862578753075,0.781770589676587
genz-644282,0.33538222129271844,0.3383124825044121,0.002930261211693652,0.781770589676587
licochalcone-a,1.5428894018704604,1.5319909291462517,-0.010898472724208741,0.781770589676587
cep-33779,0.5512085675344847,0.5467012377960052,-0.004507329738479449,0.781770589676587
xl888,0.5475027257760384,0.5508793467160977,0.003376620940059305,0.7858250437868602
amg-232,1.806045430819477,1.799391340939761,-0.006654089879716052,0.7898853153086312
galeterone,0.7726960804494257,0.7745807831779644,0.0018847027285386897,0.7898853153086312
ethinyl-estradiol,1.0660292135427751,1.0515716248411777,-0.014457588701597412,0.7898853153086312
taltirelin,0.7399162921050081,0.7493274979749885,0.009411205869980455,0.7898853153086312
carmustine,0.6456608748625614,0.659160098303394,0.013499223440832542,0.7898853153086312
abemaciclib,0.8738205197879655,0.8751551983835467,0.001334678595581229,0.7939512993877744
bicalutamide,0.8150315013467214,0.816031110721036,0.0009996093743145362,0.7939512993877744
diphemanil,0.8045097023955045,0.807296067467505,0.002786365072000585,0.7939512993877744
tyrphostin-ag-494,0.9329032222592634,0.9242347101619445,-0.008668512097318892,0.7980228907043403
sgi-1027,1.1998638333371172,1.1990899432402067,-0.0007738900969105345,0.8020999834807072
cromakalim,1.1289784308002113,1.134721860469165,0.005743429668953581,0.8061824714897983
tilmicosin,1.2741952129918346,1.2718203370538006,-0.0023748759380339823,0.8102702480633583
trapidil,1.3680871564906925,1.375832179057849,0.007745022567156479,0.8102702480633583
pardoprunox,1.223981009959064,1.2175157323016847,-0.006465277657379254,0.8184612380750531
dpi-201106,0.6864284151963248,0.6876944090070547,0.001265993810729893,0.8184612380750531
flufenamic-acid,1.5127409674179582,1.5097124927611976,-0.0030284746567605936,0.8225642360461135
sr-27897,1.8328674196068488,1.819404993920285,-0.013462425686563861,0.8266720916644589
bms-986020,1.847159634411878,1.8471945870825934,3.4952670715515666e-05,0.8266720916644589
camylofine-chlorhydrate,1.2407340257373067,1.2492806569050134,0.008546631167706709,0.8307846961821632
talazoparib,0.6530412301869775,0.6478583633519901,-0.005182866834987365,0.8307846961821632
midostaurin,0.6893151172445497,0.69225048028179,0.0029353630372402906,0.8307846961821632
ly2608204,0.9631126807054063,0.9638042956597916,0.0006916149543853001,0.8390237149811585
cs-110266,1.0518854569778577,1.0604528336211234,0.008567376643265678,0.8390237149811585
clobutinol,0.9476342580644496,0.946004707866985,-0.0016295501974645799,0.843149909849888
hydroxyurea,0.9949564214163084,0.9910596724708262,-0.003896748945482198,0.843149909849888
polydatin,0.7911566486289678,0.7905291231468569,-0.0006275254821109799,0.843149909849888
gw-3965,1.129968298980245,1.1249904446941588,-0.004977854286086325,0.8472804148103589
forskolin,0.7754019945623615,0.7810593744306636,0.00565737986830217,0.8514151192504492
y-27632,0.8577888160613238,0.8561515903132761,-0.0016372257480476993,0.8514151192504492
tiludronate,1.612664743176674,1.6214793342241047,0.008814591047430653,0.85555391221163
bay-11-7082,0.9564167275725057,0.9571801496142555,0.0007634220417497284,0.8721477384735012
aminoglutethimide,1.56722892274179,1.5703167642877724,0.003087841545982517,0.8721477384735012
adapalene,1.1229497322755966,1.1205460990924552,-0.002403633183141407,0.8721477384735012
maprotiline,0.89879181082668,0.8933924453739159,-0.005399365452764093,0.8804662738553132
sodium-stibogluconate,0.8472994149723738,0.8473236640118109,2.4249039437096442e-05,0.8846305524127387
ym-976,1.0675650971994006,1.0576276545903687,-0.009937442609031955,0.8846305524127387
teroxirone,0.8352081005354702,0.8333389498871561,-0.0018691506483141662,0.8887980204327663
mtpg,1.5306462509068042,1.5364868780778886,0.005840627171084467,0.8929685642461269
lacitol,1.2540634022912078,1.2490159420413594,-0.005047460249848479,0.8971420699283333
norethindrone,0.5991957921532051,0.6017494389190923,0.0025536467658872075,0.8971420699283333
uprosertib,0.6758933564014274,0.675250047308395,-0.0006433090930324514,0.8971420699283333
k-858,0.8814989821197855,0.880938048370618,-0.000560933749167547,0.9013184233090135
carfilzomib,0.6500301831258365,0.6498716211239525,-0.0001585620018840217,0.9013184233090135
tucatinib,0.8298794677782346,0.8313460972826289,0.0014666295043942457,0.9013184233090135
hexachlorophene,0.840466074345158,0.8367923485798151,-0.003673725765342861,0.9013184233090135
fulvestrant,1.8412058747946025,1.839085337650964,-0.002120537143638579,0.9054975099812785
cnx-2006,0.6989100930224885,0.6955554487191186,-0.003354644303369958,0.9054975099812785
sc-12267,1.4798880992850527,1.480763524896833,0.0008754256117802228,0.9054975099812785
mk-2461,0.5214528157401607,0.5090438219049238,-0.012408993835236859,0.9096792153111235
salidroside,1.6593017471419471,1.6523015806559622,-0.007000166485984893,0.9138634244468588
hydrocortisone,0.48863177355717174,0.4919957114531498,0.003363937895978053,0.9180500223285721
mk-2206,0.6166689486885469,0.6155496132773342,-0.0011193354112127851,0.9180500223285721
indiplon,1.5068645332980046,1.5061071257442842,-0.0007574075537204461,0.9222388936976197
ribociclib,0.8974478539922803,0.8968126433409338,-0.0006352106513465294,0.9222388936976197
nemonapride,1.517657256290633,1.5077620430684149,-0.009895213222218091,0.9264299231061447
inosine,0.8333921321364133,0.8322438153999819,-0.001148316736431343,0.9264299231061447
jnj-7706621,0.8047877700376325,0.8042727032711575,-0.0005150667664749475,0.9264299231061447
nisoxetine,1.3949782178526369,1.3989495731627903,0.003971355310153468,0.9306229949266217
buthionine-sulfoximine,2.2321874324455515,2.2330606214489404,0.0008731890033888412,0.9390148024524296
ici-162846,2.0760081331749993,2.0762353167215886,0.000227183546589238,0.9390148024524296
lanatoside-c,0.7083514983522909,0.7067255763164247,-0.0016259220358662008,0.9432133060906109
dasatinib,0.5412416706806128,0.5446233223444755,0.003381651663862728,0.9474133880256971
selamectin,1.3172740595240189,1.3194475378503223,0.002173478326303435,0.9516149318758172
docetaxel,1.072245410057474,1.0604963240196434,-0.011749086037830647,0.9516149318758172
rociletinib,0.7956855719706436,0.7945843507236491,-0.0011012212469945215,0.9516149318758172
mocetinostat,0.219736142242468,0.22223070030040246,0.002494558057934443,0.9516149318758172
bendroflumethiazide,0.9469871719109545,0.9482223366393473,0.0012351647283928013,0.9516149318758172
ecamsule-triethanolamine,0.6282420111707409,0.6292530297028428,0.0010110185321019483,0.9558178211371775
carvedilol,0.6611852713946715,0.6622655554346828,0.001080284040011259,0.9558178211371775
hesperadin,-0.2076329993371031,-0.21003823200280258,-0.002405232665699475,0.9558178211371775
oridonin,0.9810127173660196,0.9793055396993033,-0.001707177666716242,0.960021939193752
sgi-1776,1.348465311898112,1.351907810775938,0.0034424988778258836,0.9642271693269904
erlotinib,0.5156486427708326,0.5137807072244799,-0.0018679355463526726,0.9642271693269904
9-aminoacridine,0.8045589966538361,0.8011119296666676,-0.0034470669871685677,0.9642271693269904
nsc-697923,0.8137691520816734,0.8135026023850402,-0.0002665496966332004,0.9726404984949726
nan-190,1.0393706433467402,1.0300081843182383,-0.009362459028501968,0.9726404984949726
"cp-945,598",1.1429067827162105,1.1403662398809988,-0.0025405428352116566,0.9810568732119415
nefiracetam,1.5802868414610776,1.5786136528941106,-0.0016731885669669655,0.9810568732119415
temoporfin,1.0247834080011482,1.025316698468796,0.000533290467647829,0.9810568732119415
telatinib,0.3603350590801497,0.3612161438887835,0.000881084808633803,0.9810568732119415
vandetanib,0.87958787929039,0.8796205904496556,3.2711159265619294e-05,0.9852659100430421
way-600,0.7760111220054995,0.7760088011909405,-2.3208145589759255e-06,0.9852659100430421
carboxypyridine-disulfide,0.9867151597409021,0.9868006191758969,8.545943499482789e-05,0.9936850970145054
pci-24781,0.8539451385310263,0.8535246187921907,-0.0004205197388356119,0.9936850970145054
atipamezole,0.13263097485371178,0.12721265354508202,-0.005418321308629764,0.9978950128035935
tetramethylthiuram-monosulfide,0.483883356214394,0.4781245677361292,-0.005758788478264776,0.9978950128035935
ha14-1,1.1188685032842831,1.116080865784066,-0.002787637500217155,0.9978950128035935
chir-124,0.6112294002377389,0.6123489173558928,0.0011195171181539454,1.0
