drug,fisher_p,mean_HR,n_cohorts,pvals,fisher_padj
pardoprunox,0.0,0.2458641649618755,3,"[np.float64(1.8997861970575815e-19), np.float64(4.1705474224781434e-05), np.float64(0.5276355272225577)]",0.0
litronesib,6.661338147750939e-15,0.4037140005048693,3,"[np.float64(4.5839017375324935e-15), np.float64(0.009742540613858052), np.float64(0.18420890914872098)]",4.337530334908024e-12
uprosertib,8.992806499463768e-15,0.12972047418405896,3,"[np.float64(3.198276677552922e-13), np.float64(0.00014563756535190402), np.float64(0.2418951118240828)]",4.337530334908024e-12
tyrphostin-ag-1296,8.004708007547379e-14,0.2670855947300873,3,"[np.float64(2.065019787068195e-14), np.float64(0.017317296452561155), np.float64(0.31433999022252335)]",2.8957031217302642e-11
vinblastine,9.502398867766715e-13,0.32523593369684645,3,"[np.float64(1.287234945199671e-13), np.float64(0.17111332997673567), np.float64(0.06995261590263846)]",2.749994232331687e-10
brivaracetam,1.454392162258955e-12,0.3320824444563667,3,"[np.float64(4.2239203619911687e-13), np.float64(0.010223295431984988), np.float64(0.5604104480836591)]",3.5075090979811796e-10
selinexor,2.832289958121237e-12,0.1297810394658502,3,"[np.float64(3.322631386969347e-11), np.float64(0.0006661346661218842), np.float64(0.22188502687753844)]",5.854747956287757e-10
bnc105,4.666267372499533e-12,0.3839557785265825,3,"[np.float64(1.9738926450695093e-12), np.float64(0.01757523714832222), np.float64(0.24069140524862567)]",8.44011111000853e-10
securinine,5.431322058768728e-12,0.47642092806675534,3,"[np.float64(3.0443347402894284e-12), np.float64(0.019432920932052844), np.float64(0.16588161610909524)]",8.73235891004261e-10
mebendazole,1.0382361637084614e-11,0.07114267554469555,3,"[np.float64(3.308873609512468e-06), np.float64(3.159873343704023e-08), np.float64(0.18709427136055012)]",1.3301388964629486e-09
nizofenone,1.0822343021743563e-11,2.079649472418497,3,"[np.float64(9.707364289370539e-08), np.float64(2.2846595138975965e-07), np.float64(0.9219100552718051)]",1.3301388964629486e-09
primaquine,1.122690829191697e-11,0.28818596417865616,3,"[np.float64(5.662431712731188e-08), np.float64(2.372482684936466e-05), np.float64(0.015826736851884782)]",1.3301388964629486e-09
sirolimus,1.1950107570157797e-11,0.2772431070660865,3,"[np.float64(2.6897607257264297e-10), np.float64(0.0038102609530562184), np.float64(0.022172717348713553)]",1.3301388964629486e-09
vinflunine,1.9283463714714344e-11,0.24453977487281495,3,"[np.float64(4.519923597905287e-12), np.float64(0.09796658645933659), np.float64(0.08547889656178317)]",1.993083713942261e-09
digoxin,2.6199042935104444e-11,0.0265378265662347,3,"[np.float64(3.1858673878204862e-09), np.float64(0.0004968391440293255), np.float64(0.03316381316321956)]",2.446246621934378e-09
dolastatin-10,2.7049029682757464e-11,0.28878735579894305,3,"[np.float64(3.9107327716187246e-12), np.float64(0.07475020158831397), np.float64(0.18579861768472772)]",2.446246621934378e-09
naloxone,3.174893681290314e-11,0.4726811539050156,3,"[np.float64(4.932903343721332e-06), np.float64(2.8809670857788337e-07), np.float64(0.04534888696395642)]",2.702394798133579e-09
cpp,4.762024108373453e-11,2.5711120034724364,3,"[np.float64(1.0216151307590342e-09), np.float64(0.0002654343604017066), np.float64(0.36651338661169264)]",3.8281382693424364e-09
indibulin,6.748357428421059e-11,0.242370398044819,3,"[np.float64(3.5494088696966254e-11), np.float64(0.005316722529679596), np.float64(0.7646468200788129)]",5.139406946802775e-09
ispinesib,7.749201280660145e-11,0.5538777556051673,3,"[np.float64(5.746177578445593e-12), np.float64(0.10389105370568227), np.float64(0.2802681051105843)]",5.606547126557614e-09
acetophenazine,8.800538076059183e-11,0.3124161782779733,3,"[np.float64(0.00024279710489300783), np.float64(1.3248546533958902e-08), np.float64(0.05960252423980643)]",6.063989807646494e-09
verubulin,1.3743561844137275e-10,0.3961313673919663,3,"[np.float64(4.6661332257305676e-12), np.float64(0.2608747573551766), np.float64(0.25390250497890926)]",9.039515449303016e-09
epz-5676,1.7703738475205455e-10,0.4068446151418148,3,"[np.float64(2.7726752661519755e-11), np.float64(0.13352488582297783), np.float64(0.10952160742659782)]",1.0880253059619704e-08
4-(4-fluorobenzoyl)-1-(4-phenylbutyl)-piperidine,1.8046031335927637e-10,0.669437564287853,3,"[np.float64(9.64301795584122e-12), np.float64(0.05195507229444375), np.float64(0.8261145199486208)]",1.0880253059619704e-08
demecarium,1.9912949067446561e-10,0.3791130841323339,3,"[np.float64(9.232780464263779e-10), np.float64(0.0030449713325458637), np.float64(0.1636173827087039)]",1.152561492023807e-08
kw-2478,2.9328073303247493e-10,0.30327274446554114,3,"[np.float64(2.936833929674774e-07), np.float64(3.1868741797605123e-06), np.float64(0.7447273695789443)]",1.6322200796076586e-08
fr-139317,3.7632008620391844e-10,0.48536436701451463,3,"[np.float64(2.1242481845628914e-12), np.float64(0.9573768936721059), np.float64(0.4480017469330808)]",2.0167969064335927e-08
brigatinib,4.942134479435367e-10,2.6369623050508078,3,"[np.float64(1.7005862672486403e-07), np.float64(8.031246194598448e-06), np.float64(0.8942074796732664)]",2.5377870697616295e-08
daunorubicin,5.086097099038511e-10,0.5549663283381664,3,"[np.float64(1.2592201516284166e-11), np.float64(0.10962167787008903), np.float64(0.9125040918073033)]",2.5377870697616295e-08
tivozanib,6.691924792079362e-10,0.13839733257658757,3,"[np.float64(6.330221553255271e-10), np.float64(0.025009046611079108), np.float64(0.10689308434170863)]",3.227738391379612e-08
ly2606368,7.066121021637173e-10,0.41186760968913533,3,"[np.float64(3.4577432569980883e-10), np.float64(0.011297031619472682), np.float64(0.45935506244086177)]",3.238235117426895e-08
mexeneone,7.229841170186546e-10,0.6113703009925726,3,"[np.float64(5.77047124841189e-12), np.float64(0.4282237805690484), np.float64(0.7442766198169406)]",3.238235117426895e-08
podophyllotoxin,7.385055900144266e-10,0.1680811280553386,3,"[np.float64(9.675356890430148e-09), np.float64(0.009751188067153777), np.float64(0.019944601336564075)]",3.238235117426895e-08
vinorelbine,7.807723356734186e-10,0.3189501949128279,3,"[np.float64(3.1108250018260485e-09), np.float64(0.000977974364211784), np.float64(0.656714178244069)]",3.322875205057167e-08
bms-265246,9.3072571871744e-10,0.4711669039715798,3,"[np.float64(1.5074887852147361e-10), np.float64(0.04752677930376926), np.float64(0.33696164123307226)]",3.8478860428118164e-08
emetine,1.0952206919156993e-09,0.11915266763082846,3,"[np.float64(6.273240241950417e-11), np.float64(0.24323078313007762), np.float64(0.18855724601067145)]",4.402178725561158e-08
pki-179,1.296116436400041e-09,0.10808608413687341,3,"[np.float64(6.467961781666325e-10), np.float64(0.058576177589802624), np.float64(0.09106255088538484)]",5.068866171542863e-08
isometheptene-mucate,2.067411797312957e-09,1.838594106833878,3,"[np.float64(6.367256945961827e-11), np.float64(0.17810874844577335), np.float64(0.503596175401491)]",7.872486501873286e-08
combretastatin-a-4,2.7682759418112823e-09,0.6106413693559123,3,"[np.float64(1.5814874583077653e-10), np.float64(0.1377098723157716), np.float64(0.35950855055698794)]",1.0271013558463912e-07
clobutinol,3.343094578944772e-09,1.7433164342709506,3,"[np.float64(3.265711756309004e-10), np.float64(0.10280457306099994), np.float64(0.2860062900783523)]",1.1190097480780115e-07
2-methoxyestradiol,3.377377821855987e-09,0.17025027037614124,3,"[np.float64(7.554107607027261e-10), np.float64(0.04157266712549776), np.float64(0.3091498076985406)]",1.1190097480780115e-07
ve-822,3.3920987130287017e-09,0.2430556832267141,3,"[np.float64(1.568556915426362e-08), np.float64(0.00554479132685937), np.float64(0.11215489813616127)]",1.1190097480780115e-07
eprobemide,3.393482161939687e-09,0.4649142411368691,3,"[np.float64(2.356819123012407e-05), np.float64(1.2140017985861106e-05), np.float64(0.03410749013531264)]",1.1190097480780115e-07
zolantidine,3.4157990880245848e-09,1.4184362514247788,3,"[np.float64(4.3523558961648005e-11), np.float64(0.27216085548093427), np.float64(0.8297083990225054)]",1.1190097480780115e-07
golgicide-a,3.5306169099413864e-09,2.1402157027953916,3,"[np.float64(1.9794880641562163e-09), np.float64(0.007573487023025524), np.float64(0.6794595632946747)]",1.1190097480780115e-07
sb-239063,3.598049636011069e-09,0.4423160384570974,3,"[np.float64(4.315547269135127e-09), np.float64(0.0028460486898404147), np.float64(0.8464980261299029)]",1.1190097480780115e-07
rutin,3.63465502140059e-09,0.49700340964778233,3,"[np.float64(6.348560816123902e-09), np.float64(0.004171287601141838), np.float64(0.3969321321235666)]",1.1190097480780115e-07
parbendazole,4.3508202596242995e-09,0.28805721726294276,3,"[np.float64(5.395595525896703e-09), np.float64(0.014765103272491312), np.float64(0.16030379753012952)]",1.3115910240992418e-07
latrepirdine,5.1058517414048765e-09,1.8188081528818985,3,"[np.float64(4.2745621879488516e-11), np.float64(0.6790060156593569), np.float64(0.5232802500928806)]",1.5077892795536441e-07
xl888,5.974401084962722e-09,0.15349885346984837,3,"[np.float64(3.952490389815976e-05), np.float64(1.5730011038345378e-06), np.float64(0.2896301971046078)]",1.7289916739882116e-07
vincristine,6.543855346485827e-09,0.6565232021477112,3,"[np.float64(2.423205365864993e-10), np.float64(0.22416722133201378), np.float64(0.3658921904595467)]",1.85665856595392e-07
temazepam,8.532285766804648e-09,1.5546291455645584,3,"[np.float64(1.2519426278101657e-09), np.float64(0.047918048200405794), np.float64(0.44183014776769347)]",2.3742725970319856e-07
bosutinib,1.0054746479859489e-08,0.5941706637183302,3,"[np.float64(1.6867663428070254e-10), np.float64(0.5029720301476892), np.float64(0.37339240248541317)]",2.745135501199374e-07
gsk923295,1.7328221857404458e-08,0.31833733845901874,3,"[np.float64(1.2904561771074152e-07), np.float64(0.004780579937841856), np.float64(0.09280072751548277)]",4.6433216717896763e-07
fenbendazole,1.794427173518187e-08,0.37774782826253317,3,"[np.float64(7.759095825606869e-06), np.float64(4.641721422648408e-05), np.float64(0.1651198187403442)]",4.7209747637833034e-07
azd6482,1.8763256948162166e-08,0.3955363423843323,3,"[np.float64(1.7131643830406969e-09), np.float64(0.048022013911953064), np.float64(0.758840520987583)]",4.848291572141188e-07
rigosertib,2.1208420464269295e-08,0.4301443344118439,3,"[np.float64(1.7222043976950803e-09), np.float64(0.4938891373096873), np.float64(0.0838708062799677)]",5.383962177508363e-07
fudosteine,2.5502584377612436e-08,2.3103613799246925,3,"[np.float64(6.416850484486077e-09), np.float64(0.026809907341432862), np.float64(0.5069486388706731)]",6.362455102483654e-07
trovafloxacin,2.800694320903574e-08,0.44802633875200626,3,"[np.float64(2.1986824291574434e-06), np.float64(9.705304405420017e-05), np.float64(0.4526513436112717)]",6.868821495504189e-07
ly2603618,2.8762531356640864e-08,0.24602164229445322,3,"[np.float64(3.827321888646789e-09), np.float64(0.05934710919179055), np.float64(0.43777321390192503)]",6.936563812176555e-07
cct128930,3.806194281974484e-08,0.343286709126778,3,"[np.float64(1.4804561804913292e-06), np.float64(0.003324414616283293), np.float64(0.027428209582296418)]",9.028792009864064e-07
pentamidine,4.110299300918996e-08,0.39468144919389214,3,"[np.float64(0.0711068404359124), np.float64(2.473266858301144e-08), np.float64(0.08347979538974179)]",9.592908207144818e-07
wp1066,4.316491108991016e-08,48.474206576165386,3,"[np.float64(1.0287416141573448e-07), np.float64(0.028988466058032965), np.float64(0.05193410496950098)]",9.914226404301588e-07
er-27319,4.42066492301052e-08,0.08432540511844805,3,"[np.float64(4.5526718809981814e-09), np.float64(0.04838315285880513), np.float64(0.7216699038444758)]",9.994847099369097e-07
pf-05212384,4.5881594079588695e-08,0.10214735384016034,3,"[np.float64(2.2935361190450816e-06), np.float64(0.000345910453466002), np.float64(0.20867828993101453)]",1.021394871279459e-06
broxyquinoline,4.705424128115254e-08,0.4890503070278676,3,"[np.float64(2.6776962898277584e-09), np.float64(0.07404428260918075), np.float64(0.8583633044495207)]",1.0316285929367839e-06
fenaclon,5.125834068309132e-08,1.4660619782805406,3,"[np.float64(5.666013805733246e-09), np.float64(0.10127648415564951), np.float64(0.32565849141252584)]",1.107027148782584e-06
adapalene,5.2660076854671445e-08,0.42117532012416287,3,"[np.float64(7.132995296266905e-10), np.float64(0.304939758907946), np.float64(0.8848571947685586)]",1.1205754589516115e-06
cnx-2006,8.665507766902891e-08,1.035666401091005,3,"[np.float64(1.7935672716083864e-08), np.float64(0.12213796605368918), np.float64(0.15155400436554178)]",1.8172448896678963e-06
tacalcitol,9.163956282698393e-08,1.232740590266652,3,"[np.float64(1.937682429938077e-08), np.float64(0.0624885260606651), np.float64(0.29152310324702013)]",1.8943206772949392e-06
methocarbamol,9.813371970590623e-08,2.365785115478619,3,"[np.float64(1.3735502440684232e-07), np.float64(0.005475346815038525), np.float64(0.5059389020737843)]",1.9921225037644904e-06
yo-01027,9.970841119422147e-08,1.6732121118878784,3,"[np.float64(1.1255086215643334e-08), np.float64(0.05191315376442614), np.float64(0.6626874180967965)]",1.9921225037644904e-06
cediranib,1.0050099708003302e-07,0.7144100642372155,3,"[np.float64(1.0768467433087295e-09), np.float64(0.6719868480836539), np.float64(0.5397478311296222)]",1.9921225037644904e-06
cabazitaxel,1.1047326531343771e-07,0.35712870404764907,3,"[np.float64(6.466463929790595e-08), np.float64(0.08054476058921846), np.float64(0.08318911394873042)]",2.1602002014668154e-06
astemizole,1.1208640704474249e-07,0.49821152068919855,3,"[np.float64(1.9600110338911483e-08), np.float64(0.10045325318566956), np.float64(0.22359147702298207)]",2.1625204132498983e-06
topotecan,1.1532445887141307e-07,0.464186643397366,3,"[np.float64(1.441401044918595e-08), np.float64(0.06151098583125933), np.float64(0.5122844261647375)]",2.1957169998280886e-06
ikk-2-inhibitor-v,1.1988326487077927e-07,0.29966996542862684,3,"[np.float64(1.4393492023688023e-06), np.float64(0.0004772764316181772), np.float64(0.6899052404349251)]",2.252871224259969e-06
erlotinib,1.215068059501334e-07,2.6296572569154057,3,"[np.float64(8.956073640142763e-08), np.float64(0.012950355588507361), np.float64(0.4147038402381835)]",2.254107028331321e-06
vindesine,1.4017709970559622e-07,0.5064502979066027,3,"[np.float64(1.3808511972138934e-08), np.float64(0.07207209303278361), np.float64(0.5654307662751422)]",2.567547636379718e-06
acdpp,1.4730822750497197e-07,0.4548955355475181,3,"[np.float64(0.00023243224148894071), np.float64(2.464313589392604e-05), np.float64(0.103746279102792)]",2.639916131643551e-06
trapidil,1.477769223656722e-07,0.3999484234843368,3,"[np.float64(2.8622868260797856e-05), np.float64(0.00010078781380139981), np.float64(0.20670896809132078)]",2.639916131643551e-06
epirubicin,1.8222124653632932e-07,0.1078740067518828,3,"[np.float64(5.943944859241972e-06), np.float64(0.0008632849372600777), np.float64(0.14630745702870135)]",3.215538338269128e-06
elesclomol,2.1855331810982648e-07,0.4451237728767712,3,"[np.float64(3.7676402159593576e-08), np.float64(0.09091192699399098), np.float64(0.2677176338235021)]",3.810200618131553e-06
decitabine,2.3125909620613783e-07,0.4974065737763168,3,"[np.float64(4.10280631028335e-09), np.float64(0.5234756537167509), np.float64(0.4543672523954849)]",3.983713240598588e-06
taltobulin,2.3592909048630872e-07,0.3185980712475552,3,"[np.float64(2.684533293674097e-08), np.float64(0.20299716921552025), np.float64(0.1830569503190354)]",4.016345810984573e-06
ixabepilone,2.442391895396412e-07,0.15730967602606613,3,"[np.float64(3.2632960770039305e-06), np.float64(0.0012801216132419964), np.float64(0.24808091476946825)]",4.109466363533265e-06
ciclopirox,2.525407923892331e-07,0.43828672001658125,3,"[np.float64(2.0905674964629094e-07), np.float64(0.04665457262845502), np.float64(0.11023802485266519)]",4.200304903301383e-06
pp242,2.6344149584023313e-07,0.22357215884271106,3,"[np.float64(6.32605105891876e-08), np.float64(0.035428904725121405), np.float64(0.502594533658542)]",4.321376888187963e-06
sclareol,2.6579304979179597e-07,0.5502659551036859,3,"[np.float64(1.027505762318025e-06), np.float64(0.0027091018341321407), np.float64(0.40864945712243195)]",4.321376888187963e-06
phenylbutazone,2.94227487818155e-07,0.48665602536227653,3,"[np.float64(4.442544808127984e-07), np.float64(0.021723439709071944), np.float64(0.13184002548797394)]",4.730524165254114e-06
gdc-0068,2.9921813349265136e-07,0.32737124360666264,3,"[np.float64(3.3012404481606835e-08), np.float64(0.28129451686840445), np.float64(0.13957973521897843)]",4.757897133668863e-06
ac-264613,3.209666730175087e-07,0.43127312925329436,3,"[np.float64(6.082424324606283e-06), np.float64(0.0007850792674271822), np.float64(0.29327325702868257)]",5.046214040579863e-06
etoposide-phosphate,3.24586729161247e-07,0.6172801559248011,3,"[np.float64(1.496100967996735e-07), np.float64(0.018527782383364277), np.float64(0.5115058508983963)]",5.046214040579863e-06
kx2-391,3.2781210768106916e-07,0.4515328503894115,3,"[np.float64(2.213667150909556e-08), np.float64(0.13527955515977305), np.float64(0.47865990036895234)]",5.046214040579863e-06
terfenadine,3.376988608749798e-07,0.7182694506402296,3,"[np.float64(5.910618149028783e-09), np.float64(0.3094832418907961), np.float64(0.8097238004013627)]",5.143686859853639e-06
nvp-tae226,3.5680884291622306e-07,1.4678952333547934,3,"[np.float64(3.5339018976857855e-08), np.float64(0.16719643863049286), np.float64(0.2663806882671891)]",5.378149955205987e-06
tanespimycin,3.7699157617865353e-07,0.4564339319147766,3,"[np.float64(2.1927413071674655e-07), np.float64(0.01791961411561605), np.float64(0.4256398229245125)]",5.623781553922801e-06
pelitinib,4.540170112088404e-07,2.421308904999789,3,"[np.float64(3.9872980203244305e-06), np.float64(0.0006498544788805379), np.float64(0.7925649253976137)]",6.675932354323695e-06
volasertib,4.5675003668144143e-07,0.5581915282969573,3,"[np.float64(3.369685265224298e-08), np.float64(0.145589823867087), np.float64(0.4213950625917706)]",6.675932354323695e-06
homoharringtonine,4.855143401760742e-07,0.42655387785033805,3,"[np.float64(2.834092480809978e-08), np.float64(0.7115982636910085), np.float64(0.1096666841977187)]",7.025392502347794e-06
paliperidone,5.013473063364415e-07,0.5105193757392856,3,"[np.float64(4.2261037037547725e-08), np.float64(0.34341865928493887), np.float64(0.15789425773926344)]",7.18266883434486e-06
saracatinib,5.174549139175255e-07,1.8367974194341823,3,"[np.float64(1.5292930572876977e-06), np.float64(0.0034564570405604613), np.float64(0.448945643131496)]",7.340757455280974e-06
dienogest,5.363086187371024e-07,0.5165162904430531,3,"[np.float64(3.2411973843753e-07), np.float64(0.03010942653819618), np.float64(0.2529855592121263)]",7.534355061287255e-06
norfloxacin,6.020749369062273e-07,0.4341441565844337,3,"[np.float64(2.6410099804407187e-05), np.float64(0.00041753218258494453), np.float64(0.2544618452409689)]",8.37694647791645e-06
bms-387032,6.185230023714183e-07,0.23691277619380569,3,"[np.float64(7.417251364385257e-09), np.float64(0.6989319153305702), np.float64(0.5576482493132494)]",8.523836042204213e-06
pf-03758309,6.901525677616149e-07,0.7532166885860773,3,"[np.float64(1.6622513889696646e-08), np.float64(0.3183639922034752), np.float64(0.6167517061656396)]",9.42123363727412e-06
merimepodib,8.111353416717648e-07,0.32940718730952495,3,"[np.float64(2.4354922938678504e-07), np.float64(0.07403187035918263), np.float64(0.21649979146778706)]",1.0969278872888259e-05
dichlorisone-acetate,8.558583051154756e-07,0.9023062187443865,3,"[np.float64(6.511526957266591e-08), np.float64(0.07260998761306339), np.float64(0.8762509242021118)]",1.1466916365760122e-05
bis(maltolato)oxovanadium(iv),8.862932437958548e-07,0.4215852799122997,3,"[np.float64(3.7726166863646256e-07), np.float64(0.05205554186743762), np.float64(0.21929527165606516)]",1.1765746089656898e-05
bix-01294,9.350034845256872e-07,0.10173830785903437,3,"[np.float64(8.233319129177282e-07), np.float64(0.008759752182757333), np.float64(0.6336504629056107)]",1.229954583735154e-05
desoxycortone,1.0031548340894147e-06,0.6481333426658388,3,"[np.float64(7.333400233402799e-08), np.float64(0.32090779145570364), np.float64(0.20996197470109645)]",1.3077162566913361e-05
lapatinib,1.0175331783823793e-06,2.858192054695365,3,"[np.float64(0.0003587915469927152), np.float64(1.7362845499079292e-05), np.float64(0.8057943301367416)]",1.3146165259993777e-05
baicalein,1.1194561388983004e-06,2.185880485805916,3,"[np.float64(1.2991231847931356e-05), np.float64(0.0015719282219876754), np.float64(0.27330157127814836)]",1.4334982592795051e-05
cibenzoline,1.1425602701731208e-06,0.4018578519463249,3,"[np.float64(2.012346154973368e-08), np.float64(0.342886671460986), np.float64(0.8274225926698313)]",1.4502497464390401e-05
emd-53998,1.1632987282350626e-06,0.5966677790530436,3,"[np.float64(1.0625336303775136e-07), np.float64(0.15302086658683348), np.float64(0.35823371040764307)]",1.4637332693531614e-05
voxtalisib,1.2380368926701024e-06,0.5148081090949829,3,"[np.float64(0.00027553000258433223), np.float64(0.0002513591438961238), np.float64(0.0901253844533551)]",1.5443442962876192e-05
levobunolol,1.305303875764885e-06,0.4196350764961897,3,"[np.float64(2.8887961987643613e-07), np.float64(0.21725975023810273), np.float64(0.1054770812570844)]",1.6143373574630673e-05
etomoxir,1.3909702811787383e-06,0.5354139660756821,3,"[np.float64(3.444971717286353e-08), np.float64(0.3978527153070839), np.float64(0.5183772632567686)]",1.705706777004775e-05
tagatose,1.5137408625465198e-06,0.80904238148906,3,"[np.float64(1.7757528734119747e-08), np.float64(0.8664922041275458), np.float64(0.5073126360577296)]",1.8406580068107683e-05
doxorubicin,1.6624181887747724e-06,0.19607640617687133,3,"[np.float64(2.4035679400864138e-06), np.float64(0.010836215335789458), np.float64(0.33264708756518513)]",2.0045992659642465e-05
temsirolimus,1.7614702475521327e-06,0.7101089428119697,3,"[np.float64(2.6349616326220242e-08), np.float64(0.36157335028482096), np.float64(0.9699315439580242)]",2.0999355276868634e-05
ag-14361,1.7705054207173276e-06,0.5250839292014852,3,"[np.float64(8.2276978423889e-08), np.float64(0.220649769690415), np.float64(0.5119236224995782)]",2.0999355276868634e-05
pyroxamide,2.161730377037152e-06,0.2918920863110862,3,"[np.float64(3.1724951048712144e-05), np.float64(0.01169631979381377), np.float64(0.03128870588299167)]",2.5431088256689098e-05
tg-101209,2.836867563194012e-06,0.5400012178505729,3,"[np.float64(4.973614582428664e-08), np.float64(0.420470315144873), np.float64(0.7519966131118645)]",3.310441422533658e-05
ggti-298,3.343408391809355e-06,0.4032125607907424,3,"[np.float64(1.556539737740609e-06), np.float64(0.17167136202828387), np.float64(0.07072045729124717)]",3.8703295543585094e-05
azd8931,3.5013282985163485e-06,3.419239154908658,3,"[np.float64(0.00024642868229420343), np.float64(0.0003494483874746356), np.float64(0.23107698508449503)]",4.020969879327902e-05
crenolanib,3.569566640826416e-06,0.2212165601173922,3,"[np.float64(5.788559490519852e-07), np.float64(0.12021374851117278), np.float64(0.29220552187649873)]",4.0670574246266324e-05
ski-ii,3.8027324544831487e-06,0.38359798350559166,3,"[np.float64(1.6333775432914473e-07), np.float64(0.5136542481577562), np.float64(0.26014842349576084)]",4.298870204403997e-05
ku-0063794,4.0045357978524265e-06,0.20884703731694904,3,"[np.float64(1.354660026634667e-06), np.float64(0.7367470787705651), np.float64(0.023172953301516898)]",4.49190953449028e-05
azd2461,4.230184137199444e-06,0.6766810579097013,3,"[np.float64(6.292096418891476e-07), np.float64(0.10172607536928563), np.float64(0.3842173274455085)]",4.708520343482766e-05
osimertinib,4.830527952637276e-06,3.5217028629137723,3,"[np.float64(1.1745636030190298e-06), np.float64(0.04494812473799245), np.float64(0.5405522636657343)]",5.335705303409266e-05
bw-180c,4.952553672832316e-06,1.9736081553588485,3,"[np.float64(1.3970034788619597e-05), np.float64(0.005668770966569745), np.float64(0.3705905026035754)]",5.4290493671123956e-05
gw-842166,5.083980502806895e-06,0.6371249814580999,3,"[np.float64(2.0322242514513645e-07), np.float64(0.22116405842434375), np.float64(0.6724464554723063)]",5.521494153310882e-05
sb-2343,5.127040838215358e-06,0.1381564530120817,3,"[np.float64(6.594700947024468e-05), np.float64(0.001177426200188289), np.float64(0.3929394665312208)]",5.521494153310882e-05
maytansinol-isobutyrate,5.151359438126946e-06,0.5191767016769324,3,"[np.float64(2.7765575944442853e-07), np.float64(0.7439240377254486), np.float64(0.14849968323948926)]",5.521494153310882e-05
everolimus,5.776166753901357e-06,0.684069929955621,3,"[np.float64(9.850430981440012e-08), np.float64(0.6375376915446789), np.float64(0.5554200266595297)]",6.145671538893577e-05
sn-38,6.237969221944972e-06,0.6301803913142101,3,"[np.float64(5.898343139078544e-08), np.float64(0.8778203094871652), np.float64(0.7344777352081782)]",6.538104130270171e-05
tg-101348,6.248906477268612e-06,0.40471328088180286,3,"[np.float64(2.104970678156985e-07), np.float64(0.27683858260864724), np.float64(0.6538779660464538)]",6.538104130270171e-05
rimexolone,6.280556144488969e-06,0.6698415471292917,3,"[np.float64(1.5203159609488747e-07), np.float64(0.8725403261330201), np.float64(0.2888790472502884)]",6.538104130270171e-05
riluzole,6.968561597764378e-06,0.3687810866854562,3,"[np.float64(0.003307737352207956), np.float64(0.001976375820640399), np.float64(0.006588657860522418)]",7.161598510472598e-05
acetylcysteine,6.978475397212414e-06,2.2411664926884107,3,"[np.float64(0.00013697123646999596), np.float64(0.0010935041521059322), np.float64(0.28803297066892053)]",7.161598510472598e-05
tg-02,7.046202571081572e-06,0.30548578585288283,3,"[np.float64(9.348340189695605e-08), np.float64(0.6651744914863897), np.float64(0.7013592347830779)]",7.180179662221855e-05
tiludronate,7.2215115243245975e-06,0.40191062756818563,3,"[np.float64(0.0013583226251023938), np.float64(0.0005285083963235245), np.float64(0.06245450086687904)]",7.307361661327057e-05
carboxypyridine-disulfide,7.768598039858965e-06,0.6707362632983952,3,"[np.float64(7.29561813025734e-08), np.float64(0.7264292686259346), np.float64(0.9184555673997944)]",7.80636205810828e-05
bi-d1870,8.225890319124574e-06,0.6996776987104142,3,"[np.float64(2.670928948293663e-07), np.float64(0.2137981876424929), np.float64(0.909116480855082)]",8.208871235705696e-05
gsk256066,8.940322592687622e-06,0.602994208087572,3,"[np.float64(0.0003002386269019318), np.float64(0.0005622325120412275), np.float64(0.3377979817687065)]",8.860716980560952e-05
beta-naphthol,9.420499459511511e-06,1.742886847858704,3,"[np.float64(6.448346192566588e-07), np.float64(0.275076471687727), np.float64(0.3409978137438517)]",9.273103889736842e-05
oligomycin-a,1.1505004972711674e-05,0.3543216519063467,3,"[np.float64(0.004329407359397075), np.float64(0.000178997511751954), np.float64(0.09780155160327196)]",0.00011248474456428237
genipin,1.2705268983559392e-05,0.3082838925194849,3,"[np.float64(2.023918842740759e-06), np.float64(0.28368468440650546), np.float64(0.14766835341882856)]",0.0001225471483464246
dasatinib,1.2760647938536707e-05,1.7917554685832864,3,"[np.float64(4.8576120628581e-05), np.float64(0.004002874467801459), np.float64(0.4381842557439315)]",0.0001225471483464246
plinabulin,1.2788264962204643e-05,0.2321764819345154,3,"[np.float64(1.93188046546148e-05), np.float64(0.015699695965065697), np.float64(0.281605690543125)]",0.0001225471483464246
cp-724714,1.3031900341298197e-05,3.776205836525006,3,"[np.float64(8.306048406078965e-07), np.float64(0.12153991526964569), np.float64(0.8643018339600796)]",0.0001240602618017006
apatinib,1.3343950650113179e-05,0.42464957648248364,3,"[np.float64(9.221982546175146e-05), np.float64(0.013625646172668576), np.float64(0.07132101793507513)]",0.00012523306886607006
oxiperomide,1.339445564119135e-05,0.650922533866531,3,"[np.float64(2.723340149825686e-07), np.float64(0.4184450539268829), np.float64(0.789794204114624)]",0.00012523306886607006
tetrahydropapaverine,1.3414737853656433e-05,0.724576238024534,3,"[np.float64(1.885136715488542e-07), np.float64(0.5054798551682684), np.float64(0.9461297416098627)]",0.00012523306886607006
cefditoren-pivoxil,1.3546441036016432e-05,2.276916597767286,3,"[np.float64(1.1270562729897352e-05), np.float64(0.03260080380130158), np.float64(0.24809732883241467)]",0.00012565192422510113
lovastatin,1.4945990319703562e-05,0.420464593474098,3,"[np.float64(1.7400542455797467e-05), np.float64(0.24986873202894738), np.float64(0.023433342039536186)]",0.00013639996149731416
talazoparib,1.4951437230847908e-05,0.5511913050573138,3,"[np.float64(3.6828042183257516e-07), np.float64(0.7756176116760571), np.float64(0.35683033148714527)]",0.00013639996149731416
epothilone-b,1.4987970890167901e-05,0.31649083490804136,3,"[np.float64(0.0011765485477464768), np.float64(0.0018170936586864863), np.float64(0.047808008776818164)]",0.00013639996149731416
azd5438,1.5592284008825175e-05,0.13774558612523632,3,"[np.float64(1.1247835299296982e-06), np.float64(0.14252570343530788), np.float64(0.6667476021879708)]",0.00014101271850481265
azd5363,1.5707799901232278e-05,0.461978185886357,3,"[np.float64(0.008354465223201817), np.float64(0.0001869991836682716), np.float64(0.06899145105033035)]",0.00014117507116200687
mepivacaine,1.756069698921614e-05,1.5633004743825933,3,"[np.float64(0.002065038966313974), np.float64(9.530334100180877e-05), np.float64(0.6214180398910223)]",0.0001560605234170205
sulfasalazine,1.7579727240479848e-05,0.6240311996396533,3,"[np.float64(0.001338579154100157), np.float64(0.0002910314747414375), np.float64(0.31431812172596224)]",0.0001560605234170205
rubitecan,1.8286282727264513e-05,0.6158126986747114,3,"[np.float64(5.765575057507542e-07), np.float64(0.29115535428531625), np.float64(0.7627607861866992)]",0.00016134299455092529
gsk461364,1.851490678039802e-05,0.4838587645398808,3,"[np.float64(0.0005599620974639504), np.float64(0.0034797979352319277), np.float64(0.06664420566059621)]",0.0001623701218862784
tipranavir,1.8755446979046297e-05,0.6212556434268354,3,"[np.float64(6.117014229745291e-07), np.float64(0.3975595968661587), np.float64(0.5418651651696187)]",0.00016348874565469873
albendazole,1.91450705003815e-05,0.4419754875840547,3,"[np.float64(1.5481798494629375e-05), np.float64(0.0716369556706971), np.float64(0.12161955015614047)]",0.00016588573062306606
rita,1.928527565397964e-05,0.6083802599302411,3,"[np.float64(1.9159890410093995e-05), np.float64(0.022365609706683314), np.float64(0.317382615341695)]",0.00016610591590064604
colchicine,1.9520035169695582e-05,0.3478222750348472,3,"[np.float64(0.0017427390833811578), np.float64(0.0007804451956018738), np.float64(0.10137805160911259)]",0.00016713308219260065
bms-690514,2.2777563967069092e-05,1.617366034233212,3,"[np.float64(3.3637192725846265e-05), np.float64(0.006394760356666918), np.float64(0.7637972743691024)]",0.00019387726506087634
tame,2.3280812066373002e-05,0.4085701775325837,3,"[np.float64(5.845607102764011e-05), np.float64(0.07869751282666732), np.float64(0.036611397675618065)]",0.00019700195941544876
lonafarnib,2.345043075846487e-05,0.5513918200923916,3,"[np.float64(0.0025857142283462137), np.float64(0.0002666073375336946), np.float64(0.24634135812273766)]",0.00019728356574127132
lanatoside-c,2.6061092308182765e-05,0.44347632317384056,3,"[np.float64(6.169708898163185e-07), np.float64(0.3502422777863293), np.float64(0.8861004549075985)]",0.00021797919404589863
roquinimex,2.7121127851970073e-05,0.6213671599069693,3,"[np.float64(2.366070595241376e-06), np.float64(0.10299067748935964), np.float64(0.8222292557359298)]",0.0002255417931137971
pu-h71,2.9458006486460242e-05,0.11996405063865294,3,"[np.float64(1.1430402217339212e-05), np.float64(0.06914704615779133), np.float64(0.2785169878559868)]",0.00024357563077661697
raf265,3.065663683621267e-05,0.42246353584041496,3,"[np.float64(3.543910669478873e-05), np.float64(0.04626088091963566), np.float64(0.14051492709804936)]",0.00025204632671590755
s26948,3.133960532020197e-05,1.56386547227002,3,"[np.float64(2.0473212246202714e-06), np.float64(0.43790130642338176), np.float64(0.2634882179979019)]",0.00025476363833623324
mubritinib,3.150840072818628e-05,0.20534314764653724,3,"[np.float64(0.2651133625760067), np.float64(1.2594519437813571e-05), np.float64(0.07118179460788067)]",0.00025476363833623324
gsk1292263,3.1515336048504317e-05,0.4640991055888987,3,"[np.float64(8.72681003049823e-06), np.float64(0.06794061030180513), np.float64(0.40096468494755944)]",0.00025476363833623324
streptozotocin,3.358322565927274e-05,0.7197502711737929,3,"[np.float64(1.5268206498861203e-05), np.float64(0.01817541733320727), np.float64(0.9210546912836445)]",0.0002699718196053759
tedizolid,3.397009457650757e-05,0.39067150181069266,3,"[np.float64(5.991945227660986e-05), np.float64(0.014122496556058167), np.float64(0.3060213759654757)]",0.0002706208975564966
lurasidone,3.403801199397538e-05,0.6666031668846405,3,"[np.float64(9.209062040576574e-07), np.float64(0.3371348925578846), np.float64(0.8359905028134549)]",0.0002706208975564966
eprosartan,3.5493143071385624e-05,0.388548196230358,3,"[np.float64(0.0016671962770950207), np.float64(0.001802084238352971), np.float64(0.09061478624443133)]",0.00028064796734587427
azd7762,3.9990426929037426e-05,0.4208882081718799,3,"[np.float64(1.326114952820284e-06), np.float64(0.38980980498917017), np.float64(0.6035067642654575)]",0.0003144899335125932
vu0361737,4.1804201119211015e-05,0.7909984122439814,3,"[np.float64(4.951454855151449e-07), np.float64(0.7686254072819787), np.float64(0.8623447339653563)]",0.00032697664334863964
difluprednate,4.301450848964716e-05,0.7031741323592732,3,"[np.float64(7.291183921719642e-06), np.float64(0.04935031451524148), np.float64(0.9423435661485678)]",0.00033463437518558843
tyrphostin-a9,5.0411772153702294e-05,0.4305143519952524,3,"[np.float64(0.006040045888017066), np.float64(7.532510366366844e-05), np.float64(0.8936599601465716)]",0.00039008467543533273
iododexetimide,5.209765257174759e-05,0.5428598334664045,3,"[np.float64(9.684556618378004e-06), np.float64(0.5359021129087311), np.float64(0.08134852556268572)]",0.00040098565569850403
pf-04217903,5.301217933373348e-05,1.2627200353463417,3,"[np.float64(6.962661136280867e-07), np.float64(0.8075008721032552), np.float64(0.7660460613293506)]",0.000405865732782605
avn-944,5.330310748097311e-05,0.4155935001826846,3,"[np.float64(9.719475216713878e-07), np.float64(0.9707005613752842), np.float64(0.45937613918690967)]",0.0004059452448682531
amoxicillin,5.5144205471924224e-05,2.2994935836988994,3,"[np.float64(0.0005328400137921222), np.float64(0.004038822792463412), np.float64(0.20938509807869443)]",0.0004177678812454155
letrozole,5.937739319750168e-05,0.553738137415292,3,"[np.float64(9.39720715485552e-06), np.float64(0.21344910378700102), np.float64(0.24453289084036545)]",0.0004469806374832177
bisacodyl,5.961801177212234e-05,0.42367478276254705,3,"[np.float64(0.0004134809194156437), np.float64(0.010984033527168969), np.float64(0.10849954975392319)]",0.0004469806374832177
thiomersal,6.431894455360965e-05,0.20497824218462232,3,"[np.float64(0.00011507962639608265), np.float64(0.009741023152088772), np.float64(0.47959084927236506)]",0.0004797397565416142
bay-87-2243,6.726319074690235e-05,0.2694037251897956,3,"[np.float64(0.08422989297968501), np.float64(0.000653726980400464), np.float64(0.010278621418248446)]",0.0004991273692859882
torasemide,7.35772619934183e-05,0.5602279751134741,3,"[np.float64(0.0001354304948234833), np.float64(0.02357354706403735), np.float64(0.19653452816300887)]",0.0005431953984922259
cetrimonium,7.498906992942089e-05,0.1358804950817553,3,"[np.float64(0.001647891471230711), np.float64(0.0033652430423992546), np.float64(0.1156451580541782)]",0.0005508080415628022
pi-828,7.670309945750908e-05,0.8606998940595867,3,"[np.float64(9.419101567292243e-06), np.float64(0.08206232287501941), np.float64(0.8515471900814059)]",0.0005605524490657355
hmn-214,7.75644315710311e-05,0.3530497468647233,3,"[np.float64(0.0008066439687857469), np.float64(0.0011835168824319807), np.float64(0.6983691093168786)]",0.0005639986556948844
harringtonine,7.800321629825024e-05,0.5522826916175937,3,"[np.float64(1.1306339615609944e-06), np.float64(0.7112980773871578), np.float64(0.8344233930391853)]",0.0005643532699178405
mefexamide,8.052477831754778e-05,0.3402110425685264,3,"[np.float64(0.010391926373163553), np.float64(0.00022226375115286262), np.float64(0.3013673341329718)]",0.0005796982797288141
indirubin,8.093780979157028e-05,3.876098665030831,3,"[np.float64(2.5919920865974132e-05), np.float64(0.04639740413516849), np.float64(0.5822252685148428)]",0.000579787182021793
oxiracetam,8.214269502970772e-05,0.3863833558721943,3,"[np.float64(3.4374070418508793e-06), np.float64(0.7507812598377472), np.float64(0.2759698954072193)]",0.0005855196044728427
nadifloxacin,8.733989610176796e-05,0.6891858808318482,3,"[np.float64(0.00015642759291097859), np.float64(0.005963472549265076), np.float64(0.8193671394327239)]",0.0006180743858254466
indiplon,8.756409750809713e-05,1.1563322051859384,3,"[np.float64(0.0004247501812834041), np.float64(0.0046396264963326815), np.float64(0.3890068894400148)]",0.0006180743858254466
idazoxan,8.799658412084188e-05,1.6840173582471745,3,"[np.float64(6.577696532095326e-05), np.float64(0.012249921112061322), np.float64(0.9568240077486218)]",0.0006181119282663019
bexarotene,8.948721159651729e-05,0.14700689512770235,3,"[np.float64(0.00016383599145648015), np.float64(0.04550746043772646), np.float64(0.10542739163768687)]",0.0006255458704355581
d-7193,9.085624678994986e-05,0.7394657672401249,3,"[np.float64(5.148458806751788e-06), np.float64(0.21879297204291312), np.float64(0.7101240154744938)]",0.0006320624476204684
doxifluridine,9.292577954778114e-05,0.34190717602966614,3,"[np.float64(2.6007789885568032e-05), np.float64(0.22895930190494268), np.float64(0.1378664880417546)]",0.0006433665215580828
dapivirine,9.546889153666527e-05,0.47095732272783203,3,"[np.float64(1.4764121531393967e-05), np.float64(0.08308255143464402), np.float64(0.690436604508774)]",0.000657826124064546
nsc-319726,9.726700130918697e-05,0.4907396672519284,3,"[np.float64(7.462418044322523e-05), np.float64(0.028408337438084255), np.float64(0.4081902334637948)]",0.0006670395776985475
hyodeoxycholic-acid,0.00010150331768987719,0.5004084462704337,3,"[np.float64(0.00033073440440744504), np.float64(0.022953776859512935), np.float64(0.11973387963716348)]",0.0006928080221568504
obatoclax,0.00010237989599137798,0.5656264670132841,3,"[np.float64(1.260863223894384e-05), np.float64(0.08473956486776499), np.float64(0.8592242909539618)]",0.0006955103732372015
bvd-523,0.00010508688347521389,0.795589629035196,3,"[np.float64(3.189633175972017e-05), np.float64(0.4674732269759291), np.float64(0.06345225686207982)]",0.0007105641139655817
napabucasin,0.00010631160619067881,0.32717045348999924,3,"[np.float64(0.00041880513415885087), np.float64(0.020421848491321164), np.float64(0.11211093076809608)]",0.000715501833292615
bgt226,0.00010922831724768933,0.14769532457681597,3,"[np.float64(0.00017359883759711297), np.float64(0.04696391520366081), np.float64(0.12134435168132039)]",0.0007317285882287337
trametinib,0.00011206715564204828,1.2187950430475059,3,"[np.float64(4.844219645626288e-06), np.float64(0.35505480378750376), np.float64(0.5924954197422938)]",0.0007472865171154094
piperine,0.00011405274655074127,0.4229640157928985,3,"[np.float64(2.3558914017163507e-05), np.float64(0.30583791409891703), np.float64(0.14433504462743116)]",0.0007558722321364249
m-344,0.00011439946015057156,0.2113361038869906,3,"[np.float64(0.0002954164222775921), np.float64(0.02010239038017887), np.float64(0.17573552629135616)]",0.0007558722321364249
piretanide,0.0001152537098542128,0.5926144270351477,3,"[np.float64(9.168094528791684e-06), np.float64(0.25934172314846204), np.float64(0.44271554995140694)]",0.0007580550825411178
sb-366791,0.00012280239159290218,1.440568980097583,3,"[np.float64(7.533997278758529e-06), np.float64(0.19770259566784354), np.float64(0.7604958747761417)]",0.0008040500481218527
gastrodin,0.00012435998155635453,0.5086529926693005,3,"[np.float64(0.0036029161349637857), np.float64(0.0017709063505568533), np.float64(0.18014296017687928)]",0.0008105806005047071
zardaverine,0.0001279468032233666,0.38036530282275915,3,"[np.float64(2.1095619936230047e-05), np.float64(0.1123266551558463), np.float64(0.5012808598246598)]",0.0008302198397498272
way-600,0.00013027054415015726,0.635471019528665,3,"[np.float64(2.8971810966112694e-06), np.float64(0.6079656865649575), np.float64(0.6885717208235517)]",0.0008415244526128463
pralatrexate,0.00013497784773408572,0.5656059027211641,3,"[np.float64(3.8321758533863655e-06), np.float64(0.5476292275605992), np.float64(0.6021733542180333)]",0.0008680575363165424
abt-751,0.00013634697730779965,0.3821366985066666,3,"[np.float64(4.0215555920738995e-05), np.float64(0.046784905096148216), np.float64(0.6795635145769117)]",0.0008700304551990648
triamterene,0.00013648715503122855,1.802994763496836,3,"[np.float64(0.002507625195278567), np.float64(0.0006934174678117464), np.float64(0.7361890808580707)]",0.0008700304551990648
chicago-sky-blue-6b,0.00013769443447797514,1.8133742657477576,3,"[np.float64(5.4210266163476036e-05), np.float64(0.08326513166330164), np.float64(0.28650499829095555)]",0.0008720378828921191
gdc-0879,0.00013800737745839342,1.3060418303576828,3,"[np.float64(4.4143534961560944e-05), np.float64(0.07286025113421409), np.float64(0.40314496096811014)]",0.0008720378828921191
oxymatrine,0.00013876712583638096,0.43153824670978574,3,"[np.float64(0.00040310296348662557), np.float64(0.04782350039444495), np.float64(0.06768988355412286)]",0.0008730262221097533
5-hydroxymethyl-tolterodine,0.0001457190699885036,0.4995354203536163,3,"[np.float64(1.6787910877207476e-05), np.float64(0.24416401446079572), np.float64(0.3369031855298259)]",0.0009127943475037433
camptothecin,0.00014707469233410375,0.606324515508343,3,"[np.float64(0.000472957802906756), np.float64(0.01334002165114033), np.float64(0.22124151181976884)]",0.000917314999170035
penfluridol,0.00014799740809201545,0.2972368709593704,3,"[np.float64(1.1106010991574233e-05), np.float64(0.15506555744732367), np.float64(0.8164342342721176)]",0.0009191083669920445
dehydrocholate-acid,0.00015556204125610762,0.5748302355081804,3,"[np.float64(0.00036325551214867096), np.float64(0.012575401344986593), np.float64(0.3261143192276453)]",0.0009619584346050758
evodiamine,0.00015763278349101295,0.7219238327643018,3,"[np.float64(4.093352075681069e-06), np.float64(0.7020237733328643), np.float64(0.5264248295560818)]",0.0009706154796233861
nocodazole,0.00015892402396333605,0.4161664930644555,3,"[np.float64(3.5479588598070034e-05), np.float64(0.06412023916222484), np.float64(0.6712819940377841)]",0.0009744197570972342
dioscin,0.00016590419295692271,0.2664507506292494,3,"[np.float64(0.00014918261016785963), np.float64(0.1206811462983354), np.float64(0.08916428408159842)]",0.0010123786624815182
bardoxolone-methyl,0.0001665142513272988,0.2865509119389609,3,"[np.float64(0.0038734243639657103), np.float64(0.0015581466287588929), np.float64(0.2671136602065456)]",0.0010123786624815182
tak-715,0.00017376318435990967,0.7132398537746412,3,"[np.float64(2.844003146712994e-06), np.float64(0.7892710661969137), np.float64(0.7546378522295331)]",0.0010520306601204575
sb-242235,0.00018565809745429984,0.41550930108792916,3,"[np.float64(0.0015017471605549822), np.float64(0.045516445884101746), np.float64(0.026764181315564645)]",0.0011184292815463687
mrs-1220,0.00018627605864041108,0.6751083795608064,3,"[np.float64(0.00010829451068625395), np.float64(0.022000573998148296), np.float64(0.770826889976908)]",0.0011184292815463687
ppt,0.00020461062968812893,0.5119050791697386,3,"[np.float64(9.974590595132537e-05), np.float64(0.15159511579767723), np.float64(0.13547497039377246)]",0.0012234362857798452
sb-228357,0.000208567143708982,0.616204477482465,3,"[np.float64(0.001004634216665115), np.float64(0.00310067117578522), np.float64(0.6724525110438678)]",0.0012419615512217982
gossypol,0.0002103069046250905,0.5286827217257181,3,"[np.float64(8.758219477739229e-06), np.float64(0.38526482308665855), np.float64(0.6268331831188237)]",0.0012471888975102703
pf-477736,0.00021270045746279997,0.6744871651391359,3,"[np.float64(5.4063341261209094e-06), np.float64(0.43039000758456036), np.float64(0.9210586741959405)]",0.0012562349467292718
jk-184,0.00021783267240516047,0.45235320772621596,3,"[np.float64(1.49838246594507e-05), np.float64(0.20135574279758925), np.float64(0.7303487024613822)]",0.0012813165730498667
gdc-0349,0.00022812874427835528,0.37158914985000396,3,"[np.float64(1.605023441279105e-05), np.float64(0.21415898640365488), np.float64(0.6765185821584081)]",0.0013349785438265403
jte-607,0.00022880074559017416,0.6935633088000852,3,"[np.float64(0.003954448081713552), np.float64(0.0009230491238515507), np.float64(0.6392582124521469)]",0.0013349785438265403
nsc-663284,0.0002366323263024439,0.5375994643130276,3,"[np.float64(2.3482051425252155e-05), np.float64(0.1252016487113161), np.float64(0.825447710241126)]",0.0013751284183117925
estradiol,0.00025011763394100495,1.2400703266363946,3,"[np.float64(7.495360690111626e-05), np.float64(0.07253392318183305), np.float64(0.47620553579444036)]",0.0014476808652505366
ly2608204,0.00025130830221231637,1.8433279269244927,3,"[np.float64(0.0001966678147976076), np.float64(0.014260642851878015), np.float64(0.9282478231627492)]",0.001448777343829569
pha-665752,0.00026358008871363303,2.3474696671914845,3,"[np.float64(0.003134197005212743), np.float64(0.0014090703631030215), np.float64(0.6232498296262452)]",0.0015134936046374088
quizartinib,0.00027519823046207037,0.709128904156435,3,"[np.float64(0.002149777117091405), np.float64(0.003023663745912668), np.float64(0.4453370657999849)]",0.0015739598398364263
efonidipine-monoethanolate,0.00029069692858929574,0.8996333324932609,3,"[np.float64(7.231325493737549e-06), np.float64(0.9725740185695795), np.float64(0.4388390563692499)]",0.0016560569120815391
mln0128,0.00030085494432419146,0.4850860686505867,3,"[np.float64(4.635133041181051e-05), np.float64(0.37497192333005447), np.float64(0.18485978290940588)]",0.0017072043311259022
cyclovalone,0.0003039751073771191,6.811159196225117,3,"[np.float64(0.0001310983754665444), np.float64(0.13831940672336498), np.float64(0.17933653498351892)]",0.0017116424592341385
halcinonide,0.0003049045542840023,1.014316085588338,3,"[np.float64(6.859596212915154e-05), np.float64(0.07472340407456998), np.float64(0.6367169181444801)]",0.0017116424592341385
clonazepam,0.0003051857321924034,0.27536249493446174,3,"[np.float64(0.0003320201695622106), np.float64(0.04586892181149786), np.float64(0.21452963967950822)]",0.0017116424592341385
afobazole,0.000308084343614734,0.617987935215842,3,"[np.float64(0.006814154107199999), np.float64(0.01425577509346178), np.float64(0.034007501835928954)]",0.0017212279737857919
mesoridazine,0.00030998596117803867,0.5221210339468793,3,"[np.float64(3.499814037197833e-05), np.float64(0.3491948578330323), np.float64(0.272266558581413)]",0.0017250064704782916
ki-16425,0.00031114491278150247,0.5642989432112461,3,"[np.float64(7.88358921669588e-05), np.float64(0.05964527294708121), np.float64(0.7107308658862197)]",0.0017250064704782916
crizotinib-(s),0.00031878899853865494,0.18529938182430936,3,"[np.float64(0.0008456503355385612), np.float64(0.020833218731148087), np.float64(0.19516652468505408)]",0.001760640003379518
tosedostat,0.0003312791832842388,0.4353955677820074,3,"[np.float64(0.00015778229665792994), np.float64(0.07262612306314449), np.float64(0.31387887725342467)]",0.0018226653163965533
ban-orl-24,0.00034635254992387843,1.246079250149865,3,"[np.float64(0.00032083058906599214), np.float64(0.02495106418243058), np.float64(0.4733791974384217)]",0.0018983793171964095
pyritinol,0.000349656628792272,1.3302799492779536,3,"[np.float64(2.231592292898232e-05), np.float64(0.19933624984572407), np.float64(0.8614104523747002)]",0.0019090443817358289
vemurafenib,0.0003509369768774917,0.7258009917906724,3,"[np.float64(0.009882845472667014), np.float64(0.0005168894677293836), np.float64(0.7533450786845004)]",0.0019090443817358289
terconazole,0.0003682259901985896,0.5696760310585649,3,"[np.float64(0.002424574301654215), np.float64(0.005490544586625062), np.float64(0.30586925937705567)]",0.0019955917895781244
imiquimod,0.00037799064389831827,1.1633251362920956,3,"[np.float64(8.934316145682506e-05), np.float64(0.26746463453871117), np.float64(0.1757144724729292)]",0.002040867394480845
ly3023414,0.00038419180966364763,0.27795151816163294,3,"[np.float64(0.0001559914607665548), np.float64(0.043838039228440324), np.float64(0.6258715072459629)]",0.0020666377270754576
brilliant-green,0.00038953203615588183,0.2501792501960536,3,"[np.float64(4.4916513371789654e-05), np.float64(0.1895263004423343), np.float64(0.5109822833597508)]",0.002087603171546522
mk-5108,0.0003956176904066355,0.5000968340220612,3,"[np.float64(2.3532999324577825e-05), np.float64(0.22151547583910033), np.float64(0.8497917571391086)]",0.002112394088628788
biib021,0.00040410116290057196,0.3904703755853788,3,"[np.float64(8.275240909438445e-05), np.float64(0.25763549928654267), np.float64(0.21302958955083479)]",0.0021422813404066566
entinostat,0.0004041760925577176,1.5454499799126067,3,"[np.float64(9.329108908099319e-06), np.float64(0.5252733017875729), np.float64(0.9270335784138485)]",0.0021422813404066566
tofogliflozin,0.0004164098066360422,0.5079365041227862,3,"[np.float64(0.0018056121136614505), np.float64(0.005392049244096654), np.float64(0.4832512877074888)]",0.002192088400160155
nanchangmycin,0.00041660284038980144,0.6018905373363286,3,"[np.float64(0.001236247558475733), np.float64(0.007116075835004682), np.float64(0.5351087903179905)]",0.002192088400160155
nvp-auy922,0.00042013254041062265,0.4641651265369851,3,"[np.float64(0.00020378376501617253), np.float64(0.1104561696785314), np.float64(0.21122194595366878)]",0.0022026513984571413
dacomitinib,0.00042272543494370485,2.140603331992525,3,"[np.float64(0.040461067193549125), np.float64(0.00022284051092569577), np.float64(0.5311423508257865)]",0.002205601625803918
racecadotril,0.00042374378159881765,1.6285175248576826,3,"[np.float64(0.046934001736026146), np.float64(0.0002410848179015906), np.float64(0.42443822553999955)]",0.002205601625803918
fenofibrate,0.00044430631916203556,0.88992888383525,3,"[np.float64(0.0004973714962377037), np.float64(0.1598425465632308), np.float64(0.06387369416587513)]",0.002304341375725683
tacedinaline,0.0004772426246875128,2.76284162553107,3,"[np.float64(1.7015146729185794e-05), np.float64(0.36169658982843056), np.float64(0.8976472293828037)]",0.0024663217068672536
dabrafenib,0.0004825502128524839,0.7198404293324097,3,"[np.float64(0.0018645622724088565), np.float64(0.005054249752258453), np.float64(0.5939023757048736)]",0.002484876007108698
betulinic-acid,0.0004844628244412563,0.38681108572778816,3,"[np.float64(0.0020777858056041407), np.float64(0.022685688466501423), np.float64(0.11929480530091006)]",0.0024858783934982196
lestaurtinib,0.0005056187000490597,1.4117609611187905,3,"[np.float64(4.298143980319356e-05), np.float64(0.21018493373152428), np.float64(0.6546166235165187)]",0.00258526593275968
way-170523,0.0005142850925541342,0.7052901052282659,3,"[np.float64(5.642500062520687e-05), np.float64(0.11274278139966018), np.float64(0.9484607112987717)]",0.002620318763823353
narasin,0.000524548042460049,0.4791134735477339,3,"[np.float64(0.00018298848980319112), np.float64(0.07431293958785987), np.float64(0.45417297570539716)]",0.0026632316401392665
lb42708,0.0005267199166664183,0.39300106170226345,3,"[np.float64(0.00021110538938390097), np.float64(0.04587814068106978), np.float64(0.6408008309146315)]",0.002664908109847228
maxacalcitol,0.0005344936488397289,1.1687779502236715,3,"[np.float64(0.00046436305133373064), np.float64(0.043528178206154955), np.float64(0.3124018724807271)]",0.002694816410700654
pirenperone,0.000540349690106634,0.37144699616292565,3,"[np.float64(4.270835492637841e-05), np.float64(0.31835886491779314), np.float64(0.47043691574549173)]",0.002714881949945484
bucladesine,0.000556625744731587,1.4828327235940322,3,"[np.float64(0.004919395096456941), np.float64(0.0018232589062683977), np.float64(0.7385819886611025)]",0.002786980804936354
at13387,0.000561674496954323,0.5938113320678324,3,"[np.float64(1.4223037010556123e-05), np.float64(0.689174168721763), np.float64(0.683080735909644)]",0.0028025213816918436
acetylsalicylsalicylic-acid,0.0005636031251363693,0.9542747693576493,3,"[np.float64(0.00010908390102313939), np.float64(0.23748473231989833), np.float64(0.2595115138129613)]",0.0028025213816918436
levonorgestrel,0.0005691301013890371,1.7886459967005115,3,"[np.float64(4.1015887880846976e-05), np.float64(0.34768834116908265), np.float64(0.47689279605756607)]",0.002820312522979235
niraparib,0.0005939661449821942,0.6480902908149673,3,"[np.float64(2.4588816893974135e-05), np.float64(0.4141955553749088), np.float64(0.7023570705972715)]",0.002933341337164625
mexiletine,0.0006009623978806555,0.23676770032479422,3,"[np.float64(0.0011493554124196895), np.float64(0.046346062679659364), np.float64(0.13616044672104094)]",0.0029577979242629542
mgcd-265,0.0006041433201117163,0.37479771865959804,3,"[np.float64(0.004517654524325232), np.float64(0.008640479975471108), np.float64(0.18697359719209267)]",0.0029633741837344187
cyproterone-acetate,0.0006241182386889088,1.3448491441733408,3,"[np.float64(0.00016016280691424204), np.float64(0.3286917794531218), np.float64(0.1440797074211977)]",0.003051010443860983
mycophenolate-mofetil,0.0006374993217912461,0.8560875315325897,3,"[np.float64(2.1401816777335576e-05), np.float64(0.7833329880655571), np.float64(0.4639450648149953)]",0.0031039671311755804
disulfiram,0.0006392413304010525,0.46771144078196375,3,"[np.float64(9.046746165562852e-05), np.float64(0.10860680603306497), np.float64(0.7941781371434609)]",0.0031039671311755804
gamma-aminobutyric-acid,0.0006609672333159899,1.3393469065583075,3,"[np.float64(2.764804588163049e-05), np.float64(0.3486719926682219), np.float64(0.8421395147036695)]",0.003198727714408821
trimebutine,0.0006935071153025829,0.551522719635779,3,"[np.float64(0.019467642955091877), np.float64(0.00811697945091318), np.float64(0.05438810021778975)]",0.0033450159861427914
mk-8745,0.0007439965875756238,0.5619742555421767,3,"[np.float64(2.4979812896425157e-05), np.float64(0.7884489873203979), np.float64(0.474321295502774)]",0.0035667569343156794
4-chlorophenylguanidine,0.0007444095329394163,1.7532106093585371,3,"[np.float64(0.0007611022314722232), np.float64(0.028177213457169222), np.float64(0.435893669061416)]",0.0035667569343156794
capecitabine,0.0007760776188734386,0.21187346816294406,3,"[np.float64(0.00019339015688553737), np.float64(0.13223572703304026), np.float64(0.38409103427077007)]",0.0036987602287225593
lacitol,0.0007770719485360456,0.7642701953699974,3,"[np.float64(1.817451399276687e-05), np.float64(0.7714973684806115), np.float64(0.7015861089073412)]",0.0036987602287225593
ibutilide,0.0008015069348022985,0.8143633455664867,3,"[np.float64(3.3449595089044635e-05), np.float64(0.34306237428770886), np.float64(0.8894049054259082)]",0.003802559130029265
thonzonium,0.000855657118732478,0.09464601245364491,3,"[np.float64(0.370384966324638), np.float64(0.0013331905307885107), np.float64(0.02234092160817021)]",0.0040461955908689395
tirapazamine,0.0008665877090795471,0.4953099794405414,3,"[np.float64(0.009915505132634872), np.float64(0.005292678744559815), np.float64(0.2134127238977634)]",0.0040713445237503965
rociletinib,0.0008666027044333946,3.2484369245799987,3,"[np.float64(0.00011310418110489485), np.float64(0.13984810488169208), np.float64(0.7080833630068419)]",0.0040713445237503965
levocarnitine,0.000874875904354977,0.6546860458266377,3,"[np.float64(0.0004329099324130745), np.float64(0.06984629362837948), np.float64(0.3746217808096828)]",0.00409691078835486
clofazimine,0.0008876636520142034,0.5303021725757191,3,"[np.float64(0.0019639600716879727), np.float64(0.01756520139675964), np.float64(0.3340835204933742)]",0.004143384853111459
epothilone-d,0.0009006610282445981,0.42587582114851347,3,"[np.float64(0.0003623925268481379), np.float64(0.08743062845614563), np.float64(0.370100731654453)]",0.004190535395080172
tipifarnib,0.0009465831655253165,0.5175872163336129,3,"[np.float64(0.0025159683348140627), np.float64(0.012494102549697867), np.float64(0.39582319299596436)]",0.004390082822163888
lenvatinib,0.0009964281497171212,0.3151160434576046,3,"[np.float64(5.734717347196711e-05), np.float64(0.6422863331966753), np.float64(0.35914238356673933)]",0.0046064905196187686
gw-843682x,0.0010035268710084644,0.6074865921278281,3,"[np.float64(4.595617344331425e-05), np.float64(0.31253262397011505), np.float64(0.9288576939716151)]",0.004624533064806522
betamethasone-dipropionate,0.001010263327401395,0.947373480525571,3,"[np.float64(3.864791144042439e-05), np.float64(0.7464473489394496), np.float64(0.4661576630216884)]",0.00464079693571371
sunitinib,0.0010272796573220777,0.4832538293238758,3,"[np.float64(0.003589538908557238), np.float64(0.0051463963907622), np.float64(0.7426434556964085)]",0.004704030582737489
tozasertib,0.0010441761028266994,0.6094056910134047,3,"[np.float64(5.762127645836284e-05), np.float64(0.28443818709417357), np.float64(0.8535253621975476)]",0.00476631804665689
chlorpyrifos,0.0010629864214624085,1.5287203319112437,3,"[np.float64(0.00011088223297498171), np.float64(0.2367279734043433), np.float64(0.544430921686323)]",0.004836922490113538
diphenyleneiodonium,0.0010693511859763971,0.35519397352167914,3,"[np.float64(0.003935190162405814), np.float64(0.008523904104017894), np.float64(0.4290909229083304)]",0.004850630614758139
tivantinib,0.0010973235211206855,0.5460313468572895,3,"[np.float64(4.542202734153503e-05), np.float64(0.6451390313877261), np.float64(0.5065748318778731)]",0.0049619597970676
idoxuridine,0.001124917327282926,0.5127733090280961,3,"[np.float64(0.16763358843675707), np.float64(0.0027799191886081526), np.float64(0.032815121139685995)]",0.005059024071825535
poziotinib,0.0011257814451470782,1.5818794774709792,3,"[np.float64(0.00011680972431372677), np.float64(0.25130191255725254), np.float64(0.5214245686521588)]",0.005059024071825535
carmustine,0.001174910233718407,1.4516216890628009,3,"[np.float64(0.009089814931446092), np.float64(0.0038948935652529525), np.float64(0.4550126730184797)]",0.005263452347339118
cep-33779,0.001196595436689929,1.1712822049330587,3,"[np.float64(0.0014524072836964255), np.float64(0.03784288509201096), np.float64(0.2995819442212221)]",0.005344054311389898
prednisolone-acetate,0.0012075644908037253,0.8686575663067675,3,"[np.float64(0.00014315724317205997), np.float64(0.17236147381571942), np.float64(0.6746571537846113)]",0.005365798566518979
cyclophosphamide,0.0012088806722081458,0.5325085689724226,3,"[np.float64(0.00012246313426764763), np.float64(0.7562830412071189), np.float64(0.1799756857085003)]",0.005365798566518979
cefdinir,0.0012738489498678174,1.486425095294693,3,"[np.float64(0.006187846705102313), np.float64(0.0031356504494259533), np.float64(0.9147308174488039)]",0.005636878992228537
scriptaid,0.0012803276216674098,0.33839289447714405,3,"[np.float64(0.004394340107994735), np.float64(0.01416035819496626), np.float64(0.2869693636603394)]",0.005648274599246164
mk-2206,0.0013016412342169437,0.3587572633040623,3,"[np.float64(0.013341886170870211), np.float64(0.0030299531983867273), np.float64(0.4505608922636549)]",0.005724847616753549
bekanamycin,0.0013492233163379108,0.6381063360088093,3,"[np.float64(0.00019465614157610864), np.float64(0.3682405149302034), np.float64(0.26529286093941457)]",0.005916139814366536
taselisib,0.001365813141848804,1.4305698448894653,3,"[np.float64(0.001493418802752462), np.float64(0.01845947499444511), np.float64(0.7000013212114924)]",0.005970790381435708
clofibrate,0.001386237277590019,0.8066677270455501,3,"[np.float64(2.938420758350561e-05), np.float64(0.8416319309262967), np.float64(0.7943431036086905)]",0.006041823315279389
nvp-bez235,0.0013906637295425517,0.5692770944238309,3,"[np.float64(0.000245018985402038), np.float64(0.13089333616059398), np.float64(0.6148805183074313)]",0.006042914164108325
fluocinolone-acetonide,0.001406445367531095,1.1164875755192016,3,"[np.float64(0.09508785073231195), np.float64(0.000273661670997091), np.float64(0.7681722707029213)]",0.0060931929545433965
thioguanine,0.0014231796548175302,4.409587598194665,3,"[np.float64(0.020309802992523728), np.float64(0.007001488460267298), np.float64(0.14258583319142526)]",0.006147286449316316
ly364947,0.001454197630084142,1.8642499897643683,3,"[np.float64(0.0041271833954882545), np.float64(0.12154973250504605), np.float64(0.04147861841619691)]",0.0062459318090593696
acetazolamide,0.0014546503245701503,1.4712526377282946,3,"[np.float64(0.00010223115892274114), np.float64(0.2958229639445964), np.float64(0.6883026954420363)]",0.0062459318090593696
desonide,0.0014612165292116064,1.1153604700848772,3,"[np.float64(0.019286312090322232), np.float64(0.001647562063432804), np.float64(0.658652433509423)]",0.006255563070323061
abt-702,0.001509277362709227,1.662666602078663,3,"[np.float64(0.005864736137424344), np.float64(0.00726430362853572), np.float64(0.5107588516351723)]",0.006442254701593663
bibx-1382,0.0015572698852223121,0.6742177282683797,3,"[np.float64(5.311681731369644e-05), np.float64(0.8457794557253864), np.float64(0.5029651861152196)]",0.006627557423284369
salvinorin-a,0.0016095268719475975,0.5444506729894671,3,"[np.float64(0.001586712503517403), np.float64(0.2449660761411671), np.float64(0.06049139171712783)]",0.0068298691604345265
nan-190,0.0016282800305804646,1.3384947224887236,3,"[np.float64(7.953092105045225e-05), np.float64(0.31943413132583076), np.float64(0.9385224570930693)]",0.006889243287280504
nvp-bhg712,0.0016441574614823873,0.8019460281622758,3,"[np.float64(3.761942289070465e-05), np.float64(0.7496584872266747), np.float64(0.8553965547478246)]",0.0069361394949417335
kpt-185,0.0016809527914710687,0.5575026600170255,3,"[np.float64(5.396528191890208e-05), np.float64(0.49672340885128186), np.float64(0.9242872662940804)]",0.007070752003658827
mephenytoin,0.0016964831674919356,0.5156140626639455,3,"[np.float64(0.0032419501221933366), np.float64(0.16612599740283474), np.float64(0.04651690750202691)]",0.00711539461843719
linalool,0.0017149882950149298,1.4287865799685826,3,"[np.float64(0.001915647650543649), np.float64(0.014120477568805266), np.float64(0.9383727806083149)]",0.007172219834932381
dmh1,0.0017576308184389378,0.5181285852289971,3,"[np.float64(0.0075003938710562846), np.float64(0.03199992055529411), np.float64(0.1089391340183155)]",0.007329371165075339
tas-103,0.0018609165623627577,0.45540755641077046,3,"[np.float64(0.0001886048965584258), np.float64(0.3435355266918567), np.float64(0.4323702695229521)]",0.007737776625686524
8-hydroxy-pipat,0.00187395273284241,0.3785204078399839,3,"[np.float64(0.00294612362416758), np.float64(0.1969823892658249), np.float64(0.04868191830227167)]",0.007769655026999907
chloroxine,0.0018923013004186195,0.39555798688690724,3,"[np.float64(0.001251278431848848), np.float64(0.049943011354545645), np.float64(0.45744060073141946)]",0.007823314233444978
cephalomannine,0.0019117691420093008,0.20259467049859645,3,"[np.float64(0.10616235692213127), np.float64(0.04759774691465507), np.float64(0.00572773801886487)]",0.007881281904522672
pepstatin,0.0019316060450141892,1.8910152702596266,3,"[np.float64(0.00028250708410233234), np.float64(0.22611353318223854), np.float64(0.45878373505744774)]",0.00794043734981685
vtp-27999,0.0019751998702063345,0.7440356724909426,3,"[np.float64(0.0011738771701795862), np.float64(0.10823721728289125), np.float64(0.23697096597401807)]",0.00809664082772965
gsk2110183,0.0020115373365326983,0.5193783382690847,3,"[np.float64(0.010796959052826599), np.float64(0.0047423284229899726), np.float64(0.6011562233066622)]",0.008222300920798911
quinethazone,0.0020455935691571225,0.5673480936339005,3,"[np.float64(0.0020666601307550853), np.float64(0.17585078653496544), np.float64(0.08643681658013107)]",0.008337954632592553
erastin,0.002092118939782006,0.40924383569767536,3,"[np.float64(0.0020382122943127952), np.float64(0.11619647871726459), np.float64(0.13630301597038444)]",0.00850364074681057
diphemanil,0.002135733678145235,0.7444409225418599,3,"[np.float64(0.00011340012055351366), np.float64(0.30784890934797415), np.float64(0.9481140376878092)]",0.008634109370930234
flumethasone-pivalate,0.0021418345447884457,0.9077704378571897,3,"[np.float64(0.002530377127041967), np.float64(0.020508375341769608), np.float64(0.6400258707963993)]",0.008634109370930234
imiloxan,0.0021476682215513243,1.805394355857901,3,"[np.float64(0.0002732291130427902), np.float64(0.6352074314690773), np.float64(0.19200127907395156)]",0.008634109370930234
osi-420,0.002150590962256449,2.2784281720258117,3,"[np.float64(0.0035046706829572217), np.float64(0.18124994202854516), np.float64(0.05254578746239239)]",0.008634109370930234
paclitaxel,0.0021540521651042255,0.7008725168987002,3,"[np.float64(0.00021462558397455973), np.float64(0.3687083179112298), np.float64(0.42261571816261967)]",0.008634109370930234
sb-743921,0.002188205564986001,0.5728612690033664,3,"[np.float64(0.00038736216723824526), np.float64(0.09771657946868047), np.float64(0.9005596609816087)]",0.0087467774931899
le-135,0.002216117492031988,0.4457659011391489,3,"[np.float64(0.017843202363136024), np.float64(0.004277264086112399), np.float64(0.4535644506732688)]",0.008833944933802443
beclomethasone-dipropionate,0.0022238869646890036,0.658995622997046,3,"[np.float64(0.020226977432550496), np.float64(0.03188834956845309), np.float64(0.05389638252677642)]",0.008840561642596122
pp-121,0.00224033459141304,0.9086329462055742,3,"[np.float64(0.00019236742637417429), np.float64(0.3307019214122806), np.float64(0.5513647641451567)]",0.008881545626779916
busulfan,0.0022869504973179744,0.6218204264135612,3,"[np.float64(0.011510751783170159), np.float64(0.008679520302956122), np.float64(0.3599714452657675)]",0.009041577512620516
salinomycin,0.002294119861715571,0.4070397804176292,3,"[np.float64(0.12816948658925953), np.float64(0.007000321933335363), np.float64(0.04023609706499116)]",0.009045208283112892
hypoestoxide,0.0023074529757605156,0.6183424388094947,3,"[np.float64(7.334726340827348e-05), np.float64(0.6417194369709756), np.float64(0.7724075862734225)]",0.009073055586753984
torcetrapib,0.0023318319179750358,0.684923084729358,3,"[np.float64(0.000636279106586148), np.float64(0.31745594801910637), np.float64(0.18230138140040503)]",0.009144067168861455
iproniazid,0.0023718596627582134,0.7983265970981166,3,"[np.float64(0.0013623543506080026), np.float64(0.033504358090629814), np.float64(0.8235938079013676)]",0.009275894410840905
metronidazole,0.0024677376005640683,1.0982751357805471,3,"[np.float64(0.0003030870363830873), np.float64(0.27760960282156527), np.float64(0.46884793637995315)]",0.009624841800582767
vx-765,0.002531370438929925,1.0908821814780327,3,"[np.float64(0.009862350961035727), np.float64(0.004773052847792441), np.float64(0.8643977644894226)]",0.0098234711215423
triapine,0.0025322423830927976,0.9159971585401371,3,"[np.float64(0.00037736759170983313), np.float64(0.12231357911574568), np.float64(0.881928024489266)]",0.0098234711215423
naftifine,0.0026215502216558884,0.5414144005002629,3,"[np.float64(0.0004355622901106949), np.float64(0.9120194976187492), np.float64(0.1068934478173445)]",0.010142735750631205
thiostrepton,0.002644040279298654,0.41704554697486085,3,"[np.float64(0.35641249917999906), np.float64(0.0004195456682847121), np.float64(0.2869418653420812)]",0.01020247009105374
evp4593,0.0026519048772746245,0.30911434864373405,3,"[np.float64(0.26213692069180067), np.float64(0.0018402780965165201), np.float64(0.08926606678269466)]",0.01020560201440527
pf-04457845,0.0026851442819794125,0.6143283560954478,3,"[np.float64(6.993912005669285e-05), np.float64(0.9997306354731975), np.float64(0.6253006098447875)]",0.010306110811735304
eprinomectin,0.002720575435389394,1.4245805811208219,3,"[np.float64(0.00029369669767707467), np.float64(0.4750719425659006), np.float64(0.3184015448832706)]",0.010414477923302787
vidarabine,0.002771857794487964,0.3528019554291996,3,"[np.float64(0.05325950527997321), np.float64(0.003745252397527218), np.float64(0.22784935399713224)]",0.010582792159958006
bms-345541,0.0028079447980684513,0.5581014330490583,3,"[np.float64(0.009978811708270632), np.float64(0.030201647324044213), np.float64(0.1532044106145181)]",0.01068440653114814
niacin,0.0028146945494199604,0.6940592741997026,3,"[np.float64(0.004282174647473924), np.float64(0.015935296375653964), np.float64(0.6786233030017303)]",0.01068440653114814
pyrimethamine,0.0028206242535581127,0.5800442557702621,3,"[np.float64(0.0003848411896865521), np.float64(0.17999999677702108), np.float64(0.6702159255384255)]",0.01068440653114814
sch-58261,0.0028344479636220887,0.6969693605636733,3,"[np.float64(0.0019014261066426779), np.float64(0.06294012973934421), np.float64(0.39025939430388445)]",0.010708736823397291
triamcinolone-acetonide,0.002918135973846381,1.4940072464969816,3,"[np.float64(0.30862148644890447), np.float64(0.0016009282136767767), np.float64(0.09794757181598744)]",0.01099620508894717
mifepristone,0.0029721824790204243,1.2883733046163672,3,"[np.float64(0.07119669894186156), np.float64(0.000928260185520873), np.float64(0.7488587732252354)]",0.011170774148422217
fluoromethylcholine,0.0030234262087797115,0.7068294612075339,3,"[np.float64(0.0021385904379888944), np.float64(0.124861519436957), np.float64(0.1892552119557951)]",0.011333931927731198
"hydroxytacrine-maleate-(r,s)",0.003058319573990609,0.5938765025993854,3,"[np.float64(0.0015513284652503142), np.float64(0.4894997215272071), np.float64(0.06749033174824284)]",0.011435112205592794
bromosporine,0.0030808598279773447,0.7150252153246517,3,"[np.float64(0.00035513681217767823), np.float64(0.36164064573664645), np.float64(0.40264774475254883)]",0.011463619241700087
oridonin,0.0030817884485289104,0.3330988375405287,3,"[np.float64(0.0007960992137845767), np.float64(0.4445919940480134), np.float64(0.14616031134074137)]",0.011463619241700087
azd8055,0.0031559690140358088,0.3565054463728322,3,"[np.float64(0.00046972445752696177), np.float64(0.26198281116041083), np.float64(0.4327941291406361)]",0.011709454264896963
tedizolid-phosphate,0.003204158678380309,0.7968546604148043,3,"[np.float64(0.0019027655915197124), np.float64(0.06313266718056487), np.float64(0.45166273017698544)]",0.011857845543775721
flubendazole,0.0033161768678826586,0.4445934820049077,3,"[np.float64(0.001043196248525882), np.float64(0.08097465148027805), np.float64(0.6699129982004177)]",0.012241091652617875
lorlatinib,0.0033550461263816,2.128466553268725,3,"[np.float64(0.0006931182171080796), np.float64(0.21784128026617777), np.float64(0.38017935193089336)]",0.012353057874997901
fenretinide,0.003408930704934643,0.3911872642744433,3,"[np.float64(0.0022399403083599753), np.float64(0.07979446965943), np.float64(0.32749937393156037)]",0.01251960083766606
prednisolone-hemisuccinate,0.003439532995187955,0.9318101149111949,3,"[np.float64(0.0002331924009064331), np.float64(0.40842157654582645), np.float64(0.6213792076706417)]",0.012600010744397394
ramatroban,0.003524898574665314,0.6531637545513391,3,"[np.float64(0.003505758107666248), np.float64(0.046793257104954494), np.float64(0.37177305014755246)]",0.012848986522716202
isoxsuprine,0.003525257532493664,0.5605937730569722,3,"[np.float64(0.002869900350993876), np.float64(0.1379217473183575), np.float64(0.15409829610787149)]",0.012848986522716202
naftidrofuryl,0.0036183501458558753,1.4736887204230682,3,"[np.float64(0.00038998057952886316), np.float64(0.18914705236656315), np.float64(0.8537927322589745)]",0.013155157439832792
ccmi,0.0036975426287945146,0.7240976518265353,3,"[np.float64(0.00019803967149877502), np.float64(0.3881123686440511), np.float64(0.8414654799224258)]",0.013409383919462814
unc2250,0.003752886630159158,1.250261161142487,3,"[np.float64(0.002328874723518052), np.float64(0.042962393116989246), np.float64(0.658326989496294)]",0.01355987480647875
methotrexate,0.0037577814771236895,0.7607201297634636,3,"[np.float64(8.696122576843944e-05), np.float64(0.8856884084935294), np.float64(0.856575269799442)]",0.01355987480647875
8-bromo-cgmp,0.0037777948671988693,1.680815679620163,3,"[np.float64(0.000974911755175077), np.float64(0.07279958708616734), np.float64(0.9356513360624792)]",0.013598182021982
mibefradil,0.003821014557546243,1.4954218016666416,3,"[np.float64(0.006327387304708335), np.float64(0.018771091433045936), np.float64(0.5669822202876726)]",0.013719622989502267
marimastat,0.0038779325500811757,0.415246539734991,3,"[np.float64(0.000733716251200914), np.float64(0.1738107888538997), np.float64(0.5377467843715185)]",0.013869105594454027
equol,0.0038818160095051013,2.298396957549282,3,"[np.float64(0.003046990131398787), np.float64(0.19550713795954816), np.float64(0.11526139343402739)]",0.013869105594454027
tioxolone,0.0038976629461646706,0.8952014223478699,3,"[np.float64(0.00036056970621659994), np.float64(0.4226932642372092), np.float64(0.4527725221524195)]",0.013891424342611524
kpt-276,0.003922881124154731,0.5105523963367761,3,"[np.float64(0.0032859663617310956), np.float64(0.023084415800451716), np.float64(0.9169791431730185)]",0.013946950827154535
propranolol,0.003955986531476552,0.841875418134141,3,"[np.float64(0.0012007415185562296), np.float64(0.08024577383697039), np.float64(0.7293937232218975)]",0.014030177723153358
metoprolol,0.004007917245500203,1.297694857595329,3,"[np.float64(0.0021890906965515685), np.float64(0.04110188171101679), np.float64(0.7937464987712769)]",0.014179599643615634
triciribine,0.004055663577541835,0.9726445156699582,3,"[np.float64(0.002277299712992354), np.float64(0.038814147482631525), np.float64(0.819844558839405)]",0.014313524870007402
artemisinin,0.0041487334508176765,0.6090068884486157,3,"[np.float64(0.4218244552986077), np.float64(0.000929133301366152), np.float64(0.19014002536485167)]",0.014595698044885513
embelin,0.004155789629919027,0.8291112353670932,3,"[np.float64(0.00117102019886077), np.float64(0.15463239441367685), np.float64(0.41240900945197945)]",0.014595698044885513
azathioprine,0.004232923809544542,0.7100324930523693,3,"[np.float64(0.0003023817473878739), np.float64(0.4306296669804097), np.float64(0.5866522897870965)]",0.0148306071486948
tazemetostat,0.004297822614762858,1.6382855191548673,3,"[np.float64(0.6571573098722909), np.float64(0.00035571915357603936), np.float64(0.3329772970204176)]",0.015021616723579363
serdemetan,0.004425871730383446,1.5367191263475628,3,"[np.float64(0.019389736178348854), np.float64(0.006797817008295211), np.float64(0.6123316823885229)]",0.015431894924975533
oprozomib,0.004468429389250739,2.1162248177334373,3,"[np.float64(0.0015864622381289537), np.float64(0.08785824048719423), np.float64(0.5859332530402512)]",0.015542830111167834
halobetasol-propionate,0.004480008990889628,1.0659243982719733,3,"[np.float64(0.0017368722006966604), np.float64(0.11632132225080492), np.float64(0.40552853545865764)]",0.015545738632655376
acesulfame-potassium,0.0045070333204102475,0.5387858682348023,3,"[np.float64(0.0038484149853103907), np.float64(0.03031283691543044), np.float64(0.7075651460090542)]",0.015602098599601981
amfenac,0.004544644329677605,1.9915960426808115,3,"[np.float64(0.0007679811068613079), np.float64(0.402611658716327), np.float64(0.2697099961463244)]",0.015694750226834114
flumethasone,0.004649087776209093,0.9564276648755251,3,"[np.float64(0.001195836944681083), np.float64(0.07811570734274005), np.float64(0.9181641616939173)]",0.01601721431470133
sb-505124,0.0046604153546628835,0.6351096270776622,3,"[np.float64(0.00014791848547164805), np.float64(0.9591318223945162), np.float64(0.6063685766893907)]",0.016018102180990958
i-bet-762,0.0047687483511438256,2.052650398945243,3,"[np.float64(0.0002988148983684692), np.float64(0.3558582906508395), np.float64(0.8323420658364413)]",0.016351608682713542
gsk2656157,0.004784477963641343,1.1930923294035034,3,"[np.float64(0.002620655493992803), np.float64(0.07364865974058014), np.float64(0.46044309637266734)]",0.01636676031534048
ixazomib-citrate,0.004867549941547145,0.26774060517697773,3,"[np.float64(0.0015461634802718923), np.float64(0.13353613429012454), np.float64(0.43969271370929053)]",0.016606090121768904
teriflunomide,0.004877393435903099,1.3764124587062871,3,"[np.float64(0.00444812195637613), np.float64(0.02505772679484004), np.float64(0.8165284580534484)]",0.016606090121768904
pf-04691502,0.004904500803923573,0.18595278244589913,3,"[np.float64(0.005625656681301936), np.float64(0.1392420052161385), np.float64(0.11698399064378907)]",0.01663183324247062
bisindolylmaleimide-ix,0.004907942497950901,0.24312706684799093,3,"[np.float64(0.0004001220409662722), np.float64(0.9381507351338819), np.float64(0.24433296711440367)]",0.01663183324247062
anguidine,0.004936641188377555,0.3400882895100053,3,"[np.float64(0.0007804916567784224), np.float64(0.7047380959602365), np.float64(0.16795263582520686)]",0.01666843821610794
su3327,0.004941782995653288,0.8074048246557419,3,"[np.float64(0.0006090876424879083), np.float64(0.15993936223416338), np.float64(0.9495276602016219)]",0.01666843821610794
pilocarpine,0.00507441106295059,1.082190799442385,3,"[np.float64(0.0006285682317544084), np.float64(0.30900400491502217), np.float64(0.4921265988385686)]",0.01707598327462675
psb-1115,0.005165687004986319,0.713680233061093,3,"[np.float64(0.009547993740764654), np.float64(0.020967610527779075), np.float64(0.48812493876379925)]",0.017342805327645483
afatinib,0.005262232282280399,1.5995100326503167,3,"[np.float64(0.024535203001104844), np.float64(0.004612411675940458), np.float64(0.8835873516831986)]",0.017608628059389717
tiletamine,0.005269202453155319,1.2266974610743002,3,"[np.float64(0.0019717614213536788), np.float64(0.07158943294952456), np.float64(0.7095404996537855)]",0.017608628059389717
melphalan,0.0053461003527988105,0.9999938246364921,3,"[np.float64(0.0022051809937334663), np.float64(0.05371231318350191), np.float64(0.8609366527361687)]",0.01782444057718866
mk-2461,0.005420752452969468,0.7592961718021592,3,"[np.float64(0.0024293159345065243), np.float64(0.11925531789687538), np.float64(0.35810026529106964)]",0.01803179034355591
atenolol-(+/-),0.005517606514124029,0.7302635383808503,3,"[np.float64(0.00012014062179468689), np.float64(0.9139014959078302), np.float64(0.9658959112523282)]",0.01831187299526943
gw-501516,0.005602992692400943,1.7514184867995721,3,"[np.float64(0.03786955839618663), np.float64(0.015163573067850558), np.float64(0.1882416744717372)]",0.018534696217977875
ketoconazole,0.005617269755117449,1.0709050924381724,3,"[np.float64(0.0054993192810423395), np.float64(0.060616957234287554), np.float64(0.3252956981385539)]",0.018534696217977875
tanaproget,0.005623173213332611,0.8304735935623907,3,"[np.float64(0.007050822616486031), np.float64(0.2663124788426788), np.float64(0.05782520160879813)]",0.018534696217977875
tamibarotene,0.005673535739879498,0.26144507109352766,3,"[np.float64(0.12913343086778348), np.float64(0.004286474134547321), np.float64(0.19834621880680423)]",0.01865819594455826
"mns-(3,4-methylenedioxy-nitrostyrene)",0.005795712561552757,0.5114783697281916,3,"[np.float64(0.0032495816585222915), np.float64(0.04385348270988134), np.float64(0.7911164779965013)]",0.01901677114867764
fosbretabulin,0.005905294730740085,0.558843870877362,3,"[np.float64(0.00035666826776675704), np.float64(0.5572717509700285), np.float64(0.5805834258845572)]",0.01933249202574865
dcebio,0.0060743367145539295,0.518473245381652,3,"[np.float64(0.0006475960661149222), np.float64(0.24477994934354178), np.float64(0.7540178889165126)]",0.019841005024739358
aee788,0.006132502156914743,1.170733537222742,3,"[np.float64(0.24938062930426552), np.float64(0.0007525195599812753), np.float64(0.6445234535802636)]",0.019985879777152327
acivicin,0.006260611204190525,0.4239422191502032,3,"[np.float64(0.0018853988117206574), np.float64(0.2935293515911928), np.float64(0.22426349517435779)]",0.020357538005536382
bms-754807,0.0062784145281894466,1.5033082491879282,3,"[np.float64(0.02094918871477613), np.float64(0.0070505986827552524), np.float64(0.8432535580603158)]",0.020369654310067552
cudc-907,0.006305055577094598,0.2903933683789911,3,"[np.float64(0.003601791985906417), np.float64(0.09522477887430836), np.float64(0.3650702436787775)]",0.020410325324509808
diazooxonorleucine,0.006325955391758065,0.6751967832553369,3,"[np.float64(0.00034965170473389383), np.float64(0.6774530179479475), np.float64(0.5307903218018091)]",0.020432271097932858
bay-11-7082,0.0064402275948740595,0.1024670538744139,3,"[np.float64(0.03377884026008269), np.float64(0.033312225487565315), np.float64(0.11425923914762375)]",0.020755031914883662
oleanolic-acid,0.006546521778660663,1.4759399970580607,3,"[np.float64(0.0004443696639237126), np.float64(0.33058501900422615), np.float64(0.8932807966455707)]",0.02105070447493773
3'-fluorobenzylspiperone,0.006594619779628386,0.8764739672426897,3,"[np.float64(0.001051783699233861), np.float64(0.4727217160158177), np.float64(0.26635084483274796)]",0.021158347718674666
clenbuterol,0.006809276441610779,0.6895872103665767,3,"[np.float64(0.0005275181616370965), np.float64(0.3527708063179382), np.float64(0.7406969041873683)]",0.021798723475687603
a-674563,0.006896895977620998,0.30517670171363437,3,"[np.float64(0.0007973748653030343), np.float64(0.31609835827633903), np.float64(0.5556863249972661)]",0.022030482294961556
d-64131,0.0069822858714366776,0.5258989131002851,3,"[np.float64(0.003935252446613535), np.float64(0.3409204253232126), np.float64(0.10601671093835664)]",0.02225411377966712
ver-49009,0.007006256040172798,0.5965789173576411,3,"[np.float64(0.00031638879269853227), np.float64(0.5491367602623206), np.float64(0.8221684443610449)]",0.022281434044241842
pevonedistat,0.007037882138294815,0.3948105411011041,3,"[np.float64(0.025940008804512193), np.float64(0.06339681732717034), np.float64(0.08735197785380064)]",0.022332928627439907
at-7519,0.007113573542745888,0.4715163939119616,3,"[np.float64(0.0014074911493280591), np.float64(0.22711072881306948), np.float64(0.45545200607285585)]",0.0225237219176221
fdcyd,0.007168848655008331,0.6091544493356394,3,"[np.float64(0.003868087909768489), np.float64(0.04774513584280597), np.float64(0.7959938319430676)]",0.022588334423160668
papaverine,0.007170534514635563,0.7324203972896082,3,"[np.float64(0.005566415290657709), np.float64(0.07716909281097992), np.float64(0.34232928802863105)]",0.022588334423160668
7-hydroxystaurosporine,0.007180811219525851,0.8821596326164673,3,"[np.float64(0.0014019323715999503), np.float64(0.4421685816892911), np.float64(0.23764410408371317)]",0.022588334423160668
mk-1775,0.007240955528355353,0.42680755976084306,3,"[np.float64(0.0009462615495473857), np.float64(0.8537430406691682), np.float64(0.18426412020897223)]",0.022728118545618646
cyc116,0.007307351832422815,1.0544676115587313,3,"[np.float64(0.0019179610578978709), np.float64(0.13776494778244358), np.float64(0.5698587711715117)]",0.022886879007609984
cytochalasin-b,0.007338970944277934,0.4890736386975062,3,"[np.float64(0.4223936255227657), np.float64(0.0008920432726333815), np.float64(0.4017837084732958)]",0.022936265564514408
monensin,0.007364096040695767,0.47528577589439913,3,"[np.float64(0.021883461789012147), np.float64(0.018413895691151507), np.float64(0.37730637835497405)]",0.02296518743725598
fludarabine,0.007405406434981998,1.1893950209072492,3,"[np.float64(0.0009878551964352898), np.float64(0.2863026687504081), np.float64(0.5413553710412081)]",0.023044350777245058
tyloxapol,0.007570570987086467,0.7181750767331846,3,"[np.float64(0.031484448848258975), np.float64(0.006728766267611254), np.float64(0.7429899527623094)]",0.02350776012513759
y-320,0.0076614373270682545,1.1728847403535418,3,"[np.float64(0.0011512064080852439), np.float64(0.1814043624143895), np.float64(0.7650944090723485)]",0.023738971760744677
ramifenazone,0.007750132732077031,0.6982673807265505,3,"[np.float64(0.031113933844434553), np.float64(0.006199559172395819), np.float64(0.8403782124330017)]",0.02396248304127236
azodicarbonamide,0.007767879488426721,0.834830259284136,3,"[np.float64(0.00024428057345627957), np.float64(0.8527469841069134), np.float64(0.7804202027127821)]",0.023966144178578817
ecamsule-triethanolamine,0.007814946803642808,0.5753430397481619,3,"[np.float64(0.6116328452246009), np.float64(0.003536177605906224), np.float64(0.0757368065286048)]",0.024060059627385413
toremifene,0.008091186219397861,0.8516214305071587,3,"[np.float64(0.0002447234748498596), np.float64(0.9612116481767571), np.float64(0.7274322464838867)]",0.02480989207291825
hexachlorophene,0.008092791332700355,0.6805555252826874,3,"[np.float64(0.013176871292216804), np.float64(0.016719977316423475), np.float64(0.7768685110650135)]",0.02480989207291825
ibrutinib,0.008197185177258759,2.8974870545681757,3,"[np.float64(0.019989763142893833), np.float64(0.09945486354067258), np.float64(0.08749058827148071)]",0.02507680116594804
torin-2,0.008750381604692992,0.3118503890532214,3,"[np.float64(0.0008594690084541289), np.float64(0.285142177008578), np.float64(0.7705727601926899)]",0.026712662831204135
dorzolamide,0.00884476258912359,0.8058939642711659,3,"[np.float64(0.0004148840605611865), np.float64(0.5418872642892927), np.float64(0.8514190625274173)]",0.026943939929393333
raltitrexed,0.009036142891666321,0.49809609469137467,3,"[np.float64(0.0021953776374926243), np.float64(0.2680026574171349), np.float64(0.3342392697719294)]",0.027436232980978362
amg-232,0.009044286891448983,1.3023620340566369,3,"[np.float64(0.025696925271065808), np.float64(0.009187305897916819), np.float64(0.8339310658053565)]",0.027436232980978362
kd-023,0.00910579720413518,0.5114012734864575,3,"[np.float64(0.039176559730521004), np.float64(0.01506516461510458), np.float64(0.3364450876661292)]",0.027565038816702105
ki-8751,0.009172956523707976,0.45010491216187354,3,"[np.float64(0.010673318071427091), np.float64(0.23185052910195836), np.float64(0.08099072571431436)]",0.02771037179500092
ixazomib,0.009212629036842834,0.4335510033778152,3,"[np.float64(0.0021151350896517307), np.float64(0.5905748537154765), np.float64(0.1613229339655583)]",0.027772237950649127
linsitinib,0.009431841693135379,2.653482869940895,3,"[np.float64(0.002567925131388858), np.float64(0.1505971759166821), np.float64(0.5367974945816836)]",0.02837396035336152
axitinib,0.009521283463225783,0.3807757129314875,3,"[np.float64(0.004674384983433849), np.float64(0.28329320707989364), np.float64(0.15864617831920802)]",0.02858360408980852
semaxanib,0.009771501344901123,1.5582871569315104,3,"[np.float64(0.00031642488385396554), np.float64(0.9713447078971988), np.float64(0.7063068908685455)]",0.029274042331411853
ganetespib,0.00987683859481514,0.46791889222019606,3,"[np.float64(0.002567847032501499), np.float64(0.583303582537519), np.float64(0.14691509221982932)]",0.029528482327887413
nizatidine,0.010046403613638843,1.060416097043888,3,"[np.float64(0.0013800646467676118), np.float64(0.4062161584850219), np.float64(0.40108196446652045)]",0.029973496966877126
jib04,0.010232747128739339,0.28019104484336155,3,"[np.float64(0.07309138033297859), np.float64(0.10904197262616665), np.float64(0.028876289105745658)]",0.0304666359985305
docetaxel,0.01029182751429314,0.6720545176056953,3,"[np.float64(0.0005435582320425511), np.float64(0.9254115083565285), np.float64(0.460881271284468)]",0.030573401359167085
rs-67506,0.01031086376176471,0.7651233139911974,3,"[np.float64(0.0003202950878763596), np.float64(0.9511745463671724), np.float64(0.7627405078445681)]",0.030573401359167085
uracil,0.010430931921464714,0.7911079248441921,3,"[np.float64(0.004981895061832442), np.float64(0.09342404587944703), np.float64(0.5066510291018762)]",0.03086617278192115
daclatasvir,0.010467985735481689,1.6025959524487152,3,"[np.float64(0.001703704328341333), np.float64(0.6515227323869368), np.float64(0.21339852549656754)]",0.030899169018504653
rheochrysidin,0.010484790593010218,1.0635401048437298,3,"[np.float64(0.1582698308588859), np.float64(0.004935766668677936), np.float64(0.30384074478749273)]",0.030899169018504653
4-iodo-6-phenylpyrimidine,0.010632062276302312,0.7303935790721684,3,"[np.float64(0.00041696687674105774), np.float64(0.589246904641969), np.float64(0.9832980184248575)]",0.03126950023132001
palbociclib,0.010786167035499283,1.224118308833712,3,"[np.float64(0.0009607075642551281), np.float64(0.2568011976188358), np.float64(0.9973061187713381)]",0.031658384787763616
dirithromycin,0.010882266501052396,0.9631323223177755,3,"[np.float64(0.01754542032602312), np.float64(0.05894740973393508), np.float64(0.24059130533431067)]",0.03187578871866967
azilsartan,0.011047444201712109,0.957374891929137,3,"[np.float64(0.004992602641191009), np.float64(0.20772717648989994), np.float64(0.24456796274411097)]",0.03224309025730512
kf-38789,0.01105222720637411,0.3297472177297825,3,"[np.float64(0.002484605097327911), np.float64(0.18013879101935787), np.float64(0.5670144861930562)]",0.03224309025730512
bntx,0.011168120051794572,0.4262725341796696,3,"[np.float64(0.001211989998943008), np.float64(0.3059392782886148), np.float64(0.6935574452146404)]",0.032515633229269106
tamoxifen,0.011225003276638668,1.4836635563817164,3,"[np.float64(0.0007393885716376397), np.float64(0.4660343686174626), np.float64(0.7511577392957464)]",0.032615621970474205
cpi-1189,0.011513286735970518,1.4122450723603104,3,"[np.float64(0.013684043789283895), np.float64(0.020007082922368063), np.float64(0.9764108018244355)]",0.033386224262423526
lgx818,0.011767879521199953,0.7503771003864373,3,"[np.float64(0.04417972026505207), np.float64(0.019436842574546073), np.float64(0.3200926840525636)]",0.034056243334352664
azacitidine,0.011827574140410357,0.7116377200328627,3,"[np.float64(0.0006631602555219706), np.float64(0.5767741737113188), np.float64(0.723268001289102)]",0.03406095315479217
adarotene,0.011837287145248898,0.17957585912181284,3,"[np.float64(0.009496553018345838), np.float64(0.04077667169117448), np.float64(0.7151546020439741)]",0.03406095315479217
chloramphenicol-palmitate,0.011840124006123331,0.9884983835491439,3,"[np.float64(0.0007935592157933595), np.float64(0.857069173992639), np.float64(0.4073006219397255)]",0.03406095315479217
digitoxin,0.011880139388548705,0.5913408845836856,3,"[np.float64(0.0008792305366662546), np.float64(0.896825392470537), np.float64(0.35283078146975566)]",0.03410825733180551
sdz-wag-994,0.011987829666013528,0.6467422056258896,3,"[np.float64(0.07786284247711468), np.float64(0.006025948251120572), np.float64(0.5998126733754092)]",0.03434928619152787
oleoylethanolamide,0.012069003330607786,0.6394472683210439,3,"[np.float64(0.0008113846121495794), np.float64(0.8697422591608656), np.float64(0.40224433015641303)]",0.034513533239900133
dovitinib,0.01224139956731174,1.4190877678903353,3,"[np.float64(0.1253566589173584), np.float64(0.0030891016372488226), np.float64(0.7464187399589328)]",0.03493748555009879
fleroxacin,0.012367367804482887,1.0309817561075123,3,"[np.float64(0.03349070779865773), np.float64(0.02138958122824619), np.float64(0.4087972566797903)]",0.035227522073005384
chlorpropamide,0.012422796211698395,0.4894689421165758,3,"[np.float64(0.005609707423070685), np.float64(0.8606733961172315), np.float64(0.06100063782061301)]",0.035315886283551236
alfacalcidol,0.012519658411443424,1.3410886762836314,3,"[np.float64(0.3753485810637426), np.float64(0.0009739634980838576), np.float64(0.8136564964395975)]",0.03552146219874242
blebbistatin-(-),0.012796430822112792,0.9649208532066796,3,"[np.float64(0.0010452452298125461), np.float64(0.7648727824434189), np.float64(0.3825952066284741)]",0.03619404881546324
ci-844,0.01283041132428231,1.2672234768859643,3,"[np.float64(0.0008528151194688633), np.float64(0.48251339659991854), np.float64(0.7458547860379268)]",0.03619404881546324
asymmetrical-dimethylarginine,0.012831753311909222,0.8811609506535673,3,"[np.float64(0.000688116447521067), np.float64(0.5387241998352044), np.float64(0.8280339930469043)]",0.03619404881546324
spiradoline,0.013012365695924233,0.43572154245234046,3,"[np.float64(0.04964282893316873), np.float64(0.0385187884128683), np.float64(0.16342038702720918)]",0.036631088320580533
selamectin,0.013037325836281255,0.7786434506565976,3,"[np.float64(0.0009459294129180292), np.float64(0.5813510312179978), np.float64(0.5696423717286048)]",0.036631088320580533
belinostat,0.013234431103615107,0.2680592588147703,3,"[np.float64(0.06919803578382654), np.float64(0.07099056469829448), np.float64(0.06500395633653433)]",0.037000861813217434
mk-0773,0.013243436654080676,0.6420286987015871,3,"[np.float64(0.0070696221175361295), np.float64(0.24967276706738106), np.float64(0.1810692742064945)]",0.037000861813217434
raloxifene,0.01325742805708574,1.8166291405944786,3,"[np.float64(0.01191394301261748), np.float64(0.04578377215512787), np.float64(0.5867211614412244)]",0.037000861813217434
alisertib,0.01327121443058732,0.5114565300221006,3,"[np.float64(0.059225594478966276), np.float64(0.15340771645669865), np.float64(0.03527115936959023)]",0.037000861813217434
eptifibatide,0.013305012774436853,1.7362964999742103,3,"[np.float64(0.003937243868767347), np.float64(0.09350562913652437), np.float64(0.8732924619824508)]",0.03702375670117332
mevastatin,0.013453902523877459,0.9855407955737783,3,"[np.float64(0.002443528059244869), np.float64(0.17788699666998614), np.float64(0.7502635748055417)]",0.03736621295979018
phenelzine,0.014319263366178392,0.607590583835005,3,"[np.float64(0.024747836478322176), np.float64(0.0962265875063148), np.float64(0.14833445407688414)]",0.039693436955670756
mocetinostat,0.01438676136419581,1.0706128890307018,3,"[np.float64(0.0043052037562937035), np.float64(0.2045926402835726), np.float64(0.4034705258805087)]",0.039804290045872534
irinotecan,0.014479119526160544,0.5810780142201543,3,"[np.float64(0.0022832367554466424), np.float64(0.37638782599247234), np.float64(0.41694284083418065)]",0.03998337014189753
av-412,0.014589263715740874,2.5600419133747914,3,"[np.float64(0.12475980502505782), np.float64(0.00856376747999988), np.float64(0.33864880412354187)]",0.040210789707956274
ly456236,0.014641996470804441,0.6738470407227228,3,"[np.float64(0.09543100149324085), np.float64(0.020186876434248824), np.float64(0.1886874161382049)]",0.040279408542308034
cobicistat,0.014801207859860166,1.2382498385215959,3,"[np.float64(0.02401455287742273), np.float64(0.06210561343071915), np.float64(0.24713270868717546)]",0.04059378349784087
bephenium-hydroxynaphthoate,0.01481238264468554,0.6218491583814064,3,"[np.float64(0.0051182194454564055), np.float64(0.13156549977093332), np.float64(0.5478931165389573)]",0.04059378349784087
meglitinide,0.014921058488526762,1.4081995445438835,3,"[np.float64(0.0076539333764954415), np.float64(0.05506665405425906), np.float64(0.8836159551868622)]",0.04081431310566772
prt062607,0.014984466939994334,0.8159182069818405,3,"[np.float64(0.002642112271801844), np.float64(0.7709205086339248), np.float64(0.18384148200134082)]",0.040910422004097745
xl-647,0.01510850810325548,1.9419068301619133,3,"[np.float64(0.0296251546103073), np.float64(0.02002548614522597), np.float64(0.6379171914343689)]",0.041109300944918006
oxonic-acid,0.015114131377122586,0.5594837350621032,3,"[np.float64(0.5802612769041982), np.float64(0.0041450326241903685), np.float64(0.15742159090595662)]",0.041109300944918006
novobiocin,0.015252777741213475,1.3504843403664655,3,"[np.float64(0.0004916414189332141), np.float64(0.9426499965201043), np.float64(0.8266430772931648)]",0.04140857296723433
metaraminol,0.01550369476932445,3.867138155369295,3,"[np.float64(0.000888052967525183), np.float64(0.8423450288688882), np.float64(0.523007388119874)]",0.04201094818579116
th-302,0.01553983797800118,0.7136009194635293,3,"[np.float64(0.00041922329324966894), np.float64(0.9568329119883657), np.float64(0.978266467531507)]",0.042030178605920954
mk-8245,0.01569982044544249,1.4529074356279683,3,"[np.float64(0.13211544587028798), np.float64(0.006279812589641146), np.float64(0.4792550497695459)]",0.042383657060737476
defactinib,0.016220374212197686,0.9084332774576087,3,"[np.float64(0.02471602118308506), np.float64(0.07945609511641984), np.float64(0.21116414448276413)]",0.04370741431108017
broxaldine,0.016264631848228017,0.6173455053193397,3,"[np.float64(0.0026182822926889694), np.float64(0.3634743232031983), np.float64(0.43728252319211813)]",0.04374520870703706
parthenolide-(-),0.016398614469291917,1.0048487883401243,3,"[np.float64(0.0019267951580671434), np.float64(0.3988442193413916), np.float64(0.5472807384952765)]",0.04402373865874843
methylprednisolone,0.016581427419164574,0.8565497946497929,3,"[np.float64(0.0007088762610138525), np.float64(0.7915668215221048), np.float64(0.7603354402370346)]",0.04443208421394655
tg-100572,0.01684298385685845,1.6634203711655957,3,"[np.float64(0.005551884224876682), np.float64(0.4487499734114433), np.float64(0.1747415224174375)]",0.04504953353211493
bix-02188,0.01713880820316649,0.7101854458218336,3,"[np.float64(0.004646966868032075), np.float64(0.12786144017135104), np.float64(0.7493824139703953)]",0.04575619090402566
fluvastatin,0.017175184717708403,0.7693045985153925,3,"[np.float64(0.0005868490921390841), np.float64(0.941333063783448), np.float64(0.8082269673669235)]",0.04576886240612166
bam7,0.01725078048627371,0.7688059375883595,3,"[np.float64(0.003145528769264708), np.float64(0.2733466260121937), np.float64(0.5222300740467294)]",0.04588580765374643
zk-93426,0.017603373393242028,0.6286386412140129,3,"[np.float64(0.0023789587453519785), np.float64(0.3675591696199413), np.float64(0.5271361106204324)]",0.04673776385324994
indoprofen,0.017894226900387333,0.7648523694389312,3,"[np.float64(0.0012035805781809381), np.float64(0.5697679617335649), np.float64(0.6865592929428783)]",0.04742297861696057
ranitidine,0.01810331447510527,1.4383145267126443,3,"[np.float64(0.006492320626484224), np.float64(0.1949977697592341), np.float64(0.37753519677106007)]",0.04788938947984886
temocapril,0.018227840787567118,0.6161558542447197,3,"[np.float64(0.005823716828463646), np.float64(0.4906922290316841), np.float64(0.1687469432247091)]",0.048130813174470106
venetoclax,0.01886180008448346,1.2816976256253432,3,"[np.float64(0.1560359846224692), np.float64(0.013503547330972875), np.float64(0.23923924370791216)]",0.049714070532327084
nomegestrol-acetate,0.019003421938134202,1.7881286243785317,3,"[np.float64(0.07251404209221868), np.float64(0.0542980273828009), np.float64(0.12927563782482693)]",0.04997653582296139
telotristat-ethyl,0.019030456971977694,0.7516404474736659,3,"[np.float64(0.9266611221434751), np.float64(0.000887858285237131), np.float64(0.6198120345490747)]",0.04997653582296139
pacritinib,0.01908289707744093,0.060038870522096416,3,"[np.float64(0.06069062356460119), np.float64(0.4300451723399811), np.float64(0.0196083464434957)]",0.050023463896842445
hyoscyamine,0.019445854974928567,0.8650160522022078,3,"[np.float64(0.003194690523163886), np.float64(0.3331532638971174), np.float64(0.4927602360870931)]",0.050831148363693665
lerisetron,0.01946126896578182,1.2410532345476766,3,"[np.float64(0.02832396136702621), np.float64(0.03745844359136691), np.float64(0.4948255318290907)]",0.050831148363693665
tecastemizole,0.01974894612524647,0.6596508304223652,3,"[np.float64(0.0026540574176241263), np.float64(0.9178990279465469), np.float64(0.21965303933549946)]",0.051489594672489446
dolutegravir,0.019865791920397058,1.8886970588512708,3,"[np.float64(0.0010987755825584272), np.float64(0.816390484581195), np.float64(0.6011299823572991)]",0.05170108077124918
bms-626529,0.020130739703088985,0.5499102341089047,3,"[np.float64(0.24107653485118186), np.float64(0.006229117715028458), np.float64(0.365327454019553)]",0.052296553591328114
riboflavin,0.02022177889364396,1.2361861000111374,3,"[np.float64(0.15150225134605466), np.float64(0.004743269155308854), np.float64(0.7679241785532971)]",0.052438914084413646
clobetasol-propionate,0.02028295727712892,1.2048683989683628,3,"[np.float64(0.9247538669543789), np.float64(0.0009447271386784417), np.float64(0.6341486073616748)]",0.05250346901611011
bx-912,0.02037123501149596,0.4826981526906016,3,"[np.float64(0.006679882449367521), np.float64(0.14200027561190834), np.float64(0.5873839374766885)]",0.052637816181490445
gimeracil,0.020496858273011842,1.3385109101646462,3,"[np.float64(0.0020066732769984286), np.float64(0.3008295226360612), np.float64(0.9303817279616206)]",0.05281970377085478
wz-3146,0.020514632701603586,1.8617350101132921,3,"[np.float64(0.44412518575790527), np.float64(0.0019278493405444895), np.float64(0.6567049497990343)]",0.05281970377085478
p22077,0.02079968572720059,1.4009168164372972,3,"[np.float64(0.3015482519006587), np.float64(0.004667558206400171), np.float64(0.4067367190567095)]",0.05339253698211532
k-ras(g12c)-inhibitor-6,0.020810912825095396,0.9092367460047317,3,"[np.float64(0.0009824702942356784), np.float64(0.9537739335915131), np.float64(0.6113650614631458)]",0.05339253698211532
etoposide,0.021067981131855484,0.7512902987210694,3,"[np.float64(0.001813431035448325), np.float64(0.5998714019309104), np.float64(0.5351307432508885)]",0.053956404774858205
genz-644282,0.02114428722828654,0.4883654231053043,3,"[np.float64(0.004735213728535992), np.float64(0.2067770547997969), np.float64(0.5973455677718967)]",0.054004229924781266
tucatinib,0.021161298111507243,0.26181824701647427,3,"[np.float64(0.18510994052601015), np.float64(0.02869840480708503), np.float64(0.11021375061652705)]",0.054004229924781266
alectinib,0.021271786881556176,0.8228369603398288,3,"[np.float64(0.004768122347646692), np.float64(0.22306163295446113), np.float64(0.554245797150309)]",0.05419062608734469
dacarbazine,0.021334706798840863,3.87512673483415,3,"[np.float64(0.03181720937437524), np.float64(0.2624147430289201), np.float64(0.07087589531648432)]",0.05425539672745647
eltrombopag,0.021556470482497536,0.9419900212848494,3,"[np.float64(0.10225502292937884), np.float64(0.0392414052843688), np.float64(0.14948001231272584)]",0.05468467817692287
r547,0.02157909553491566,0.2551758239313186,3,"[np.float64(0.14203186640434884), np.float64(0.06861409516210994), np.float64(0.06163226984087314)]",0.05468467817692287
xanomeline,0.022173632784085684,0.7375309974969725,3,"[np.float64(0.0014808180116342145), np.float64(0.7408762409933398), np.float64(0.5672636498570982)]",0.056093088528972
calcitriol,0.022421303394849046,0.403109266454539,3,"[np.float64(0.7307588838768608), np.float64(0.02680430559739081), np.float64(0.03223764407860382)]",0.056592065776253184
almorexant,0.022449098656233124,0.5804347604307742,3,"[np.float64(0.006635288607701219), np.float64(0.4164741394004039), np.float64(0.22887484534000951)]",0.056592065776253184
otx015,0.023192312290694406,0.8146922357321524,3,"[np.float64(0.0028681101485324464), np.float64(0.6859752723558169), np.float64(0.33547728640164487)]",0.05836395806023444
prednisolone-tebutate,0.023898634118011408,0.9236799307934599,3,"[np.float64(0.338392071967148), np.float64(0.009371628662124733), np.float64(0.21647989640010407)]",0.06003702008465713
ml133,0.024073180011956685,0.500897237624395,3,"[np.float64(0.0015551372206258553), np.float64(0.6741758560973001), np.float64(0.6610874796152432)]",0.06037069580121547
amg-208,0.024118337904269982,0.7752604945377313,3,"[np.float64(0.007461370235839975), np.float64(0.1618298590289598), np.float64(0.5754294654956089)]",0.060379299217091106
refametinib,0.024226031613593824,0.954526946083064,3,"[np.float64(0.0021790949439210424), np.float64(0.9864399352540866), np.float64(0.3251345066080777)]",0.06054415845400736
terbutaline,0.02490489621781966,1.1252553008533113,3,"[np.float64(0.022709725912174083), np.float64(0.051631573303533525), np.float64(0.6180933050085871)]",0.06213342211583629
lcl-161,0.02535680218411318,0.8055185149428544,3,"[np.float64(0.07809863605347461), np.float64(0.013131186198857905), np.float64(0.7236148065335493)]",0.06315196688539032
cl-218872,0.025675220204703364,1.5223664863794244,3,"[np.float64(0.002524665105650118), np.float64(0.3486938200925913), np.float64(0.856922733879531)]",0.06383512652269033
tioguanine,0.025792365611240653,0.6588854618709504,3,"[np.float64(0.002129104681155068), np.float64(0.8292203027685479), np.float64(0.42985946798412444)]",0.06401638600251325
cinalukast,0.026115754851092188,1.1609185087659688,3,"[np.float64(0.0020464113359410646), np.float64(0.39171873495895226), np.float64(0.9624010679025016)]",0.06470804326974383
vx-702,0.026422450459728908,1.2252678216835413,3,"[np.float64(0.18440950916968957), np.float64(0.004939839195132726), np.float64(0.8600269090792327)]",0.06530543457265975
cyt387,0.02644712139570049,1.7777096241354715,3,"[np.float64(0.03284583207757274), np.float64(0.02926819759710706), np.float64(0.8159554376207683)]",0.06530543457265975
halofantrine,0.026833274849672684,0.6691279850357745,3,"[np.float64(0.14349952953507453), np.float64(0.009100383121232725), np.float64(0.6122627489728987)]",0.06614607956980642
sulfamethazine,0.026891352553174763,1.3951057233382838,3,"[np.float64(0.12595695771618512), np.float64(0.008107284979679477), np.float64(0.7852169760640074)]",0.06617650874905422
pr-619,0.026955289305967134,0.40125549626372453,3,"[np.float64(0.3693456081714882), np.float64(0.004347490688378455), np.float64(0.5009300223092077)]",0.06622122856661196
stf-118804,0.02712997681884244,0.470237941781369,3,"[np.float64(0.231162308069209), np.float64(0.0035097586990065514), np.float64(0.9999041138219571)]",0.06653741772350001
5-fluorouracil,0.027276172730269943,1.242205564885634,3,"[np.float64(0.02927004372240878), np.float64(0.0407808323772854), np.float64(0.6844719752184993)]",0.06678277824145619
lomitapide,0.027497953333079694,0.991461842409626,3,"[np.float64(0.007839458516724636), np.float64(0.1314951101538239), np.float64(0.8010983090304625)]",0.06721205823136202
sodium-stibogluconate,0.028219071050641698,1.7208742498880223,3,"[np.float64(0.1771127758518946), np.float64(0.020170412401697528), np.float64(0.23921166968988727)]",0.06885834032087443
parthenolide,0.028328860587418236,1.6711140277808616,3,"[np.float64(0.0768992441965681), np.float64(0.026883751664003468), np.float64(0.41549583408988733)]",0.06900986745790268
resatorvid,0.028552835223533468,0.6327303797233821,3,"[np.float64(0.004599585456473281), np.float64(0.7592007703346277), np.float64(0.24855956992120692)]",0.06943857574529903
osi-027,0.02919599287737462,0.14217270025141415,3,"[np.float64(0.05109535756582132), np.float64(0.9348256795809107), np.float64(0.018715832562674038)]",0.0708835598885253
az960,0.02959515716197858,0.5867974923006004,3,"[np.float64(0.0023768989065184984), np.float64(0.9265892305431032), np.float64(0.4132786827011987)]",0.07173231560030653
gzd824,0.029799730090684595,0.6451752410996355,3,"[np.float64(0.08619655245123684), np.float64(0.27143087307236796), np.float64(0.03926095039019604)]",0.0721073736475261
tremorine,0.03060084978879485,0.5164933856093894,3,"[np.float64(0.061629416850559435), np.float64(0.022492830417113314), np.float64(0.6863981095292103)]",0.07381357422678429
inh1,0.0306068725197447,0.6709623443783983,3,"[np.float64(0.009208886283412196), np.float64(0.18854788981087264), np.float64(0.5481419339460436)]",0.07381357422678429
dofetilide,0.031444375610373165,1.0403183248716756,3,"[np.float64(0.7452860754386511), np.float64(0.0029482304732668927), np.float64(0.44898040739517775)]",0.0757071738905324
onc201,0.0317675562094063,0.3449477677133996,3,"[np.float64(0.004968813915547683), np.float64(0.4015907085091345), np.float64(0.501171696382409)]",0.07627102605388889
dexrazoxane,0.03178398666931237,0.5794869451524748,3,"[np.float64(0.021411482329000173), np.float64(0.049925693901439305), np.float64(0.9361621495402428)]",0.07627102605388889
bvt-948,0.03191487355770528,0.9300551800494028,3,"[np.float64(0.011947951207156318), np.float64(0.08740383121938844), np.float64(0.9635508804298726)]",0.07645831463244956
pha-793887,0.03221450241769519,0.7703851818564419,3,"[np.float64(0.0040712404505617505), np.float64(0.4837551611049139), np.float64(0.5173117325275853)]",0.07704857024529743
evacetrapib,0.03227526414670023,0.7732082128581036,3,"[np.float64(0.1397021497157235), np.float64(0.04018932848822632), np.float64(0.18192038277196446)]",0.07706651356481063
cyt-997,0.03289904844288305,0.7217876181253225,3,"[np.float64(0.011343517203242925), np.float64(0.18110847255501283), np.float64(0.5100268373161956)]",0.07828495374164643
dinaciclib,0.032933357092375215,0.7682308235671054,3,"[np.float64(0.0011396498046004368), np.float64(0.9831775603929142), np.float64(0.9364401387908498)]",0.07828495374164643
phlorizin,0.03294784853397559,1.690569425551937,3,"[np.float64(0.00834753352570651), np.float64(0.40796839344158553), np.float64(0.30828585216079657)]",0.07828495374164643
abiraterone,0.03317269530792133,0.5426084810645254,3,"[np.float64(0.1393204647795797), np.float64(0.3066240692701677), np.float64(0.024800382457038958)]",0.07868998378780682
lenalidomide,0.033393223651777104,0.7565681103102156,3,"[np.float64(0.0018610968720757918), np.float64(0.6272303796609333), np.float64(0.9156396321330473)]",0.07908346092327573
ap26113,0.03437603471083894,1.2079165792731479,3,"[np.float64(0.017794587850743174), np.float64(0.09045761397316977), np.float64(0.690271148623614)]",0.08127797749441822
flumatinib,0.03445189339390642,1.2021945084024561,3,"[np.float64(0.07564168230917301), np.float64(0.021416737521876245), np.float64(0.687889254032486)]",0.0813244530848003
sc-144,0.03456616597412143,0.7209137065826767,3,"[np.float64(0.19346269485413936), np.float64(0.019722120943190757), np.float64(0.29336323332191894)]",0.08144198130596425
ar-42,0.03461424913833311,0.4211611647024671,3,"[np.float64(0.4757421487371555), np.float64(0.02663652817746145), np.float64(0.08849421116687961)]",0.08144198130596425
norepinephrine,0.0347232107354668,0.78701561556799,3,"[np.float64(0.005269025113888767), np.float64(0.30500646902330797), np.float64(0.7007303571363916)]",0.08156572391918908
caffeic-acid,0.03487345686663579,0.5357579194200015,3,"[np.float64(0.3755061544317795), np.float64(0.05293715997496741), np.float64(0.05697990923873017)]",0.08178588668723175
fk-866,0.035474297382873776,0.5776353632612126,3,"[np.float64(0.0067209756022026754), np.float64(0.2442227960003737), np.float64(0.7060157781791092)]",0.08306036943854103
chromocarb,0.03563040283444474,0.7690798069627601,3,"[np.float64(0.005166892276412651), np.float64(0.33079907377013007), np.float64(0.682015250894779)]",0.08323851372671617
metatinib,0.03566963284603719,0.7731183397510041,3,"[np.float64(0.008136889818672575), np.float64(0.28390564364991705), np.float64(0.5053539951466147)]",0.08323851372671617
benzethonium,0.035722955787346744,1.1734583047799032,3,"[np.float64(0.0016148324529081113), np.float64(0.9072645285343208), np.float64(0.7984286964219273)]",0.08323851372671617
gw-788388,0.035912092692986786,1.1340517660128056,3,"[np.float64(0.015555827309093464), np.float64(0.09637991068196738), np.float64(0.7857633014255864)]",0.08352431352408554
scs,0.035961055511752105,0.6528326198894535,3,"[np.float64(0.06328969626151174), np.float64(0.15007424227493615), np.float64(0.12425831361972318)]",0.08352431352408554
sulfabenzamide,0.036295886227210694,0.6711475334098538,3,"[np.float64(0.003366760365965298), np.float64(0.8448730203557546), np.float64(0.42010559809030945)]",0.08416690283777864
1-naphthyl-pp1,0.0374682705223387,1.3885723879323753,3,"[np.float64(0.004701893232163134), np.float64(0.3313875748388976), np.float64(0.8003669825500811)]",0.08666860088043017
vorinostat,0.03749450183216951,0.22200406785260227,3,"[np.float64(0.20472462833285968), np.float64(0.1704618837118706), np.float64(0.035769199654355315)]",0.08666860088043017
chlorindanol,0.03857856325614395,1.3985985662228946,3,"[np.float64(0.9510278602252408), np.float64(0.001757124230307778), np.float64(0.7761752882897964)]",0.089017955794239
ribavirin,0.038633915852648304,1.1577935204363756,3,"[np.float64(0.011663555798400674), np.float64(0.2209231152913272), np.float64(0.504337920234925)]",0.089017955794239
cycloheximide,0.038774865190620345,0.8831996019315105,3,"[np.float64(0.004973559373365042), np.float64(0.2870481639465182), np.float64(0.9147471238466445)]",0.08920068351482931
du-728,0.03887531129478938,0.6313259933397303,3,"[np.float64(0.016280579180493745), np.float64(0.6887779196104102), np.float64(0.11686571107360672)]",0.08928980229136545
mln-8054,0.03921592548127317,0.6660518411604436,3,"[np.float64(0.6025929684192339), np.float64(0.003976435485337033), np.float64(0.5533777222901382)]",0.08992938854421915
dacinostat,0.039345273216834564,0.1750859205479398,3,"[np.float64(0.45615584767563455), np.float64(0.07835331281608783), np.float64(0.03726457649577075)]",0.0900832442163918
nadide,0.04072687359278471,0.9162302763185676,3,"[np.float64(0.009815814823061007), np.float64(0.4041853467684471), np.float64(0.3517065505012824)]",0.09305237801294479
cholecalciferol,0.040770703289707666,0.501170045712955,3,"[np.float64(0.13647525989498682), np.float64(0.046507562739628285), np.float64(0.22016117479644612)]",0.09305237801294479
cgm097,0.041526334784062535,0.8021363461835331,3,"[np.float64(0.003734010278644832), np.float64(0.6358335829631734), np.float64(0.603359977828222)]",0.09462772666541494
nonoxynol-9,0.041775000727493516,0.5817460391809222,3,"[np.float64(0.019603382281675637), np.float64(0.34226580368690995), np.float64(0.21523222959647953)]",0.09495655611481224
methoxyflurane,0.041801884067128814,1.229278905350349,3,"[np.float64(0.05635416683667999), np.float64(0.0386259930573332), np.float64(0.6640090989197185)]",0.09495655611481224
aminoglutethimide,0.0419390104248657,0.8088298889858202,3,"[np.float64(0.0050525312842305565), np.float64(0.4126344468180513), np.float64(0.6963527056635459)]",0.09511872740561232
cb-10-277,0.04243279338905237,0.7667481233026281,3,"[np.float64(0.004068887974750467), np.float64(0.5348935263148897), np.float64(0.6777045992624011)]",0.09598333257754403
ruxolitinib,0.04245289070464975,2.782947878813876,3,"[np.float64(0.0074565465640741), np.float64(0.2955919080454035), np.float64(0.6696249839685248)]",0.09598333257754403
"2,3-dcpe",0.04272548799134801,0.5364441557419806,3,"[np.float64(0.013240470704859838), np.float64(0.7316880466758202), np.float64(0.15367271860979356)]",0.09644895651089012
lidocaine,0.04314118013978807,1.1739759450531295,3,"[np.float64(0.6046517307195848), np.float64(0.0026933962594448842), np.float64(0.9262274475755975)]",0.09723565056428868
raclopride,0.043238226523515055,0.6707937963331664,3,"[np.float64(0.009697561101297573), np.float64(0.5489907601407027), np.float64(0.28419618213721576)]",0.09730282080797245
jq1-(+),0.04338097648433037,0.8049546391539564,3,"[np.float64(0.015633322332405296), np.float64(0.1593246615632919), np.float64(0.6101715199043333)]",0.09747247356028889
exemestane,0.043488170013464944,0.624258675838031,3,"[np.float64(0.052733248926188525), np.float64(0.08338596712092203), np.float64(0.34678626216472297)]",0.09756183257284305
gsk650394,0.04359455211467789,0.8178039456687017,3,"[np.float64(0.07874824799166623), np.float64(0.14224579212084779), np.float64(0.13658339471097167)]",0.09764909738380635
lanoconazole,0.04436452664620549,0.8491397856201405,3,"[np.float64(0.0018438567475566232), np.float64(0.9326657453245635), np.float64(0.9110496932414658)]",0.09922020101554768
cgp-52411,0.044521934939411145,1.230176639645331,3,"[np.float64(0.01612950923997813), np.float64(0.1478011456626034), np.float64(0.6603661141199642)]",0.09941858002674062
gsk2126458,0.04493969041967283,1.1394185318990417,3,"[np.float64(0.014454352466167249), np.float64(0.2162593367541964), np.float64(0.5100579985567084)]",0.10019681361674358
a61603,0.045376378506078674,0.7797055248231598,3,"[np.float64(0.011385560289595845), np.float64(0.165956221478331), np.float64(0.8549743545383437)]",0.10091923200299127
practolol,0.04540319283617644,0.5276664870276903,3,"[np.float64(0.4598204202410452), np.float64(0.00606405730929242), np.float64(0.5798268129607141)]",0.10091923200299127
alpelisib,0.04553186017540889,0.6376710763316655,3,"[np.float64(0.09682289565413303), np.float64(0.030016205277469805), np.float64(0.5584535700696501)]",0.10105000256720348
sb-218795,0.046076941429776475,0.860141555435995,3,"[np.float64(0.002417906554733981), np.float64(0.7138161015108593), np.float64(0.9557090021532686)]",0.10200586230582326
am-404,0.046103547994477134,0.7401681358674517,3,"[np.float64(0.12691046857440888), np.float64(0.013179614497350611), np.float64(0.986944103191488)]",0.10200586230582326
simvastatin,0.04641102447955625,0.728544758524424,3,"[np.float64(0.009403431850730615), np.float64(0.20338816860827857), np.float64(0.8709839857461371)]",0.10252939301056167
alexidine,0.0467434680739216,0.33996623488872785,3,"[np.float64(0.013581938597463802), np.float64(0.21440690358170306), np.float64(0.5776210288485184)]",0.1031063998520801
p276-00,0.0475216557277518,0.5385615146202007,3,"[np.float64(0.014717239608683567), np.float64(0.4020591679031498), np.float64(0.29073654986273856)]",0.10457714155588736
licochalcone-a,0.04755477480564885,0.5985025501758217,3,"[np.float64(0.02438422596352342), np.float64(0.2697399994205274), np.float64(0.261802756539835)]",0.10457714155588736
tiotidine,0.04808917869651275,0.920673353608226,3,"[np.float64(0.0027286359695913713), np.float64(0.7943214801666213), np.float64(0.8066907150526861)]",0.10559186885258565
ro-106-9920,0.04832542049212463,0.4482921129201615,3,"[np.float64(0.07901587006066524), np.float64(0.02575915104829663), np.float64(0.8647844284643424)]",0.10594982341227929
sid-7969543,0.04909825107897714,0.7953116489641966,3,"[np.float64(0.0062759959944404045), np.float64(0.3406842092223595), np.float64(0.8412590555896334)]",0.10748134540284406
olda,0.04929458844452628,1.0730630930475726,3,"[np.float64(0.0820902391940243), np.float64(0.022510819987638396), np.float64(0.9787016246065503)]",0.10774814120729535
tropisetron,0.04980631317643569,0.8961992277261249,3,"[np.float64(0.009470067148000565), np.float64(0.6392862560066803), np.float64(0.30298233549084597)]",0.10870246631418165
nobiletin,0.05010163207955487,0.7344661213797282,3,"[np.float64(0.11171221168522527), np.float64(0.04658740184331738), np.float64(0.35531130298846514)]",0.10918232171553598
meclizine,0.05029924897522764,1.6597819225401151,3,"[np.float64(0.017362216317334183), np.float64(0.2868073336035224), np.float64(0.373355337751748)]",0.10944814025135999
tandutinib,0.051023283497216965,0.7159076170875657,3,"[np.float64(0.007195068344715946), np.float64(0.42172452720558606), np.float64(0.6248176381163169)]",0.11085689372443386
ch5132799,0.05272896636387858,0.28783229555371315,3,"[np.float64(0.07374215346100885), np.float64(0.08277949173482703), np.float64(0.3249112589584151)]",0.11439102597980856
radezolid,0.05339326491443952,0.7542736188901058,3,"[np.float64(0.01113065587394487), np.float64(0.19064340561429466), np.float64(0.9508882637037793)]",0.11565876396885327
tw-37,0.053519549895497676,0.22338820555017405,3,"[np.float64(0.13724210826455602), np.float64(0.06961777779722393), np.float64(0.21187246312357583)]",0.11575902645558317
rs-504393,0.05371326461527948,0.5831897276099122,3,"[np.float64(0.007864733599890811), np.float64(0.9106610813295273), np.float64(0.2840521965666537)]",0.11600461775867074
orantinib,0.05386119336839179,1.3267549040123676,3,"[np.float64(0.02602390381545605), np.float64(0.08898191637827399), np.float64(0.8818748706373838)]",0.11600527544739135
cytochlor,0.05387390815525017,0.7857810537250646,3,"[np.float64(0.017835993553751046), np.float64(0.23621168854649838), np.float64(0.4848678995673623)]",0.11600527544739135
cyclovirobuxin-d,0.054291831951403524,1.2150094547503802,3,"[np.float64(0.013067621998662937), np.float64(0.9116972821968896), np.float64(0.1732969257692818)]",0.11673147226401322
ldn-212854,0.054989989397034034,3.2455164230656406,3,"[np.float64(0.019229257818670846), np.float64(0.12873832706785743), np.float64(0.8488003867887585)]",0.11805714340876594
fk-3311,0.05513518163517794,0.804458260684839,3,"[np.float64(0.0028211140057285127), np.float64(0.8739112042444032), np.float64(0.8553917896177451)]",0.11819349307570738
gsk1070916,0.05601915905809507,0.7414313789775295,3,"[np.float64(0.005100183745274948), np.float64(0.4960169057913997), np.float64(0.8520986840237381)]",0.11977595141686327
cebranopadol,0.05603892129178745,1.2811415273271312,3,"[np.float64(0.05827062523679625), np.float64(0.04894738552260521), np.float64(0.7561435110083952)]",0.11977595141686327
lasalocid,0.05635848735154625,0.47035661595685335,3,"[np.float64(0.4531797890753194), np.float64(0.004897996637427603), np.float64(0.9792649380930324)]",0.12028131445086641
gilteritinib,0.05697209445510443,0.7549198922935134,3,"[np.float64(0.1366292588263399), np.float64(0.031196273226362703), np.float64(0.517645408589002)]",0.12141181248385288
vu0364770,0.05711517059734872,0.7461090796914717,3,"[np.float64(0.01486444388415146), np.float64(0.18701787458173175), np.float64(0.7964359581251127)]",0.12147802924391592
amprolium,0.057245215071248134,1.3448106366198298,3,"[np.float64(0.03505920796999766), np.float64(0.06708839659558137), np.float64(0.944271694317198)]",0.12147802924391592
olaparib,0.057255021385176685,0.8869875080698533,3,"[np.float64(0.006914776293578377), np.float64(0.4835653905982368), np.float64(0.6643789543386833)]",0.12147802924391592
nh125,0.057435713448749204,0.4028232905220022,3,"[np.float64(0.8089631996516194), np.float64(0.0067467762394303014), np.float64(0.4088030033991862)]",0.12156829096345217
ftorafur,0.05746559158189446,1.1705148383005506,3,"[np.float64(0.11111659758288579), np.float64(0.030185683484922076), np.float64(0.6656886896680694)]",0.12156829096345217
cyclosporine,0.05781977387427517,0.7025445348483986,3,"[np.float64(0.19672561027226873), np.float64(0.014255778362923022), np.float64(0.8029455581951673)]",0.12213899678259295
gw-583340,0.05812774308660562,1.1704426505607726,3,"[np.float64(0.008680557947980772), np.float64(0.38020224234419364), np.float64(0.6873285397422549)]",0.12261056012582848
gsk1904529a,0.05898327656373592,0.7729206882687604,3,"[np.float64(0.06728137428074549), np.float64(0.059754421489755995), np.float64(0.5757560448375197)]",0.1242340628642298
levocetirizine,0.05939784376203605,0.7775143562966464,3,"[np.float64(0.013281708414232311), np.float64(0.19363648344236056), np.float64(0.9088094135916148)]",0.12492540686579386
voreloxin,0.05956883829321746,0.6862665916471571,3,"[np.float64(0.0037180886851419545), np.float64(0.9083965584406859), np.float64(0.6947802838118304)]",0.1251032061107194
bicalutamide,0.05967202239700664,0.6640858778534388,3,"[np.float64(0.03281070740457712), np.float64(0.7790654184653365), np.float64(0.09202252837722921)]",0.1251382846499545
sc-12267,0.05991719426038489,0.7475233040574218,3,"[np.float64(0.005537034329691043), np.float64(0.6536396937926516), np.float64(0.6536342248212909)]",0.12547059348014028
alvocidib,0.060859979579967916,0.7789940130721648,3,"[np.float64(0.009297707962285495), np.float64(0.32735028636304464), np.float64(0.7942569504785251)]",0.12726067984423928
forskolin,0.0616311460539235,0.5739159902545558,3,"[np.float64(0.36827270501232745), np.float64(0.06822258128830389), np.float64(0.09791301814115366)]",0.1285536521222255
7-aminocephalosporanic-acid,0.061656001778040426,1.1078384972812239,3,"[np.float64(0.06496109508362968), np.float64(0.07371130079663343), np.float64(0.5140363422981472)]",0.1285536521222255
d-serine,0.06228520934148696,1.1674192938682177,3,"[np.float64(0.4806320494431604), np.float64(0.03746969301194046), np.float64(0.13861581624676045)]",0.12967870203903833
kp-1212,0.06296602110503413,0.6441861590996157,3,"[np.float64(0.06020853083059655), np.float64(0.05398549732661494), np.float64(0.7797098766999925)]",0.13080994005154456
3-deazaneplanocin-a,0.06307295917197075,0.5920840527147042,3,"[np.float64(0.020440245198249742), np.float64(0.4295887276016892), np.float64(0.28930372508515845)]",0.13080994005154456
arry-334543,0.06309974993502288,1.0361467517757394,3,"[np.float64(0.00613249514352032), np.float64(0.6970591978444094), np.float64(0.5946242598980409)]",0.13080994005154456
deflazacort,0.06342713334176775,0.9189241767230835,3,"[np.float64(0.005441327063075054), np.float64(0.7794155328889117), np.float64(0.6036731684039209)]",0.13125232000672094
nutlin-3,0.06354791765598533,0.6083327279910885,3,"[np.float64(0.039932502836348506), np.float64(0.42107803478012906), np.float64(0.152663871453915)]",0.13125232000672094
hydrocortisone,0.06358526352778948,1.5708300083380922,3,"[np.float64(0.007745444828575393), np.float64(0.44974018921487613), np.float64(0.7375175808591168)]",0.13125232000672094
sulfanilamide,0.06590390525935463,0.7499571757589769,3,"[np.float64(0.005673631935388768), np.float64(0.5638801756353042), np.float64(0.8441254794301679)]",0.13584465941636203
ly2183240,0.06604653945314165,0.9768254019950036,3,"[np.float64(0.4113873214817102), np.float64(0.03089167286983076), np.float64(0.21314388728045922)]",0.1359450107947311
meloxicam,0.06631036998763085,0.6621679316643447,3,"[np.float64(0.03898463488672445), np.float64(0.8206624691499189), np.float64(0.08513807153745095)]",0.1362941837671901
zaldaride,0.06794610242476451,1.2311847878232212,3,"[np.float64(0.318737079521511), np.float64(0.03819669065560772), np.float64(0.23147889795519327)]",0.13945817050870105
ribitol,0.06855124994745154,0.8200387751725958,3,"[np.float64(0.0032933962844083685), np.float64(0.9990085319597414), np.float64(0.8672499587561955)]",0.1405009329659524
cyclocytidine,0.0721540079515477,0.957048469949559,3,"[np.float64(0.17514129149005825), np.float64(0.02663650302571433), np.float64(0.6571868113863313)]",0.14767588331808984
piperazine,0.07268523030133323,0.7834494290643136,3,"[np.float64(0.0660761946565488), np.float64(0.053431962051998884), np.float64(0.8773777448605099)]",0.14855300599721635
ap1903,0.07323944204133803,0.7297758593576779,3,"[np.float64(0.03823416600558977), np.float64(0.10117688565991494), np.float64(0.8093564628237948)]",0.1494745735314755
su014813,0.0747360213642817,0.5104313292730485,3,"[np.float64(0.21860852972527134), np.float64(0.055172322858162225), np.float64(0.2670882812182714)]",0.15222788692220587
ebastine,0.07479891333910738,1.6066163643190587,3,"[np.float64(0.47537032930574363), np.float64(0.015821526891215205), np.float64(0.42882253229938083)]",0.15222788692220587
ifosfamide,0.07504503066851542,0.6738236139943856,3,"[np.float64(0.03618612297004035), np.float64(0.14362207544703848), np.float64(0.6234559899752579)]",0.15251426878840144
deforolimus,0.07552793582501904,0.8341624404931602,3,"[np.float64(0.0039956606200740735), np.float64(0.8527661243196603), np.float64(0.9595746087950681)]",0.15314254382298872
g-1,0.07556671363586687,0.8746608455374796,3,"[np.float64(0.38703123443514487), np.float64(0.04509567843662726), np.float64(0.18746956906079915)]",0.15314254382298872
chidamide,0.07567167853036416,1.2068878172864053,3,"[np.float64(0.009119739754015187), np.float64(0.5485521389754808), np.float64(0.6553325760712985)]",0.15314254382298872
bruceantin,0.07628956640509033,0.456679889477193,3,"[np.float64(0.009984577784076583), np.float64(0.9426706950018936), np.float64(0.3523355931548511)]",0.15417737791643255
ym-155,0.07690568496759764,0.5109585739427212,3,"[np.float64(0.015967685385158036), np.float64(0.8077112684207295), np.float64(0.2600645963967079)]",0.15520575473934978
wz8040,0.07701916932419273,0.4244249987230868,3,"[np.float64(0.029025714273240865), np.float64(0.3860191520270255), np.float64(0.29997997384689357)]",0.15521829806700124
pd-153035,0.0772618270129054,1.1680761816266012,3,"[np.float64(0.057922692863278155), np.float64(0.07662395397261872), np.float64(0.7606783977926018)]",0.15528531363808806
cgp-54626,0.07726705308875148,1.1696661700650346,3,"[np.float64(0.07425629409855981), np.float64(0.06183951020951629), np.float64(0.7352864900478044)]",0.15528531363808806
captamine,0.07748446008642662,1.0759523096039891,3,"[np.float64(0.014337878081422773), np.float64(0.5098518611133322), np.float64(0.4637155618225943)]",0.1555062603953666
indisulam,0.0778429773467072,0.8306708708200405,3,"[np.float64(0.08085253853258108), np.float64(0.07678383902884296), np.float64(0.5496060355390382)]",0.1560094019677082
fluroxene,0.07844826825845785,0.6673253666337898,3,"[np.float64(0.01479000033951847), np.float64(0.985589384667658), np.float64(0.2366514300720233)]",0.15700504034576557
gdc-0152,0.0793656062159005,1.3014781841468186,3,"[np.float64(0.15149082103460607), np.float64(0.19773824495367115), np.float64(0.11706958613745545)]",0.1583412426184242
ingenol-mebutate,0.07942508871642895,1.06766181756363,3,"[np.float64(0.005452312036431535), np.float64(0.6444370451828442), np.float64(0.9991271020236571)]",0.1583412426184242
dihydromyricetin,0.07944418945471732,1.1947012796933076,3,"[np.float64(0.07610444962606348), np.float64(0.0530455950243845), np.float64(0.8699023177655395)]",0.1583412426184242
triamcinolone,0.08015897476610401,1.3378610068111263,3,"[np.float64(0.1743898070085066), np.float64(0.02724003254078534), np.float64(0.7487096518039082)]",0.15943401094773232
octenidine,0.08021282651689643,0.6636122327310434,3,"[np.float64(0.14245473499145442), np.float64(0.03185064465274792), np.float64(0.7846220439106324)]",0.15943401094773232
skf-96365,0.08036871477326912,2.97708274792807,3,"[np.float64(0.11821736225793442), np.float64(0.060895838236286685), np.float64(0.4958864192956123)]",0.15952473289015148
ciprofibrate,0.08093480990479751,1.0288247888763904,3,"[np.float64(0.029744649069901548), np.float64(0.514241941817456), np.float64(0.23572098106647071)]",0.16042831497567397
idasanutlin,0.08109018297443082,0.7796083044242826,3,"[np.float64(0.025636912044214442), np.float64(0.5956620316054881), np.float64(0.23675042189053924)]",0.16051640870588427
zk811752,0.08171224837983881,0.6072775212207279,3,"[np.float64(0.18605106873098312), np.float64(0.07592865838920301), np.float64(0.25871967256792233)]",0.1615268079311841
anagrelide,0.0820739150457398,0.4983110001806811,3,"[np.float64(0.3176778319409161), np.float64(0.018520295583947907), np.float64(0.6251099493023516)]",0.16202040255277692
hesperadin,0.08232589656379607,1.0924644770033343,3,"[np.float64(0.019206549581990435), np.float64(0.3333890954007714), np.float64(0.5768751255936986)]",0.16229642006514022
bafetinib,0.08255044639255105,0.47232295481030423,3,"[np.float64(0.03725882242386668), np.float64(0.5359226608985159), np.float64(0.18570871398822475)]",0.16251768153744403
a-803467,0.08371854870234052,1.162658504740886,3,"[np.float64(0.21645528262488814), np.float64(0.019202872852129994), np.float64(0.9101369043041285)]",0.16447597561642638
norethindrone-acetate,0.08377249069060555,0.7331093862301699,3,"[np.float64(0.017696470487486186), np.float64(0.5391922593160088), np.float64(0.3968339899066343)]",0.16447597561642638
isoflupredone-acetate,0.08417805785857657,1.0660543766299173,3,"[np.float64(0.11535137946612686), np.float64(0.04174333295224781), np.float64(0.7917982631763544)]",0.16504830585550176
obidoxime,0.08534650515847064,0.7401936978193328,3,"[np.float64(0.013136542302051192), np.float64(0.34972986565718966), np.float64(0.846327748457837)]",0.16710092821331826
fendiline,0.08545589970826228,1.5130583824134973,3,"[np.float64(0.021894434381156097), np.float64(0.23576195510557002), np.float64(0.7546366124933758)]",0.16710092821331826
avl-292,0.08584024815947411,1.285549841964974,3,"[np.float64(0.015714954217726458), np.float64(0.470352142035241), np.float64(0.5303807435354425)]",0.16762596367983676
plx-4720,0.08601614093845733,0.6246368143749856,3,"[np.float64(0.2436331666399559), np.float64(0.034727146877907664), np.float64(0.4647146099619819)]",0.16774306730181637
wye-125132,0.08624072766353663,0.5480371043312026,3,"[np.float64(0.036231223763923875), np.float64(0.2551645670445367), np.float64(0.4268781007410255)]",0.16791298232003687
estrone,0.08633535511133894,1.0522164856510539,3,"[np.float64(0.008254249914337037), np.float64(0.7754270762442919), np.float64(0.6175443578022195)]",0.16791298232003687
zstk-474,0.08711765512068759,1.0597916075959735,3,"[np.float64(0.09024491807474581), np.float64(0.07795316313715737), np.float64(0.5691435604391109)]",0.16918495447343673
amonafide,0.08722672229827155,1.0778430076705021,3,"[np.float64(0.07842274134705107), np.float64(0.07368594475161858), np.float64(0.6941088548095911)]",0.16918495447343673
cudc-101,0.08734012508062006,0.7812475272071729,3,"[np.float64(0.04735133477755761), np.float64(0.2765375160311323), np.float64(0.30688370030222656)]",0.16918495447343673
deoxycorticosterone-acetate,0.08808362163347705,0.4599649472502139,3,"[np.float64(0.20159868400751652), np.float64(0.0642664285216337), np.float64(0.3139410405418992)]",0.17039705949684666
aspirin,0.08873166202741578,0.917550735408056,3,"[np.float64(0.037115382752058196), np.float64(0.1730356170080318), np.float64(0.6400032721692376)]",0.17122307667090683
cnx-774,0.08874727539957161,1.1576140793454046,3,"[np.float64(0.013469807241326844), np.float64(0.355168518210373), np.float64(0.8593797005810248)]",0.17122307667090683
cs-110266,0.08893840084115057,1.0585199714899205,3,"[np.float64(0.07950202744658749), np.float64(0.05955283700027163), np.float64(0.8710372142658962)]",0.17136333690698385
sb-216641,0.08925109468384096,0.8648292500286605,3,"[np.float64(0.013257894117837522), np.float64(0.332784620828891), np.float64(0.9394213990849662)]",0.1717371462865929
tak-733,0.09013537864687793,0.8478751542335174,3,"[np.float64(0.023207373729934054), np.float64(0.6194125975931989), np.float64(0.2924302077243742)]",0.17308692024463862
alvespimycin,0.09019180225601764,1.3361196440516636,3,"[np.float64(0.10873672180483912), np.float64(0.04218429741849327), np.float64(0.9172558446035916)]",0.17308692024463862
clocortolone-pivalate,0.0904259400330556,0.9865081213830242,3,"[np.float64(0.11251219026189711), np.float64(0.04741961934752444), np.float64(0.7915400925026341)]",0.17330640427527344
vs-4718,0.09067353212441454,1.0357993108152626,3,"[np.float64(0.01245181962150598), np.float64(0.4012265855707412), np.float64(0.848612880595111)]",0.17355105950268232
fph1-(brd-6125),0.09145656985126138,0.6460677972885447,3,"[np.float64(0.02132622899804956), np.float64(0.534893985329609), np.float64(0.3762739574164359)]",0.17481856879098442
uh-232-(+),0.09192304662146511,0.802748110605138,3,"[np.float64(0.6148928243489529), np.float64(0.04641514781675324), np.float64(0.15149434944138337)]",0.1754784280491557
smi-4a,0.0924719724272226,0.7252147908812834,3,"[np.float64(0.023965259415638793), np.float64(0.3318122574893643), np.float64(0.5483934725352007)]",0.1762937339949817
gsk429286a,0.09284072507944907,1.3920249242415421,3,"[np.float64(0.060025907267724846), np.float64(0.30535823677188495), np.float64(0.2392766719706485)]",0.17657784330110052
fexinidazole,0.09286505787984622,0.6913842782614349,3,"[np.float64(0.627529949129626), np.float64(0.028945857827828277), np.float64(0.24154124868315252)]",0.17657784330110052
birinapant,0.0930716726820413,0.7359698171193109,3,"[np.float64(0.2664637955201736), np.float64(0.05279953145076933), np.float64(0.31284577872045427)]",0.17673846505369262
panobinostat,0.0947393110283975,0.5266460858938524,3,"[np.float64(0.5377586822763023), np.float64(0.07169216905626911), np.float64(0.1171192413931108)]",0.1796694404431077
whi-p154,0.09504175670411197,0.6867373645957903,3,"[np.float64(0.14282429299615582), np.float64(0.3607031137908797), np.float64(0.08804963129206375)]",0.18000709679430632
talmapimod,0.09546755030380405,1.3007492831160814,3,"[np.float64(0.07839394283713909), np.float64(0.8153097779230483), np.float64(0.07142811916733757)]",0.18057718338510387
parachlorophenol,0.09568610948090805,0.6433162295604736,3,"[np.float64(0.2879082192187602), np.float64(0.048874362943880555), np.float64(0.32551380704856975)]",0.18075430864082762
buphenine,0.09586629606154562,0.7749220958209965,3,"[np.float64(0.1321036651949766), np.float64(0.10368038086456953), np.float64(0.33532815834259677)]",0.18085857940163821
nafcillin,0.09601501172752747,0.6749996492238388,3,"[np.float64(0.03628505579858927), np.float64(0.5366620272477353), np.float64(0.23638648376074226)]",0.1809032838147555
cep-37440,0.09617142221365593,2.0216635411995973,3,"[np.float64(0.010057610292720877), np.float64(0.6966347426068648), np.float64(0.6585214284509937)]",0.18096235103141758
mozavaptan,0.0963640178688745,1.7551058087541456,3,"[np.float64(0.012322680163544392), np.float64(0.4290542140116925), np.float64(0.8751945785100996)]",0.1810892647483914
oxyphencyclimine,0.09686240741114116,0.7843546187767355,3,"[np.float64(0.0074447712854048935), np.float64(0.8017990076970302), np.float64(0.7809707869218245)]",0.18178975813738166
ethacridine-lactate-monohydrate,0.097198534180992,0.6389901060278234,3,"[np.float64(0.371557341466101), np.float64(0.05229201006499826), np.float64(0.24113496714729743)]",0.182184299170849
ritodrine,0.09743682744602455,0.5717621104474238,3,"[np.float64(0.12590323414285653), np.float64(0.14505419148880316), np.float64(0.25744727018722047)]",0.18239468216610288
quinidine,0.09807820544405965,0.6894346323954808,3,"[np.float64(0.03194192252299214), np.float64(0.2621947786566259), np.float64(0.566738401714215)]",0.1831630035702583
trans-4-hydroxycrotonic-acid,0.09814920464801336,1.4934916276743158,3,"[np.float64(0.2605948282669385), np.float64(0.056866010544776226), np.float64(0.3206290750932705)]",0.1831630035702583
mycophenolic-acid,0.0982270150452802,1.1255207145335093,3,"[np.float64(0.017824615932923556), np.float64(0.6163462311621433), np.float64(0.43298558809120247)]",0.1831630035702583
ciclesonide,0.09883925934629723,0.9360716996827051,3,"[np.float64(0.008424389901185724), np.float64(0.630406053312078), np.float64(0.9037682202486279)]",0.18406744951620602
sobetirome,0.09942218033468853,0.9930504832832912,3,"[np.float64(0.02191229416759543), np.float64(0.29504519636320065), np.float64(0.7487384622073443)]",0.18491503206207494
diaveridine,0.10047468629651368,0.6388346440238901,3,"[np.float64(0.17853188882840157), np.float64(0.12468051363903677), np.float64(0.2208038586284412)]",0.18663269713871028
itraconazole,0.10087032177723143,0.8602786566700099,3,"[np.float64(0.028416652082545096), np.float64(0.5233571230099041), np.float64(0.33236876783889335)]",0.18712737898929985
frentizole,0.10112018042347137,1.324005520501765,3,"[np.float64(0.5617111217178734), np.float64(0.012196434938602329), np.float64(0.724103861652719)]",0.18735070559892839
oxyquinoline,0.10153120144927152,0.44861663128563467,3,"[np.float64(0.44770787458086114), np.float64(0.15206322297468156), np.float64(0.07329582074668228)]",0.18787167326994358
gsk2830371,0.10244225148639952,1.0421752281316115,3,"[np.float64(0.1514778244583838), np.float64(0.07709741071255384), np.float64(0.4328440369467156)]",0.18931537407512145
iobenguane,0.10274596108183887,0.6938100103685853,3,"[np.float64(0.05560069015916415), np.float64(0.2531022293147417), np.float64(0.36075165795944597)]",0.18957432618274733
selumetinib,0.10284439948407509,0.6045481846220468,3,"[np.float64(0.4985059436619653), np.float64(0.019659960212986233), np.float64(0.5187220048466974)]",0.18957432618274733
gw-441756,0.10334843425346507,0.5444090886319045,3,"[np.float64(0.39901726214223276), np.float64(0.038856485914302165), np.float64(0.3302270691185256)]",0.18986086466398486
rs-16566,0.10349555842906044,0.5593084878494616,3,"[np.float64(0.1005814007315195), np.float64(0.13392960078228705), np.float64(0.38086421319462604)]",0.18986086466398486
idarubicin,0.1035503382614944,0.9632291955400805,3,"[np.float64(0.06337359328367329), np.float64(0.19267251639132738), np.float64(0.42050372109810485)]",0.18986086466398486
bentazepam,0.10356241278373779,0.7241101497434163,3,"[np.float64(0.007412199613563132), np.float64(0.7235995759636311), np.float64(0.9574718812297601)]",0.18986086466398486
ouabain,0.10365589708676437,0.3654491772074146,3,"[np.float64(0.1470110892992632), np.float64(0.19012088014925166), np.float64(0.18397561975070126)]",0.18986086466398486
vandetanib,0.10401748020671786,0.7690579925148018,3,"[np.float64(0.03979555076248499), np.float64(0.4663479901788756), np.float64(0.27847809949285085)]",0.19009917977404878
menadione,0.1040487563103294,1.6063250966035483,3,"[np.float64(0.0655734467656162), np.float64(0.08770905725839243), np.float64(0.898985737772268)]",0.19009917977404878
cep-32496,0.10428050314149284,0.735726118308644,3,"[np.float64(0.16148063544572758), np.float64(0.4994763626411255), np.float64(0.06431214803072452)]",0.19028233044860043
sevelamer,0.10462397817851143,1.4605188048132058,3,"[np.float64(0.020906104385622275), np.float64(0.36394095665296544), np.float64(0.6850130231055283)]",0.19066863529509578
oncrasin-1,0.1050986194047735,1.1068115421845472,3,"[np.float64(0.03970741115473785), np.float64(0.30328577543462865), np.float64(0.4356481388449953)]",0.19129270726881414
torin-1,0.10585611091972968,0.2919714674946284,3,"[np.float64(0.35938688681718733), np.float64(0.05491985548966499), np.float64(0.26859803537317006)]",0.19242938756388045
y-27632,0.10645932467025898,1.6561883572779592,3,"[np.float64(0.7570823310928256), np.float64(0.02485211676970808), np.float64(0.28410472314199287)]",0.19328311517925315
felbamate,0.10735552963785955,0.9705537676629413,3,"[np.float64(0.020545085516733976), np.float64(0.31292987703906994), np.float64(0.8416486228088548)]",0.19466597918042952
proflavine-hemisulfate,0.1081381092144621,0.9926815884143583,3,"[np.float64(0.13877214328080983), np.float64(0.09353722032483662), np.float64(0.4213038309307926)]",0.19583960454734248
tak-632,0.10874498431561375,0.3319328103595816,3,"[np.float64(0.4304300593178414), np.float64(0.18497663500903955), np.float64(0.06924789363136213)]",0.19669249038086636
kifunensine,0.11015227200109878,1.178831237013558,3,"[np.float64(0.17204163793885913), np.float64(0.03536068270814954), np.float64(0.9234681502856729)]",0.19895359566270762
tms,0.11027006476951728,0.9560526921486777,3,"[np.float64(0.028268686601452632), np.float64(0.3867577808865612), np.float64(0.5146469183848638)]",0.19895359566270762
lidamidine,0.11074523072984432,0.5842740234910277,3,"[np.float64(0.20569158093687842), np.float64(0.10130317100765769), np.float64(0.27173317972269356)]",0.1995446848793902
thiocolchicoside,0.11087348074846559,0.6797934022443025,3,"[np.float64(0.5533267986999687), np.float64(0.016658460494446286), np.float64(0.6153188313754093)]",0.1995446848793902
sar131675,0.11508529121573763,1.0478807645561312,3,"[np.float64(0.22325469199371276), np.float64(0.029056218696872443), np.float64(0.9233940211296178)]",0.206789617400152
pik-75,0.11518481798515723,0.9426372269576596,3,"[np.float64(0.2320755460559856), np.float64(0.13303909027582508), np.float64(0.19425353441392038)]",0.206789617400152
sb-590885,0.11634680647033069,1.3017341391470096,3,"[np.float64(0.27822924073414007), np.float64(0.036523789616765855), np.float64(0.598961205890983)]",0.20861688842945292
filgotinib,0.11713242173146032,0.8705706238626656,3,"[np.float64(0.05673040780866989), np.float64(0.1800583120888274), np.float64(0.6017869617210726)]",0.20976561168988006
avanafil,0.11814423011386699,0.6858122048443135,3,"[np.float64(0.025225576716544757), np.float64(0.3644181414092258), np.float64(0.6772111229121587)]",0.21131607042616257
bts-54505,0.11853901110898435,0.8928445329057171,3,"[np.float64(0.022330288993255745), np.float64(0.3641412548924784), np.float64(0.7693658770394072)]",0.21176043095642016
nitisinone,0.1198758483591068,1.117102363328979,3,"[np.float64(0.05074486214970612), np.float64(0.2019313353970708), np.float64(0.6206890671589285)]",0.21388452845330155
melengestrol-acetate,0.12219569788051088,1.1333975960963392,3,"[np.float64(0.12737281545981596), np.float64(0.08404102330611134), np.float64(0.6111973420703674)]",0.21775514142007296
repaglinide,0.12262145939937918,0.7082791834614315,3,"[np.float64(0.022187548879086263), np.float64(0.42459552773166753), np.float64(0.698065082503308)]",0.2181809122568858
dalcetrapib,0.12273618699177957,0.6387527245578417,3,"[np.float64(0.03843170850494667), np.float64(0.7835764168541965), np.float64(0.21868028859134186)]",0.2181809122568858
rifampin,0.12332270179344129,0.6051021194008589,3,"[np.float64(0.26101073876600034), np.float64(0.25077720263006786), np.float64(0.10131971992337842)]",0.21895453925780312
baricitinib,0.12440332117357156,0.776687559794099,3,"[np.float64(0.009330100204100772), np.float64(0.7619399988112296), np.float64(0.9450112611502144)]",0.22060245801244857
osi-930,0.1245618994179869,0.8829999996222321,3,"[np.float64(0.014375041048376048), np.float64(0.5115057087482175), np.float64(0.9153836844791786)]",0.2206133028859572
d-4476,0.12575985058477002,0.5891441457679293,3,"[np.float64(0.15762668744672576), np.float64(0.6676156133837015), np.float64(0.06487260955440229)]",0.22246271857721542
dianhydrogalactitol,0.12758669359781205,0.7738117402962214,3,"[np.float64(0.021427153821039904), np.float64(0.5561852050262354), np.float64(0.5852214779981026)]",0.2254187370403346
nintedanib,0.13003386240752857,0.8958612747847613,3,"[np.float64(0.025731473318795953), np.float64(0.9510250193485902), np.float64(0.2931599244007654)]",0.2294621937849925
se-methylselenocysteine,0.13181158918201075,1.1957196324813675,3,"[np.float64(0.14186224064953656), np.float64(0.06128594004516384), np.float64(0.841996324475287)]",0.23201122272672994
ro-90-7501,0.13184390556472536,1.282590271056796,3,"[np.float64(0.01810120440310629), np.float64(0.7586638202770833), np.float64(0.5332607171741413)]",0.23201122272672994
3-amino-benzamide,0.13195938929101503,0.6676613693402688,3,"[np.float64(0.8825990177017647), np.float64(0.015397985242397626), np.float64(0.5395547193624108)]",0.23201122272672994
dexamethasone-acetate,0.13223507963940728,1.1789361978073778,3,"[np.float64(0.7780256460406672), np.float64(0.013777296355177703), np.float64(0.6862072305279168)]",0.23221378669687176
as-1949490,0.1327985388447489,0.7568107564717999,3,"[np.float64(0.08569729521189134), np.float64(0.10971191366482387), np.float64(0.7873076654806173)]",0.23292058873739596
aurora-a-inhibitor-i,0.1330474423629251,0.40171040888194043,3,"[np.float64(0.026702998007146088), np.float64(0.6950548405794466), np.float64(0.39994360877523827)]",0.23307463571325981
cp-673451,0.13424089292506136,0.7615407368065481,3,"[np.float64(0.04639984011036602), np.float64(0.590720649791449), np.float64(0.27445120848603166)]",0.23473645013657865
camylofine-chlorhydrate,0.13432051189570637,0.8304534216031421,3,"[np.float64(0.013023082292290412), np.float64(0.6347635530102522), np.float64(0.9107986913052175)]",0.23473645013657865
ptc-209,0.13507228336714694,0.6063150164258251,3,"[np.float64(0.06121793307809634), np.float64(0.8984897198417612), np.float64(0.13803076245593743)]",0.2357654934044169
exatecan-mesylate,0.13552386052792964,0.7711986055513976,3,"[np.float64(0.016993265447641674), np.float64(0.8402825787564266), np.float64(0.5343565098334678)]",0.23607476977104722
domiphen,0.13557576619194212,1.150620444025997,3,"[np.float64(0.034875477282525845), np.float64(0.305093715532156), np.float64(0.7175107330608468)]",0.23607476977104722
navitoclax,0.13653288775103678,1.4695478097155061,3,"[np.float64(0.7300273895396652), np.float64(0.018698596752298433), np.float64(0.5651988564640288)]",0.23745563530739208
azd4547,0.136868947922401,0.7820486336766674,3,"[np.float64(0.3503460727338539), np.float64(0.178446443234676), np.float64(0.12386293565333979)]",0.23775434290962094
cgp-37849,0.13788361593788157,0.7788179444090274,3,"[np.float64(0.5798992106296466), np.float64(0.11486922063763712), np.float64(0.11754157829233006)]",0.23900557825263827
sb-431542,0.13791959767861295,1.0026360380676331,3,"[np.float64(0.01854716507822471), np.float64(0.6707031452310348), np.float64(0.6296649452721357)]",0.23900557825263827
bay-11-7085,0.13845347161395827,0.5362590868753896,3,"[np.float64(0.021608056946486234), np.float64(0.6379420765426835), np.float64(0.5715228041701985)]",0.2396437481165043
colforsin-daproate,0.14135875836681366,0.9515306204735626,3,"[np.float64(0.1387133675515013), np.float64(0.17595398620935968), np.float64(0.33299814335486994)]",0.2443800756950769
pq-401,0.14177981118125016,0.8953253333591983,3,"[np.float64(0.11414871232097129), np.float64(0.09866542653305813), np.float64(0.7248757808471522)]",0.24481549734996297
ribociclib,0.1424729425349982,1.3154132297154637,3,"[np.float64(0.045703398871353065), np.float64(0.2739083623403695), np.float64(0.6569450326886079)]",0.2457191273517788
mitomycin-c,0.14385112442415504,0.5663069915128647,3,"[np.float64(0.09372409475015163), np.float64(0.13854250442645502), np.float64(0.6425955624531824)]",0.24776147880778207
masitinib,0.144013878735888,0.9339312196047937,3,"[np.float64(0.07613511692125735), np.float64(0.3788137415463708), np.float64(0.28980140628764023)]",0.24776147880778207
cinromide,0.1441708121327937,1.078046962400169,3,"[np.float64(0.26605640677236797), np.float64(0.03453858326679187), np.float64(0.9110560201409842)]",0.24776147880778207
anastrozole,0.1446738650407271,0.6737167600043457,3,"[np.float64(0.49743216976366866), np.float64(0.19464137400759612), np.float64(0.08692252730037472)]",0.24806871969450284
neratinib,0.14469246677412606,1.722420902183878,3,"[np.float64(0.0749059187747579), np.float64(0.14633531709292813), np.float64(0.7679274481039027)]",0.24806871969450284
cgs-15943,0.14522342092216045,1.0963444878642183,3,"[np.float64(0.06462500632835258), np.float64(0.4820708915784445), np.float64(0.27168808478736467)]",0.24868436695191262
unbs-5162,0.14563397602606065,0.8716115338813802,3,"[np.float64(0.02255858801602645), np.float64(0.40828159823641785), np.float64(0.9229077459336944)]",0.24909262802566165
iem1754,0.14684656095076998,0.8593825449081551,3,"[np.float64(0.8244167105046402), np.float64(0.013629770017033437), np.float64(0.7659952192175519)]",0.25087009881436145
propoxycaine,0.14709845662256904,0.8656846194136162,3,"[np.float64(0.5509042715698593), np.float64(0.01704106884323616), np.float64(0.9192036937416407)]",0.25100408812836955
odanacatib,0.148223774632822,0.37209462796835446,3,"[np.float64(0.04822118884359977), np.float64(0.32090520400935124), np.float64(0.564115594147244)]",0.25247422816445264
temoporfin,0.14830897991692105,0.4516716541672081,3,"[np.float64(0.012546573333117915), np.float64(0.7293321741874002), np.float64(0.9547932941593147)]",0.25247422816445264
prazosin,0.15001777312377595,0.7255379951677543,3,"[np.float64(0.4607592705150364), np.float64(0.153622264002367), np.float64(0.1255898042229063)]",0.2550830995418376
imidapril,0.15044794393716265,0.9845792395415196,3,"[np.float64(0.023828697192245514), np.float64(0.5714620408800788), np.float64(0.6556573470820017)]",0.25534062726159634
uric-acid,0.15067180901929178,1.0965262288442,3,"[np.float64(0.01974007905938278), np.float64(0.6856728702360997), np.float64(0.6611139411573497)]",0.25534062726159634
cetylpyridinium,0.15069861484547564,0.4733743663961982,3,"[np.float64(0.10766632041361965), np.float64(0.15192676139606937), np.float64(0.5471986109184477)]",0.25534062726159634
tws-119,0.15125399590690203,1.2069613885349446,3,"[np.float64(0.009824029324412042), np.float64(0.9384414120549152), np.float64(0.9762963644178634)]",0.25598190886232425
ziprasidone,0.15404534044096796,0.9953271198405386,3,"[np.float64(0.5305148466924399), np.float64(0.04464604006768591), np.float64(0.3906984683963589)]",0.26040141076878576
nsc-3852,0.15459127737972578,1.3651064603465128,3,"[np.float64(0.022560939664899214), np.float64(0.870628246972319), np.float64(0.47365874299097876)]",0.26101934465398274
octopamine,0.15543937608534164,0.6816510434043067,3,"[np.float64(0.07694069141230345), np.float64(0.45678414580187143), np.float64(0.26693095428714864)]",0.2621454279667708
ly2874455,0.15603316219536612,1.5057784793206057,3,"[np.float64(0.19956563648394937), np.float64(0.048455769036618475), np.float64(0.9757813238575745)]",0.2628404955724037
fr-122047,0.15762168075854976,0.526201080320971,3,"[np.float64(0.9986512076310378), np.float64(0.16733654036473775), np.float64(0.05734214422573019)]",0.2649908549418869
ky02111,0.15788135985426444,0.7391331758989633,3,"[np.float64(0.10671035875218712), np.float64(0.24397739290409098), np.float64(0.36898713203271105)]",0.2649908549418869
butylscopolamine-bromide,0.15796446087477956,1.1425362569291029,3,"[np.float64(0.03518643242681794), np.float64(0.3279219528231098), np.float64(0.8332393594945899)]",0.2649908549418869
sorafenib,0.15804223069443568,0.6528256287866461,3,"[np.float64(0.16534937282673662), np.float64(0.2834209680620663), np.float64(0.20530835086937874)]",0.2649908549418869
hydroxyurea,0.15838969572802064,0.765101028752925,3,"[np.float64(0.018068355784052647), np.float64(0.7626610550129858), np.float64(0.7005581015561326)]",0.26526607606301605
thiamine,0.15871224160379627,1.675979550693452,3,"[np.float64(0.780051759068836), np.float64(0.06915219918835971), np.float64(0.17951943546971794)]",0.265498975260917
dimethisoquin,0.16077158248769208,1.067836908178777,3,"[np.float64(0.0346334452507841), np.float64(0.3119613370613995), np.float64(0.9140838700451952)]",0.2686333485677719
epothilone-a,0.16152506748427897,0.306668652046208,3,"[np.float64(0.5116156873905533), np.float64(0.2332310471248623), np.float64(0.08335927027942838)]",0.2695810526525394
rucinol,0.16262668357984378,1.0500266502314868,3,"[np.float64(0.0760553587738066), np.float64(0.24828795458241837), np.float64(0.5322440689559473)]",0.27087700134232595
srt1720,0.16267596003212248,1.050954138584149,3,"[np.float64(0.2704886632933253), np.float64(0.04126509091827215), np.float64(0.9008772985969519)]",0.27087700134232595
pomalidomide,0.16303849740162502,0.9520559782917373,3,"[np.float64(0.0561073676268425), np.float64(0.18958450345688643), np.float64(0.948535443236579)]",0.27116862728753033
motesanib,0.1658868113930294,5.331012638494414,3,"[np.float64(0.43187023788417045), np.float64(0.6817938605486252), np.float64(0.03518765351558565)]",0.2755892262752165
idelalisib,0.16732787358896506,0.6098657333488136,3,"[np.float64(0.4544381658798281), np.float64(0.0645238775296635), np.float64(0.35806766998680106)]",0.27679070776799536
clotrimazole,0.16740594351396076,1.2583650317514459,3,"[np.float64(0.19898276124061798), np.float64(0.45643320505990403), np.float64(0.11568544168999205)]",0.27679070776799536
erdafitinib,0.1675518209513771,0.9484840646935199,3,"[np.float64(0.09361460022382574), np.float64(0.13266510803937323), np.float64(0.8471336352472533)]",0.27679070776799536
norethindrone,0.16771301352638912,0.6671588172675766,3,"[np.float64(0.2739311592787982), np.float64(0.07221800543874042), np.float64(0.5326066811238722)]",0.27679070776799536
i-bet151,0.16772108444795053,0.7900441464668643,3,"[np.float64(0.07605463609731462), np.float64(0.5165304940370603), np.float64(0.2682279145549117)]",0.27679070776799536
ym-201636,0.1677577406444588,0.8154960101563803,3,"[np.float64(0.018207027378389973), np.float64(0.7809220201680673), np.float64(0.7413523597405953)]",0.27679070776799536
nicotine,0.1679710800168701,0.8366795793241121,3,"[np.float64(0.39200770545161634), np.float64(0.11924560091976043), np.float64(0.22593430760347163)]",0.2768270532852062
zm-447439,0.1684078923174558,0.692483613140491,3,"[np.float64(0.08590210231985307), np.float64(0.26917919421932535), np.float64(0.4585712044592424)]",0.27723119474784813
curcumin,0.16871805970147724,0.48133936821489903,3,"[np.float64(0.02613218073103658), np.float64(0.6727504474622013), np.float64(0.6048539937949651)]",0.2774261731682245
triptolide,0.16948582209738627,0.7178116781059989,3,"[np.float64(0.03758056372921127), np.float64(0.3292334046749545), np.float64(0.8654554482494272)]",0.2779896112596507
enzalutamide,0.16958438342459647,0.6645041552797467,3,"[np.float64(0.45473964687017), np.float64(0.09382431143218162), np.float64(0.2512013861359996)]",0.2779896112596507
cyromazine,0.16963706063736805,1.3226447042990277,3,"[np.float64(0.022939536549461247), np.float64(0.7688469987324807), np.float64(0.6079713953724807)]",0.2779896112596507
benfotiamine,0.17005926624188406,0.7448572690262528,3,"[np.float64(0.4386966966121274), np.float64(0.05600676371965278), np.float64(0.4380904105569128)]",0.27812687591344676
enocitabine,0.17010524200649646,0.812589539640936,3,"[np.float64(0.3443567654626828), np.float64(0.11620195523238483), np.float64(0.2691083541043404)]",0.27812687591344676
ym-976,0.1714451355987774,0.7070558900403613,3,"[np.float64(0.20753857929883598), np.float64(0.2725111204147719), np.float64(0.19271365320087697)]",0.2800012541889739
linifanib,0.1719984367426649,0.3212971234171334,3,"[np.float64(0.06616583793677039), np.float64(0.8536595571343686), np.float64(0.19392473055083786)]",0.280588205148406
naltrexone,0.17234438853381717,0.6984125548058383,3,"[np.float64(0.0470648490696223), np.float64(0.41111746621876766), np.float64(0.5678508017565242)]",0.2808359574419296
florfenicol,0.17257380926425048,0.6825849491258953,3,"[np.float64(0.5593688008304324), np.float64(0.06311602115487039), np.float64(0.31185286607776835)]",0.28089347807128284
bf2.649,0.1731105381361564,0.8193214684318436,3,"[np.float64(0.10583433546685744), np.float64(0.17977926168439912), np.float64(0.5814352513462338)]",0.28137019098784977
crystal-violet,0.17325559099528276,0.613271063469534,3,"[np.float64(0.951474965916809), np.float64(0.03766264301284149), np.float64(0.30911532864729224)]",0.28137019098784977
rn-1734,0.17435157353081765,0.48331785335841654,3,"[np.float64(0.27467465528566554), np.float64(0.2721002141276646), np.float64(0.14966087008101836)]",0.28283265347431963
aeg3482,0.1752718134563711,0.7173717366289374,3,"[np.float64(0.04541016871989175), np.float64(0.9124904903008746), np.float64(0.27214850320584677)]",0.2840070706286327
sparfloxacin,0.17640873881868246,1.5904897876864872,3,"[np.float64(0.12339487004195547), np.float64(0.12002950716396535), np.float64(0.7690307270088392)]",0.28547436832896755
favipiravir,0.17657191406663852,1.2933537633071388,3,"[np.float64(0.08401144060382307), np.float64(0.1373225045079577), np.float64(0.9887119880497037)]",0.28547436832896755
tacrolimus,0.17925955980096486,0.6676644245285018,3,"[np.float64(0.7518335272824588), np.float64(0.062498984378146924), np.float64(0.24849398176166604)]",0.2894961864196386
pentostatin,0.1799559513698621,1.1880649637006309,3,"[np.float64(0.3580184258889265), np.float64(0.04024071557023442), np.float64(0.8153628263397382)]",0.29029683571035725
etp-46464,0.1820629348906676,0.5924653359079032,3,"[np.float64(0.0472044022824875), np.float64(0.2925813979910054), np.float64(0.8660476199872609)]",0.293368671254784
gidazepam,0.18304309974567912,1.9084560038674794,3,"[np.float64(0.13386518671482964), np.float64(0.1944087258798328), np.float64(0.46346034370200007)]",0.2946069788806386
nithiamide,0.18323861851594658,0.7497668445726183,3,"[np.float64(0.35410430052016273), np.float64(0.07576368435487658), np.float64(0.45032371031884344)]",0.2946069788806386
azithromycin,0.18402220147271697,0.5484670021087199,3,"[np.float64(0.03850341863373716), np.float64(0.523288308709468), np.float64(0.6036153350213971)]",0.29553843011212144
arctigenin,0.1850470996093827,0.6445083074329986,3,"[np.float64(0.22336466481600012), np.float64(0.10626717351504993), np.float64(0.5168241085206047)]",0.29685493695651527
azd9668,0.18640953734573407,1.2434854973167615,3,"[np.float64(0.32077912993646135), np.float64(0.04149647511691069), np.float64(0.9321900936146426)]",0.29869833353162456
aphidicolin,0.18672118564609452,1.0449135963783205,3,"[np.float64(0.10427044934756702), np.float64(0.2524636597802226), np.float64(0.47259938635241294)]",0.29869833353162456
josamycin,0.18681547466905335,1.7452679697105633,3,"[np.float64(0.2792444572607339), np.float64(0.38641878747326286), np.float64(0.1153858327528715)]",0.29869833353162456
vlx600,0.18767196035949385,0.9073214550044564,3,"[np.float64(0.017586013035458623), np.float64(0.852029804426116), np.float64(0.836899138443211)]",0.29973656362051615
iowh032,0.1881976538455542,1.4103967661341863,3,"[np.float64(0.07183855435126903), np.float64(0.4664244392674647), np.float64(0.3758834501507503)]",0.30024476859373417
eplerenone,0.18891486959735926,2.039175929972981,3,"[np.float64(0.10049411044809423), np.float64(0.5004451949245354), np.float64(0.25192748698416406)]",0.3010570664178181
bitopertin,0.18913303715468088,0.9376009190433544,3,"[np.float64(0.06442235679905857), np.float64(0.32834941518230293), np.float64(0.6000441013042668)]",0.3010731625553611
ponatinib,0.18993176426154923,1.1508381002672277,3,"[np.float64(0.24001083382444593), np.float64(0.07733190482233683), np.float64(0.6883793226486365)]",0.30201237679830956
finafloxacin,0.1902515256008923,0.8214356494849263,3,"[np.float64(0.025308099904374236), np.float64(0.7758606783469387), np.float64(0.652404186886018)]",0.3021887569094305
n-acetylmannosamine,0.19046574199614175,0.7802580588575686,3,"[np.float64(0.042337388536253906), np.float64(0.39445714711949387), np.float64(0.7684236250667937)]",0.3021972902065977
atorvastatin,0.1909095877068352,0.8283032685418968,3,"[np.float64(0.026433776786898604), np.float64(0.8177726044147186), np.float64(0.5958194734828668)]",0.3025697408672405
pi-103,0.1914977221206431,0.7731541665546197,3,"[np.float64(0.016403557400177998), np.float64(0.8412265292536287), np.float64(0.937878954428183)]",0.30316980733979276
r406,0.19242910967397464,0.8862125667304056,3,"[np.float64(0.7114056435760756), np.float64(0.05976037837040188), np.float64(0.30673826149451144)]",0.3043113898341435
telatinib,0.19271736984419574,0.653075052068746,3,"[np.float64(0.8494895351690775), np.float64(0.09219219029810496), np.float64(0.1669034361268561)]",0.30443453511413887
icg-001,0.1933435474884685,0.4852738707473366,3,"[np.float64(0.7836069318531034), np.float64(0.272548894680922), np.float64(0.06151535436889233)]",0.30509063600415914
repsox,0.19459933394416795,0.779407278760332,3,"[np.float64(0.03202346108588361), np.float64(0.8328674021080367), np.float64(0.49761517807374145)]",0.306518844479481
oxymetazoline,0.19467229998385838,0.8833122390981294,3,"[np.float64(0.014279697917353335), np.float64(0.9379399876673125), np.float64(0.99151495101124)]",0.306518844479481
lucitanib,0.19488776240450112,0.9223376525759222,3,"[np.float64(0.04755367078994713), np.float64(0.6151643998501799), np.float64(0.4547496307181409)]",0.30652455673838386
tilmicosin,0.19530890481419372,1.1052318127370981,3,"[np.float64(0.1608784409600659), np.float64(0.14178171312944904), np.float64(0.5851965668005379)]",0.30685340419776147
tenovin-6,0.19784793118947563,1.315225405085655,3,"[np.float64(0.7570501047469772), np.float64(0.022393966432235835), np.float64(0.803496430342063)]",0.31050537573879744
pentagastrin,0.19835521231298925,1.0065733944200863,3,"[np.float64(0.07556800302139305), np.float64(0.4535257716930612), np.float64(0.39907119817824865)]",0.3109642385881857
rgfp966,0.19862971255721196,0.8479492043547585,3,"[np.float64(0.03149253970044396), np.float64(0.5827392330859884), np.float64(0.7468856752540618)]",0.31105756934013606
cx-4945,0.19915823696298618,0.7799098189527987,3,"[np.float64(0.3488396886933225), np.float64(0.15598442993368275), np.float64(0.2529570795580712)]",0.311548074470747
gsk-j4,0.20088044685268425,0.9057988424955754,3,"[np.float64(0.03941181929386729), np.float64(0.5461378280327103), np.float64(0.6482177857010316)]",0.31390281489830896
10-deacetylbaccatin,0.2012654859714057,1.1111922192652748,3,"[np.float64(0.033768566780919676), np.float64(0.6191953083737771), np.float64(0.6693013664843241)]",0.31416521920239915
sr-27897,0.2018796414715005,0.8088825838797046,3,"[np.float64(0.06917761164955942), np.float64(0.4530027766471678), np.float64(0.4487292895856666)]",0.31468448766713425
anisomycin,0.2020330953992866,0.4665367848082595,3,"[np.float64(0.6094023255304786), np.float64(0.20595406739738323), np.float64(0.11217535597989882)]",0.31468448766713425
ketoprofen,0.20252814288343257,0.7156568333575821,3,"[np.float64(0.1550023027922761), np.float64(0.4121088240254689), np.float64(0.22125886055773947)]",0.31511636855088915
niclosamide,0.20518749114575707,0.6109705553423662,3,"[np.float64(0.5334616476600864), np.float64(0.08671454355078792), np.float64(0.31190013475330775)]",0.31891117044888345
bortezomib,0.20550820822886462,0.925784988888741,3,"[np.float64(0.023445694891249272), np.float64(0.6857129935941444), np.float64(0.8996616631774162)]",0.3190669284411664
penicillamine-(d),0.2063893631310434,1.4164869471242567,3,"[np.float64(0.08704704780276426), np.float64(0.22577716554078053), np.float64(0.7409590326184302)]",0.3200915417477168
taltirelin,0.20715364760328348,0.7218061930489202,3,"[np.float64(0.04939026185992442), np.float64(0.6161772109513358), np.float64(0.4813111838673062)]",0.32093289944534387
petcm,0.20867375826529866,0.933667581297319,3,"[np.float64(0.055262276715351236), np.float64(0.443723266722608), np.float64(0.6043240567994801)]",0.3229421692084355
amg458,0.20917393418183894,0.725529832813204,3,"[np.float64(0.48964952352135804), np.float64(0.06536848037149139), np.float64(0.46473793228085414)]",0.3233703875653002
sb-939,0.2114327440167617,0.6025444435394426,3,"[np.float64(0.5281366224092834), np.float64(0.041936705110295396), np.float64(0.6831820781398131)]",0.3265135331827686
formestane,0.21201982810707554,0.9051642274288743,3,"[np.float64(0.025750076668417086), np.float64(0.6331720962949902), np.float64(0.9321659577378004)]",0.32707109943596835
jnj-16259685,0.2128125985988638,0.8620135546411161,3,"[np.float64(0.25621591750851536), np.float64(0.18792192466065807), np.float64(0.3175344911763883)]",0.3276742284735067
domperidone,0.2128637005978551,0.7620893604628567,3,"[np.float64(0.46315404644307534), np.float64(0.19930044694817753), np.float64(0.16569401516618712)]",0.3276742284735067
omeprazole,0.21377773282032098,0.9043449996110037,3,"[np.float64(0.5931704665835469), np.float64(0.04508636258908975), np.float64(0.5758124666749681)]",0.3287315402667423
tetramethylthiuram-monosulfide,0.21467562157142195,1.101396476594097,3,"[np.float64(0.07927835391089845), np.float64(0.3422734230227078), np.float64(0.5713215477200224)]",0.32976180935652605
sib-1757,0.2153235631439927,0.9507210869944962,3,"[np.float64(0.2900130136019279), np.float64(0.13389185259268396), np.float64(0.4011669383860844)]",0.3302598498382723
cmpd-1,0.215456322216537,0.9660266938471561,3,"[np.float64(0.0499946014478096), np.float64(0.3463611803444506), np.float64(0.9004750801148516)]",0.3302598498382723
gambogic-acid,0.21609202510841374,2.905307076214752,3,"[np.float64(0.8148868443056771), np.float64(0.14796953918062608), np.float64(0.12992634200465586)]",0.33088376754695736
ikk-16,0.21743014794960713,0.8103358178525965,3,"[np.float64(0.0743885628923866), np.float64(0.32710678419043265), np.float64(0.650211932439466)]",0.3325807865571686
epinastine,0.21786494430324033,1.2664485206185907,3,"[np.float64(0.846724299308314), np.float64(0.020121801163706387), np.float64(0.9315990181917679)]",0.33289395396704197
gs-9973,0.21841466120266506,1.407762612622517,3,"[np.float64(0.02657492583677812), np.float64(0.9378703445333006), np.float64(0.6394015184864282)]",0.33324962012600523
pd-318088,0.2186850034151584,0.891347206808024,3,"[np.float64(0.07155683356525976), np.float64(0.8073848074719505), np.float64(0.2763862521804513)]",0.33324962012600523
tryptanthrin,0.21878862413248445,1.1713418072759074,3,"[np.float64(0.026569941649572326), np.float64(0.6985743648301388), np.float64(0.8609424561262455)]",0.33324962012600523
pp-2,0.21927428259841353,0.9409377404278662,3,"[np.float64(0.5379227170601923), np.float64(0.06880471395177441), np.float64(0.4332920421018147)]",0.3336381565929594
bi-2536,0.21978490999196743,0.6216054299703343,3,"[np.float64(0.1949735855563986), np.float64(0.948649715395383), np.float64(0.08702715048025138)]",0.3340638285277068
latanoprost,0.2210507110885206,1.0225823698053007,3,"[np.float64(0.09044487012819724), np.float64(0.3056916512983393), np.float64(0.5875780079768722)]",0.3356352349896005
snx-5422,0.22732494556757454,0.40241793738100895,3,"[np.float64(0.21331019301054013), np.float64(0.1425886459545586), np.float64(0.5586924151131514)]",0.3446927190388064
gs-39783,0.22749243032623367,0.6898060535576599,3,"[np.float64(0.3826391961004486), np.float64(0.08597690665602249), np.float64(0.5171463413325722)]",0.3446927190388064
carfilzomib,0.2303176587007425,0.584254589337644,3,"[np.float64(0.03737604252665365), np.float64(0.9567070775541544), np.float64(0.4853554761275617)]",0.34860842274055903
mek162,0.2312484610803054,0.5952621503817934,3,"[np.float64(0.9959850652101427), np.float64(0.06373576926588574), np.float64(0.2751858981704529)]",0.34965153937638654
hexaminolevulinate,0.23285419162527543,1.0312315702290678,3,"[np.float64(0.0418046612121843), np.float64(0.7278341355714406), np.float64(0.58058435733343)]",0.3517119157429786
isofloxythepin,0.23374153001045206,0.7814227829310186,3,"[np.float64(0.13209984923364862), np.float64(0.25747996479779794), np.float64(0.5225775670982942)]",0.35268403954653194
u-18666a,0.234449493232194,0.7586917445803063,3,"[np.float64(0.844295963692627), np.float64(0.05750891698950293), np.float64(0.3678698503311505)]",0.35338376740310906
adaprev,0.23602679068048682,0.901458511886478,3,"[np.float64(0.07709035779915302), np.float64(0.3391204847215137), np.float64(0.6907030052151708)]",0.3553910157280587
methiazole,0.23652395295065576,0.7709970801957816,3,"[np.float64(0.09152810262118043), np.float64(0.20325010743785277), np.float64(0.9739642608162787)]",0.35576939700582
teprenone,0.2376534243737236,0.6261180734604072,3,"[np.float64(0.08841614970928045), np.float64(0.7396090329533402), np.float64(0.2792246869976297)]",0.35702623091899544
crizotinib,0.23808820100408412,0.5344862279579639,3,"[np.float64(0.35963005093452727), np.float64(0.11914872908381742), np.float64(0.4273974367211899)]",0.35702623091899544
ldn-57444,0.23809973243733973,1.4387063446695403,3,"[np.float64(0.09385991460605332), np.float64(0.36597429302236284), np.float64(0.5331884664467484)]",0.35702623091899544
estradiol-benzoate,0.24050272423370878,0.5324804500560888,3,"[np.float64(0.9350989297027629), np.float64(0.5652362950693389), np.float64(0.03522226931817313)]",0.36025615110370246
thioproperazine,0.24227547209393063,2.028254669691413,3,"[np.float64(0.49474924386556673), np.float64(0.44709097441737533), np.float64(0.08517657355394066)]",0.3625363062253543
12-o-tetradecanoylphorbol-13-acetate,0.24262380296475206,0.9424268712740532,3,"[np.float64(0.8698150526485434), np.float64(0.02839432061780054), np.float64(0.76464563107232)]",0.3626824823243763
acipimox,0.24646544430604045,1.0703143848667835,3,"[np.float64(0.12502238053871406), np.float64(0.21263510032237418), np.float64(0.7288513658128233)]",0.3680448894848716
chlorogenic-acid,0.24698954208098778,0.6943987944521088,3,"[np.float64(0.21080494918729528), np.float64(0.375998893020385), np.float64(0.24530343933071563)]",0.36844728597029824
xylazine,0.24853291395338972,0.8849578783926871,3,"[np.float64(0.021761313052652484), np.float64(0.9056907963027687), np.float64(0.996633942469648)]",0.37036779247225016
lafutidine,0.2519715414992205,0.893165092182284,3,"[np.float64(0.062325422101852324), np.float64(0.3662401327903251), np.float64(0.8801566525846868)]",0.37510578245820175
nitrocaramiphen,0.25374106495819015,1.2452987724575213,3,"[np.float64(0.09532238343041596), np.float64(0.22699954188951207), np.float64(0.9392208126193532)]",0.37735182013823343
nms-e973,0.2555629230814863,0.5116972741732556,3,"[np.float64(0.4707172425279781), np.float64(0.08957808188230915), np.float64(0.48768665491716634)]",0.3796709955840972
saxagliptin,0.25635712115472487,0.9219509524592061,3,"[np.float64(0.6607235198150359), np.float64(0.13541107854304815), np.float64(0.23101995275192233)]",0.38046026083167883
etofylline-clofibrate,0.2568082258814808,1.0733072040444278,3,"[np.float64(0.06833148115086224), np.float64(0.4699487208897706), np.float64(0.645522033333603)]",0.3807392447238757
spironolactone,0.2574041969381047,1.4400301089419536,3,"[np.float64(0.14517519843053173), np.float64(0.18910378843500208), np.float64(0.7579668712578039)]",0.38123221388888173
balapiravir,0.2580311481559555,0.8044339018028251,3,"[np.float64(0.09232656444677304), np.float64(0.45914456582897667), np.float64(0.4928449075478386)]",0.38177001163769697
estramustine,0.2583506968512026,0.6344457389380836,3,"[np.float64(0.03246082212321124), np.float64(0.7185470473467508), np.float64(0.8975507640687518)]",0.38185235785872335
mk-3207,0.25913097195901447,0.6950735575192708,3,"[np.float64(0.1337978997918323), np.float64(0.3089823065588333), np.float64(0.5089251300713895)]",0.38233168860524525
rg2833,0.2592034461103978,0.8445299597318016,3,"[np.float64(0.32667509785287785), np.float64(0.25714039597329275), np.float64(0.2505827164641374)]",0.38233168860524525
ru-58841,0.25973685379410494,0.9100800702507665,3,"[np.float64(0.7348497525887298), np.float64(0.03678333965303048), np.float64(0.7813815078830997)]",0.3827283375153461
estramustine-phosphate,0.2611502613785208,1.0897787639972596,3,"[np.float64(0.13214502174559242), np.float64(0.2407809711989176), np.float64(0.6697884943483092)]",0.3843787829572995
caffeic-acid-phenethyl-ester,0.26140891238216635,1.2049609078961165,3,"[np.float64(0.1634470308935705), np.float64(0.15639737383775076), np.float64(0.8350560668458591)]",0.3843787829572995
nicorandil,0.2616538363600138,0.6285782151368637,3,"[np.float64(0.6716900486975357), np.float64(0.4632094665290424), np.float64(0.0687145946058353)]",0.3843787829572995
ha14-1,0.26251499280893853,0.5080214698621004,3,"[np.float64(0.24492016517568435), np.float64(0.36383544911824395), np.float64(0.2412285992562329)]",0.385252732854497
romidepsin,0.2658603670420765,1.0003564186291003,3,"[np.float64(0.3041910919027469), np.float64(0.0858636840929228), np.float64(0.8404737391371777)]",0.3897669210839764
xbd173,0.26707223659000845,0.8027029519638863,3,"[np.float64(0.4550868009009341), np.float64(0.3480860579372934), np.float64(0.13963081447153794)]",0.3911472938722087
bibu-1361,0.2686904125896321,1.1460508958273656,3,"[np.float64(0.23873486549693065), np.float64(0.4450639463790246), np.float64(0.21027513564885955)]",0.39311933975449714
bosentan,0.26897423547171906,1.1036474594119505,3,"[np.float64(0.24185741555732898), np.float64(0.18233760961591855), np.float64(0.5075207711782925)]",0.3931370896238156
k-strophanthidin,0.27043535947003683,0.6116336542119051,3,"[np.float64(0.7256347422007896), np.float64(0.0362253122014848), np.float64(0.8591692914468652)]",0.3948738296197208
az-628,0.27167791864457635,0.8658686311538706,3,"[np.float64(0.24560626761590154), np.float64(0.3177475539642649), np.float64(0.2916133192289999)]",0.3960121659236882
tak-285,0.2717623225723721,0.8411429183541609,3,"[np.float64(0.18622035827748748), np.float64(0.6399402408493009), np.float64(0.191067811622216)]",0.3960121659236882
amg900,0.27253579671840766,0.9718156992728006,3,"[np.float64(0.17119888465855665), np.float64(0.3162867580697002), np.float64(0.42250546367307107)]",0.39673973626915077
tranilast,0.2739410790449215,0.8907573036151134,3,"[np.float64(0.28108043749870826), np.float64(0.0825530113911134), np.float64(0.9944478231303744)]",0.39838466470150896
isopropyl-myristate,0.276978404980601,0.6379361174602907,3,"[np.float64(0.06395810697792909), np.float64(0.9402075479714618), np.float64(0.3908767639538647)]",0.40239734137241934
fluorometholone,0.27740967020204554,0.7491913244026027,3,"[np.float64(0.09053378251620722), np.float64(0.6437765224762345), np.float64(0.40433901590404797)]",0.40261965173757264
ubenimex,0.2782831327828277,0.8660168415794705,3,"[np.float64(0.8229086845981324), np.float64(0.03013021631701615), np.float64(0.9554909347796636)]",0.40342384755914706
dronedarone,0.2786327063837246,1.1651303797618555,3,"[np.float64(0.06738315030952163), np.float64(0.5795102003486788), np.float64(0.6079706287970583)]",0.40342384755914706
adl5859,0.27889717872775144,1.3001929703953778,3,"[np.float64(0.43097488504776704), np.float64(0.1394561759685559), np.float64(0.3956367067272377)]",0.40342384755914706
piroxicam,0.2790789712554984,0.7230091282886694,3,"[np.float64(0.06812631502309527), np.float64(0.9656160002887859), np.float64(0.3618610404175123)]",0.40342384755914706
clindamycin-phosphate,0.28413572565388545,0.9843659905599674,3,"[np.float64(0.12628109947995023), np.float64(0.20209997694082737), np.float64(0.9613255483226868)]",0.41032374752612005
ly2784544,0.2857319794498615,0.5563016729978445,3,"[np.float64(0.24674714880182586), np.float64(0.9663368876295702), np.float64(0.10387149284096174)]",0.412217521698853
azd2858,0.2873485793814874,0.7500025738232288,3,"[np.float64(0.7865331505639046), np.float64(0.04912588046566056), np.float64(0.6471216024788733)]",0.41406873602658634
ri-1,0.2875874773370555,0.8416573014115812,3,"[np.float64(0.24422243061410875), np.float64(0.10709481397429249), np.float64(0.9573461581892921)]",0.41406873602658634
picolinic-acid,0.28850271010062456,0.7825001420998597,3,"[np.float64(0.06325575630896461), np.float64(0.7874774901785142), np.float64(0.5053787945294418)]",0.41497358003539137
posaconazole,0.29072341414423997,0.703438652965117,3,"[np.float64(0.4049583100488816), np.float64(0.11693725213032884), np.float64(0.5385515012312303)]",0.41703661877299164
pj-34,0.2914039318081878,1.1145544183591594,3,"[np.float64(0.6682387946792914), np.float64(0.13186420363211096), np.float64(0.2905708653893846)]",0.41703661877299164
4e1rcat,0.29143005456047444,0.8844950575272025,3,"[np.float64(0.5003837001662423), np.float64(0.1385127678542417), np.float64(0.3694738262872481)]",0.41703661877299164
ro-4987655,0.29153217816273636,1.1152660071305691,3,"[np.float64(0.06512966021168254), np.float64(0.5248638548213513), np.float64(0.7495645304759593)]",0.41703661877299164
sb-205384,0.2917433673076977,1.5074849750264752,3,"[np.float64(0.19439754131737189), np.float64(0.5045408202633137), np.float64(0.2615655043797168)]",0.41703661877299164
homoquinolinic-acid,0.2918876151705071,0.7914137002178077,3,"[np.float64(0.11283927885481523), np.float64(0.9319205815791467), np.float64(0.24416996950337025)]",0.41703661877299164
cid-5458317,0.29196397889360926,0.3749020274769632,3,"[np.float64(0.37133490146103054), np.float64(0.1615584041713623), np.float64(0.428182313398907)]",0.41703661877299164
fluticasone-propionate,0.2922426616695325,1.4403214383206349,3,"[np.float64(0.8116856066957193), np.float64(0.16161153077651458), np.float64(0.19614009888400497)]",0.41703661877299164
mek1-2-inhibitor,0.2936130109300539,1.6409185348368365,3,"[np.float64(0.08467357087211319), np.float64(0.9510730690247912), np.float64(0.3220415066786502)]",0.41857933676432313
tak-901,0.2970188165018979,0.5837454905504696,3,"[np.float64(0.7049651556071604), np.float64(0.09364588957467507), np.float64(0.40061866372291943)]",0.4224484087371072
cgs-20625,0.29702933350796057,0.8212019742279516,3,"[np.float64(0.3397112722636444), np.float64(0.14208644255344394), np.float64(0.5479628617146036)]",0.4224484087371072
4-pyrimidinecarbonitrile,0.29731072560020033,0.716191733728866,3,"[np.float64(0.5602281074871265), np.float64(0.8661046619449404), np.float64(0.05459822412783288)]",0.4224484087371072
teroxirone,0.29749476745204717,1.3721178761894848,3,"[np.float64(0.3432672518512653), np.float64(0.17411401769721863), np.float64(0.44371618811490976)]",0.4224484087371072
ornithine,0.2980936047570306,0.8589628609258095,3,"[np.float64(0.041033639392244706), np.float64(0.6688411787665245), np.float64(0.9696070780861198)]",0.42288377067002286
uk-383367,0.29948439105089464,0.8518158340295058,3,"[np.float64(0.08632745336899587), np.float64(0.4545101730518286), np.float64(0.683615701505538)]",0.424440659990837
acy-1215,0.2997848494943014,1.187916595034165,3,"[np.float64(0.4440567382592966), np.float64(0.06403679534898912), np.float64(0.9448857729279413)]",0.4244507604875285
betamethasone,0.30369462734264396,0.8033008360629579,3,"[np.float64(0.18290477315180725), np.float64(0.4871876634799114), np.float64(0.3082765885879899)]",0.4295661053419412
4-methylhistamine,0.30558607786037006,0.8775191462665107,3,"[np.float64(0.0533959310042106), np.float64(0.6686090327067082), np.float64(0.7776765380222934)]",0.43181938932026903
cx-5461,0.30695175721131596,0.6065541501536122,3,"[np.float64(0.8738085381910428), np.float64(0.09538115304780374), np.float64(0.3356766179635075)]",0.4333260416436821
temozolomide,0.30781612706266814,0.5923015441569115,3,"[np.float64(0.7279726625321563), np.float64(0.7222741006306956), np.float64(0.053466124917900905)]",0.43394513251281197
y-39983,0.30799008368393777,0.884367815583926,3,"[np.float64(0.2527416582827873), np.float64(0.12401830531324494), np.float64(0.8977480314877566)]",0.43394513251281197
am-251,0.3087223128776877,1.3048249893840222,3,"[np.float64(0.42556468579239604), np.float64(0.07310544327918801), np.float64(0.9081822882583549)]",0.4342469339283312
abemaciclib,0.3088044886055652,0.46142974863021136,3,"[np.float64(0.18872149339647026), np.float64(0.7727719702283882), np.float64(0.1938269588947833)]",0.4342469339283312
benzocaine,0.31216536421259944,0.7820443103701202,3,"[np.float64(0.3569035768246086), np.float64(0.17943617073031734), np.float64(0.44969066235588584)]",0.4382140636254815
pilaralisib,0.3122313058727515,0.8075419863587585,3,"[np.float64(0.23784701980979275), np.float64(0.27649460267284887), np.float64(0.43807495044908573)]",0.4382140636254815
batimastat,0.31504790300251373,1.084384891477034,3,"[np.float64(0.9336452477947457), np.float64(0.06558894522508603), np.float64(0.4778009399273284)]",0.44173867795023003
noretynodrel,0.31592200043146534,1.6831937758555011,3,"[np.float64(0.8159242382455859), np.float64(0.5045920904052421), np.float64(0.07140813057761045)]",0.44253546430235274
istradefylline,0.3163736112379223,0.8131519087244462,3,"[np.float64(0.17389162011873566), np.float64(0.3445432676464435), np.float64(0.4919122690165948)]",0.44273947336680225
sch-900776,0.3171000985273591,0.8664455003818693,3,"[np.float64(0.5253842593299307), np.float64(0.11734318738491598), np.float64(0.4799516034437421)]",0.4433273841247233
methscopolamine,0.317958416260828,0.8512988382933154,3,"[np.float64(0.11568452580123394), np.float64(0.2593461079787114), np.float64(0.9908511743419769)]",0.44389867162261976
morin,0.31812226846762726,0.9506923013295254,3,"[np.float64(0.28202853107808445), np.float64(0.15541799700178113), np.float64(0.6788226762146055)]",0.44389867162261976
oxaliplatin,0.3201211363454749,0.8189552418553331,3,"[np.float64(0.21753707834524993), np.float64(0.32143868689671873), np.float64(0.430161564513451)]",0.4462574993178248
fludroxycortide,0.3220021208973003,0.9579032099072085,3,"[np.float64(0.08902544022663263), np.float64(0.34348701776053403), np.float64(0.9936949009833294)]",0.4484476120677512
peruvoside,0.32529443824673776,0.7135345906498511,3,"[np.float64(0.05886468341036652), np.float64(0.6162153958211402), np.float64(0.8526505167170135)]",0.4525971655221438
lorazepam,0.32602715833416385,0.8467348294065766,3,"[np.float64(0.04054233177375759), np.float64(0.8530846094538633), np.float64(0.8977577691293094)]",0.4531808819496015
pibenzimol,0.32776137263301997,0.9696069245995773,3,"[np.float64(0.10589107813057054), np.float64(0.5726812243502875), np.float64(0.5167777535842637)]",0.4551542285988291
gsk1838705a,0.3285223793021168,0.9783186836331064,3,"[np.float64(0.5282918699458224), np.float64(0.13156961841425577), np.float64(0.45269321971527154)]",0.45577361730600485
baicalin,0.3309124820049273,1.25143201809479,3,"[np.float64(0.8653141558597762), np.float64(0.04989752078396673), np.float64(0.7380416408895176)]",0.45864977151449215
ulipristal,0.33123645750886666,1.0119266015184794,3,"[np.float64(0.11405277565831681), np.float64(0.4898432411793545), np.float64(0.5713654142002249)]",0.4586594775266316
costunolide,0.3345883920419468,1.0227288739215057,3,"[np.float64(0.569305668373209), np.float64(0.08505763878572858), np.float64(0.6709300351363099)]",0.46285793813068543
"cp-945,598",0.34074203540432946,1.4014084968360347,3,"[np.float64(0.5444837760424768), np.float64(0.09457057723132375), np.float64(0.6514958151350912)]",0.47065386127715064
oltipraz,0.34087439296368616,0.7559379558671326,3,"[np.float64(0.2768222422897032), np.float64(0.14146699896874612), np.float64(0.8572229843831034)]",0.47065386127715064
digitoxigenin,0.3422217316620484,0.45923417506626424,3,"[np.float64(0.65663931632994), np.float64(0.19239382293446133), np.float64(0.26758004303776056)]",0.47206372327453194
flufenamic-acid,0.3445838018482822,0.6847603928705734,3,"[np.float64(0.9367962816597009), np.float64(0.09633728835520727), np.float64(0.3791482870228692)]",0.47443650758251815
hypericin,0.34479356589440435,0.8326673616245479,3,"[np.float64(0.2196424516459813), np.float64(0.4409387562979833), np.float64(0.35368893777332355)]",0.47443650758251815
dpi-201106,0.3449255051671106,0.5208746269731972,3,"[np.float64(0.305804110388995), np.float64(0.2747348217067669), np.float64(0.40799314230280337)]",0.47443650758251815
alogliptin,0.3473935963250203,0.7600625701188984,3,"[np.float64(0.6116730018363447), np.float64(0.0961283181484046), np.float64(0.590366056054134)]",0.4773775250544201
wye-354,0.34878924730238503,1.6699257573399446,3,"[np.float64(0.11313689332461194), np.float64(0.5490630120637534), np.float64(0.5627989300348428)]",0.4785788612942764
bay-k-8644-(s)-(-),0.34892930108186704,1.306417100621537,3,"[np.float64(0.258789390904322), np.float64(0.23019684294663628), np.float64(0.5872773175825092)]",0.4785788612942764
sb-225002,0.350640751797916,1.0829128086793933,3,"[np.float64(0.1133124124783881), np.float64(0.4840809281904189), np.float64(0.6433788677246304)]",0.480470802889758
tc1,0.35213707831926855,0.98153039461467,3,"[np.float64(0.09528916889984876), np.float64(0.6160789638852718), np.float64(0.6057180020500195)]",0.48206466634624556
r306465,0.35391702004911996,0.5204774240966992,3,"[np.float64(0.9004742595952359), np.float64(0.06170765399768602), np.float64(0.6457114837394424)]",0.4840434102184089
sulmazole,0.35490235918677826,1.010990900885495,3,"[np.float64(0.09437212492392258), np.float64(0.563096212974431), np.float64(0.6785386916819613)]",0.4849326853099794
erythritol,0.3556356965236992,1.2057016307659163,3,"[np.float64(0.604157048300614), np.float64(0.06888464134821155), np.float64(0.869616281059827)]",0.4854762762922573
sb-657510,0.3564870711406267,0.7469143548224104,3,"[np.float64(0.7258715450046065), np.float64(0.4335082308917503), np.float64(0.11550377523811212)]",0.48617982275257954
ethinyl-estradiol,0.3576383044368129,1.0272156290319205,3,"[np.float64(0.12665710067926203), np.float64(0.5557522589043564), np.float64(0.5193303512896079)]",0.48718193902008133
azd3463,0.35789523232781373,0.4325545047437933,3,"[np.float64(0.7410117800482368), np.float64(0.2970514050104206), np.float64(0.16628580925541925)]",0.48718193902008133
ercalcitriol,0.35940808026994453,0.6780258344082442,3,"[np.float64(0.8994282137103173), np.float64(0.27313239686458957), np.float64(0.15012351570317573)]",0.4887814775851595
cabozantinib,0.3621074863715815,0.7099885387820987,3,"[np.float64(0.9523153695919618), np.float64(0.18000515083031096), np.float64(0.21804446012627685)]",0.4919901716241112
arcyriaflavin-a,0.36377632164242646,0.8516980614204575,3,"[np.float64(0.460602816939111), np.float64(0.12607311878554214), np.float64(0.6490018883213313)]",0.493793937539016
zln005,0.36473524218820685,0.8540836409994308,3,"[np.float64(0.11264859452844699), np.float64(0.6652677468510917), np.float64(0.505274202813381)]",0.4946315796123105
tepoxalin,0.36594305625640633,0.6984277720919163,3,"[np.float64(0.44597059611971757), np.float64(0.10358947333028445), np.float64(0.824536131336621)]",0.4958048711638764
fk-888,0.3665329080506222,0.636056000260283,3,"[np.float64(0.14946247146890965), np.float64(0.9532294825086784), np.float64(0.26813949703901174)]",0.4961394929366233
gdc-0941,0.3676041101959344,0.9733935443686772,3,"[np.float64(0.42880113680843024), np.float64(0.17241242574733284), np.float64(0.519455681330069)]",0.49707732906196045
galeterone,0.36791279849713865,0.9250738188059044,3,"[np.float64(0.12600514338470747), np.float64(0.5176737982844561), np.float64(0.5896379714060753)]",0.49707732906196045
gw-3965,0.3697644739684238,0.8571738663707926,3,"[np.float64(0.11087952316827038), np.float64(0.5634513584076888), np.float64(0.62123309929295)]",0.4987441805129508
bms-599626,0.3698358712442268,0.9887134981812739,3,"[np.float64(0.09387857738330328), np.float64(0.798796687894066), np.float64(0.5177391021390465)]",0.4987441805129508
jnj-26481585,0.3712282368503862,0.9271471593752685,3,"[np.float64(0.35466202204763775), np.float64(0.111961183953659), np.float64(0.9844171703676684)]",0.5001557343784998
danazol,0.3727429222259878,0.9843794525560224,3,"[np.float64(0.8711374665999078), np.float64(0.08535697379691871), np.float64(0.5295824011589616)]",0.5016113000622445
ro-9187,0.3730273357935976,1.001897525303826,3,"[np.float64(0.07290668877359698), np.float64(0.8857454005961503), np.float64(0.6106360444594622)]",0.5016113000622445
sns-314,0.3733485626586298,0.9538589764201767,3,"[np.float64(0.08346931615137111), np.float64(0.5058448142111208), np.float64(0.9353868107936059)]",0.5016113000622445
canertinib,0.3737421160576342,0.9906836992515675,3,"[np.float64(0.21151157549859848), np.float64(0.36427475229175765), np.float64(0.5135712263945972)]",0.501674250403893
clopamide,0.3763974731876951,1.0028279159062667,3,"[np.float64(0.10597778001465437), np.float64(0.415293160032319), np.float64(0.9106859336268261)]",0.5038789558232024
orotic-acid,0.37641700224666086,0.7176706900426065,3,"[np.float64(0.22306181091615251), np.float64(0.7691069834114149), np.float64(0.23365073030943376)]",0.5038789558232024
xilobam,0.3764292683102155,1.024521590528956,3,"[np.float64(0.060854413654988344), np.float64(0.9508663375662815), np.float64(0.6927766672889176)]",0.5038789558232024
epiandrosterone,0.3771393851431215,1.0020393850161027,3,"[np.float64(0.3201638296835203), np.float64(0.14967295913118456), np.float64(0.8394121653116338)]",0.5043629300389064
iodipamide,0.37842114665478443,1.1972257424384336,3,"[np.float64(0.8676933719043929), np.float64(0.04858893250771613), np.float64(0.9599856223595011)]",0.5056097868970203
paricalcitol,0.37972086908182245,0.866579137907799,3,"[np.float64(0.27719081778718113), np.float64(0.2673340185662696), np.float64(0.5495965346450177)]",0.5068783187835766
onx-0914,0.38031076607241365,0.36163627624900485,3,"[np.float64(0.9026667581027306), np.float64(0.13953053494521334), np.float64(0.3242706401296819)]",0.5071978603749148
brefeldin-a,0.3810812228931191,0.7091023648514113,3,"[np.float64(0.7597950863204006), np.float64(0.1303233074684688), np.float64(0.4139870450811537)]",0.5077573936706661
atipamezole,0.3818583723861174,1.0278834754734445,3,"[np.float64(0.09704814680289214), np.float64(0.8173234945388396), np.float64(0.5187244958296557)]",0.5083248066630285
endo-iwr-1,0.38535537644727635,1.812263087144675,3,"[np.float64(0.3804226840131104), np.float64(0.6514382294214554), np.float64(0.16881362998655935)]",0.512446560146514
capsaicin,0.38575635988556933,1.0877678232582229,3,"[np.float64(0.1412870536673573), np.float64(0.4008416464905963), np.float64(0.740113005825769)]",0.512446560146514
halofuginone,0.38631058559750087,1.6680540229194785,3,"[np.float64(0.7730461426113521), np.float64(0.06291250887624616), np.float64(0.864115219037768)]",0.512446560146514
salvianolic-acid-b,0.38637124887342555,1.4756544052338776,3,"[np.float64(0.1249121432595689), np.float64(0.6881559720097853), np.float64(0.4890433264815778)]",0.512446560146514
pac-1,0.38747961523071295,0.7516572009988689,3,"[np.float64(0.4443138274677195), np.float64(0.5342152469820263), np.float64(0.17803718313696948)]",0.5132180705893377
cidofovir,0.38766230211067454,1.257326318332689,3,"[np.float64(0.5203950625777329), np.float64(0.14283126292202486), np.float64(0.5690303354089381)]",0.5132180705893377
amsacrine,0.38962810626029887,1.0577836110336887,3,"[np.float64(0.9519807573740016), np.float64(0.07138221370175493), np.float64(0.6282056022879382)]",0.5153490582803039
uridine,0.39061397527338626,1.1030192152162084,3,"[np.float64(0.10744095832834719), np.float64(0.48018827572733924), np.float64(0.8312919294525635)]",0.5159749627436097
chlorambucil,0.390814484565996,0.6973260095902055,3,"[np.float64(0.9088432820369569), np.float64(0.11209198473724669), np.float64(0.4213867055381777)]",0.5159749627436097
sgi-1027,0.39336641785768145,0.9293473561483923,3,"[np.float64(0.059909551907404046), np.float64(0.9320349687393473), np.float64(0.7780623893481375)]",0.5188545094405381
sb-218078,0.39371268235363566,0.6277232792470923,3,"[np.float64(0.7927078576771426), np.float64(0.3845966086656082), np.float64(0.14273408454086273)]",0.5188545094405381
rg108,0.3948526511396363,0.9566711104394188,3,"[np.float64(0.15782251578553924), np.float64(0.39499355349440424), np.float64(0.7017797565457848)]",0.5198833359409042
ccg-50014,0.3997304945593414,1.2400094830396062,3,"[np.float64(0.9754820877599222), np.float64(0.058398038374064216), np.float64(0.7855824616980549)]",0.5258272960248791
ferb-033,0.40231590783492877,1.2506849141323062,3,"[np.float64(0.08141354086753588), np.float64(0.8759044053188726), np.float64(0.6351033409133306)]",0.5286307187243876
cromakalim,0.40259229580806855,1.2899858254311272,3,"[np.float64(0.08713013472428195), np.float64(0.8774004439235282), np.float64(0.5931777803699394)]",0.5286307187243876
cct129202,0.40353047530983255,1.4459063175822586,3,"[np.float64(0.5103567499362865), np.float64(0.1418473928122807), np.float64(0.6291183744136868)]",0.5293822282623097
"l-798,106",0.4067016479030372,0.7715377446643297,3,"[np.float64(0.22862910198462505), np.float64(0.5894763129974525), np.float64(0.34288733389001613)]",0.5330591345250859
at-9283,0.41155802019889176,0.7848523328881466,3,"[np.float64(0.13405994532726007), np.float64(0.6544771918647072), np.float64(0.538486850176292)]",0.5386350956152073
jzl-184,0.41170035642738023,0.9424808252873625,3,"[np.float64(0.15699165503810825), np.float64(0.3373470076658955), np.float64(0.8926805069412994)]",0.5386350956152073
zaleplon,0.4125793832450011,1.256179254057774,3,"[np.float64(0.28540480037247445), np.float64(0.47941122682933635), np.float64(0.346906882856451)]",0.5392975316671333
phenazone,0.41332776081494893,1.0496857454681874,3,"[np.float64(0.3707682092001793), np.float64(0.26748908931770454), np.float64(0.480227808209849)]",0.5394647746739121
dequalinium,0.41392316121154327,0.6930804179390635,3,"[np.float64(0.2807687309960324), np.float64(0.3244629758482086), np.float64(0.5242193367134275)]",0.5394647746739121
clofoctol,0.4140578091971461,1.6242571429892148,3,"[np.float64(0.7058967359612784), np.float64(0.12647032867494498), np.float64(0.5352562938588252)]",0.5394647746739121
tiagabine,0.4141985934089263,0.803268311810598,3,"[np.float64(0.13156864721130257), np.float64(0.9066568665701235), np.float64(0.40084172582363986)]",0.5394647746739121
kw-2449,0.4152523939051429,0.8631193848801804,3,"[np.float64(0.5145423358603087), np.float64(0.0976769368972903), np.float64(0.9559259919795317)]",0.5403509118531851
doxycycline,0.4192448319039248,0.7390337497757907,3,"[np.float64(0.7438143578462988), np.float64(0.6414969799825414), np.float64(0.10251492051374536)]",0.5450559494743747
kenpaullone,0.4197644148616648,0.9296447084534302,3,"[np.float64(0.30107426487186106), np.float64(0.18544813876361335), np.float64(0.8781382813296222)]",0.5452415693939219
sulconazole,0.4210664131398827,1.3616215003953194,3,"[np.float64(0.14230478011446848), np.float64(0.3557550440936438), np.float64(0.9741432778008425)]",0.5464422419851213
suxibuzone,0.42580319202414507,0.8294087614278133,3,"[np.float64(0.2737395193087002), np.float64(0.39286237946590064), np.float64(0.4683755409614613)]",0.5520942821316649
fenoprofen,0.4279297671012229,1.6088870941954252,3,"[np.float64(0.4389085236238528), np.float64(0.5699060011071175), np.float64(0.20328010426353993)]",0.5543548549646101
oxazepam,0.42878350189700176,0.7191011885282552,3,"[np.float64(0.8714729352540248), np.float64(0.4237000745608087), np.float64(0.1382299251402046)]",0.5549639778577474
s-methylcysteine,0.43189783615123123,0.5812552067854151,3,"[np.float64(0.9960216499175268), np.float64(0.5136456811067648), np.float64(0.10114775088097495)]",0.5584952358452472
trichostatin-a,0.43375102686507605,0.4597287713607093,3,"[np.float64(0.2681210763269162), np.float64(0.8590388765594232), np.float64(0.22650988505599295)]",0.5599313539530372
cefpiramide,0.43378234124488924,0.8691430395342623,3,"[np.float64(0.36356484825863), np.float64(0.19166172445794608), np.float64(0.7488130949408117)]",0.5599313539530372
buparlisib,0.4344354520628996,0.5260446350676211,3,"[np.float64(0.2445697137537776), np.float64(0.30288594686197584), np.float64(0.7064070441956188)]",0.5601253231324443
nvp-aew541,0.4347067988097685,0.8786351211289306,3,"[np.float64(0.1183747651142226), np.float64(0.9279216167224759), np.float64(0.47696199932070826)]",0.5601253231324443
nsc-632839,0.4357739032861998,1.0610490889475646,3,"[np.float64(0.12283270502070587), np.float64(0.8136070256902092), np.float64(0.5266938423579144)]",0.5610007456006504
mericitabine,0.4368546065461977,1.2400251557526991,3,"[np.float64(0.34980961254767495), np.float64(0.2712452928807154), np.float64(0.5573763563350305)]",0.5618921028198649
aztreonam,0.4399199193842235,0.943926614409252,3,"[np.float64(0.11389602395537579), np.float64(0.5042576718907064), np.float64(0.9332434387766027)]",0.5653322587468662
pd-0325901,0.44119236412460194,0.7378379661389839,3,"[np.float64(0.18438747133445327), np.float64(0.8103386704759956), np.float64(0.360714898355761)]",0.5662624373679085
doxercalciferol,0.4414264197311685,0.9791939282726493,3,"[np.float64(0.12279843633845744), np.float64(0.8476714799642806), np.float64(0.5183030402879003)]",0.5662624373679085
nimorazole,0.44223560544240426,0.7364071844653176,3,"[np.float64(0.5271471575815443), np.float64(0.6747110992280616), np.float64(0.1522235460042799)]",0.5667979814660398
fludarabine-phosphate,0.44349254367267676,0.9809712078750151,3,"[np.float64(0.2142263570771973), np.float64(0.27225544552244707), np.float64(0.933364540263492)]",0.5679059386675781
mtpg,0.4455105658461608,1.0616039862950377,3,"[np.float64(0.5700796716638148), np.float64(0.2266120563462928), np.float64(0.425086752193671)]",0.5699856664716133
sertindole,0.44785826927304606,0.7825533764905498,3,"[np.float64(0.13828895076021205), np.float64(0.4264891363738992), np.float64(0.9405960648967665)]",0.5724831410230544
polydatin,0.44884010148934284,0.7273327038774184,3,"[np.float64(0.5520590114615369), np.float64(0.10154444702937657), np.float64(0.9937885931076069)]",0.5731843048052552
pci-24781,0.44919903362070446,0.6232485367323083,3,"[np.float64(0.7208710573131583), np.float64(0.0825584941623565), np.float64(0.9375346531016503)]",0.5731843048052552
pha-848125,0.4503254062020471,0.9067262283979461,3,"[np.float64(0.23511925351674726), np.float64(0.4907437162514844), np.float64(0.48592285833607995)]",0.574115297598557
oxibendazole,0.4528386739447875,0.8900620384149391,3,"[np.float64(0.51745539480229), np.float64(0.2617740397903301), np.float64(0.41840157984992243)]",0.576662424495354
sonidegib,0.4531203708716085,1.7523751376174537,3,"[np.float64(0.2735327328445193), np.float64(0.2101625198682346), np.float64(0.987079473181292)]",0.576662424495354
u-0126,0.4552044578757475,1.122369663648655,3,"[np.float64(0.7948678017434714), np.float64(0.215741109796492), np.float64(0.3338557094289198)]",0.5788056683182835
taurine,0.45579827434996056,0.9121388272172376,3,"[np.float64(0.5665421836738951), np.float64(0.19601785815791276), np.float64(0.5168440069050845)]",0.5790518902409069
tetrahydrouridine,0.46034173816599944,0.8709985825904879,3,"[np.float64(0.13708572328929305), np.float64(0.667917534568458), np.float64(0.6390973663274204)]",0.5843109606370186
tu-2100,0.46280090999071144,1.1953883950896012,3,"[np.float64(0.6112627193217184), np.float64(0.1011628967518649), np.float64(0.9562174334297736)]",0.5869175431696402
cobimetinib,0.4638902440096646,0.6666653850617834,3,"[np.float64(0.7464260481412854), np.float64(0.19392163726084244), np.float64(0.41038570335489255)]",0.5877838731015628
cd-437,0.4649223165266406,1.7175005464194752,3,"[np.float64(0.5097056536977891), np.float64(0.158039464766876), np.float64(0.7406485158615758)]",0.5885761959877943
nemonapride,0.46628313519120657,0.9153794605491388,3,"[np.float64(0.32074706282295573), np.float64(0.26848625178704805), np.float64(0.6967921746637743)]",0.589782951592374
gefitinib,0.46957184879390224,1.2437983680878177,3,"[np.float64(0.8433093532988828), np.float64(0.2689938527082688), np.float64(0.26820165136846125)]",0.5934239870784075
erteberel,0.4711394812030364,1.0428814191167073,3,"[np.float64(0.3606443373748597), np.float64(0.17148142008067188), np.float64(0.9902560674917755)]",0.5948855404020887
ginkgolide-a,0.471601740415761,1.3527978549997175,3,"[np.float64(0.7907911762173386), np.float64(0.20292317698956824), np.float64(0.3823758859759465)]",0.5949500596177908
trometamol,0.4725895442739859,1.401491020007871,3,"[np.float64(0.6724447780061904), np.float64(0.39889832427911864), np.float64(0.22969902256873936)]",0.5956768907355903
chir-98014,0.47395341301702487,0.9509740631571082,3,"[np.float64(0.44818710088604297), np.float64(0.19554481238447036), np.float64(0.707043148610035)]",0.5966674702144998
methacycline,0.47420013182216647,0.835027876589302,3,"[np.float64(0.23533440079887824), np.float64(0.7045250336434248), np.float64(0.3741250296787043)]",0.5966674702144998
tyrphostin-ag-99,0.47782954435973846,1.6658683595223631,3,"[np.float64(0.6237622220228727), np.float64(0.6171611399247314), np.float64(0.163584605793003)]",0.6007118598510353
mesna,0.4792692823003969,1.3436168991773774,3,"[np.float64(0.913471093976037), np.float64(0.24347029356263378), np.float64(0.2848488857923722)]",0.6019962531915902
palomid-529,0.47968326187277366,1.190413391705094,3,"[np.float64(0.4121673219541775), np.float64(0.3101318639297199), np.float64(0.4964560507848055)]",0.6019962531915902
buthionine-sulfoximine,0.4816110979276972,0.8887705694466372,3,"[np.float64(0.1205090533196968), np.float64(0.6786200198098171), np.float64(0.7822060953121067)]",0.6038919052871559
zk-93423,0.4824232594840081,0.6994699779165314,3,"[np.float64(0.8989274052824564), np.float64(0.23030007173261816), np.float64(0.3100323965858757)]",0.6043865424011773
mg-132,0.484847866480807,0.6099149749609104,3,"[np.float64(0.8587524866354441), np.float64(0.22193056898363425), np.float64(0.34016226270505334)]",0.6068986702402489
tetrandrine,0.48591885088617615,0.6450041026782217,3,"[np.float64(0.250173020459445), np.float64(0.3482366581579581), np.float64(0.7474326257211451)]",0.6077135498982686
norgestrel,0.4879895599585108,0.805669987329983,3,"[np.float64(0.5490543284915823), np.float64(0.22947715811106462), np.float64(0.5212305348278583)]",0.6097762463384845
nemorubicin,0.4890566063626076,1.0913525334350775,3,"[np.float64(0.08716271292178304), np.float64(0.9738765673482411), np.float64(0.7770556389145229)]",0.6105823204544377
nsc-697923,0.48963125696176435,0.6296642320580756,3,"[np.float64(0.1030191006459981), np.float64(0.6608866480595159), np.float64(0.9711034829870296)]",0.6107727834686837
xl388,0.4907185032699065,0.7210876286594582,3,"[np.float64(0.13201253304921548), np.float64(0.875805410628798), np.float64(0.5744101965815072)]",0.6116017865904865
dihydroergocristine,0.491649605590759,1.4379847598903535,3,"[np.float64(0.3948731906975175), np.float64(0.34548317442761467), np.float64(0.4886697079284995)]",0.6122349219361689
pha-767491,0.4921597205561834,0.8039382606438958,3,"[np.float64(0.14273190921540563), np.float64(0.6508435038958928), np.float64(0.7191315663000764)]",0.6123431776825429
bendroflumethiazide,0.502256507665918,1.0565072217530365,3,"[np.float64(0.16698697905157434), np.float64(0.4659671856464761), np.float64(0.8945445101337575)]",0.6241169709053849
metyrapone,0.5024853290288689,0.798277480845127,3,"[np.float64(0.113877534061418), np.float64(0.6129529237009937), np.float64(0.9981061829753982)]",0.6241169709053849
sufentanil,0.5033364159693825,0.950112328819655,3,"[np.float64(0.8211065415431382), np.float64(0.10709126748343605), np.float64(0.79502876567824)]",0.6245281801057404
pd-173074,0.5036796034439524,0.9862880444615874,3,"[np.float64(0.7454007514147822), np.float64(0.14524493390919124), np.float64(0.6466181088351959)]",0.6245281801057404
pindolol,0.5063142135045755,0.985767980941423,3,"[np.float64(0.692225927257127), np.float64(0.13907009923685246), np.float64(0.7349769995232946)]",0.627257420326302
tezacaftor,0.5108638285521165,0.7463800511225165,3,"[np.float64(0.5215206938352105), np.float64(0.47248838107888724), np.float64(0.29244014931365914)]",0.6319771932822065
spermine,0.5109974541397246,0.7281561796596668,3,"[np.float64(0.4527817832817289), np.float64(0.6631590759214108), np.float64(0.2401186060583562)]",0.6319771932822065
carboplatin,0.5127964226694517,0.8499443786327133,3,"[np.float64(0.7952784368966467), np.float64(0.3120224144013835), np.float64(0.2926568665000667)]",0.6329220652386509
chloropyramine,0.5129796263084079,0.992155787615163,3,"[np.float64(0.2320792998519467), np.float64(0.47538817700024594), np.float64(0.6587149421879086)]",0.6329220652386509
pf-03814735,0.5130736575846147,0.8769443332845261,3,"[np.float64(0.1457841376450309), np.float64(0.6878536036964855), np.float64(0.7250024939079089)]",0.6329220652386509
homosalate,0.5175206057465653,0.6473590024161066,3,"[np.float64(0.9513060243725279), np.float64(0.9160038576189278), np.float64(0.08492658620851902)]",0.6370302774780024
foretinib,0.5175460576400246,0.5427980895581647,3,"[np.float64(0.9646683547352688), np.float64(0.5811178367311023), np.float64(0.13202708838083255)]",0.6370302774780024
imatinib,0.5181337176713456,0.6765869012341734,3,"[np.float64(0.27847715600810596), np.float64(0.6468287203620736), np.float64(0.41185428386716016)]",0.6370302774780024
oxprenolol,0.5184098508944952,0.7942315889069074,3,"[np.float64(0.17684504752114044), np.float64(0.7535547485677941), np.float64(0.5573044494807766)]",0.6370302774780024
oseltamivir-phosphate,0.5186051602412487,0.9391986115091207,3,"[np.float64(0.2059150315040832), np.float64(0.6932654220101252), np.float64(0.5206555285994323)]",0.6370302774780024
oxcarbazepine,0.5225743403936849,1.343164933536861,3,"[np.float64(0.8707091570758472), np.float64(0.5257503152805612), np.float64(0.16494471133648125)]",0.6413613829937761
ajmaline,0.5234090765252368,1.0620147193253697,3,"[np.float64(0.1925309571462897), np.float64(0.446358606745923), np.float64(0.8815453447607056)]",0.641401677716148
icotinib,0.5234936982603806,2.201782739602378,3,"[np.float64(0.4466985674343633), np.float64(0.4362798976684179), np.float64(0.3888616409361333)]",0.641401677716148
bindarit,0.5252641564881264,0.9780688684106643,3,"[np.float64(0.1363473752015129), np.float64(0.7187958015621068), np.float64(0.7786978072462916)]",0.64302642507472
altretamine,0.530873833791579,1.2465845499883197,3,"[np.float64(0.8038864948664854), np.float64(0.12927669353083535), np.float64(0.7508059232992185)]",0.6493444103942645
rs-17053,0.5313983647242835,0.798780660313963,3,"[np.float64(0.48184251888580554), np.float64(0.26321982265859106), np.float64(0.6164760663118354)]",0.6494370217534106
azd8330,0.5332781963359587,0.763859459633373,3,"[np.float64(0.22596145416111435), np.float64(0.6537850614155634), np.float64(0.5331912284735991)]",0.6511844304625589
hexylresorcinol,0.534551362962461,0.8558603546642681,3,"[np.float64(0.7539927048194246), np.float64(0.2819165049741993), np.float64(0.37242388423898865)]",0.6521887202417209
leucovorin,0.536897254428585,0.7801943195480453,3,"[np.float64(0.46050143921039965), np.float64(0.43133338838523716), np.float64(0.4022339001990257)]",0.6544990119276854
ly2109761,0.5381092447662208,1.1904800103381226,3,"[np.float64(0.43877855105362595), np.float64(0.22708962510066874), np.float64(0.8056424933644353)]",0.6554243073878127
bardoxolone,0.5396507033948497,1.384451472146907,3,"[np.float64(0.5817474896409752), np.float64(0.1795430598133983), np.float64(0.7732179221080007)]",0.6567490057294765
gestrinone,0.5427281302048659,0.9640446830224229,3,"[np.float64(0.5440532503021065), np.float64(0.20376145757867217), np.float64(0.7373312320143999)]",0.6599391633667571
tanshinone-i,0.5442575744057938,1.4299358492111967,3,"[np.float64(0.6979776858664553), np.float64(0.4701375753161846), np.float64(0.2505818752512112)]",0.6608944433049702
psi-7976,0.5447130805759777,0.7753279337696279,3,"[np.float64(0.34610268964364), np.float64(0.24558462329824807), np.float64(0.9691272478955557)]",0.6608944433049702
az20,0.5448839466916582,0.4811570224939899,3,"[np.float64(0.6759439961890444), np.float64(0.3994388251023896), np.float64(0.30529171811024514)]",0.6608944433049702
tipiracil,0.546809880578981,1.277346917777909,3,"[np.float64(0.26088673441920784), np.float64(0.3386313975202284), np.float64(0.9400530766872738)]",0.6626749557770397
inc-280,0.5473482515423951,0.45613294007565985,3,"[np.float64(0.6178216756589481), np.float64(0.7924951830742261), np.float64(0.16997342338579252)]",0.6627723179764399
ilomastat,0.5485853466686874,1.1108755615256694,3,"[np.float64(0.5116760962154151), np.float64(0.2819212622853321), np.float64(0.5797031074389979)]",0.6637148801250758
vu0238429,0.5491124209737426,0.6560479263678201,3,"[np.float64(0.35674965450847385), np.float64(0.6106392796375044), np.float64(0.38465308469187676)]",0.6637975548446162
tg100-115,0.5499420862371058,1.2579890670112088,3,"[np.float64(0.9000133210861841), np.float64(0.13690702748840594), np.float64(0.6822466112429522)]",0.6642455749458198
chlorhexidine,0.550843432451797,0.6215576125585167,3,"[np.float64(0.9495380314801953), np.float64(0.1806270403118287), np.float64(0.49185754106017177)]",0.6646824419413273
diclazuril,0.5514534149217656,1.1086227325749225,3,"[np.float64(0.18843837318079787), np.float64(0.8787113743648265), np.float64(0.5106764891159534)]",0.6646824419413273
tpca-1,0.5516818332906248,0.765144578666955,3,"[np.float64(0.6002650452556095), np.float64(0.3704172417864606), np.float64(0.3806375830635279)]",0.6646824419413273
givinostat,0.5521950485266909,0.725387782222394,3,"[np.float64(0.23498632061993627), np.float64(0.997565439650677), np.float64(0.36176413418329856)]",0.6647472838753092
dvd-111,0.5572914134636755,1.0964360851139794,3,"[np.float64(0.2792048940963996), np.float64(0.413967804504878), np.float64(0.748303778251138)]",0.6703247508578043
10-hydroxycamptothecin,0.5584067509217778,0.8108236928799722,3,"[np.float64(0.1515108333682933), np.float64(0.5815606989049713), np.float64(0.9858198844233494)]",0.6711084456676184
dichlorvos,0.561056979551348,0.7938866488286974,3,"[np.float64(0.12830650304446653), np.float64(0.8444347957599163), np.float64(0.8099463115977512)]",0.673261402246939
vatalanib,0.5611287153488655,0.9543376899956004,3,"[np.float64(0.17496736461541224), np.float64(0.6428355944723996), np.float64(0.7804300434126868)]",0.673261402246939
az3146,0.5619067771845281,0.828020211917487,3,"[np.float64(0.2833807945849499), np.float64(0.35472423859001023), np.float64(0.8758505809867835)]",0.6736363766246993
abiraterone-acetate,0.5705257786311262,0.9040479441362705,3,"[np.float64(0.5228389558146327), np.float64(0.30207543361193034), np.float64(0.576192581735617)]",0.6832017557460617
sb-200646,0.570829939666198,1.049099963805599,3,"[np.float64(0.14715422966285163), np.float64(0.8302751359836049), np.float64(0.7456954787975645)]",0.6832017557460617
abt-737,0.5713041958992222,1.2116225522900148,3,"[np.float64(0.6373508026098014), np.float64(0.2054640740860676), np.float64(0.6969947666851577)]",0.6832042739389873
metoxibutropate,0.5722355872897782,0.9697877480961974,3,"[np.float64(0.24979378682766656), np.float64(0.5260493393870505), np.float64(0.6970790579762974)]",0.6837126113152825
famciclovir,0.5726742812122476,1.2769306957364872,3,"[np.float64(0.2914629210189546), np.float64(0.7464940098822344), np.float64(0.421704726199399)]",0.6837126113152825
mibampator,0.57343813603694,1.727414290134278,3,"[np.float64(0.7101525002148965), np.float64(0.49301069413674126), np.float64(0.26283137267832246)]",0.6840601672262591
pitavastatin,0.5742181307377594,0.9965259173178002,3,"[np.float64(0.13810161426075038), np.float64(0.8999603328373306), np.float64(0.7426022342685707)]",0.6844263881198829
regorafenib,0.57677057809102,0.8463265849164162,3,"[np.float64(0.8260479778035568), np.float64(0.11315785246340877), np.float64(0.9970478428593421)]",0.6869029024672476
k-858,0.5773458411859098,0.7172351111172899,3,"[np.float64(0.6713660666440768), np.float64(0.19278592867425576), np.float64(0.7216442469429463)]",0.6870225593717201
9-aminoacridine,0.5785667020350858,0.47696612914685915,3,"[np.float64(0.30270924300022595), np.float64(0.845944935761688), np.float64(0.3664453467009542)]",0.6879096284673535
mpi-0479605,0.5820244691961018,1.0835718331822368,3,"[np.float64(0.49847141769521663), np.float64(0.2299203492810629), np.float64(0.8296026131964385)]",0.6914527150466004
azd2014,0.5843417376920781,0.680799479626758,3,"[np.float64(0.3485762624925104), np.float64(0.5827488431072239), np.float64(0.47220371685587026)]",0.6931956825401326
valnemulin,0.5844497116095106,0.7206603228486674,3,"[np.float64(0.6043658349714608), np.float64(0.587177556495649), np.float64(0.27040653923332447)]",0.6931956825401326
digoxigenin,0.5858380709786961,0.7754926485305909,3,"[np.float64(0.1686099725472453), np.float64(0.7032269398462593), np.float64(0.8135691786085879)]",0.6942732913236472
nefiracetam,0.5873605593008773,0.7260844092804113,3,"[np.float64(0.5147614323548679), np.float64(0.6744521364376728), np.float64(0.27946133380315374)]",0.6955079617908096
canrenone,0.5894086657845483,1.3222890413347812,3,"[np.float64(0.9169618767321855), np.float64(0.2987777214757611), np.float64(0.3569001874018637)]",0.6973625015455777
mechlorethamine,0.5906398540312536,0.9362179534075213,3,"[np.float64(0.6966981493671769), np.float64(0.2165269554496017), np.float64(0.6511966303356427)]",0.6982482588098236
tmc-353121,0.5916183749587565,0.8416307696666672,3,"[np.float64(0.4296835614306016), np.float64(0.3236911157361785), np.float64(0.7089176113336658)]",0.6988341131145474
nms-873,0.5929503427004064,1.1147002737235414,3,"[np.float64(0.1301547307388165), np.float64(0.9402240189301315), np.float64(0.8097845295188825)]",0.6997306619001796
chlorquinaldol,0.5933445211828061,0.8140145607039277,3,"[np.float64(0.8299794824378162), np.float64(0.1787084063680331), np.float64(0.6691059917591358)]",0.6997306619001796
thiram,0.5982113777268321,1.2542039815929993,3,"[np.float64(0.6858847634505016), np.float64(0.15171794666519353), np.float64(0.9713834421832568)]",0.7048956543735554
ammonium-lactate,0.5997212402741259,1.0043960373383052,3,"[np.float64(0.1417043559873474), np.float64(0.9484717860918386), np.float64(0.7563806408553658)]",0.706099784114451
tideglusib,0.6014524402147383,1.0299465461762107,3,"[np.float64(0.1961848847243799), np.float64(0.7064427417307533), np.float64(0.7383028400743304)]",0.7072885971769646
fg-4592,0.601708543970175,0.9513041779258641,3,"[np.float64(0.7683738680556922), np.float64(0.2284860744510565), np.float64(0.5833954593687597)]",0.7072885971769646
trequinsin,0.6096823367918034,0.903480308078093,3,"[np.float64(0.28974487482052236), np.float64(0.49379461069280084), np.float64(0.7376217777232413)]",0.7160798225143991
palmatine-chloride,0.6107481950547446,0.9297018940620159,3,"[np.float64(0.29573613219119105), np.float64(0.5364954650438403), np.float64(0.6678206033352674)]",0.7167499093627051
dihydroartemisinin,0.6115629704871779,1.0894201164871788,3,"[np.float64(0.47892462469539576), np.float64(0.22396766817955954), np.float64(0.9908390079030601)]",0.716968161931829
as-703026,0.6119251416626184,0.9456863265869869,3,"[np.float64(0.2526829922512402), np.float64(0.6150766486900592), np.float64(0.6847614734798048)]",0.716968161931829
tyrphostin-ag-494,0.6129607841865712,0.8855937927443279,3,"[np.float64(0.15039972968676898), np.float64(0.7295559509449501), np.float64(0.973694323997464)]",0.7176005297070943
cinacalcet,0.6205965150789701,0.8696209168501063,3,"[np.float64(0.34275178812575946), np.float64(0.5848311193464277), np.float64(0.5484178045410236)]",0.7259524311392641
lappaconite,0.6236358756223308,0.46717451052609643,3,"[np.float64(0.9502610071519607), np.float64(0.8904396887341961), np.float64(0.13140079576952254)]",0.7274374781916851
enoximone,0.6237255429216031,1.917449807724236,3,"[np.float64(0.8517964511342242), np.float64(0.6987265978977125), np.float64(0.18687340223984397)]",0.7274374781916851
resiquimod,0.6237312217745326,0.3149218810904932,3,"[np.float64(0.5835233193166565), np.float64(0.9603139810814392), np.float64(0.1984852875012501)]",0.7274374781916851
e7449,0.6238769249729657,1.1486801467150034,3,"[np.float64(0.9360620890393178), np.float64(0.1553094351796468), np.float64(0.7654788425703197)]",0.7274374781916851
guanidine,0.6262943964992056,0.8667072308873567,3,"[np.float64(0.7676985544640345), np.float64(0.3357688443400192), np.float64(0.43562912806272347)]",0.7296682703175125
pyrithione-zinc,0.6268248442901159,1.4873032485425628,3,"[np.float64(0.34240103383965004), np.float64(0.952938576003454), np.float64(0.3448308425711978)]",0.7296987527657263
trolox,0.630108830978654,0.7866709977515209,3,"[np.float64(0.2922331060300298), np.float64(0.7997516632391235), np.float64(0.4873382903250416)]",0.7327040121118972
gsk-3-inhibitor-ix,0.6309039911899976,0.9786672251197315,3,"[np.float64(0.94997946454172), np.float64(0.16693009415649254), np.float64(0.7203622501821165)]",0.7327040121118972
valrubicin,0.6309255004087242,0.8828008569536567,3,"[np.float64(0.5212119104836497), np.float64(0.23923969879548448), np.float64(0.9161930025606553)]",0.7327040121118972
4-hydroxy-phenazone,0.6330489595807616,1.080232442439659,3,"[np.float64(0.3672736160675074), np.float64(0.3562747075497842), np.float64(0.8800130844879158)]",0.7345804687356552
ly2090314,0.6338232063074187,0.9979649561484778,3,"[np.float64(0.3326072188664269), np.float64(0.5404917510554139), np.float64(0.6423814360419431)]",0.7348895669285536
estradiol-cypionate,0.6358176126434114,1.0479200183641995,3,"[np.float64(0.2414470464892523), np.float64(0.8329666915896057), np.float64(0.5784722950384538)]",0.7361349146659173
vincamine,0.6359147500569431,0.8279559461593657,3,"[np.float64(0.4249876355876555), np.float64(0.695160792276333), np.float64(0.3939374226542245)]",0.7361349146659173
methylphenidate,0.6416933163796152,1.132467010163,3,"[np.float64(0.2921892212085647), np.float64(0.7123009251176238), np.float64(0.5713162474738497)]",0.742230398722065
mk-0812,0.6430122735094661,0.8568558118723741,3,"[np.float64(0.3188378580120931), np.float64(0.4601185053898975), np.float64(0.8144964152084861)]",0.7429345489814799
enmd-2076,0.6433289494635759,0.820011898091956,3,"[np.float64(0.20861578758770213), np.float64(0.765644284081566), np.float64(0.7489701899292368)]",0.7429345489814799
cisplatin,0.645845961101339,1.034383164492797,3,"[np.float64(0.5387037253553884), np.float64(0.40868641614515866), np.float64(0.5484674510323726)]",0.7451166550411161
riociguat,0.6462483773853496,0.8917219796224151,3,"[np.float64(0.6080092448085895), np.float64(0.2754956165087138), np.float64(0.7219611814293239)]",0.7451166550411161
teniposide,0.6500217411559881,0.791946780318951,3,"[np.float64(0.48945930257694725), np.float64(0.45847773105629275), np.float64(0.546480456929092)]",0.7488705887362379
butamben,0.6510502934406441,0.7440060065021846,3,"[np.float64(0.4962563139560169), np.float64(0.6513442225554065), np.float64(0.3808438286580329)]",0.7489791389099977
warfarin,0.6511511795084846,0.9097190422415661,3,"[np.float64(0.31159003722385215), np.float64(0.631692102083853), np.float64(0.6256576330018611)]",0.7489791389099977
gdc-0980,0.6564379978844257,0.6614367116347158,3,"[np.float64(0.3444732930664707), np.float64(0.8228963032215033), np.float64(0.4430193477417492)]",0.7544605106741572
pd-407824,0.6600256279682346,0.7518589711276185,3,"[np.float64(0.3402807460805909), np.float64(0.8056671169944395), np.float64(0.4641873590750848)]",0.7578722492099498
cilostamide,0.6607567851844907,0.9236401820139083,3,"[np.float64(0.6961010995471602), np.float64(0.2136769812507829), np.float64(0.8578877340628294)]",0.7578722492099498
narlaprevir,0.6615885624908606,0.8331546478733521,3,"[np.float64(0.26639277838880765), np.float64(0.8214706906810922), np.float64(0.5849000661938303)]",0.7578722492099498
minocycline,0.6618772839555562,0.9379390415324915,3,"[np.float64(0.3016295924904666), np.float64(0.87420662989114), np.float64(0.48592780682388503)]",0.7578722492099498
at7867,0.6620252404985325,1.102487040170822,3,"[np.float64(0.1693650826189184), np.float64(0.7753964955825359), np.float64(0.9762243898344725)]",0.7578722492099498
palmitoylethanolamide,0.6630469344450138,1.2417313221839514,3,"[np.float64(0.8662010947582635), np.float64(0.2225019413411708), np.float64(0.6677059637369505)]",0.758297078713923
famotidine,0.6634444379072748,1.0120457805485839,3,"[np.float64(0.21606185633800726), np.float64(0.877443461197929), np.float64(0.6797961945841625)]",0.758297078713923
usniacin-(+),0.6639779314045557,1.1146201490724696,3,"[np.float64(0.3029129955230726), np.float64(0.4367931436848427), np.float64(0.9759750978948334)]",0.7583078664107279
pheniramine,0.6671230663219025,1.1638726309982157,3,"[np.float64(0.424512584354385), np.float64(0.6049745618392005), np.float64(0.5086901171761187)]",0.7612989565992059
deferasirox,0.6710078163130015,1.1875707211294844,3,"[np.float64(0.9343956066097899), np.float64(0.20611717460797635), np.float64(0.6881298448461788)]",0.7651286920448489
ro-04-5595,0.6768559024689191,1.0467687619865043,3,"[np.float64(0.20693413992173604), np.float64(0.6992233765008715), np.float64(0.9359463150194666)]",0.7711893628917528
resminostat,0.6776842978617303,0.8254552557277636,3,"[np.float64(0.9529655837655466), np.float64(0.6019264991553643), np.float64(0.23681407877461844)]",0.7715257112556442
adefovir-dipivoxil,0.6788490131400273,1.3263712983617764,3,"[np.float64(0.7550416861290359), np.float64(0.2644497920702437), np.float64(0.6832550583499274)]",0.7722441210798896
bibr-1532,0.6812447559866877,0.9898457341506202,3,"[np.float64(0.24652736992282043), np.float64(0.6640013748774333), np.float64(0.840827778591379)]",0.7733121816339533
beta-lapachone,0.6814036449541456,1.196123154676165,3,"[np.float64(0.19296058491135326), np.float64(0.7888857364732056), np.float64(0.904718393328439)]",0.7733121816339533
drospirenone,0.6814892851419994,1.3705492389839498,3,"[np.float64(0.7722358708968242), np.float64(0.5593544345931815), np.float64(0.31893082442674203)]",0.7733121816339533
kynurenic-acid,0.6819256003904108,1.1385958072706512,3,"[np.float64(0.601195504584122), np.float64(0.3309077759681674), np.float64(0.6936030421655937)]",0.7733121816339533
pf-573228,0.6828900250748589,0.9129561139925889,3,"[np.float64(0.5999948925819734), np.float64(0.3173585196281441), np.float64(0.7272497466402634)]",0.7737994254372128
mitoxantrone,0.6834491756357042,0.7296338676310009,3,"[np.float64(0.51133632026566), np.float64(0.44724240271274507), np.float64(0.6067768102986391)]",0.7738270400194553
naproxen,0.6851442967466546,1.2857259452855117,3,"[np.float64(0.7318976885290567), np.float64(0.6202792734240419), np.float64(0.3075822955947858)]",0.7751397946774113
midostaurin,0.6894227516149971,0.6260428916681874,3,"[np.float64(0.800828107731089), np.float64(0.26565894210648394), np.float64(0.6668110352272636)]",0.7793708762397662
secnidazole,0.6957416142127155,1.224351693226461,3,"[np.float64(0.29256572036706363), np.float64(0.8643282487544854), np.float64(0.5742647215703114)]",0.7859001684354405
spermidine,0.6983599660639674,1.238665867762522,3,"[np.float64(0.22482816432468744), np.float64(0.7412183793538598), np.float64(0.8798825270130817)]",0.7882424889973174
carmofur,0.6992581837930054,1.1182460819970619,3,"[np.float64(0.3159006280960715), np.float64(0.6602474919261974), np.float64(0.7053554436474974)]",0.788641147270833
stemregenin-1,0.6998827196777178,0.8095514354183266,3,"[np.float64(0.6570251590589177), np.float64(0.9369635122783948), np.float64(0.23953253891464393)]",0.788730759636805
niridazole,0.7014905225197867,0.9942850343189911,3,"[np.float64(0.22714093836606863), np.float64(0.8116412583283888), np.float64(0.8046270912717969)]",0.7899274599892073
pfk-015,0.70294626315755,1.2739390664266448,3,"[np.float64(0.5041666301008849), np.float64(0.8495464539722486), np.float64(0.34820427115796515)]",0.7901550553338943
cinnarazine,0.703625814509879,0.7904373461951054,3,"[np.float64(0.3535647900768405), np.float64(0.8951917469041494), np.float64(0.4723928604804757)]",0.7901550553338943
cct137690,0.7040728770752585,0.7127526716297299,3,"[np.float64(0.25064851016090167), np.float64(0.9886367073381256), np.float64(0.6043739525110511)]",0.7901550553338943
floxuridine,0.7040956487461341,1.0602803662006546,3,"[np.float64(0.41095280465280204), np.float64(0.4507504238353003), np.float64(0.8085672371402673)]",0.7901550553338943
foscarnet,0.7044229587980122,0.9600607304497873,3,"[np.float64(0.8585126794833913), np.float64(0.20580493564258476), np.float64(0.8487275938872435)]",0.7901550553338943
dicycloverine,0.7101663369485209,1.040134157309941,3,"[np.float64(0.4126672288599569), np.float64(0.4782075089597352), np.float64(0.7762482517952772)]",0.7959803947052748
ly303511,0.7119898526028813,0.8255099462159972,3,"[np.float64(0.3756277288150274), np.float64(0.8835298208294814), np.float64(0.46470400187850935)]",0.7969813460029571
vismodegib,0.7121609401394773,0.9021269935763855,3,"[np.float64(0.7319324610181717), np.float64(0.23928689985348833), np.float64(0.8811322236621999)]",0.7969813460029571
phenylmercuric-acetate,0.7137564773280325,1.3956390735964377,3,"[np.float64(0.9327384379241435), np.float64(0.43535613685969987), np.float64(0.3822950204114306)]",0.7981496311388431
nvp-bvu972,0.715581645859733,1.1864144150956732,3,"[np.float64(0.3956048417620798), np.float64(0.9103530087623856), np.float64(0.43398577626942547)]",0.7985600110249365
pd-184352,0.7157275772065843,0.7732992671560203,3,"[np.float64(0.9658846139079063), np.float64(0.9069404577121247), np.float64(0.1785164882133839)]",0.7985600110249365
pi3k-in-2,0.7157790838281566,1.3805860340660288,3,"[np.float64(0.2860444484139575), np.float64(0.6612578510494334), np.float64(0.8269154234078095)]",0.7985600110249365
nvp-tae684,0.7177071474558956,0.9959408935705618,3,"[np.float64(0.6187550606929095), np.float64(0.35256161819311893), np.float64(0.7221430298803915)]",0.7997026539261493
pranidipine,0.718245920216918,0.8613745006842141,3,"[np.float64(0.7037889044134674), np.float64(0.3761926416584934), np.float64(0.5962029439887487)]",0.7997026539261493
ar-12,0.718461264757425,1.1294890020938253,3,"[np.float64(0.3423821158693922), np.float64(0.8202680773001558), np.float64(0.562506629637967)]",0.7997026539261493
azd1480,0.7192703588870235,1.0157530259088936,3,"[np.float64(0.459327175519494), np.float64(0.37807006788335196), np.float64(0.9124449610483398)]",0.7999878626514397
sb-525334,0.7200683852647529,0.9082000544993806,3,"[np.float64(0.5396267592782522), np.float64(0.40709339949223355), np.float64(0.7234401656439717)]",0.8000183969636853
sgi-1776,0.7207115269552407,0.8284305290902386,3,"[np.float64(0.48302644148977614), np.float64(0.7118248812527318), np.float64(0.46332441737807517)]",0.8000183969636853
flutamide,0.7209564544855878,0.8907626209540955,3,"[np.float64(0.19231211082427666), np.float64(0.9681055777592597), np.float64(0.8564375092323249)]",0.8000183969636853
clomifene,0.7228453025008994,1.4368970352375794,3,"[np.float64(0.7937939282776015), np.float64(0.6396869722156318), np.float64(0.31622998612830866)]",0.801499733884139
colfosceril-palmitate,0.7234655081311308,0.9525364560789439,3,"[np.float64(0.2556053334067283), np.float64(0.6420959682498768), np.float64(0.9806441877349724)]",0.8015731931590706
pf-04136309,0.7244694495792139,0.8291516294265852,3,"[np.float64(0.4501934036511416), np.float64(0.6863602234419336), np.float64(0.5228222986499089)]",0.8020713799090454
jtc-801,0.7254688371860336,0.9208251952366281,3,"[np.float64(0.33066036608678906), np.float64(0.6699385327259403), np.float64(0.73199055851767)]",0.8025637671316441
forodesine,0.7286581152765867,1.2179843569043967,3,"[np.float64(0.6236296525261154), np.float64(0.6918202508459974), np.float64(0.38033616439277784)]",0.8050152221159182
bendamustine,0.7287974713005203,1.0346750410839962,3,"[np.float64(0.7375535381075102), np.float64(0.2838236638925705), np.float64(0.7842803460762413)]",0.8050152221159182
wz-4002,0.7310864673023147,1.055425928180677,3,"[np.float64(0.6482474562306206), np.float64(0.28235502017256225), np.float64(0.9046663358506042)]",0.8069276263817311
nisoxetine,0.7368288596592394,0.9568617519399412,3,"[np.float64(0.3369500936226522), np.float64(0.536138045135345), np.float64(0.9365028243084161)]",0.8120543368101023
puromycin,0.7368537278726084,0.5500157590302458,3,"[np.float64(0.8956542341704015), np.float64(0.7826425414217286), np.float64(0.24137256625107092)]",0.8120543368101023
jnj-7706621,0.7379208918646321,0.7142797061418678,3,"[np.float64(0.5974115604035075), np.float64(0.7444538411699687), np.float64(0.3819586058259775)]",0.8126115148615849
kd025,0.7434031066134605,1.073226078193971,3,"[np.float64(0.3786241230195839), np.float64(0.6652906572530531), np.float64(0.6883991854284766)]",0.8180260800529867
1-azakenpaullone,0.7447810623043764,1.0712118253969032,3,"[np.float64(0.6775949040780135), np.float64(0.2934822269805592), np.float64(0.8765107806483204)]",0.8189196027009367
cr8-(r),0.746348016337567,0.9075617277916652,3,"[np.float64(0.29027384488533325), np.float64(0.6114614859597827), np.float64(0.9878519836734383)]",0.819482076954572
ly2801653,0.7464252781106606,0.5585242215096868,3,"[np.float64(0.6620467072970031), np.float64(0.9550773221763377), np.float64(0.27737543371716417)]",0.819482076954572
elacridar,0.7476084347993095,1.1643244248915592,3,"[np.float64(0.46849090517264946), np.float64(0.41694283750064265), np.float64(0.9018862884954562)]",0.820132035094489
ivermectin,0.7481508544054771,0.9024176850762944,3,"[np.float64(0.4688651259763188), np.float64(0.5150672579015774), np.float64(0.7309788546888286)]",0.820132035094489
skepinone-l,0.7547543054277969,0.9080589957131275,3,"[np.float64(0.6436581139971396), np.float64(0.7725339687324572), np.float64(0.3639720486830109)]",0.8267358957477404
pd-168393,0.755861028717798,0.9878028008182571,3,"[np.float64(0.27307861296090385), np.float64(0.8599057579980586), np.float64(0.7739640716098575)]",0.8267358957477404
artesunate,0.7558891431059162,0.8821472140843172,3,"[np.float64(0.37800768022552356), np.float64(0.6062378451288404), np.float64(0.7931619838497902)]",0.8267358957477404
triclabendazole,0.7581581465644782,1.0988926672769204,3,"[np.float64(0.5884529831852205), np.float64(0.55151723404007), np.float64(0.5648942622371058)]",0.8285912674311178
pha-680632,0.7599600066356778,1.0932752193539605,3,"[np.float64(0.4328074582971754), np.float64(0.49408836656838184), np.float64(0.8631907186017731)]",0.829933682718359
idronoxil,0.7616065561340589,0.9593594215617077,3,"[np.float64(0.2972785820107475), np.float64(0.9118839798001299), np.float64(0.6852017303394502)]",0.8311045902910884
clofarabine,0.7625846660418517,0.9639188352473744,3,"[np.float64(0.6922940893975963), np.float64(0.35110650080310735), np.float64(0.7670201898016572)]",0.8311467985849615
ro-10-5824,0.7627940210924873,1.1968886754471033,3,"[np.float64(0.7400388501936789), np.float64(0.37712086357307895), np.float64(0.6685701084899367)]",0.8311467985849615
nsc-23766,0.7642013103466782,1.262950854101734,3,"[np.float64(0.41092349359442215), np.float64(0.6572972696331731), np.float64(0.6945199328258662)]",0.8320536464045473
sarafloxacin,0.7672234087542458,0.6953254221881562,3,"[np.float64(0.9962432009464836), np.float64(0.7854441625529531), np.float64(0.24250963137759032)]",0.8347159943363861
7-nitroindazole,0.7687254879490371,0.8329065541204619,3,"[np.float64(0.923339682347437), np.float64(0.3479278370502309), np.float64(0.5940863467498111)]",0.8357218490324994
4-methylgenistein,0.7709531392092824,1.1320082680175556,3,"[np.float64(0.6629255643226153), np.float64(0.6457213750298152), np.float64(0.4496653605869382)]",0.8374536125273132
pf-4981517,0.7714759263986928,0.8957634040009247,3,"[np.float64(0.3424831786107479), np.float64(0.6439538933327733), np.float64(0.8745294225650879)]",0.8374536125273132
prt062070,0.7748687444225082,0.8397034515917758,3,"[np.float64(0.7036399765849994), np.float64(0.7176884808971827), np.float64(0.38692911731611646)]",0.8396629074106314
am-580,0.7753502952302285,0.8928930732205029,3,"[np.float64(0.8090976572046089), np.float64(0.2636281354824094), np.float64(0.917758375982004)]",0.8396629074106314
golvatinib,0.7756732635135926,0.8713430139849087,3,"[np.float64(0.5429150832930021), np.float64(0.6181806307605245), np.float64(0.5839996886410465)]",0.8396629074106314
ambazone,0.776342034606672,0.9919311678431015,3,"[np.float64(0.5417447491698166), np.float64(0.5339183093814228), np.float64(0.6793705073767611)]",0.8396629074106314
satraplatin,0.7764125570942811,0.957041109595936,3,"[np.float64(0.24530297183437022), np.float64(0.8202670991440177), np.float64(0.976867958823112)]",0.8396629074106314
midodrine,0.7777479475982286,0.7923484290675294,3,"[np.float64(0.8645453488158635), np.float64(0.6044369805616913), np.float64(0.37808224281979663)]",0.8404789247009984
methyldopa,0.780768025448455,0.9983189035828705,3,"[np.float64(0.7912146409956657), np.float64(0.361937675747973), np.float64(0.6979957275984653)]",0.8427848546825122
clebopride,0.7810466414162052,0.9304924954917687,3,"[np.float64(0.626737074439458), np.float64(0.5603243175482778), np.float64(0.5698009199003405)]",0.8427848546825122
berberine,0.7853276372246935,0.8020303660350225,3,"[np.float64(0.6347110981063371), np.float64(0.745386594184134), np.float64(0.4300149411896129)]",0.8467727951297551
cyclosporin-a,0.788283683884804,0.9152449357851812,3,"[np.float64(0.8146660917596362), np.float64(0.4684493978228025), np.float64(0.539241866857717)]",0.8493272454067843
sta-5326,0.7907422119643742,0.9296347072501014,3,"[np.float64(0.22466707364366492), np.float64(0.9495576330112871), np.float64(0.9739182253691615)]",0.8513422475539058
echinomycin,0.7944765900833993,1.2915620014490379,3,"[np.float64(0.9035964612305224), np.float64(0.5523813321657001), np.float64(0.4223820398543313)]",0.8547268593685345
salidroside,0.7957915643548584,1.2512340181837982,3,"[np.float64(0.8723653632783335), np.float64(0.7574287693762475), np.float64(0.32071254020803547)]",0.8552974287904412
nelarabine,0.7961891061373355,1.0633387250206487,3,"[np.float64(0.23120503121510505), np.float64(0.9451433788713834), np.float64(0.9712659776667999)]",0.8552974287904412
atenolol-(-),0.797590659619631,0.9643862487183616,3,"[np.float64(0.3611909723696879), np.float64(0.6537043275123678), np.float64(0.9038662314739808)]",0.8561674217133576
carbachol,0.7984712375103994,0.9077142932917729,3,"[np.float64(0.3975219063996963), np.float64(0.8606007847398358), np.float64(0.6259832661974714)]",0.8564773022072261
unc0631,0.799361398268508,0.8834698533133738,3,"[np.float64(0.590012915743618), np.float64(0.46709852183750955), np.float64(0.7797880403074795)]",0.856796995032986
2'-meccpa,0.8059504446579807,0.9039113595903118,3,"[np.float64(0.3880162999957788), np.float64(0.9150091887632938), np.float64(0.6212713149891594)]",0.8632200543450024
cariporide,0.8075543603028097,0.8391272170674616,3,"[np.float64(0.6416345441078708), np.float64(0.922474310867588), np.float64(0.37504385361340753)]",0.8634278956526351
gemcitabine,0.807596978391557,0.8742573882404483,3,"[np.float64(0.42850650717923766), np.float64(0.8403022336689497), np.float64(0.6166017339282037)]",0.8634278956526351
sr-33805,0.8079346031193282,0.7579877321910377,3,"[np.float64(0.4495972323518317), np.float64(0.8608394848903669), np.float64(0.5744274273335874)]",0.8634278956526351
idra-21,0.8092578236641329,0.8572191829239346,3,"[np.float64(0.6573020400044292), np.float64(0.8138391030872077), np.float64(0.4177976583030317)]",0.8642037423188194
ots167,0.8100978620201187,0.6545595172705545,3,"[np.float64(0.7730578868972857), np.float64(0.8338486812782068), np.float64(0.34787662215760007)]",0.8644628365362181
ipsapirone,0.8125726086774459,0.7481372781721739,3,"[np.float64(0.9487522144503205), np.float64(0.6210087271848325), np.float64(0.38438814579252467)]",0.8661758122179419
mercaptopurine,0.8129003130559538,0.8772198872911471,3,"[np.float64(0.8494200831265823), np.float64(0.3964940882087381), np.float64(0.6733350475896815)]",0.8661758122179419
atiprimod,0.8147721351699926,1.0294873579785215,3,"[np.float64(0.6200318735644236), np.float64(0.49449088832084387), np.float64(0.7452102164864058)]",0.8665031150531832
vanoxerine,0.8148854817839206,1.0874077617655105,3,"[np.float64(0.3466165331959348), np.float64(0.9012442232090652), np.float64(0.7317404520428454)]",0.8665031150531832
loxistatin-acid,0.815003966542766,0.9692821145317295,3,"[np.float64(0.9466425432694952), np.float64(0.371267668304717), np.float64(0.6507023934441363)]",0.8665031150531832
lomefloxacin,0.8235905408294137,0.94928103877625,3,"[np.float64(0.611052705048529), np.float64(0.5375738798310827), np.float64(0.7208028106883446)]",0.874989363127872
barasertib,0.8245324715259086,1.0215988549680988,3,"[np.float64(0.38561981222746855), np.float64(0.8558270405841728), np.float64(0.7202015977497227)]",0.8753473853983784
azomycin-(2-nitroimidazole),0.8262519961904579,0.7566192934379707,3,"[np.float64(0.8346725735021346), np.float64(0.7204556681790979), np.float64(0.39803757493728475)]",0.8765297936126044
fli-06,0.8291369989536272,0.8706844328435982,3,"[np.float64(0.5549886100045756), np.float64(0.7814737177375337), np.float64(0.5584474942806531)]",0.8789459615281309
pf-562271,0.8314476888723784,1.0276285694409946,3,"[np.float64(0.3752709560958659), np.float64(0.7932544191446904), np.float64(0.8213963690628374)]",0.8807502238640788
rabeprazole,0.8333570807165311,0.937083771912578,3,"[np.float64(0.8343442552871019), np.float64(0.30552618662535685), np.float64(0.9668102873321551)]",0.8821270634943822
barasertib-hqpa,0.83518191069313,0.9649449227860127,3,"[np.float64(0.3087766107540637), np.float64(0.8140965973500348), np.float64(0.987867182962043)]",0.883412445009473
pd-198306,0.8401792995109725,0.9878384746207406,3,"[np.float64(0.7497032207555142), np.float64(0.4433411216984633), np.float64(0.7628533101283486)]",0.8880492669045852
rki-1447,0.8418060313708117,0.8774100146235735,3,"[np.float64(0.39414719212708593), np.float64(0.9767350289709161), np.float64(0.6631282154348273)]",0.8886749152078431
wp1130,0.8419995222874589,0.486738041986395,3,"[np.float64(0.8160048624559656), np.float64(0.5987121860412534), np.float64(0.5229679472180553)]",0.8886749152078431
epinephrine,0.8431922008328373,1.1427919925707408,3,"[np.float64(0.40498283059878737), np.float64(0.9323104042371547), np.float64(0.6800939662421275)]",0.8892850689541659
cytarabine,0.8453134675223771,1.1902987200621307,3,"[np.float64(0.6215720065050496), np.float64(0.5780715506696683), np.float64(0.7210799157415735)]",0.8903907743726621
nitarsone,0.8454712674416294,0.8127090345333745,3,"[np.float64(0.7510448613895656), np.float64(0.9051398921860275), np.float64(0.3813861587777976)]",0.8903907743726621
remoxipride,0.8480804879187551,1.0643734004525534,3,"[np.float64(0.44503009079862943), np.float64(0.9139502600279283), np.float64(0.6445321137163389)]",0.8924890661952282
delanzomib,0.8495753416224547,0.8826191186736065,3,"[np.float64(0.6362934918996657), np.float64(0.6520034899105387), np.float64(0.6359407487533277)]",0.8934124413718693
zm-306416,0.8524747029422867,0.9776910162396859,3,"[np.float64(0.3532603742908199), np.float64(0.8292871196158789), np.float64(0.9118375955550182)]",0.8954651438605694
filanesib,0.8527650091498719,1.0589092879733855,3,"[np.float64(0.49015952013335895), np.float64(0.713863745746711), np.float64(0.7643750039791806)]",0.8954651438605694
ly2334737,0.8548776244916705,1.276543241106635,3,"[np.float64(0.9627625071091777), np.float64(0.3005748551474273), np.float64(0.9326991973348749)]",0.8970325762432539
fulvestrant,0.8567224014472895,0.890130740056088,3,"[np.float64(0.5336606074538948), np.float64(0.5990500453199787), np.float64(0.8510471162834495)]",0.8971430868595235
cladribine,0.8570516831338937,0.8995608932864415,3,"[np.float64(0.8219720289745028), np.float64(0.3429778033349997), np.float64(0.9664501466029473)]",0.8971430868595235
gtp-14564,0.8570657475886744,0.987717973725052,3,"[np.float64(0.603824536240844), np.float64(0.4753556513906738), np.float64(0.9492915437870773)]",0.8971430868595235
nilotinib,0.8574629503294547,1.0351245271821432,3,"[np.float64(0.7253590163242261), np.float64(0.4482271247432543), np.float64(0.8395126000175523)]",0.8971430868595235
chir-124,0.8594930143720003,0.985529955957717,3,"[np.float64(0.3680006162295706), np.float64(0.8884861706613698), np.float64(0.8422091189787918)]",0.8982776168435188
danusertib,0.8602138694871525,0.8321342040374358,3,"[np.float64(0.6216164507864628), np.float64(0.8275770040352315), np.float64(0.5369780889629884)]",0.8982776168435188
pazopanib,0.8604096592571645,0.8209624851063261,3,"[np.float64(0.91533585255132), np.float64(0.6650852341178976), np.float64(0.4541525513417485)]",0.8982776168435188
benzyldimethylhexadecylammonium,0.8636448371513531,0.8102623873966538,3,"[np.float64(0.8669479974591834), np.float64(0.8723248053380707), np.float64(0.37081910926342565)]",0.9010051040793136
stattic,0.8664123294501195,0.7078367819346232,3,"[np.float64(0.9158609172113826), np.float64(0.34476619394890395), np.float64(0.899084814236011)]",0.902767832557963
monobenzone,0.868058584373954,1.1729916333429566,3,"[np.float64(0.37714362068086904), np.float64(0.9755063235706599), np.float64(0.7773234126205659)]",0.902767832557963
isoetharine,0.8680654183533031,0.9863616862005099,3,"[np.float64(0.48137226003984357), np.float64(0.6118089339589072), np.float64(0.971079922517303)]",0.902767832557963
chlormidazole,0.8693340216470568,1.0032598897710492,3,"[np.float64(0.45596053251877133), np.float64(0.6480526769649646), np.float64(0.9733684438415126)]",0.902767832557963
nu6027,0.8695686585813647,0.9472083131714124,3,"[np.float64(0.8075224104052696), np.float64(0.5770971221400638), np.float64(0.6178283033354426)]",0.902767832557963
brequinar,0.8695840602786118,0.8660972086424278,3,"[np.float64(0.9633166410567803), np.float64(0.3132620690847827), np.float64(0.9541669957987656)]",0.902767832557963
pd-98059,0.8697016990917763,0.9216069281881475,3,"[np.float64(0.4319820185656582), np.float64(0.7976601238867536), np.float64(0.8360777975105568)]",0.902767832557963
navarixin,0.8731594083983638,0.901148940635541,3,"[np.float64(0.32164866036958106), np.float64(0.9685595547496015), np.float64(0.9392596850914887)]",0.9057072859874068
azalomycin-b,0.874544965804143,0.6580896274377735,3,"[np.float64(0.8602330954125298), np.float64(0.4729722119090465), np.float64(0.7237203212669919)]",0.9060080701186966
1-phenylbiguanide,0.8752863913218936,0.910080678941089,3,"[np.float64(0.7160693626381637), np.float64(0.43782441431610286), np.float64(0.9423932155934684)]",0.9060080701186966
sodium-tanshinone-ii-a-sulfonate,0.875327769195534,0.9520584366497143,3,"[np.float64(0.32604688475620736), np.float64(0.9526993473465244), np.float64(0.9513342462450347)]",0.9060080701186966
colistin-b-sulfate,0.8811478768404967,1.0309204461040182,3,"[np.float64(0.44320347927256887), np.float64(0.7214427103576975), np.float64(0.949240226862775)]",0.9113802557456746
tyrphostin-ag-1478,0.8852951426773963,0.9962009007182525,3,"[np.float64(0.5089562407095438), np.float64(0.6186227591534936), np.float64(0.9828310677464216)]",0.9150157653244232
sodium-glucoheptonate,0.8889191774877536,0.8956715315411169,3,"[np.float64(0.703116076327933), np.float64(0.978750312021881), np.float64(0.45743035897336526)]",0.9181056743931331
p5091,0.8901190703204218,1.0943182645041587,3,"[np.float64(0.8813441084001994), np.float64(0.36602638988619096), np.float64(0.9814075968462863)]",0.9186892259298504
ryuvidine,0.8915835922550421,0.46263031566717366,3,"[np.float64(0.9603662049364277), np.float64(0.8891922605530036), np.float64(0.3733534505688043)]",0.9195448738368112
carboxyamidotriazole,0.8942707945114758,1.1637292714102818,3,"[np.float64(0.6278142276004169), np.float64(0.5414855094339732), np.float64(0.9500900263807397)]",0.9216594299559155
sangivamycin,0.8956257913847043,0.9978342656010918,3,"[np.float64(0.7424422755671478), np.float64(0.5735122608078613), np.float64(0.7635502116528757)]",0.9223989467143539
dichloroacetate,0.9081772512514348,0.9443877778613469,3,"[np.float64(0.980810198533092), np.float64(0.4889147517692032), np.float64(0.7218908531602961)]",0.9346603716648835
trifluridine,0.9122091739558924,1.0321141147387596,3,"[np.float64(0.5284825116555751), np.float64(0.7914545388536921), np.float64(0.8450986992437308)]",0.9381426259517954
nilutamide,0.9139073141751672,0.9809011560892988,3,"[np.float64(0.4601324343038734), np.float64(0.9854391843478545), np.float64(0.7865490884928982)]",0.9392215082467804
theophylline,0.9179912863036989,1.023275198394884,3,"[np.float64(0.7698438227552672), np.float64(0.6578028619219912), np.float64(0.7197712848450466)]",0.9423779290009973
gw-405833,0.9182811885911584,1.029969378926653,3,"[np.float64(0.5747108432098484), np.float64(0.7090358819016166), np.float64(0.8958887075259527)]",0.9423779290009973
prednisolone,0.9209462977816072,1.0521899288796408,3,"[np.float64(0.6699879575706454), np.float64(0.6280195039812658), np.float64(0.8802810783025914)]",0.9438680867840066
cimetidine,0.9210378289834258,1.0819441364313362,3,"[np.float64(0.5730273330331037), np.float64(0.7593272504242594), np.float64(0.8516768135679678)]",0.9438680867840066
snx-2112,0.9235318466118051,0.7948611702505498,3,"[np.float64(0.4734077375368597), np.float64(0.8733419885434952), np.float64(0.9087269147079918)]",0.9457541274219972
nexturastat-a,0.9267470435775039,1.0887107819307573,3,"[np.float64(0.6666090546568675), np.float64(0.7543696470719713), np.float64(0.760725731438916)]",0.9475954411827394
pterostilbene,0.926919154304313,1.2379913067182324,3,"[np.float64(0.9565640505981448), np.float64(0.8929280726014307), np.float64(0.4483079512494127)]",0.9475954411827394
ici-162846,0.9272945022216718,0.9201475155411145,3,"[np.float64(0.977670732203191), np.float64(0.7152364219454008), np.float64(0.5487692675453606)]",0.9475954411827394
inosine,0.9280554555941359,1.2321743267498584,3,"[np.float64(0.5564674883868979), np.float64(0.9210555768546135), np.float64(0.7519489692851362)]",0.9477037715206171
maprotiline,0.9292150262610277,1.0939489287541135,3,"[np.float64(0.5524592772138346), np.float64(0.840193021480069), np.float64(0.8358336479695478)]",0.948218718617565
zolmitriptan,0.931760814917175,1.1254121358247402,3,"[np.float64(0.9591844601662013), np.float64(0.6527531100113053), np.float64(0.6288667557722616)]",0.9495695475195899
pfi-1,0.9318512491208137,0.8941455193308556,3,"[np.float64(0.8703107795768497), np.float64(0.46131834363619717), np.float64(0.981215370439017)]",0.9495695475195899
chir-99021,0.9370447095164448,0.9809943122730561,3,"[np.float64(0.5810326337197573), np.float64(0.8854266092947413), np.float64(0.7898098590113417)]",0.9541897921676958
tg-100713,0.9403747365203314,0.9256332278783617,3,"[np.float64(0.7763404999819208), np.float64(0.748053191760591), np.float64(0.7141330489777689)]",0.9562923870316327
sevoflurane,0.940431283169325,1.1525179234753808,3,"[np.float64(0.9501488724051983), np.float64(0.7396935883151665), np.float64(0.5903006509600066)]",0.9562923870316327
cyproheptadine,0.9418377843621526,1.0178684734040895,3,"[np.float64(0.7313244732205546), np.float64(0.63834222938591), np.float64(0.8965593261529788)]",0.9570500519466536
amisulpride,0.9435300968672834,0.8109083798135377,3,"[np.float64(0.9334806844759229), np.float64(0.9897210124602518), np.float64(0.45791697312325086)]",0.9580968773101467
bms-707035,0.950332127787337,0.9820494118413893,3,"[np.float64(0.8850546144028721), np.float64(0.5471318781906533), np.float64(0.9136881529188605)]",0.9643272011979499
bumetanide,0.9559725127477725,1.0467970736578573,3,"[np.float64(0.9099919381619204), np.float64(0.7236506377350214), np.float64(0.6989431722119873)]",0.9693708661149453
darifenacin,0.9577948641224209,1.0683969933541688,3,"[np.float64(0.9530905855211045), np.float64(0.7125409320352067), np.float64(0.6868102344668212)]",0.9705386333229292
tasisulam,0.9591489547929425,0.72182829135887,3,"[np.float64(0.8967621348057259), np.float64(0.7392512738542247), np.float64(0.7106936812205424)]",0.9712306071276331
bms-986020,0.9609848866495969,0.9344329295721148,3,"[np.float64(0.9516423916257473), np.float64(0.6374813317287404), np.float64(0.7875102882367075)]",0.9724091825048717
ast-1306,0.9621409501351084,0.9923580803557344,3,"[np.float64(0.8603446784879857), np.float64(0.6043364814349117), np.float64(0.9271028275063836)]",0.9726779222667081
candesartan,0.9627725396437071,0.9070347615529474,3,"[np.float64(0.6699968414625388), np.float64(0.9379968338036034), np.float64(0.7708173225198037)]",0.9726779222667081
proscillaridin-a,0.9642256749091921,1.2628783148240896,3,"[np.float64(0.8163530239938206), np.float64(0.85946683773878), np.float64(0.6984401601859964)]",0.9726779222667081
benzydamine,0.9650328110276217,0.9870773153158396,3,"[np.float64(0.5469898723413668), np.float64(0.9657840220798417), np.float64(0.9336965960901606)]",0.9726779222667081
creatine,0.9652671455133809,0.9865200460772319,3,"[np.float64(0.6398744170390009), np.float64(0.8814453170247327), np.float64(0.8761985970503396)]",0.9726779222667081
ve-821,0.9652836878887303,1.0834766985518762,3,"[np.float64(0.7420723476689273), np.float64(0.9963321531550131), np.float64(0.6684990784333116)]",0.9726779222667081
bi-78d3,0.9675831751881099,1.1875950144092688,3,"[np.float64(0.898072541800362), np.float64(0.7712870069667758), np.float64(0.7272882775520058)]",0.9739612519152366
pp-1,0.967903441778929,0.9039664428745157,3,"[np.float64(0.8538181617660406), np.float64(0.9886839492912852), np.float64(0.5983962540488084)]",0.9739612519152366
protirelin,0.976681159307327,0.8981753613568777,3,"[np.float64(0.9845065344754782), np.float64(0.8917215688294239), np.float64(0.6238536137168736)]",0.9821109364264783
darapladib,0.9878473549116368,1.1325098100118256,3,"[np.float64(0.8806755447117243), np.float64(0.8819996324803494), np.float64(0.8053620538170612)]",0.9926493906646795
piperacetazine,0.9889395090005052,1.0103521168693195,3,"[np.float64(0.9669648346248119), np.float64(0.7500918391799524), np.float64(0.876656638959826)]",0.9930572307590084
carvedilol,0.990034721879651,1.0487255800157842,3,"[np.float64(0.8534766221756138), np.float64(0.8009206999766012), np.float64(0.9464385213292721)]",0.9934675745907455
sr-57227a,0.9925787656659675,1.034644952075488,3,"[np.float64(0.9769625917179451), np.float64(0.7385192208145972), np.float64(0.9380218223358108)]",0.994666417996963
bifemelane,0.9926042208622077,1.0777560744563157,3,"[np.float64(0.95785457684112), np.float64(0.8445796698044415), np.float64(0.8370030621419207)]",0.994666417996963
nms-1286937,0.9952407710858806,1.0804459743260078,3,"[np.float64(0.7435070094511032), np.float64(0.9704516912262727), np.float64(0.9945248160744594)]",0.9966182669628161
pf-3845,0.9975153517245315,1.0177485519409426,3,"[np.float64(0.9914601729693249), np.float64(0.7856185152051707), np.float64(0.9872355797925864)]",0.9982051963661114
aminopurvalanol-a,0.9995638076459245,0.9901606604978295,3,"[np.float64(0.9115413880892791), np.float64(0.9665973570714927), np.float64(0.9839232740060458)]",0.9995638076459245
