drug,n_samples,pearson_r,spearman_r,rmse
1-azakenpaullone,89,0.04077741378116064,0.12625127681307458,0.24820901317924604
1-naphthyl-pp1,90,0.26236691507720433,0.14982096555130262,0.20276396006072858
1-phenylbiguanide,75,0.015008845605371824,0.15217638691322902,0.20753297358628736
10-deacetylbaccatin,91,0.20111538941257445,0.31017677974199714,0.16423279609371855
10-hydroxycamptothecin,92,0.38217284484567543,0.39153553319051215,0.11120659190270862
12-o-tetradecanoylphorbol-13-acetate,81,0.07490566708342315,0.13299457994579944,0.4147215221541848
2'-meccpa,85,0.17574779424080733,0.15425053742427203,0.3479327937406312
"2,3-dcpe",87,0.3374747118965811,0.43143544506816356,0.18975181240388309
2-methoxyestradiol,87,-0.001236711513267966,0.01725096163193767,0.07978392782060079
3'-fluorobenzylspiperone,76,0.02369506216006448,-0.007245386192754615,0.2271346380785384
3-amino-benzamide,90,-0.18538282100753387,-0.17390511428453392,0.1443487137141129
3-deazaneplanocin-a,91,0.11145652312979284,0.18608058608058606,0.1230029519756783
4-(4-fluorobenzoyl)-1-(4-phenylbutyl)-piperidine,93,0.0029219928394099877,0.05474321864462415,0.25203582949791203
4-chlorophenylguanidine,86,0.3345323421349929,0.2762677484787018,0.16652140516826014
4-hydroxy-phenazone,82,0.04599287231835111,-0.021865238732708615,0.22674273623319352
4-iodo-6-phenylpyrimidine,85,0.014491706784971043,0.10085987883525505,0.16891019998981083
4-methylgenistein,86,0.19659807868508555,0.23362422755790366,0.2534748435519814
4-methylhistamine,85,0.024485846018657616,0.018780535470001955,0.32616370080690577
4-pyrimidinecarbonitrile,89,-0.05491181005665692,-0.028804902962206336,0.2910419954020704
4e1rcat,72,0.07254395563600956,0.10457264132741656,0.26743004588872027
5-fluorouracil,89,-0.010292730024573293,-0.026830098740211104,0.21258875727116963
5-hydroxymethyl-tolterodine,72,-0.04957024305061139,-0.004823461315840247,0.21066318156507444
7-aminocephalosporanic-acid,75,0.06589861455578096,0.11445234708392601,0.22366899776191737
7-hydroxystaurosporine,76,0.07299178181073868,0.0902529049897471,0.08866827190888711
7-nitroindazole,80,0.08386325370468894,0.10274261603375529,0.22492047094147777
8-bromo-cgmp,78,0.042162679170677377,0.0054249547920434,0.15982714091454936
8-hydroxy-pipat,91,-0.020401342324893903,-0.12331581462016246,0.20810969685121158
9-aminoacridine,91,0.04003139745741541,0.03296703296703297,0.04753756032623373
a-674563,89,0.20047272378918937,0.21622403813415056,0.08438867654162478
a-803467,76,0.14368151500823817,0.11177033492822966,0.22876542326403124
a61603,90,-0.1772152178630456,-0.11814627320245297,0.23905342243725802
abemaciclib,90,0.40945258296121945,0.4156412242715557,0.08529719420850178
abiraterone,81,0.03236998662812009,0.03798554652213189,0.2197146499827422
abiraterone-acetate,80,0.03548750793482261,0.013853727144866386,0.1942369379999324
abt-702,91,0.1515083817647458,0.16238254499124063,0.1893764603880162
abt-737,92,0.22887436258225752,0.17770448345483406,0.18598926376889216
abt-751,93,0.2924028235937908,0.42342812807734764,0.10001768581617004
ac-264613,94,0.17884701363303807,0.23399920528844417,0.2108319825150693
acdpp,71,0.012733711249979735,0.041716968477531854,0.24013046550621145
acesulfame-potassium,87,0.08392988318162657,0.13902456805423924,0.14370125976692955
acetazolamide,78,0.07832333596915601,0.010457896533845901,0.20407782047959785
acetophenazine,81,0.010376942003285185,0.059778681120144526,0.222004591330709
acetylcysteine,82,0.24520031915752116,0.2293292410835755,0.19310722539049122
acetylsalicylsalicylic-acid,89,0.041560496570300816,0.006537282941777325,0.1737793437616972
acipimox,91,-0.07195195716279754,-0.1192705844879758,0.2837932073377073
acivicin,72,0.10838103814555222,0.09881664415718054,0.16873102648686836
acy-1215,91,0.10537029221756172,0.09800923713967193,0.14502152776432636
adapalene,83,0.12460671885546079,0.08028630200243482,0.12328611436672283
adaprev,93,0.013801537301440923,0.05821968905732445,0.20414763690161403
adarotene,24,0.10709739922149855,0.19826086956521738,0.07403647206994186
adefovir-dipivoxil,75,0.022806193864162008,-0.011891891891891892,0.12681106675983844
adl5859,80,-0.13703763678519254,-0.038443506797937184,0.30523297812151734
aee788,85,0.24497501281876286,0.26615204221223376,0.24288972715704393
aeg3482,89,0.11332181453263843,0.056826693905345595,0.20656537294020905
afatinib,94,0.3661645650321914,0.4137482709939828,0.1391219005786727
afobazole,90,-0.042168075772594064,0.04882084207926903,0.2569999631143635
ag-14361,83,0.01642393007785011,-0.01987741908400151,0.21859373933693538
ajmaline,84,0.0520815862703567,0.006580945631264555,0.256729120688718
albendazole,89,0.2215675491843484,0.2838270343888322,0.20053788411363993
alectinib,92,-0.018545800714699426,-0.055340764510504147,0.10933942582905005
alexidine,94,0.12106053955433714,-0.010743055304699635,0.09575025049181435
alfacalcidol,88,0.11391789328360653,0.21235602831883346,0.21983365627135668
alisertib,92,0.2472688564961977,0.25336374705238657,0.21970660212075818
almorexant,88,0.07474640658466945,0.019706949385368606,0.25996776129102644
alogliptin,72,0.006954459967483825,0.04148176731622613,0.2463206013866672
alpelisib,88,0.28459646582211234,0.252160550991741,0.07120415338632553
altretamine,34,0.020101849091790896,-0.06768525592055004,0.33896568486111256
alvespimycin,92,0.15786522299031,0.08467978612856635,0.17492341210498188
alvocidib,90,0.2216696546112885,0.24065689845870114,0.12536786584199927
am-251,87,0.06254764234263664,0.007527156083691768,0.16507366083502323
am-404,49,-0.2475676654906966,-0.20122448979591834,0.290836501578636
am-580,75,0.08682303931193094,0.030640113798008534,0.15853968079750783
ambazone,82,0.021513591311953725,-0.04234825480784928,0.24924668363416008
amfenac,88,-0.021928989109041078,-0.05774717340002114,0.18462239175695933
amg-208,87,0.23521555781940376,0.22814755412991172,0.3190991499927077
amg-232,91,0.34022896572470906,0.34715719063545153,0.22530213330741716
amg458,88,0.1186520973469015,0.04025923708217394,0.19445628385208868
amg900,90,0.2664131075912764,0.2889986418076305,0.2569179951145509
aminoglutethimide,92,0.040940526868704225,0.06384005424958762,0.19966649951388832
aminopurvalanol-a,92,0.1091361333718975,0.191406069386434,0.18063463667198035
amisulpride,79,0.11726197226847032,0.07699610516066213,0.20725960069726795
ammonium-lactate,82,0.21783639366855526,0.19108411967653813,0.22050897803513028
amonafide,89,0.15507390452405512,0.17613210759278178,0.3039766253457745
amoxicillin,82,0.07486331682118974,0.048726069590013174,0.17797666094649686
amprolium,74,-0.01210163793061193,-0.005523880044427988,0.23784958011348942
amsacrine,86,0.3566255477399872,0.37663097315911126,0.09473441802986758
anagrelide,81,0.0023022468594420475,-0.07519194025755495,0.148766344059917
anastrozole,67,0.07077578432025958,0.1084284460052678,0.2412989150694137
anguidine,93,0.35215765571465313,0.3535406284503595,0.08203233682575321
anisomycin,94,0.19743874357116345,0.138460426976845,0.08283598918016072
ap1903,73,0.2976644786080827,0.27403430828088365,0.2379397089440997
ap26113,89,0.10118065504135762,0.12368062648961528,0.2650117342072201
apatinib,90,0.11815238691086263,0.1189364942173931,0.2071424041843317
aphidicolin,76,0.21956018661819818,0.2489952153110048,0.08674963307974261
ar-12,89,0.15424123922230745,0.1301498127340824,0.15534065463321556
ar-42,92,0.2687172349235884,0.2470292680671362,0.07884731027007864
arctigenin,92,-0.107773237210164,-0.12724442457962795,0.20960966191467886
arcyriaflavin-a,89,0.3119876867899928,0.2828396322778346,0.20934043506388253
arry-334543,86,0.4134466932398007,0.4087565812611649,0.08602070623921584
artemisinin,90,0.11472159251008875,0.13123430876239864,0.19876967021836728
artesunate,85,0.10956200339011143,0.07709595466093414,0.25678543714593755
as-1949490,86,0.36158973141085776,0.3510259917920657,0.20505357073460748
as-703026,88,0.6133589494806785,0.5513779302475551,0.17775871304044547
aspirin,85,0.06167173928169454,0.048778581199921824,0.23042143221578928
ast-1306,58,0.1446249828603064,0.24703928142975795,0.1557893560378501
astemizole,85,0.2735275492442729,0.2306234121555599,0.1966026252874422
asymmetrical-dimethylarginine,90,0.03140656967079975,0.019697905091163516,0.17474220213458358
at-7519,91,0.3048875037128939,0.32531953041913597,0.10340784602971632
at-9283,76,0.2382958449448785,0.3033766233766234,0.20704196311040737
at13387,87,0.43778771353718904,0.42956773801630577,0.1431522913230596
at7867,65,0.11650621619682879,0.06971153846153845,0.2596538496366499
atenolol-(+/-),83,0.10922838417664418,0.08419042021745517,0.1665113645848373
atenolol-(-),75,0.23544627872759985,0.18384068278805119,0.3079209311610276
atipamezole,89,0.15623336713523803,0.0764896152536602,0.2044265088263763
atiprimod,86,0.18628515571130289,0.204767202994671,0.1062399919733476
atorvastatin,87,0.4071783262889812,0.44895020777137856,0.23340619722293882
aurora-a-inhibitor-i,90,0.05631060492749402,0.03838349748354312,0.1030670927227462
av-412,91,0.13549376073052619,0.10076445293836597,0.08402723852379837
avanafil,84,0.14300605303802258,0.13390705679862308,0.15098428264182173
avl-292,86,0.0857787433900359,0.1271851672815113,0.08332074142850761
avn-944,85,0.16880586940366327,0.19626724573748824,0.10873085035992741
axitinib,85,0.19214519949242323,0.15612494097487617,0.08981439175797586
az-628,93,0.42260105051840813,0.45256816252128,0.20241245112472525
az20,92,0.1289586509446593,0.34297119430359263,0.12234189225092985
az3146,88,0.20183774710644928,0.23514494029798177,0.16289375586296648
az960,90,0.14566573302080316,0.2368111289459604,0.1403969319537626
azacitidine,93,-0.03293057787391234,-0.03203355058987763,0.1922496400438743
azalomycin-b,92,0.2429462918038106,0.2637516760938921,0.06319834580793847
azathioprine,86,-0.05717444681350934,-0.08612670408981554,0.2883572998374185
azd1480,80,-0.04080695365230486,-0.027824660103141118,0.2044325631501899
azd2014,88,0.36965448315720595,0.33876566049586704,0.1165181889421147
azd2461,87,0.04570465890136595,0.06397171393161769,0.2550282769390689
azd2858,87,0.1676146168934972,0.3214441933367354,0.21434061700949922
azd3463,91,0.14008307752440044,0.19783405000796309,0.13491628397605465
azd4547,73,-0.015187769500404444,-0.0319943230902135,0.3052582598507501
azd5363,92,0.27891192741747695,0.2937903611115392,0.22699835440364116
azd5438,91,-0.0561244647855207,-0.01699315177576047,0.09491462311572053
azd6482,94,0.10999586603276042,0.18047899432864933,0.07692436990538287
azd7762,94,0.28974500606477815,0.24869414442076368,0.10059979953413715
azd8055,91,0.20828478404368717,0.17330785156872114,0.10208679482575049
azd8330,93,0.6235936407476693,0.6511891617677776,0.1703356832856133
azd8931,88,0.4524848639831133,0.5359110362329499,0.1292879978302313
azd9668,90,0.18423887300505962,0.31621187800963074,0.253511368406012
azilsartan,85,-0.08393707513738452,-0.09906195036153997,0.14138323755582272
azithromycin,85,0.04844309536871049,0.04487004103967168,0.10909370800813437
azodicarbonamide,90,-0.010147260530446256,-0.02259538214594394,0.22935788705269491
azomycin-(2-nitroimidazole),87,0.16109609505409836,0.20306918422395565,0.1844516055396088
aztreonam,86,0.01940945560378065,0.0560875512995896,0.19096167470527362
bafetinib,92,0.27875165610789926,0.2159117180155048,0.13060428401117097
baicalein,89,0.2580840572900446,0.20960163432073547,0.213783292655328
baicalin,84,-0.07011947619794125,-0.004556062347240454,0.20854125486844147
balapiravir,90,0.21083449102286497,0.06683129604477918,0.23710486204451828
bam7,87,-0.06073663563532016,-0.03989574979951884,0.37300638687845195
ban-orl-24,79,0.18600405896538108,0.15956669912366114,0.21352864388536097
barasertib,88,0.36315185260090493,0.39433834412630403,0.09471460679938842
barasertib-hqpa,91,0.28304440310577283,0.35827361044752354,0.2123224628218228
bardoxolone,56,0.10596308118045349,0.14066985645933014,0.1662893510780137
bardoxolone-methyl,90,0.2152382262592656,0.2282101831940273,0.09892272995508676
baricitinib,90,-0.17779444937267758,0.05726632917644154,0.24919390591173132
batimastat,93,-0.010999874247609526,0.00399184296553903,0.1034675873247524
bay-11-7082,87,0.16095160005943743,0.11121236421958153,0.04917120211699554
bay-11-7085,91,-0.24832529343203733,-0.08088867654085047,0.19703198805524194
bay-87-2243,93,0.08073140741617803,0.06573960788994657,0.21617140144780161
bay-k-8644-(s)-(-),80,-0.011921128664632831,-0.030239099859353025,0.20940910282248107
beclomethasone-dipropionate,85,0.02837701487693967,0.044694156732460424,0.3366463031022532
bekanamycin,86,0.07399153070867374,0.06659748101325534,0.27746272116078724
belinostat,86,0.1592739271043083,0.14065400296163236,0.10580562776913693
bendamustine,90,0.026576544047847844,0.011647528501461087,0.2099153345007514
bendroflumethiazide,80,0.02685881456798475,0.05970464135021097,0.23736830913686588
benfotiamine,80,0.05467013663860412,0.11640881387716832,0.23667706407514905
bentazepam,85,0.12404114945333436,0.08903654485049833,0.10838751227067449
benzethonium,75,0.33755755217474953,0.33342816500711236,0.16590728699737045
benzocaine,58,0.16989756619456928,0.22655264695930363,0.20002077012678612
benzydamine,87,0.023215999788262574,0.060217248669534144,0.3019165579202106
benzyldimethylhexadecylammonium,89,0.10700391890182873,0.1197310180456248,0.1655606677500941
bephenium-hydroxynaphthoate,81,-0.05730306672257635,0.010094850948509485,0.22450983286081133
berberine,94,0.10956060812196697,0.0755337210562439,0.10044203639591322
beta-lapachone,94,0.3533255424128165,0.3292489975797421,0.04916995280556033
beta-naphthol,81,0.0818251646764477,0.10300361336946702,0.20689765508261113
betamethasone,80,0.07526297173997559,0.09029535864978903,0.27066332279282646
betamethasone-dipropionate,90,0.1193062793719697,0.10438325719224596,0.3114918921060792
betulinic-acid,73,0.027127121007969428,-0.032210292484265095,0.19204661629029834
bexarotene,86,0.26824678089276865,0.2644742792970536,0.07037980256535623
bf2.649,90,0.16388150665617526,0.10836728814256905,0.3398613500407134
bgt226,89,0.138690920621356,0.05514130064691863,0.08576454537006556
bi-2536,93,0.3412217090840881,0.3677896810002685,0.17352744263467146
bi-78d3,89,-0.014222289720746004,-0.0259618658495063,0.06734648126080758
bi-d1870,88,0.0422232229476608,0.03601493431016872,0.28590045487069327
bibr-1532,95,0.3164600468715668,0.30151175811870096,0.1642992733900251
bibu-1361,93,0.29415501255766857,0.40524007042463667,0.23190142467178285
bibx-1382,89,0.15008435324274186,0.16132107592781753,0.21032091943478268
bicalutamide,77,-0.12959502271800755,-0.1787685998212314,0.19640424628626652
bifemelane,90,-0.006148049956151261,0.0051940568794501376,0.20628468243294473
biib021,89,0.4436562862317127,0.45550703606009924,0.11426934935009525
bindarit,77,0.061998002101855215,0.05875703244124295,0.1966508169234941
birinapant,92,0.3858571400900789,0.3820569332490791,0.27844160064890466
bis(maltolato)oxovanadium(iv),91,0.4640557116168297,0.5133938525242874,0.14548989039648022
bisacodyl,82,-0.003165029230348367,0.06252652887974663,0.17891138848745597
bisindolylmaleimide-ix,95,-0.12282023114963046,-0.12513997760358345,0.06263145317434143
bitopertin,91,0.038926010764326016,0.02509953814301641,0.14701206071622597
bix-01294,95,0.28673242703322765,0.2588745800671893,0.06022399449633759
bix-02188,93,-0.03459740529473113,-0.11048610903882307,0.14335315799104711
blebbistatin-(-),84,-0.017297271798312565,0.006439202186898856,0.20524123544922018
bms-265246,93,0.084607158185741,0.13144937483214464,0.22992524795136476
bms-345541,91,-0.03519260571535857,0.046456442108616026,0.2796881855323178
bms-387032,93,0.37596847371748165,0.34494643549879134,0.07232098300590016
bms-599626,87,0.21502347483370313,0.2542830064882992,0.2395978704620908
bms-626529,73,-0.2205401577399776,-0.177465136369246,0.15666528097770574
bms-690514,95,0.47564938853412414,0.47025299381783947,0.13525280258947064
bms-707035,67,-0.13034902321208322,-0.13484715460132493,0.34215860652045904
bms-754807,95,0.2952570255390561,0.5258544872307144,0.23472685091109574
bms-986020,89,0.09593099903655311,0.08718079673135853,0.27744813396677936
bnc105,94,0.4188675780255153,0.4354224614384279,0.13539772984416668
bntx,92,-0.07751103872645496,0.016938181033552702,0.1381010147186526
bortezomib,95,-0.09642833426600216,-0.015005599104143338,0.1679629855171819
bosentan,87,0.010944927166920209,0.011354523583874024,0.2630682779788371
bosutinib,87,0.11982054506848266,0.18190930961580518,0.3190699876548946
brefeldin-a,92,0.4152854506009029,0.4807884962162662,0.058187994615885114
brequinar,89,0.29525549156885306,0.3365997637280665,0.08248234274655893
brigatinib,95,0.19930524832523216,0.28049510251817367,0.14098711959573515
brilliant-green,91,0.03997859677029784,0.05792323618410575,0.07449127732867045
brivaracetam,93,0.2982041809991135,0.32729551490555336,0.10509904714948419
bromosporine,84,0.18136921381483445,0.25495595828692924,0.2746882878212937
broxaldine,93,0.16570151814536224,0.09963892453224313,0.15755550267329646
broxyquinoline,93,0.14106934543244629,0.038852913968547634,0.13536876521586108
bruceantin,93,0.36867313253242273,0.40503118379039704,0.0884905698910931
bts-54505,58,0.28316825401592266,0.3335999261742902,0.2465762382605204
bucladesine,49,0.05984486818267343,-0.013367346938775507,0.18820521593055997
bumetanide,72,0.17224062068070461,0.1867322657405621,0.239529017443221
buparlisib,89,0.20313049542365438,0.2610486891385768,0.1071147481666204
buphenine,81,-0.050394971506240505,0.0012195121951219512,0.3789674688771651
busulfan,84,0.0148968623117681,0.0548952110964868,0.31553673369790003
butamben,90,0.028324114318186284,0.02982261184508376,0.2239745542572124
buthionine-sulfoximine,84,0.1122874730235864,0.08198845803381594,0.23721646138907038
butylscopolamine-bromide,87,0.01938571217078478,-0.13618138076838956,0.18109631583837252
bvd-523,93,0.19473815456654747,0.2960520426128733,0.21867498270469543
bvt-948,88,0.32416983614073835,0.2578557371011269,0.13915578624569916
bw-180c,79,0.25763399705746665,0.3169912366114898,0.20592957544569632
bx-912,95,0.12403984583318954,0.2494820828667413,0.12029169981747825
cabazitaxel,93,0.2769926631116312,0.34382739995822265,0.17868654839661774
cabozantinib,86,0.19725626165660376,0.18954667673003442,0.2078446732900342
caffeic-acid,83,0.008778686069131349,0.07073590529364845,0.25104449724462324
caffeic-acid-phenethyl-ester,85,0.05749332660171148,0.09018956419777213,0.29777439502169295
calcitriol,88,0.08104496966741045,-0.1153710682962911,0.15479753351718184
camptothecin,67,0.17686749693135326,0.2778753292361721,0.3362565420764212
camylofine-chlorhydrate,80,0.05374335524542364,0.05984528832630099,0.1631865680562155
candesartan,82,0.0017128167032124863,-0.03716764075271275,0.2429746630423769
canertinib,84,0.42331544920097963,0.48625990774411815,0.12026682536044357
canrenone,82,0.22350412823211643,0.27621597501115575,0.19610811640655518
capecitabine,83,-0.1655765459391207,-0.12700512852371357,0.07571881474354905
capsaicin,59,0.12687067623917692,0.1528930450029223,0.24717784321095485
captamine,91,0.32457067397060735,0.20437967829272177,0.2306085695514952
carbachol,53,-0.054121288542584384,-0.024995968392194805,0.21529906202679328
carboplatin,90,0.15713115612899026,0.17973412355434826,0.2517416588903542
carboxyamidotriazole,91,0.14911357620303659,0.14801720019111322,0.15621478048372045
carboxypyridine-disulfide,90,0.10859600180651019,0.1449479359591719,0.11388654886024342
carfilzomib,90,0.21806567771360683,0.19823846565419595,0.11362177653813355
cariporide,86,-0.01777027681743179,0.04221897259304684,0.30581717299281747
carmofur,84,0.33795339105270833,0.3769172561165641,0.09474519573081316
carmustine,93,0.057487784572414824,0.08556891766882514,0.28003547824184327
carvedilol,89,0.2189523968951839,0.032924753149472255,0.16896649603350597
cb-10-277,86,-0.07432441335584625,0.030407094674277085,0.34193772127965893
ccg-50014,91,0.00797713044952934,-0.022630992196209586,0.10065798949673999
ccmi,92,0.19211551603643343,0.1398517331196153,0.20142624867469291
cct128930,92,0.22502612408628458,0.3113142117349691,0.2003516038312614
cct129202,89,0.16875225618010514,0.12907728975144706,0.15480869725228968
cct137690,94,0.20807850318953755,0.23310334862551024,0.12179497492682738
cd-437,94,0.24441941452915644,0.19903189683199077,0.07859447816285675
cebranopadol,84,0.03045475833945901,0.045661638149235594,0.2917473519992301
cediranib,93,0.06414746391334229,0.07980961475336455,0.13802743898629377
cefdinir,89,0.26671733246849816,0.2401770514130065,0.2128656195071812
cefditoren-pivoxil,92,0.19990978220997235,0.21179661852873632,0.19056988094363647
cefpiramide,83,0.11473608331544644,0.07109273330254816,0.37855281851517475
cep-32496,86,0.2371179449306568,0.2648521156658333,0.2461458125231672
cep-33779,79,-0.15830727222194071,-0.1968841285296982,0.23128072349012052
cep-37440,90,0.18698497137248377,0.2983495904844219,0.09435305492387175
cephalomannine,93,0.36684795261962566,0.41650502819969554,0.13298262169939518
cetrimonium,91,0.2527803116566487,0.19031692944736422,0.08769863824407349
cetylpyridinium,90,0.05587257168286457,0.1347079886405729,0.10875609247990374
cgm097,83,0.36616470996717265,0.39559632257252003,0.35266332490105573
cgp-37849,82,-0.09343994999847739,-0.09036688760461901,0.2271356125700877
cgp-52411,91,-0.10011926772437751,-0.008154164675903807,0.18579324460650262
cgp-54626,49,-0.23790570022204388,-0.10948979591836734,0.24332343002841134
cgs-15943,89,0.5595476607821631,0.5959652706843719,0.141140054177782
cgs-20625,93,0.25418831031706807,0.12388469457789979,0.19442228849995796
ch5132799,76,0.2219018032193058,0.20339029391660968,0.08503698130518
chicago-sky-blue-6b,79,0.08901647168692038,0.02453748782862707,0.20113458890998434
chidamide,89,0.20210202625060278,0.18675519237316993,0.10476327422100422
chir-124,89,0.2672268858605325,0.3053285665645217,0.13552783878175356
chir-98014,86,-0.0007825283780452438,-0.02106703146374829,0.24225295445970996
chir-99021,89,0.2782638313786931,0.26671773918964936,0.30757679915318864
chlorambucil,83,0.014468900920315603,-0.013748373284077074,0.17559700301021497
chloramphenicol-palmitate,56,-0.03113820331778985,-0.07546138072453862,0.1889087338802263
chlorhexidine,86,0.023200294733654016,-0.021821784046417284,0.13973451543779475
chlorindanol,88,0.07096123811408238,0.13159099714698322,0.19383076639079158
chlormidazole,93,0.13657498339500448,0.15639640714989106,0.13274498856389544
chlorogenic-acid,89,-0.032883180316256144,-0.07858358869594827,0.2312240800505436
chloropyramine,33,-0.3410509678239208,-0.3719919786096257,0.16319621717334903
chloroxine,91,0.03669040882081658,0.07174709348622393,0.1289857846373629
chlorpropamide,91,0.04032194672012005,0.035435578913839784,0.2409868802278708
chlorpyrifos,85,-0.14061272595413424,-0.17705686925933165,0.22468900748472062
chlorquinaldol,90,0.0805525317880537,0.10726427130921513,0.21433393954206667
cholecalciferol,91,0.015243430328175375,0.16574295269947445,0.21261425655776914
chromocarb,87,0.04948390565722569,0.05227090471677479,0.2846650172839129
ci-844,75,0.02401195982399718,0.017496443812233285,0.22369501520744858
cibenzoline,88,-0.1314841646065921,-0.14722975590856258,0.13192677110836643
ciclesonide,86,0.22797000111048787,0.16873437426293691,0.2982333185448002
ciclopirox,91,0.2270760766521152,0.08436056696926263,0.17308163064032273
cid-5458317,95,0.18900132021285176,0.35957446808510635,0.08950132864720667
cidofovir,82,-0.04285979114457097,0.035622163450550165,0.20962561170103436
cilostamide,89,0.14275287151268898,0.07672795369424584,0.19495518007441043
cimetidine,83,0.03887450542287208,0.01935267201209017,0.1748088281015531
cinacalcet,87,0.12171477282440868,0.12177688827637448,0.06428809606926547
cinalukast,83,0.04532828629548404,0.030645228999622177,0.17258323838219825
cinnarazine,82,-0.04781148409221837,-0.10109815957597328,0.20753761228282244
cinromide,80,-0.04288512644736893,-0.0008673230192217535,0.17219033088836774
ciprofibrate,84,0.10887222219015356,0.16774324187506331,0.25350962394857873
cisplatin,92,-0.029296185653566953,0.017878334848881832,0.251746254991991
cl-218872,87,0.15726508307993028,0.14562222060217245,0.1596490023878626
cladribine,62,-0.03642493515660688,0.013421973760419027,0.16260843553117282
clebopride,56,-0.10255239483645344,-0.07956254272043747,0.2624337168180931
clenbuterol,84,0.11110708445097929,0.0956768249468462,0.19626634723005829
clindamycin-phosphate,81,0.17001515928382638,0.16910569105691056,0.16164543087375421
clobetasol-propionate,84,0.2787131803857657,0.32155512807532655,0.32511399333571517
clobutinol,69,0.10591562314867389,0.11037632444282063,0.3459248391101374
clocortolone-pivalate,43,0.35684003517203317,0.40712775596496525,0.19017849354673788
clofarabine,91,0.2519544264543413,0.364022933588151,0.11919713984450749
clofazimine,90,0.19406133174729967,0.1824505082932049,0.1872059326345494
clofibrate,72,-0.09212616889653003,-0.09248183162904368,0.21841881094390306
clofoctol,86,-0.0020275139561212767,0.0005188924005849332,0.12701540863169147
clomifene,92,0.3213939217328824,0.3075381841160242,0.14453986454450957
clonazepam,93,0.1581965064752746,0.16579630569066872,0.09800310861360464
clopamide,86,-0.08221353110195728,-0.08693806311618472,0.2747122064148673
clotrimazole,90,0.030522353156111195,0.025558710951969377,0.23654651201557259
cmpd-1,94,0.07958382201510579,0.09489578441642885,0.1393489831485597
cnx-2006,87,-0.11507789086898843,-0.03601370562076255,0.2247724451296146
cnx-774,87,0.33431000811291883,0.4529598308668076,0.23587510265892286
cobicistat,86,0.04900429415924126,-0.056370583518090475,0.24678161460700318
cobimetinib,86,0.6874115146138587,0.6198940668390086,0.13962082446629848
colchicine,87,0.10017273635193101,0.2038164321644674,0.17245195094483629
colforsin-daproate,87,0.12476865957730884,0.014835605453087406,0.2368014518139699
colfosceril-palmitate,81,0.15736923808935932,0.14191508581752485,0.18133913942910196
colistin-b-sulfate,66,-0.09300161769723736,-0.051790001043732395,0.36599663966488755
combretastatin-a-4,93,0.14571391923091082,0.19084778132553487,0.24217216652769885
costunolide,87,0.05775497618798861,0.04877159728803674,0.23984732938988895
cp-673451,91,0.228863101959005,0.2954769867813346,0.3445509514250807
cp-724714,79,0.1987804424502117,0.13337285001698504,0.0673616267960072
"cp-945,598",91,0.030328516360363707,0.053209109730848865,0.1725307913469304
cpi-1189,90,0.10993180518014305,0.13182697452360373,0.20571995632965318
cpp,91,-0.040914191550176573,0.03237776716037586,0.21550822050652307
cr8-(r),95,0.28371279942357513,0.27403415453527435,0.06857822702518415
creatine,83,-0.005699530494870713,-0.034654296629024806,0.2770768184292647
crenolanib,95,0.24864670183046986,0.25270156774916014,0.08274282464051398
crizotinib,94,0.08753534154276217,0.09690169214304876,0.12148896063669674
crizotinib-(s),88,-0.09728919308408267,-0.10501567398119124,0.06288206611935655
cromakalim,45,-0.25333086908978125,-0.2799736495388669,0.2759456382656732
crystal-violet,84,0.34195288295806486,0.29152576693327936,0.1439873658745289
cs-110266,82,0.23917445783854815,0.2612836168522328,0.2209768375128927
cudc-101,36,0.04951528834369643,0.04221364221364222,0.23058033190111155
cudc-907,93,0.13810669351189397,0.13940198740712004,0.0756798175962942
curcumin,91,0.14658016819492026,0.13236184105749324,0.06119975204430188
cx-4945,74,0.17627435911539338,0.15628285820066637,0.25792433745233323
cx-5461,93,-0.0834754303174716,0.04458237593625973,0.15376440260423674
cyc116,88,-0.04422598191837185,-0.012644852241907647,0.27889427619116325
cyclocytidine,92,0.24817268859645966,0.36707612163432635,0.16725438165498965
cycloheximide,90,0.12425359771004478,0.230785693707042,0.1488230395624032
cyclophosphamide,59,-0.2140175593803864,-0.09929865575686735,0.21821701472067395
cyclosporin-a,81,-0.12327882909803697,-0.1273261065943993,0.2207064062146112
cyclosporine,87,0.17346444790566196,0.18741342859225776,0.1298965905301289
cyclovalone,91,0.17781770641140163,0.1158464723682115,0.06295001926731199
cyclovirobuxin-d,81,0.17945257000670214,0.10182926829268292,0.16300264910710616
cyproheptadine,90,0.08663174549997057,0.06139852656706589,0.16685119575209237
cyproterone-acetate,72,0.1653981706721819,0.10364343832737737,0.1240742793021959
cyromazine,82,0.05977212523820909,0.03213939769919788,0.20706492072424124
cyt-997,92,0.26284110556222384,0.3526655672518225,0.17571330410964683
cyt387,84,0.11506356721033027,0.08333268399096484,0.0757895942699079
cytarabine,80,0.0421787626991542,0.08706047819971871,0.16558285518256216
cytochalasin-b,94,0.053130029006423496,0.12860600368457176,0.1304709843679893
cytochlor,92,0.0760419107517014,0.10474238244224218,0.21081546015919214
d-4476,78,0.011236611319284504,-0.02166188242137609,0.21286576068497828
d-64131,76,0.11421089359969255,0.1849624060150376,0.16823438671806717
d-7193,93,0.22639773161882074,0.22273283399480762,0.158436564386429
d-serine,67,0.05350016638795587,0.12874132013728154,0.21042514125258585
dabrafenib,93,0.2501108227765235,0.2575066627425693,0.3528116536633225
dacarbazine,89,0.1300420242558623,0.15553357010974772,0.09847897794609475
dacinostat,91,0.23950326775915576,0.28926580665711105,0.07174496090427719
daclatasvir,80,-0.09545526018844874,-0.056821378340365686,0.2551494401621676
dacomitinib,88,0.4698937791977145,0.45882121519497554,0.1276801894212775
dalcetrapib,83,0.16838113621901044,0.17484572436085805,0.1780485033811556
danazol,85,0.33242376164509396,0.34725425053742426,0.22990976328154933
danusertib,94,0.41003504063068846,0.4596972871437344,0.142315594229724
dapivirine,89,-0.05843809305457783,-0.15854613551242766,0.11092178767084483
darapladib,89,-0.10005662953924334,-0.04170922710248553,0.130788419631139
darifenacin,90,-0.030317075520710883,0.028209243939581016,0.23385906077045604
dasatinib,89,0.5524157224768589,0.5495712845483587,0.16530593921431816
daunorubicin,93,0.2013032993211584,0.18506745867155222,0.18659780396687561
dcebio,87,0.021493257145803635,0.13853247794707296,0.14665275692540652
decitabine,93,0.19423760857351424,0.23294729777915213,0.14043720953388322
defactinib,73,-0.16466940714958592,-0.10761446377884736,0.22703421714731303
deferasirox,90,0.13412810348124368,0.06395028192781001,0.275438532444307
deflazacort,87,0.08772811792173763,0.09717868338557993,0.26394026672023
deforolimus,92,0.32372639127446684,0.3094955535348242,0.24932460080011506
dehydrocholate-acid,77,0.05763267400095683,0.07205951942794048,0.22788305021253427
delanzomib,95,0.016762690362696658,0.09979003359462485,0.08317782108729625
demecarium,81,0.07727616552588569,0.03206865401987353,0.2012209752922062
deoxycorticosterone-acetate,91,0.07779299726603058,0.25785953177257526,0.1877386352460795
dequalinium,89,0.1751229390694084,0.19223697650663943,0.17618682658828494
desonide,87,0.22051315265781135,0.2362761536779179,0.2571568618190782
desoxycortone,85,0.39423164198295363,0.40400625366425635,0.28891932867103687
dexamethasone-acetate,68,0.21999351833161543,0.16604954765812877,0.2858955134980899
dexrazoxane,80,0.13297300748942228,0.19753867791842478,0.08391839851305474
dianhydrogalactitol,95,0.2092856054962081,0.22967525195968647,0.14687398732926157
diaveridine,86,0.3472450018711531,0.3020048115477145,0.20573703929826714
diazooxonorleucine,87,0.005989567157443489,-0.047696289276080765,0.20183523389081923
dichlorisone-acetate,73,0.03373882523216288,0.06337159076885106,0.3112714653565643
dichloroacetate,92,0.08308100790250916,0.15637498781436618,0.11988805017429133
dichlorvos,94,-0.003077685115265523,0.0897084853520211,0.1342799985824262
diclazuril,91,0.12852812232936728,0.1446886446886447,0.0999694653354752
dicycloverine,83,0.16421868868655579,0.13154359598673437,0.18526530380506634
dienogest,87,0.13987004444163784,0.2374061383684479,0.20581442295527955
difluprednate,90,0.09895346892777462,0.2822982261184508,0.25993713707024707
digitoxigenin,95,0.27642112326690454,0.25811870100783874,0.08041423639534917
digitoxin,62,0.004466623734850397,0.05038906096547556,0.17565816141475707
digoxigenin,90,0.1553776369240724,0.22446392558752104,0.09940248151687844
digoxin,91,0.28399478561322045,0.2476668259276955,0.06253195640147033
dihydroartemisinin,85,0.3008660264487217,0.2972249364862224,0.2759382437276301
dihydroergocristine,78,-0.18959729887866783,-0.1671113696430152,0.20840265799411292
dihydromyricetin,89,0.18751859025250067,0.16433435478379302,0.2480601913599918
dimethisoquin,71,0.1634474518740913,0.0698524480214621,0.27416833926446876
dinaciclib,91,0.2964884570778905,0.2853161331422201,0.12005866523448534
dioscin,88,-0.13496377555539069,-0.11125004402803708,0.16144254960665275
diphemanil,82,-0.09727032709359831,-0.05817307169055626,0.19958139779283113
diphenyleneiodonium,90,0.19822192428192695,0.22159937440836316,0.11054107359399087
dirithromycin,85,0.13194972737337787,0.08127809263240181,0.2616787108939331
disulfiram,94,0.18211456762716519,0.1911859263808113,0.07541045735343042
dmh1,84,-0.16387020547155615,-0.12600992204110562,0.21523252555332892
docetaxel,95,0.29441487064763017,0.3022675340572339,0.20718952128574392
dofetilide,88,0.1602803913183253,0.15441513155577474,0.23301941592408393
dolastatin-10,89,0.2574807008525127,0.34467143343547846,0.14313944102357778
dolutegravir,74,-0.17134461369350554,0.032565716401332837,0.11386892940130912
domiphen,89,0.09699278443002113,0.2291113381001022,0.24431961269529962
domperidone,86,0.26559870467628055,0.3352516628142837,0.26899174216696375
dorzolamide,69,0.11841300326364389,0.13759590792838877,0.1658413655178112
dovitinib,92,0.11220321044067723,0.056693657297223886,0.1145191861415186
doxercalciferol,74,-0.02809397772914353,-0.04059237319511291,0.2833048165154966
doxifluridine,82,0.11919277142908707,0.07425909600461468,0.16912793839070603
doxorubicin,90,0.20740274860167027,0.2529283450631765,0.08496350946956087
doxycycline,94,0.13582906644874695,0.08495466531806525,0.16501657943973227
dpi-201106,92,-0.0016071596964392018,0.0014641739746929087,0.07955232872349796
dronedarone,90,-0.027928008369946238,-0.004848335185413836,0.08297707841666492
drospirenone,87,0.04229586301088694,0.008037471750382736,0.18425178619399743
du-728,85,0.1411330418783148,0.1609341410982998,0.2211112871886881
dvd-111,81,-0.09756567268351758,-0.08283649503161697,0.20769596125347398
e7449,87,0.1309361786613691,0.14859298680469488,0.2312288040072547
ebastine,88,0.15224282535346398,0.029040893240815758,0.1941774225815187
ecamsule-triethanolamine,84,-0.010758990572177466,0.10007087172218286,0.2541598707336428
echinomycin,91,0.2773813736271653,0.29735626692148437,0.09492044048857927
efonidipine-monoethanolate,90,0.03325458585092617,0.04794830637527267,0.17135501338789583
elacridar,92,0.04648403888235722,0.009709785305858235,0.11216524003260371
elesclomol,87,0.1865818146827603,0.20710281972120115,0.19027576845479846
eltrombopag,92,0.09107365103900113,0.031256261270286516,0.24213989482246834
embelin,71,0.1945716390249842,0.13568075117370892,0.2121358537153411
emd-53998,83,0.21824456335874998,0.15668947567272576,0.3084508715614637
emetine,93,0.19852343596005856,0.1921309420787204,0.06667795007765759
endo-iwr-1,94,0.054136329541107114,0.0555214391503811,0.19811975758485986
enmd-2076,84,0.1545785909369917,0.17894097397995343,0.15456601947579007
enocitabine,86,0.005433313008510611,0.04076607387140903,0.1890887074565374
enoximone,86,0.10965367678678584,0.07901316099816029,0.12157235955393868
entinostat,95,0.082039408060806,0.20874860022396416,0.12715395423585749
enzalutamide,66,0.17736588685277915,0.1517378144243816,0.20653698186965458
epiandrosterone,88,0.024591274503695432,-0.0030291289493149243,0.24351165794972723
epinastine,77,-0.13913824601003108,-0.15234765234765235,0.2045844240286374
epinephrine,82,0.07649229101925159,-0.0025794233845952918,0.22621303419944494
epirubicin,56,0.33794040366049716,0.26083390293916614,0.0673126084537885
eplerenone,87,-0.15432744337381854,-0.05852253828584791,0.11363026786578662
epothilone-a,90,0.27036938407806493,0.2743137012799934,0.08938402674072776
epothilone-b,95,0.24111187821515634,0.2912513997760358,0.16445821032607444
epothilone-d,71,0.2058564131616465,0.19969818913480883,0.13258057958158626
eprinomectin,68,0.09949655047429207,0.049967553536664495,0.24603091430334204
eprobemide,84,0.11270669680016315,0.0867064898248456,0.23764268005848488
eprosartan,85,0.044265709700518734,0.034786007426226305,0.22035563154110321
eptifibatide,74,0.05041206502281069,0.10853757867456494,0.14669418219996913
epz-5676,88,0.18710021031953727,0.17410446972632176,0.19670469999043727
equol,86,-0.07682248669149662,-0.10482569932543988,0.1773273084471124
er-27319,93,0.07381919261710083,0.1261227656590373,0.0604221598028014
erastin,72,0.21065986077992607,0.3064184191909448,0.16280512159765248
ercalcitriol,89,0.03739544218650205,0.04073884916581547,0.26452024248511813
erdafitinib,88,0.30566869976835614,0.3221267303018563,0.15187552972554624
erlotinib,95,0.24540848829518366,0.34349616973441977,0.171015854233189
erteberel,90,0.11737776682944501,0.034119438613820635,0.2313702801910003
erythritol,87,0.11170727501947093,0.13999052270904716,0.2427769239148455
estradiol,77,0.09960278057199153,0.031205636468794363,0.24680019371777676
estradiol-benzoate,78,0.10659533411593584,0.10787946230984205,0.2238293900310157
estradiol-cypionate,85,0.049554937855231816,0.00533515731874145,0.21558459903029356
estramustine,85,0.06860370261223263,0.0805862894276388,0.06816844033836408
estramustine-phosphate,79,-0.13841823875351017,-0.1963242453748783,0.23036695329667656
estrone,82,-0.028900510888011918,-0.025065029766763534,0.21879421924065529
ethacridine-lactate-monohydrate,89,-0.0843886976859569,-0.095471569628873,0.23432177344836863
ethinyl-estradiol,83,-0.005598218016629231,-0.009991184249191888,0.33995691626015206
etofylline-clofibrate,60,0.10205751137816128,0.07507641011392054,0.1865322801535362
etomoxir,85,-0.02089146759969668,-0.016884893492280634,0.17520164140137354
etoposide,93,0.3325868414502651,0.31983527796842826,0.17585767689734713
etoposide-phosphate,90,0.36578061757583374,0.3426678190723135,0.13778300755908923
etp-46464,94,0.024384346530549585,0.11694541776541559,0.08943115404735633
evacetrapib,93,0.05261438728889973,0.048864551938169555,0.20766498173258227
everolimus,90,0.21485815183094334,0.3000861233831611,0.2923674233982493
evodiamine,92,0.17102983817615378,0.22742474916387956,0.16295468739891303
evp4593,92,0.2054846466582436,0.24857050382997087,0.11401014752460636
exatecan-mesylate,60,0.40933142886911045,0.49535982217282587,0.14572687254869712
exemestane,59,0.04968880398144436,0.018001168907071888,0.2285376771993335
famciclovir,69,0.17257073103399712,0.19744245524296677,0.24099507927187572
famotidine,79,0.11880390869470442,0.12276046738072054,0.26843543546810633
favipiravir,85,-0.10293215405882142,-0.07901113933945672,0.17739576418253333
fdcyd,76,0.15056786146379172,0.18854408749145593,0.16435432835430977
felbamate,85,-0.00648632485174452,0.006800859878835255,0.12207945897254822
fenaclon,80,-0.12603054402558428,-0.1291373652133146,0.1783030360479791
fenbendazole,86,0.24098252182989172,0.25970092928911737,0.17652818930054456
fendiline,74,-0.05669090071977695,-0.06490929285449833,0.17529058014211293
fenofibrate,89,0.26240412383140416,0.31401089547156963,0.20571268475953364
fenoprofen,83,0.15023826790488137,0.15192477225977077,0.11419733236313266
fenretinide,89,0.23633305339776683,0.2601634320735445,0.1318873982218712
ferb-033,85,0.1293357220750138,0.09288645690834474,0.15095514914988356
fexinidazole,71,0.03740100147175803,0.019785378940308518,0.28750620304219254
fg-4592,85,0.07754257494039404,0.04715653703341802,0.29566024881885344
filanesib,90,0.29765200645946616,0.46124238447899196,0.17335535378109962
filgotinib,74,-0.007214897698918849,0.006827101073676415,0.2309659024870195
finafloxacin,86,0.22564909458349,0.2477192320392471,0.3048987371063556
fk-3311,88,-0.06793908114911752,-0.15999788665422143,0.1817404794629681
fk-866,84,0.5153704112222224,0.5368135429579438,0.09588494828668052
fk-888,82,0.18682370103806176,0.2981573992446752,0.1629062152194164
fleroxacin,79,0.07773206104704551,0.017137293086660177,0.30392788880231447
fli-06,87,0.14716648627276474,0.11804694904133556,0.18602346912740528
florfenicol,88,0.047863160683230904,0.042460638934873736,0.19489382986147907
floxuridine,90,0.19882383974891307,0.28942667819072315,0.19388394035035306
flubendazole,94,0.2509328131762397,0.20306325181519344,0.10871433936587985
fludarabine,89,-0.08198095060329423,-0.1724378617637045,0.2125745312979544
fludarabine-phosphate,90,0.11018596203265983,0.16468699839486353,0.15239064569435415
fludroxycortide,84,0.14159187665523193,0.1230940568998684,0.1738087194306024
flufenamic-acid,83,0.16855660775526526,0.13721086436337684,0.18203600958761668
flumatinib,86,-0.02986002531196685,-0.03342610500495306,0.2649352347880495
flumethasone,89,0.11191914811557042,0.07436159346271708,0.35214202871962813
flumethasone-pivalate,82,0.15054033995959876,0.09733241910732361,0.27668886873959
fluocinolone-acetonide,84,0.2951952467337986,0.3149944315075428,0.28851514465149225
fluorometholone,90,0.112026512244021,0.11007943367493928,0.1978900266614485
fluoromethylcholine,55,0.12165358647504287,0.15598845598845604,0.17630720579052045
fluroxene,93,0.026931306846623336,0.004013607472173315,0.2591620565819018
flutamide,88,0.20855881638329232,0.16778204360536791,0.21248088518600855
fluticasone-propionate,75,0.11031226669704111,0.14927453769559032,0.2654415343099635
fluvastatin,92,0.27681223341853245,0.40999953762927116,0.14110257768657566
foretinib,84,0.12279472397388624,0.07841536790545095,0.10588050481028927
formestane,84,-0.050377256623499705,-0.014903310721879113,0.2384959360185755
forodesine,82,0.00835768690962499,0.041238123224605745,0.1401587312546124
forskolin,70,0.18191828218178463,0.016254046015221766,0.25529637878750383
fosbretabulin,95,0.3262355947729155,0.36082809790356685,0.15942558605048182
foscarnet,82,-0.11645741036442474,-0.03736354632622632,0.25395553543285737
fph1-(brd-6125),73,-0.09317820981131412,-0.12581759842033816,0.21321092871135902
fr-122047,77,-0.007691329819615867,0.10231873389768126,0.24193907648340027
fr-139317,91,0.06857287931148975,0.1481286829112916,0.16403503316905993
frentizole,92,0.11987025795728107,0.13397962486321532,0.18326731575895205
ftorafur,88,0.017022411177249945,0.05707794723680041,0.22952565909968958
fudosteine,81,0.20002251309335506,0.23543360433604335,0.1632460563716762
fulvestrant,79,0.008564294483107568,0.0944985394352483,0.24205825701450087
g-1,89,0.0915940528081019,0.2677221654749745,0.26495423456884576
galeterone,89,0.014288912471427046,0.12032686414708889,0.1613083048420079
gambogic-acid,94,0.272406358539344,0.1828053317920746,0.05809523689123905
gamma-aminobutyric-acid,81,0.20528865701903565,0.16449864498644987,0.2821798276725187
ganetespib,91,0.4032935199382715,0.4087353128930284,0.14681174127382585
gastrodin,90,0.1494527897442556,0.30256410256410254,0.20928119572750864
gdc-0068,90,0.5056327980094532,0.5626126682306457,0.12662322715991123
gdc-0152,90,0.32805750226762753,0.3054286537432605,0.2612638338225738
gdc-0349,93,0.11868926226494332,0.1133806809704276,0.10856317342269833
gdc-0879,79,0.2621250863473368,0.309493670886076,0.4814406122536802
gdc-0941,93,-0.005501264025023184,0.04033004088209841,0.16561682129854985
gdc-0980,90,0.25611671157481214,0.28024075796208303,0.1152736291593068
gefitinib,94,0.07529435453221361,0.15596807637132354,0.16641978555351733
gemcitabine,73,0.2158296020444642,0.12217697149204002,0.14167847316841758
genipin,92,-0.01657141137485951,0.016444985589445616,0.1605961260062261
genz-644282,94,0.46956239142041234,0.4198316656431745,0.080793696752179
gestrinone,84,0.045921205110447165,0.08921737369646655,0.2084558667083844
ggti-298,91,0.21378254184894838,0.1284599458512502,0.20784133761145532
gidazepam,86,0.06326635653880462,-0.03848294730883532,0.1435943750003244
gilteritinib,88,0.17682364536380354,0.23146419640026772,0.14871091040602658
gimeracil,83,0.04627949823478187,0.006254985097183158,0.1706676151117664
ginkgolide-a,92,-0.03957093149267363,-0.07162122589892576,0.2568977648252102
givinostat,89,0.12575930001596172,0.16857337419135174,0.07670627155856717
golgicide-a,89,0.1418746620009596,0.23663602315287713,0.154268291219066
golvatinib,80,0.20662319497618725,0.18935083075747697,0.10867726622007286
gossypol,93,0.20047637429203205,0.21172152427561095,0.03478578063197469
gs-39783,79,-0.03707017386524928,-0.017818889970788707,0.2087423724441956
gs-9973,87,0.0693801785391155,0.08558722752788508,0.11857620958422933
gsk-3-inhibitor-ix,89,0.16316559279627954,0.1325502213142663,0.25733395795685826
gsk-j4,90,0.1809907903749184,0.2568629872000658,0.09540266463541375
gsk1070916,89,0.28770730066188954,0.330915900578822,0.18056219015169692
gsk1292263,93,0.18200371448168984,0.0701411476828504,0.14785708529829816
gsk1838705a,87,-0.028819367906094493,-0.046857913537945606,0.24633438127746143
gsk1904529a,86,0.17661684860417265,0.20226425774800696,0.31712393582555376
gsk2110183,91,0.2558397135753948,0.31868131868131866,0.14702325993753498
gsk2126458,76,0.08813877758627156,0.10457963089542036,0.12255301332872014
gsk256066,66,0.06451627457227813,0.020979020979020983,0.2954854759931348
gsk2656157,89,0.048999481183911564,0.01819884235614573,0.20418239637538593
gsk2830371,87,0.2218753040782087,0.15360501567398116,0.12238428356889856
gsk429286a,85,0.14297475181676614,0.14445964432284542,0.1575492258419023
gsk461364,93,0.10148777297004126,0.29948375160395085,0.2750544586553373
gsk650394,92,0.018268722179998694,0.07738544765192731,0.18176388377428007
gsk923295,89,0.11613275797793998,0.20575417092271028,0.18481534028613197
gtp-14564,91,-0.12001111449499482,-0.1679089026915114,0.2323777518862489
guanidine,86,0.22604353701604118,0.14460116043209587,0.1924340199769631
gw-3965,83,-0.03644966995594418,-0.038138617186516094,0.25755693276552966
gw-405833,88,0.06756345329146818,0.04753266880349407,0.27237949528571576
gw-441756,86,0.04886709201561189,0.007953205339874522,0.2057062969872273
gw-501516,55,0.08720357881181985,0.13304473304473308,0.23870805483157542
gw-583340,93,0.053863693095878316,-0.00365551609919131,0.20290725799640735
gw-788388,84,0.2892318090280623,0.17057811076237725,0.2688076259368553
gw-842166,90,-0.06335449675566253,-0.048508046260855246,0.2752783598655354
gw-843682x,93,0.11003739162076955,0.3142699412133329,0.19747249432114222
gzd824,89,0.2626948544607446,0.2848314606741573,0.16317964357504575
ha14-1,90,0.1900040374228496,0.11050747005803185,0.10005357958515972
halcinonide,85,0.30796826257956345,0.3566738323236271,0.34584289335741486
halobetasol-propionate,87,0.12969076682625894,0.16346504337683165,0.38998105030768276
halofantrine,91,0.12628888296861313,0.10861602165949993,0.21403926148915955
halofuginone,91,0.11236136378923811,0.06762223283962414,0.08117719404901483
harringtonine,91,0.30903404270568274,0.44741200828157346,0.14803911508294657
hesperadin,73,0.2844105651823534,0.19107120819449588,0.20379962343408334
hexachlorophene,91,0.015371360654465694,0.018824653607262307,0.13486349543124382
hexaminolevulinate,91,0.14619352063334617,0.2306577480490524,0.09660645822841898
hexylresorcinol,72,0.23845031422642782,0.22075374622162203,0.19003315577799315
hmn-214,95,0.13173288735115213,0.34811030235162377,0.12049839453442344
homoharringtonine,88,0.5392940029675181,0.5629032608048626,0.1446519943896131
homoquinolinic-acid,81,0.1920324769035428,0.2151761517615176,0.32684831810928494
homosalate,68,-0.013722127975964397,-0.01950605031110432,0.2330023062074001
hydrocortisone,13,0.26679976317056636,0.35714285714285715,0.17848828490787716
"hydroxytacrine-maleate-(r,s)",87,0.07637347206896901,0.07062404315812494,0.2748386185106445
hydroxyurea,88,-0.18311412239850172,-0.22838223380648803,0.24243228939795897
hyodeoxycholic-acid,87,0.02388181040211767,0.02690092585842385,0.2741419059667693
hyoscyamine,90,0.18885006996722387,0.19825492859200722,0.12591016830495702
hypericin,65,-0.1283014958955818,-0.07692307692307693,0.2926128920218433
hypoestoxide,73,-0.264393664503139,-0.26940639269406397,0.19593673154603977
i-bet-762,89,0.062085380507587114,0.1935394017405283,0.10405992030572163
i-bet151,86,0.23628204091694097,0.1867918298032926,0.33873041015760896
ibrutinib,95,0.32883305644237637,0.3550882432316863,0.15497489509700185
ibutilide,89,-0.049708815433952884,-0.032584269662921356,0.19684934091814885
icg-001,93,0.17476226776080647,0.2386977410402554,0.1870262785922519
ici-162846,82,0.28247699844198526,0.30220611443062223,0.28676683353896
icotinib,82,0.2414105096568873,0.23041484820780855,0.07648143868835579
idarubicin,86,0.21811970250217358,0.2248502287843766,0.07990927002957869
idasanutlin,87,0.6460846768925064,0.6044323239017366,0.13049374162060953
idazoxan,90,0.2502701329504017,0.1358439313495493,0.18166628918643676
idelalisib,76,0.03739284721325824,0.09209526879959914,0.06339286808546588
idoxuridine,88,-0.11335572978532558,-0.06225564439435033,0.2858135635527825
idra-21,73,0.1590850901755414,0.07475626311242752,0.25850226113638003
idronoxil,89,0.24272098737355732,0.2818692543411645,0.1364613019227958
iem1754,88,0.15300725677104204,0.13484907188897893,0.17284016093974444
ifosfamide,80,0.11797226289493452,0.029512423816221284,0.17391769862809145
ikk-16,94,0.1610148121135306,0.2198533395946971,0.10758015511750539
ikk-2-inhibitor-v,94,-0.009863511775880249,0.026608387819239243,0.1727533969680507
ilomastat,83,-0.0559241242987093,-0.0881994878468578,0.20525895630766888
imatinib,91,-0.19091127397724011,-0.17955509350435314,0.1238944955780755
imidapril,83,0.08597907694357854,0.14566978716258763,0.11969377884468088
imiloxan,66,0.012563728121568654,-0.012295167519048116,0.22310771480846492
imiquimod,83,0.04706523487720218,0.03623019953583034,0.04687725144173056
inc-280,90,0.1376242755538083,0.13286163526995032,0.07242819471815566
indibulin,93,0.2183574210625021,0.2846528005729462,0.12353135733438837
indiplon,90,0.3728391603733115,0.4134419887228876,0.13220324283544937
indirubin,88,0.25126200032049867,0.2428512480029873,0.07507609034112242
indisulam,85,0.31306399591749096,0.31503045638993094,0.13028863896520748
indoprofen,92,0.04576382788211655,0.09931723255706425,0.22278664632919856
ingenol-mebutate,88,0.16987435573962695,0.2061216582719876,0.38546918093225463
inh1,88,0.14315159523444448,0.1812546229438907,0.18479834909036838
inosine,89,0.18846461970934875,0.170173646578141,0.1133874566107025
iobenguane,57,0.22758514429703006,0.27560280010370763,0.2457188933766719
iodipamide,84,0.17310611743789633,0.2038878201883163,0.17708800579798642
iododexetimide,89,0.01341376846551153,0.028975144705481785,0.2263895078947273
iowh032,88,-0.12799994567616527,-0.11852347574935722,0.2363486724144007
iproniazid,85,-0.12136876870149098,-0.10254055110416259,0.3025889145375521
ipsapirone,69,0.0043739426873611615,0.1194738765071246,0.17555556932316063
irinotecan,92,0.3187366414397526,0.32140626749740125,0.18753700870130438
isoetharine,69,-0.08554604935677837,-0.09170624771647792,0.2633678370666428
isofloxythepin,91,0.02939067867518367,-0.02178690874343048,0.2309910876777833
isoflupredone-acetate,77,0.2452022306651357,0.21199852778800146,0.2885938898481001
isometheptene-mucate,49,-0.1024081845674238,-0.13285714285714284,0.2645967824454778
isopropyl-myristate,94,0.12766193939262083,0.12825922046021024,0.20270149093741976
isoxsuprine,60,0.029284905488799074,0.0045012503473187,0.25358561845817124
ispinesib,85,0.374372805073676,0.38107694582667734,0.22687429335564588
istradefylline,71,0.4404115723521578,0.3868879946344735,0.15233209450963534
itraconazole,42,0.12268360968046928,0.10866218296734464,0.18978401878177195
ivermectin,93,-0.11357691206203249,-0.04881979051654679,0.15927052449158097
ixabepilone,90,0.3864645004080441,0.40013993497139555,0.06390035175515765
ixazomib,94,0.11978315079038913,0.09636961311996532,0.12011276279264409
ixazomib-citrate,89,0.00814641454442696,0.10294518215866531,0.09746086704515185
jib04,91,0.3274736944988761,0.38447204968944104,0.08647676019494711
jk-184,92,0.2857743205441121,0.33034847340597684,0.11420915232256504
jnj-16259685,77,-0.07499775179131005,-0.07994636942005362,0.2842939633816218
jnj-26481585,73,0.10899240555644867,-0.0020979883993582625,0.20427101105038484
jnj-7706621,88,-0.01678470299724196,-0.010196893381705473,0.10207647421066904
josamycin,85,0.019911296219786122,-0.00982997850302912,0.1901316417623275
jq1-(+),90,0.15211917007099846,0.16901675103922295,0.32583130377303826
jtc-801,90,0.11347554388353602,0.12234432234432234,0.08643075612855738
jte-607,91,0.14594908525644038,0.16633221850613158,0.12177445169918713
jzl-184,86,0.03741446179813891,0.0349733477994245,0.19857806373958467
k-858,90,0.17915315832185627,0.08768983825163601,0.16245954407005758
k-ras(g12c)-inhibitor-6,92,0.09556106280756041,0.07015705192423285,0.2545349289940487
k-strophanthidin,19,0.3223003831158826,0.39649122807017545,0.19186161980646066
kd-023,90,0.04849138347696668,0.05540601720377001,0.17301371659403736
kd025,95,0.06203100193287459,0.03233482642777156,0.27118911405524293
kenpaullone,88,-0.04995759944734361,-0.046458384699376576,0.3552519896592582
ketoconazole,59,0.04811289331331499,0.046230274693161905,0.17152499616996875
ketoprofen,87,0.1748382075910189,0.08278049136108478,0.25853392761717264
kf-38789,92,0.18048412519474,0.19570611716474268,0.10846921197728127
ki-16425,90,0.06600062067245809,0.07870107420669217,0.19712511858475332
ki-8751,87,0.020328083398144223,0.048552890573740605,0.2003553766313813
kifunensine,84,0.1935126004723839,0.20558874152070467,0.27767109617199937
kp-1212,73,0.006089673507585273,-0.01573491299518697,0.18207686724510216
kpt-185,92,0.3083124775757677,0.3192361635559392,0.10628322630409785
kpt-276,91,0.11753071919216115,0.14879757923236187,0.14205389392319515
ku-0063794,95,0.019373446704994867,0.09573068309070548,0.14592013721971708
kw-2449,91,0.16409025340937058,0.19745182353878007,0.21199890263192625
kw-2478,94,0.517454971922995,0.4956471480692122,0.1517046877564027
kx2-391,90,0.24844485399836308,0.38612997489401985,0.17331127419623119
ky02111,82,0.10480190784718117,0.08494683340407702,0.25476237705863736
kynurenic-acid,85,0.11999192998872266,0.047938245065468045,0.31765663458340687
"l-798,106",89,0.14588562475772113,0.2691521961184883,0.28171109126790506
lacitol,73,0.17140375039858358,0.10656546957916824,0.27356979663243136
lafutidine,87,0.1342176292807405,0.12263979004155427,0.21053607839919883
lanatoside-c,89,0.06899377203149668,0.06493020088525707,0.11047700884339312
lanoconazole,59,0.19318697434640947,0.15119812974868502,0.21992796454495445
lapatinib,94,0.26355573936788335,0.3169162654859985,0.12155894697181606
lappaconite,93,-0.06055915675389549,-0.14569842738205363,0.09091010557509577
lasalocid,93,0.09373820172116591,0.0802124675479693,0.04566621027710878
latanoprost,83,0.004078377023223887,0.050585617732253056,0.28372769619882976
latrepirdine,69,0.023873765986820363,0.03452685421994885,0.2427710011542993
lb42708,94,0.22372290951099574,0.32661922479500055,0.13314390094303555
lcl-161,87,0.25302389072071974,0.2763723846322082,0.1709165594086682
ldn-212854,94,0.17118227854007295,0.14932630134017266,0.060310880035179794
ldn-57444,88,0.1589111950968256,0.13055193547250893,0.08749470296426551
le-135,88,0.06272696366705155,0.0482723398260012,0.1261817555652998
lenalidomide,89,0.03274914657774035,0.12645556690500512,0.18716134128396703
lenvatinib,84,0.09420489793218892,0.061993818293111264,0.07374782837091798
lerisetron,90,0.09661361073722913,0.12519241058566902,0.220388669706589
lestaurtinib,76,0.257025329758513,0.3496377306903623,0.11543387953223896
letrozole,84,0.11719167513296933,0.1365596841146097,0.22741873316464722
leucovorin,81,0.03631387619920196,0.014588979223125565,0.2446613992686553
levobunolol,88,0.048226957914797766,0.13567679898559404,0.16238930478374367
levocarnitine,82,-0.12261557936802837,-0.026871714500277533,0.26561848259797144
levocetirizine,88,0.04373955014804676,0.13206649994716635,0.21519693606816134
levonorgestrel,61,0.31765465501853707,0.17615018508725538,0.17259193845838067
lgx818,90,0.3969573246279428,0.33525949705724983,0.4025339345940034
licochalcone-a,90,-0.027800560206624046,-0.11763592213030415,0.18622848770623576
lidamidine,55,0.07481895155738331,-0.02438672438672439,0.17429487271432634
lidocaine,80,0.10574821202396997,0.11692451945616505,0.19854051643950615
linalool,86,0.08872941793258954,0.08784376621538752,0.21012815154213307
linifanib,83,0.11722323170658189,0.12502493694230246,0.04990236078917941
linsitinib,82,0.2142715059739683,0.20973249334073385,0.07490492508599912
litronesib,90,0.3985112989649198,0.40351957704307456,0.1778270087478871
lomefloxacin,48,-0.11673009655832334,-0.06893182805036908,0.1539057606001367
lomitapide,79,-0.07668876861799637,-0.06762414800389484,0.2589136047343305
lonafarnib,93,0.20775831235952802,0.244337680164722,0.2549224757747542
lorazepam,84,0.14586962787724644,0.1145894502379265,0.19881466147799526
lorlatinib,84,-0.013961933736719261,0.012999898754682595,0.1566819680822135
lovastatin,57,0.18696011326724227,0.09586466165413535,0.2842935219478695
loxistatin-acid,85,0.05631932102263274,0.11539964823138557,0.21274892185868452
lucitanib,85,0.05889101782066032,0.033906585890170024,0.18637516324858613
lurasidone,82,0.23951978807355315,0.24543703268357986,0.1958401011279422
ly2090314,91,0.16869906665599915,0.2493231406274885,0.3222057335224951
ly2109761,80,0.08567435781414602,0.11319737458977966,0.3066470245014863
ly2183240,95,0.2945921315446419,0.2097844344904815,0.1541473324009666
ly2334737,93,0.1676516916530298,0.10671122914863775,0.08367141834904382
ly2603618,89,0.1837331896709201,0.18105019199757252,0.10085888339186261
ly2606368,93,0.3860072629877151,0.46635433141356564,0.20031441142555342
ly2608204,88,0.07173112577935162,0.0296220633299285,0.10705334108174118
ly2784544,93,0.02862921604831302,0.13246396705559366,0.17808774685347958
ly2801653,90,0.24464400108436068,0.22282616753838186,0.10046635472315076
ly2874455,89,0.3829702833568441,0.4395812053115425,0.12259257268895878
ly3023414,93,0.2946229061497397,0.2582137208677747,0.07986358006758802
ly303511,85,0.1745438732459587,0.20267735000977136,0.24128260538082663
ly364947,80,0.15045671281797343,0.07503516174402251,0.26589043044234395
ly456236,91,0.0919813898240669,0.01546424589902851,0.16083868665421291
m-344,94,0.43562079423223704,0.45388866813567896,0.07564077207442996
maprotiline,79,-0.06200061594598923,-0.09330574488802337,0.24553387712665756
marimastat,95,0.0132341513854661,0.026973684210526316,0.10346314844873845
masitinib,82,0.05725364629305378,0.011373406906759831,0.24329803841137895
maxacalcitol,86,0.25196874082767623,0.19828293787442802,0.2004453608786424
maytansinol-isobutyrate,57,0.4269962300397157,0.4174228675136117,0.1963160594991913
mebendazole,62,0.049692505576749174,0.11324318198987686,0.09813800568838425
mechlorethamine,81,0.09628276151650968,0.11485998193315265,0.17203955060296042
meclizine,84,0.020620521032379917,0.08664574263440317,0.1162106754158204
mefexamide,90,0.12651914446112456,0.05023665473103675,0.10579071134660024
meglitinide,86,0.0782860215383422,0.0678616915892259,0.19191069249112178
mek1-2-inhibitor,88,-0.0387592740793609,-0.08192737135007575,0.16288850195935795
mek162,89,0.48384679066641156,0.4770173646578142,0.1724573203289564
melengestrol-acetate,83,0.09599519213777673,0.10986104697535785,0.29231862577931095
meloxicam,85,0.16305956976042688,0.12606996286886846,0.31404900593564045
melphalan,93,0.2360436906480182,0.2621378054967025,0.21820182886593092
menadione,88,0.05693523730601644,0.0864450285531456,0.12104259895421615
mephenytoin,80,0.11049241013446043,0.11465072667604315,0.2101473869492867
mepivacaine,87,-0.10032845460028986,-0.08837573813516074,0.17863789868786437
mercaptopurine,92,0.1778618680133882,0.19744771357674584,0.2773108638139285
mericitabine,87,0.14780575713801652,0.13306481008966972,0.29405503652692355
merimepodib,89,-0.07403677966596722,-0.11338100102145049,0.18288193041785794
mesna,86,0.29125574870244325,0.4143497334779942,0.26246519796149204
mesoridazine,77,-0.02682149794075007,-0.001156737998843262,0.19035037214639125
metaraminol,91,0.09487753157495901,-0.08458353240961937,0.12033394294016252
metatinib,93,0.022957684458764102,-0.0009101489063292648,0.21276923491502106
methacycline,91,-0.041353588657610865,0.02084726867335563,0.21683445427990677
methiazole,89,0.109215320253474,0.07368062648961525,0.1983101857239787
methocarbamol,55,-0.09099233434079898,-0.04906204906204908,0.18080441124939448
methotrexate,62,0.06021780730402207,0.16773689909596837,0.19557289915559684
methoxyflurane,95,0.09045038998434572,0.10027995520716686,0.1552715341095371
methscopolamine,88,0.1424697512042236,0.189267725687718,0.289167991257109
methyldopa,79,-0.21387656808225225,-0.22227361246348587,0.24840048698127293
methylphenidate,79,0.04691703632842535,-0.008227848101265823,0.20000058763739695
methylprednisolone,79,0.17978795156820573,0.10401655306718598,0.38961634257266714
metoprolol,82,-0.011285012658015087,0.03779889204514535,0.18681432305593798
metoxibutropate,82,-0.12871540923618852,-0.13562107508625287,0.23841238407674573
metronidazole,88,0.0006315913495234587,0.10647740481138389,0.2615736781995199
metyrapone,85,0.09190972587536152,0.04322845417236662,0.10122768285989463
mevastatin,90,0.2663434942902227,0.2689467835535251,0.12801907677092778
mexeneone,82,0.019130051787101945,0.08710179471272625,0.23750092376183943
mexiletine,95,0.106113323946102,0.10097984322508399,0.08941826834644388
mg-132,92,0.09388842304683126,0.1675169150624971,0.06587397263013021
mgcd-265,93,0.1885518572526057,0.10192175703500342,0.15343510648263625
mibampator,73,0.09121086411776817,0.23287671232876714,0.1267513351537191
mibefradil,85,0.10552012482340568,0.10627320695720151,0.2571152978607954
midodrine,85,0.04083816264128008,0.06648426812585499,0.2699458699290476
midostaurin,94,0.32595732666105764,0.3434093125745042,0.08054160960782726
mifepristone,88,0.09848892498521913,0.07305131907999016,0.20850493168443276
minocycline,73,0.07016114113355001,0.009410095026533383,0.3533575642578633
mitomycin-c,89,0.3278038797453022,0.3261831801157644,0.10364408975353276
mitoxantrone,86,0.08031318521308746,0.11156186612576065,0.14757887665799851
mk-0773,72,0.14975870567174174,0.08370313203421444,0.2125168917947685
mk-0812,90,-0.004293746485551435,0.05102687574597686,0.27279331754893565
mk-1775,87,0.2704125062154542,0.2565313797904745,0.12075295732430893
mk-2206,93,0.14186816018964063,0.0894183999283817,0.09948360916569894
mk-2461,92,0.12671011309662183,0.0735940076753541,0.4104133985362572
mk-3207,81,0.11929283742865385,0.09040198735320687,0.20631227266821012
mk-5108,95,0.1706706151626755,0.36541153415453526,0.1694143210502023
mk-8245,91,-0.12949441732583086,-0.12006688963210702,0.24723587570284064
mk-8745,89,0.21392579040379273,0.24528430371127002,0.16040920731571975
ml133,92,0.13877713705617828,0.025152967649461337,0.11939266046026102
mln-8054,73,0.13190406745544675,0.07410835493027274,0.1859310333935837
mln0128,90,0.38022886698865227,0.37228166879735897,0.16226565143032898
"mns-(3,4-methylenedioxy-nitrostyrene)",86,0.25182825630298156,0.18864097363083163,0.12088686850780803
mocetinostat,44,0.24917862787392586,0.3124735729386892,0.1824357498981693
monensin,91,0.2128760045706067,0.30299410734193344,0.15084855480229875
monobenzone,61,0.20437813275958105,0.1703331570597567,0.15369555651937442
morin,73,0.3569182891363932,0.3164568678267309,0.2195067930801451
motesanib,81,0.15130789778598222,0.1464947748516935,0.06768824763171043
mozavaptan,89,0.14632318724303114,0.10868232890704801,0.10328559149990836
mpi-0479605,90,0.18131371922357245,0.30424332222085027,0.21440309082000442
mrs-1220,85,0.4693061223768838,0.39941371897596245,0.12273201029210452
mtpg,87,0.10330586703127055,0.08021068746810525,0.19492437742264893
mubritinib,72,-0.0047469319542728546,-0.059553669046240924,0.13237023799816258
mycophenolate-mofetil,71,0.16140822416174488,0.23192488262910793,0.15950767088955595
mycophenolic-acid,62,0.13328644380301172,0.2472614640779633,0.13084166206199832
n-acetylmannosamine,74,0.2639379646453851,0.31095149944465006,0.17731400109948428
nadide,80,-0.0670447360793576,-0.06882325363338022,0.2730343474074482
nadifloxacin,71,0.059269008603697604,0.11991951710261568,0.24093239589765658
nafcillin,82,0.2561799336157331,0.23157127153600854,0.22698967520251187
naftidrofuryl,58,0.2663275135324735,0.225137654188071,0.17034472486417843
naftifine,90,0.056187861831158356,0.09399514343334567,0.18017437365891953
naloxone,70,-0.1620579658954006,-0.08120024494794856,0.36707815861099846
naltrexone,80,-0.006198143643508652,-0.003867791842475387,0.18799057685718193
nan-190,75,0.0853196730559287,0.11943100995732574,0.21528019816003444
nanchangmycin,93,0.08295774988668414,0.10454776043687147,0.12435163833484465
napabucasin,92,0.4342480780659982,0.39994143218584605,0.11631313202441253
naproxen,60,0.2934628553162929,0.29041400388996946,0.16955242604676676
narasin,92,0.08408134111980282,0.037143781884314844,0.14094194596710674
narlaprevir,37,0.0400918137493256,-0.09815078236130867,0.33951752861959855
navarixin,88,0.12087384747081507,0.17084639498432605,0.1767935584432872
navitoclax,95,0.06203030701794978,0.04097664059296955,0.1728536344059621
nefiracetam,87,0.11668597256645144,0.12191076766056716,0.24139375472728292
nelarabine,84,0.05024865840505781,-0.004353548648375013,0.22190538773107515
nemonapride,77,0.2631610511469124,0.18265944581734053,0.2188672226093475
nemorubicin,92,0.08109394899109544,0.18447050845367816,0.1033956886244019
neratinib,81,0.35251100327464885,0.31792684732790377,0.10692294293456175
nexturastat-a,85,0.29689543246186206,0.28061364080515927,0.2606895934531962
nh125,95,0.14544922864859214,0.034644456886898094,0.07692178475153999
niacin,66,0.004385074331312249,0.03746999269387329,0.2572748014617409
niclosamide,92,-0.14872269819473669,-0.10911949200869257,0.15700144572736796
nicorandil,85,0.02774081853231506,0.05835450459253468,0.19466213680302333
nicotine,85,0.18182186128585273,0.19319914012116476,0.20932944241465573
nilotinib,88,0.14879089767106904,0.1956958190976014,0.2480016048828857
nilutamide,81,-0.12365832645973089,-0.11018518518518519,0.18564573788406466
nimorazole,85,0.22951607965183965,0.22663670119210474,0.1530472198717774
nintedanib,90,0.19680186028319654,0.2179775280898876,0.23928614807263812
niraparib,86,0.4341566385026651,0.28646047506975125,0.09159060199263183
niridazole,83,0.054575128964061526,-0.020402166155912848,0.2015612910899846
nisoxetine,86,0.023690614631493873,0.14869569319307513,0.24082772415469497
nitarsone,70,0.023752028198662664,0.07735106289913392,0.23630684390148826
nithiamide,84,0.04284659841558887,0.023407917383821,0.17147600059893345
nitisinone,81,0.01353531198165949,0.013121047877145438,0.18374480567817414
nitrocaramiphen,73,-0.08108914934602389,-0.0703751696902382,0.22740731829992789
nizatidine,79,0.01211623728795096,0.05881207400194743,0.16266667478814592
nizofenone,82,-0.070214260309319,-0.043240713531633314,0.18761128757102552
nms-1286937,73,0.3050648434670109,0.41478464766136003,0.07062615584633095
nms-873,92,0.07679677196077436,0.10870335835272721,0.08751112352199557
nms-e973,90,0.2484684210779695,0.13801703914063465,0.09324161231817839
nobiletin,89,0.1888389009603485,0.1596527068437181,0.28275779029476733
nocodazole,94,0.1986665294075293,0.34550446122168843,0.10545026787790393
nomegestrol-acetate,70,0.2620652843869223,0.2629166302160791,0.21505754390119997
nonoxynol-9,93,0.04599981450404625,-0.022604517919489118,0.24733318715565009
norepinephrine,91,0.05448021582781096,-0.03428889950629081,0.15733565990164913
norethindrone,89,0.1685183164652429,0.07473612529792306,0.16904991103636785
norethindrone-acetate,81,0.3662241741352033,0.3066621499548329,0.2458680947523621
noretynodrel,84,0.17664828752649975,0.06222537207654147,0.14299060907197092
norfloxacin,88,0.0842651893694301,-0.02403930823148181,0.22002116104832717
norgestrel,82,0.08009861723341127,0.03168228469433289,0.2556535874659013
novobiocin,92,0.04295857537699415,0.1274601975864248,0.1989779400040764
nsc-23766,78,0.010930416014603794,0.03860696265759557,0.15792492210777556
nsc-319726,89,0.08656418940490805,0.1009703779366701,0.12809173364590848
nsc-3852,88,0.08040635882679525,0.17951111267655245,0.19047405431055725
nsc-632839,94,0.05079160811338537,0.08983852906115668,0.14104494383745217
nsc-663284,91,0.034381440714868414,-0.022790253225035837,0.13313492515613043
nsc-697923,91,0.22454736655269217,0.08937728937728939,0.061553032135500514
nu6027,85,-0.14033618872923836,-0.06683603674027752,0.22960124677344942
nutlin-3,87,0.4875184618853872,0.516658161405555,0.21632998660062538
nvp-aew541,80,-0.08726905467891495,-0.08398968588842007,0.14871200620604308
nvp-auy922,89,0.3351155617676977,0.30917190708739845,0.18610192873326148
nvp-bez235,92,0.17465719164314017,0.1252525312700786,0.20429699723723968
nvp-bhg712,83,0.010326298784729473,0.08429536963183744,0.21219886314999822
nvp-bvu972,90,0.24144638041884356,0.19519282215911427,0.25473506138654073
nvp-tae226,91,0.31290512496370737,0.3802197802197802,0.09160168675659229
nvp-tae684,88,0.2578384152964048,0.2740833362685358,0.11354957753593548
obatoclax,93,0.2003217447603288,0.18090579573410628,0.13306319157717514
obidoxime,84,0.05205688664594091,0.04389996962640478,0.16683958233880156
octenidine,61,-0.03542295653084171,-0.18313061872025382,0.14431660330971446
octopamine,81,-0.09830944039841515,-0.09679313459801264,0.27831527213092117
odanacatib,87,0.19801851143220486,0.17000337905153426,0.061674702208876886
olaparib,95,0.2647666932605389,0.26278414756609464,0.19797096113321527
olda,71,0.185932340827613,0.2526492287055667,0.2285646085546969
oleanolic-acid,87,-0.12085407617356377,-0.1139826492673325,0.17919540911408435
oleoylethanolamide,77,0.02591178397273736,-0.04496848525575104,0.16312416200945604
oligomycin-a,75,-0.041432895133311595,-0.011322901849217639,0.20507234127465432
oltipraz,82,-0.004963998043955251,-0.012979140325414008,0.06034603583012462
omeprazole,70,-0.08485082743301431,-0.0788207505904995,0.14977554127278245
onc201,81,0.011237312580766415,0.031864100902996434,0.08470918740317823
oncrasin-1,93,0.20038323183939138,0.11275402106770908,0.21127209586732673
onx-0914,91,0.26742706811739375,0.23038700430004783,0.07635595571115214
oprozomib,76,0.033980202546878835,0.1233902939166097,0.0969112693241676
orantinib,81,-0.03316245459160854,0.009507678410117433,0.2105184644446778
oridonin,85,-0.09757193583421694,-0.03177643150283369,0.12349647283006773
ornithine,91,0.16261300426894346,0.21704093008440836,0.23411544584769622
orotic-acid,82,-0.10021087979673261,-0.2066041945560018,0.24894676221738238
oseltamivir-phosphate,86,-0.046137740431351375,-0.014576159252794941,0.18705755983648778
osi-027,94,0.26021134526861217,0.22521403027128564,0.07573837786779797
osi-420,90,0.23932140872387878,0.3549985594929415,0.20121202766766735
osi-930,91,0.1662419307098627,0.20391782130912567,0.18091794071525033
osimertinib,83,0.370732331853332,0.3313475552100004,0.10462346038893457
ots167,94,0.1561940202048752,0.17523389806018133,0.083279911555854
otx015,74,0.20755370163420322,0.2519215105516475,0.4178522691341135
ouabain,76,0.1923662364195537,0.4907177033492823,0.1187376692717322
oxaliplatin,92,0.22771109265145895,0.12989535009170353,0.1770717381378763
oxazepam,85,0.030886644017515744,0.019015047879616963,0.2576635514533243
oxcarbazepine,85,0.052540072833994145,0.10699628688684777,0.21289705638344955
oxibendazole,92,-0.014272255161882838,0.06581076707303916,0.11101327104236126
oxiperomide,78,0.13628344805905068,0.07214304682659112,0.14157448636933495
oxiracetam,93,0.17937706345302176,0.19465250216346866,0.11490125127829885
oxonic-acid,81,0.02571972142931688,0.06736675700090333,0.18715925433390473
oxprenolol,92,0.16019000864883526,0.19733982707334738,0.1699080199145181
oxymatrine,80,0.02555527596152814,0.03581809657759025,0.20292257635850902
oxymetazoline,87,0.1515695637611048,0.07157177225340816,0.23334193372069034
oxyphencyclimine,91,0.19172957499728907,0.26696926262143655,0.15206752653073033
oxyquinoline,92,-0.03358005996668314,-0.01339333877903303,0.07813031526756217
p22077,91,0.27995980781855995,0.32798216276477143,0.2833131590243825
p276-00,91,0.25039265906136876,0.23971970058926578,0.10301572074751458
p5091,94,0.053172339566444814,0.15046779612036268,0.159882525229634
pac-1,91,0.2112672601407131,0.20616340181557577,0.23344137343400923
paclitaxel,95,0.2370278747545597,0.25654552281492066,0.23034232959616144
pacritinib,94,0.26131630775787784,0.32445182964274105,0.06889918027313806
palbociclib,95,0.3148250874146938,0.3951540427335402,0.29446380198221606
paliperidone,90,0.17436019574127276,0.14817467177017737,0.22309732028292187
palmatine-chloride,88,0.11475231301382681,0.1032369412842098,0.27413791037992613
palmitoylethanolamide,80,-0.02168155604920128,-0.09224097515236755,0.20341841069842026
palomid-529,80,0.1471492051137689,0.16453352086263479,0.20719128183476487
panobinostat,90,0.2824075750634091,0.34707553112046785,0.15995274118183242
papaverine,87,0.23140577373220308,0.269264416417584,0.1061105777799356
parachlorophenol,78,-0.019710896901275945,-0.055248548919434995,0.2238940784482768
parbendazole,90,0.3035286284645776,0.42083384780013994,0.10255185797364699
pardoprunox,92,0.31099939081951944,0.2908620131621534,0.12959789599589921
paricalcitol,70,-0.04950647991282875,-0.051176624967194474,0.22535774236051923
parthenolide,75,-0.00209186556862575,0.02802275960170697,0.0787443406510961
parthenolide-(-),90,0.21114711222801044,0.21835617565954643,0.1497868846426999
pazopanib,93,0.05653981770271164,0.008296402428450148,0.23728321274758946
pci-24781,92,0.11157659708960672,0.17622489712251282,0.06460785659182706
pd-0325901,92,0.5124774065399558,0.5702264075335604,0.2271168433987413
pd-153035,85,0.21347764182532983,0.3103185460230604,0.2551980505778711
pd-168393,93,0.2995030039910237,0.4035689773507206,0.12883811247896249
pd-173074,90,-0.04131047472509552,-0.00316911552866609,0.26449302027513305
pd-184352,88,0.2491967312498109,0.33170723116480577,0.2594099276031119
pd-198306,94,0.17113696070813375,0.22564750930173752,0.15250563828417
pd-318088,93,0.5025049743119138,0.567380860016114,0.2443447381781988
pd-407824,86,0.12686432003851433,0.20490589178734844,0.13874501787344798
pd-98059,50,-0.08226120033868688,-0.14352941176470588,0.24903692197024763
pelitinib,83,0.39538176776896217,0.45617445207133944,0.11507211821640052
penfluridol,90,0.05582447172882753,-0.0011771000535045477,0.07438360837446398
penicillamine-(d),85,0.074443191526961,-0.0037131131522376397,0.15066232183700723
pentagastrin,78,0.039521833351643665,-0.009800326256022458,0.20124331817231833
pentamidine,84,0.028610483985057562,-0.008626101042826769,0.17164243545925223
pentostatin,81,0.018493303291605312,-0.009620596205962059,0.1376048677892786
pepstatin,76,0.004259752039491512,-0.01974025974025974,0.19471900443047407
peruvoside,91,0.24682206427878525,0.1867972607103042,0.0890741916436803
petcm,89,0.2267025372977677,0.13835546475995916,0.19480984504976354
pevonedistat,90,0.35766613500855465,0.33837710439194085,0.15975111062403605
pf-03758309,71,0.18215840274837516,0.14044265593561367,0.15538498742978146
pf-03814735,90,0.12858982652990594,0.33010659752232785,0.2503984396724397
pf-04136309,89,0.21185276557784738,0.2040177051413007,0.19657641063263095
pf-04217903,91,0.014324648178503662,0.052189839146360884,0.2548836924016122
pf-04457845,90,0.0055194121629123126,-0.04159361238012923,0.1378689555583751
pf-04691502,90,0.13617223755058702,0.14257727291435154,0.05925487282956794
pf-05212384,94,0.25320389598957166,0.2136112415561897,0.07587096881634786
pf-3845,88,-0.050275510035523954,-0.006075869113451447,0.2884714181413332
pf-477736,91,0.43419768649524443,0.4560917343526039,0.1948239215731793
pf-4981517,89,5.426989142590186e-05,0.009618658495062991,0.2588106743754868
pf-562271,93,0.13048571443672285,0.24087613022589593,0.12975229332112737
pf-573228,91,0.19268841987033236,0.1948877209746775,0.2645116318603659
pfi-1,90,-0.14977359282588124,0.0015722105609746058,0.1154255529928129
pfk-015,73,-0.19150614320859652,-0.07589781562384303,0.14619641125984956
pha-665752,88,0.2524132276016578,0.2648022260575535,0.12861977379927012
pha-680632,88,0.2054725148527194,0.21693494417244905,0.10203378866066812
pha-767491,93,0.01591595316541621,0.03557040971621258,0.1034359743150324
pha-793887,93,0.23111343983133822,0.23353525707976483,0.28891618883265735
pha-848125,91,0.3114737004875442,0.26996105058717457,0.10229653599416447
phenazone,78,-0.009188362327000973,0.01819699288053718,0.21367239216327336
phenelzine,81,-0.12948218841834558,-0.17872628726287262,0.25005082292886854
pheniramine,94,0.0724038464343265,0.05521800382906477,0.19430377109046554
phenylbutazone,87,0.03107003450990465,0.023128235036815627,0.2422414320334864
phenylmercuric-acetate,95,0.21904146903262414,0.20695688689809633,0.067480378105296
phlorizin,81,0.0667078368554622,0.115356820234869,0.20750068394293808
pi-103,91,0.2878660112165834,0.20302595954769867,0.08626745564053918
pi-828,83,0.09926910212165899,0.13611939045380128,0.19090861628490186
pi3k-in-2,93,0.28228527949522736,0.3297126316731819,0.09370583263314763
pibenzimol,92,0.24646846855074703,0.2790407348612117,0.22064899654229533
picolinic-acid,87,-0.046772793918466324,-0.05405700955019319,0.2419374258814479
pik-75,91,-0.0776924457740932,0.11035196687370602,0.05869557529346181
pilaralisib,87,0.07657175030424554,0.03769045709703288,0.18759782238046394
pilocarpine,79,0.02431422347193697,0.034834469328140216,0.3478867485157482
pindolol,86,0.04658354648674679,0.010462757677248925,0.23637337585772186
piperacetazine,81,-0.1413492952921902,-0.09697380307136405,0.3330808707515239
piperazine,80,0.22297332095078393,0.18398968588842007,0.21218444321027713
piperine,85,0.27815368208414887,0.1592925542309947,0.17602147687908337
pirenperone,95,0.0546681860952819,0.14053751399776038,0.12067972815416358
piretanide,84,0.19171225364136518,0.1291890250075934,0.17814415936509082
piroxicam,81,0.13927425053827439,0.13471093044263774,0.18572063848025777
pitavastatin,61,0.15055335907872017,0.3242199894235854,0.21224248629489018
pj-34,87,0.008467306593969827,0.04113508784719691,0.22071245666473904
pki-179,91,0.19361551282541686,0.20307373785634655,0.08619972173823366
plinabulin,93,0.18299232692204945,0.1920115782877264,0.08646923592220956
plx-4720,93,0.04620197031850204,0.0707678075855689,0.15199000323515977
podophyllotoxin,93,0.1678887113273336,0.19196681686610367,0.102951446958305
polydatin,89,0.1664950726875725,0.19676540687776647,0.12090883047799876
pomalidomide,80,0.08840140907729763,0.059821847163619324,0.20946288620363118
ponatinib,84,0.3713125606394803,0.3745601985227203,0.09938059190906282
posaconazole,88,0.04115798738474502,0.039220175407699634,0.21128653780302778
poziotinib,94,0.5004303353986421,0.5780709790972623,0.18691871832439122
pp-1,90,0.10384765528263504,0.041857019385109266,0.30352584762327095
pp-121,94,-0.030032384854701326,-0.020611927897987936,0.083602898362315
pp-2,81,0.08905658422294489,0.05869467028003614,0.3725424890140149
pp242,90,0.3265394262023928,0.3341400172860847,0.06595982484204521
ppt,89,0.0443673232400488,0.06896493020088527,0.22665131443996184
pq-401,84,0.2188248303122553,0.169079680064797,0.28637810348463644
pr-619,89,0.033800000125423654,0.17626830098740212,0.07669698742119291
practolol,62,0.0974924793935138,0.12890634836695122,0.18125170095184484
pralatrexate,88,0.26932409410023217,0.3068511187663024,0.15730003178517576
pranidipine,89,-0.10681014259555718,-0.06785835886959483,0.3094286485085148
prazosin,86,0.19684393422696383,0.22226520118873533,0.16022022861837373
prednisolone,79,0.19510946683313393,0.1822541382667965,0.36269151312544295
prednisolone-acetate,84,0.22169579546925489,0.2094158145185785,0.3361940104986439
prednisolone-hemisuccinate,89,0.19731106707179408,0.20408580183861086,0.33454098161336565
prednisolone-tebutate,56,0.1558248218835622,0.17805878332194122,0.2700395316509176
primaquine,88,0.0719967733629308,0.1549082455707795,0.20891014767756136
proflavine-hemisulfate,73,0.16304204916570889,0.19603850425768238,0.13460124328083437
propoxycaine,81,0.04054500815038446,0.11867660343270099,0.2731149595314107
propranolol,81,-0.005797942610079919,0.06129177958446251,0.3454091411543571
proscillaridin-a,62,0.24537056556246903,0.29208531641107,0.07918957437105406
protirelin,76,0.06289973391343807,0.08388243335611756,0.16857842458058783
prt062070,91,0.006078390990352487,0.10457079152731329,0.3068979841456046
prt062607,93,-0.08504230004100072,-0.21482498284145501,0.11642330668259179
psb-1115,84,0.030041235049349642,0.07696669029057406,0.29934800210446144
psi-7976,81,-0.018175012570290576,0.031097560975609756,0.15050791404940603
ptc-209,91,0.07091426755290678,0.1283803153368371,0.24561857931504366
pterostilbene,74,0.09809229593193178,0.05380229544613105,0.1544239700156219
pu-h71,91,0.16989703833708303,0.21110049370918937,0.07758938958279865
puromycin,91,0.16288883933414697,0.22853957636566333,0.12196912719993457
pyrimethamine,93,0.21535829676341467,0.2767598698934678,0.14755937574037345
pyrithione-zinc,95,0.0859206806532344,0.050881858902575586,0.0926722804032047
pyritinol,59,0.22272205182676014,0.19304500292226773,0.22258740229421903
pyroxamide,84,-0.06294821060529567,0.06489824845600892,0.1359116558884296
quinethazone,82,0.03239801567228688,0.032335303272711446,0.25957222427521937
quinidine,79,0.17856575380815004,0.2225657254138267,0.20856442990788154
quizartinib,92,0.2857882371202378,0.3786662145708429,0.3426963397994778
r306465,76,0.10018667102892737,0.1277922077922078,0.08771660527432593
r406,91,0.11397836484042773,0.2929447364229973,0.195216794845381
r547,76,0.07668746389007566,0.14944634313055366,0.130214461477386
rabeprazole,62,-0.05047259745072047,0.03830172999924454,0.19371362495283778
racecadotril,82,-0.11385322578707084,-0.12367083510192532,0.26542600401559746
raclopride,89,0.3002651632615649,0.32112700034048347,0.21819475509631256
radezolid,75,0.15762969547889716,0.2306401137980085,0.24127515807528385
raf265,91,0.312870210899416,0.37345118649466486,0.1813884156203112
raloxifene,58,0.09374681350202523,0.10000307607124181,0.1701632367530291
raltitrexed,92,0.24203330119868746,0.3159533313811013,0.14414057624188886
ramatroban,87,0.07504771324658857,0.012356929357731281,0.246215629090067
ramifenazone,80,0.11171277551689454,0.09810126582278482,0.27287889672867893
ranitidine,52,0.046280769992254035,0.09288824383164004,0.1990978153723942
refametinib,73,0.3918775816005202,0.3603603603603604,0.1695269162781746
regorafenib,95,0.07082636936686536,0.10420110147931236,0.2112388143176681
remoxipride,69,-0.09304086997840141,-0.03975155279503106,0.21833553130199312
repaglinide,81,-0.25341166185844577,-0.2571364046973803,0.19087519665825045
repsox,91,0.3120289037762619,0.24717311673833414,0.22383216121395566
resatorvid,89,0.00575679441853042,0.03985359210078311,0.2087618602956352
resiquimod,75,-0.12047610549426575,-0.031629563154783644,0.06509749802118185
resminostat,94,0.21186058257686524,0.24064735222695757,0.2074778153800371
rg108,83,-0.008130577744018154,0.023298769992863438,0.2717255070813224
rg2833,83,0.13270176414126533,0.14669829142353383,0.2960949057395498
rgfp966,80,0.3338732985688087,0.2916783872480075,0.2005933927832875
rheochrysidin,87,0.10578301412326495,0.1821280163301013,0.1501369475667912
ri-1,85,0.08614029897231133,0.06677740863787375,0.22544403528119433
ribavirin,79,0.25054719721472773,0.23889970788704967,0.21160118805681646
ribitol,89,0.14755648994650516,0.12645556690500512,0.19005000414894505
ribociclib,87,0.21540842455952625,0.2857522302386176,0.08431953879595037
riboflavin,86,0.14381822193993785,0.11897731025048351,0.20501060158819195
rifampin,91,0.23330542516787564,0.12756808408982323,0.1901430166281683
rigosertib,86,0.44360078161655514,0.44945555323204767,0.18617379249490096
riluzole,84,0.047017130584048536,0.03697478991596639,0.215662100289637
rimexolone,80,0.1759526325203315,0.1610642287857478,0.28305593614477237
riociguat,83,-0.06404932940871139,-0.10230468913983458,0.2566485502371141
rita,87,0.40283018313185964,0.3514981409929284,0.25896793039951965
ritodrine,84,0.07997081046029166,0.12402551381998583,0.1800116446687918
rki-1447,90,0.2680658082259129,0.27335885088694073,0.18553200794293018
rn-1734,90,0.047073320331906726,0.018002222496604516,0.14842875880113615
ro-04-5595,85,0.26917252242627077,0.27609927692007036,0.2857005742368111
ro-10-5824,84,0.10933706318956075,0.1174648172522021,0.16052826900118217
ro-106-9920,94,0.008512500585955499,0.1353393779575913,0.09950186549080128
ro-4987655,93,0.6084014838005521,0.6050998179702186,0.1824038582711541
ro-90-7501,91,0.13428619516362136,0.08874024526198439,0.22138889661163827
ro-9187,90,-0.054751439483504805,0.010412808165617153,0.21067175884452233
rociletinib,85,0.07127586614878346,0.13404895543218545,0.08969171924573094
romidepsin,91,-0.06627311988912293,-0.023331740723045075,0.15615537216652023
roquinimex,87,-0.011666101981775347,-0.015400597798352409,0.15234523320977517
rs-16566,87,-0.1868892521147461,-0.1639935846030473,0.15229816942061208
rs-17053,88,0.057008412842937686,0.022806523193969922,0.0621766173980507
rs-504393,88,0.00941708938395291,0.012257405515832485,0.18954046739384595
rs-67506,71,0.1571002396845092,0.181757209926224,0.2077013675751304
ru-58841,67,0.00010815057824203108,-0.034759358288770054,0.22039820176496078
rubitecan,94,0.33917021112773715,0.374128526532529,0.1536374258955181
rucinol,85,0.08691726618890623,0.09794801641586867,0.2174765350240554
rutin,92,0.05997023898463604,0.07992848666060447,0.2347011495154489
ruxolitinib,83,-0.10378366050728635,0.00905760118704253,0.07080588101323464
ryuvidine,89,0.1397098904319509,0.12861763704460336,0.06326071305514638
s-methylcysteine,71,0.1247324368654199,0.0880281690140845,0.19026630022404184
s26948,80,0.014887312127957464,0.03619315518049696,0.2614885349138888
salidroside,85,-0.02158694730711356,0.02356849716630838,0.2652100666889006
salinomycin,89,0.026911473214580182,0.14940415389853595,0.1780975777581004
salvianolic-acid-b,81,0.2805578459539442,0.2711833785004516,0.1257106174111318
salvinorin-a,88,0.05837861889225711,0.12290866823993521,0.24618981982807087
sangivamycin,68,0.14459693127565112,0.051379928999503756,0.02907151772199513
sar131675,86,0.05498594241312147,0.11416576253596869,0.36434782677142924
saracatinib,89,0.2908108398222598,0.2907861259432879,0.10303345692859739
sarafloxacin,76,-0.04341010922274274,-0.07319207108680793,0.18391562019660404
satraplatin,86,0.012002529889055098,0.09318364073777065,0.23246734476433012
saxagliptin,93,0.008425529365981576,0.0007907851153352629,0.21596022454982985
sb-200646,89,0.10700822081830487,0.030864828055839295,0.25183276704881474
sb-205384,91,0.06803681366923654,0.10651377607899348,0.19796554155857038
sb-216641,90,0.14781624791941128,0.14608387866814834,0.12773797342023788
sb-218078,92,0.11920103447554363,0.20712667416734737,0.17946848445421837
sb-218795,86,-0.0013399563528670054,0.0012170385395537523,0.27886677208208344
sb-225002,76,0.19872272980929845,0.24596035543403966,0.10557475622780348
sb-228357,85,0.2723029138110237,0.26785225718194255,0.1847287862668838
sb-2343,94,0.18245056927494058,0.1766643788606726,0.0734952280988004
sb-239063,91,-0.029104742869877766,-0.06515368689281734,0.13683278402161
sb-242235,73,0.12553065096260912,0.1714488461063804,0.22176975331512414
sb-366791,89,-0.004586986677050438,-0.050663942798774265,0.21513427779803287
sb-431542,89,-0.008202956628916014,0.08266939053455907,0.12466315441311425
sb-505124,88,0.13025279104366344,0.18856327709485404,0.20110264604929348
sb-525334,72,0.23407286549117873,-0.05894269727956783,0.26726602922771214
sb-590885,89,0.19948057331061322,0.23558052434456933,0.2922591244529084
sb-657510,88,0.13904349215037176,0.07055052657532317,0.28827581363629307
sb-743921,47,0.2319380269329701,0.20501850138760408,0.20698617196515506
sb-939,95,0.3278081298147196,0.378471444568869,0.08680922507977888
sc-12267,89,-0.23409586566769705,-0.15706503234593125,0.24240062918459404
sc-144,87,0.10666226853189596,0.14412772472114893,0.32718056625664915
sch-58261,84,0.24828485345225515,0.2469575782120077,0.2740836485702809
sch-900776,87,0.18115284772110737,0.12285977021240162,0.12430705141923618
sclareol,87,0.1378417600696844,0.18128964059196614,0.24755286968259801
scriptaid,93,-0.073844779517989,0.07597505296768224,0.09616083416552632
scs,69,0.08017555399795082,0.18235294117647058,0.29823479442616563
sdz-wag-994,90,-0.03353036648807434,-0.08645511791579207,0.22387066440835138
se-methylselenocysteine,85,0.010021274945938824,0.007641196013289037,0.21803133018784823
secnidazole,88,0.11447696678404953,0.16609136698249446,0.2180788605616495
securinine,88,0.20856693366259949,0.202247191011236,0.25229912104708435
selamectin,67,0.12361407788436658,0.12339372655439383,0.21278144385568099
selinexor,93,0.3098617531764595,0.30427322371758525,0.10508915976707342
selumetinib,88,0.5421055944709873,0.4746869045642538,0.12846162743269698
semaxanib,93,-0.19422037506914142,-0.08471796223213882,0.18113321966932686
serdemetan,56,0.16543303813822974,0.2254272043745728,0.23829542316523764
sertindole,91,0.040927951374418424,-0.006561554387641345,0.10470916798497294
sevelamer,78,-0.04504966909661966,-0.07004388017046245,0.1797760245945151
sevoflurane,93,-0.00951190010401498,-0.027737160932231202,0.22338125648287172
sgi-1027,95,0.2771178908859515,0.20057390817469203,0.11857575333485952
sgi-1776,83,0.06093544393567801,-0.10751018009319507,0.2805923089095302
sib-1757,68,-0.07160846086630519,-0.052944993701568875,0.19648037118610348
sid-7969543,85,-0.09670418632521925,-0.13246042603087746,0.30754738888232563
simvastatin,86,0.21062053611972686,0.1895278079154677,0.1416041003249292
sirolimus,85,0.09329313957191354,0.05823724838772718,0.18347646402317425
skepinone-l,83,0.27193955087645916,0.26390579740565046,0.21082603337537043
skf-96365,72,0.1334624823601822,0.1274036915557271,0.061322344954161945
ski-ii,91,0.14178615023371646,0.18826246217550568,0.15258638938366012
smi-4a,85,0.16442157393466464,0.1431893687707641,0.24752380765492168
sn-38,56,0.4368275793235355,0.4687628161312372,0.1449146985833795
sns-314,90,0.16154024122725633,0.21359838663209446,0.2774063191004194
snx-2112,94,0.35373711398004826,0.4192392443015569,0.08229717300218037
snx-5422,76,0.2607036163171592,0.2991660970608339,0.07696692598989156
sobetirome,68,-0.061378985251637055,-0.07817689048364317,0.269686860968676
sodium-glucoheptonate,80,0.08827910654204717,-0.019432723863103612,0.2707031386463224
sodium-stibogluconate,93,0.10036695356160588,0.15427769985974754,0.1847581634920054
sodium-tanshinone-ii-a-sulfonate,83,-0.04793548239583386,-0.002686705008186054,0.2430878613948619
sonidegib,85,-0.10994078406416533,-0.05628531355232047,0.06231870807313399
sorafenib,94,0.030115560543145646,0.06653391828730955,0.21876271437712638
sparfloxacin,87,0.17528918528218318,0.1606036305314573,0.1398668945528788
spermidine,87,-0.13766939755894783,-0.0992199460523438,0.16277330433681714
spermine,88,0.12595919290878657,-0.0350991511394456,0.2223574687347157
spiradoline,93,0.15297799571364362,0.13925278266837754,0.13016970266662486
spironolactone,91,0.2135791409805184,0.1904921165790731,0.043570210637967836
sr-27897,85,0.18151794475021557,0.13296853625170998,0.3234840387455832
sr-33805,76,0.11389859214965384,0.061681476418318525,0.14330298487117274
sr-57227a,90,0.09994943318382837,0.13869201959089597,0.3212407445720117
srt1720,83,0.15780720962873376,0.18949666260862263,0.10572947843582083
sta-5326,90,0.31941684803229575,0.3211013705395728,0.2235362314460391
stattic,87,0.10348267548880846,0.1555004738645476,0.07093223638038061
stemregenin-1,70,0.16953122683270216,0.12983990901933337,0.2984423552548996
stf-118804,92,0.5043087389905695,0.14187075196892868,0.08997022294454812
streptozotocin,71,0.057853823925425554,0.08165660630449362,0.28143058984270913
su014813,89,0.09372977427575763,0.04765066394279878,0.18616093090153046
su3327,95,-0.13021085601581223,-0.13428051511758118,0.09369519145219718
sufentanil,79,0.08813232904388607,-0.08846153846153848,0.2080339755788837
sulconazole,93,-0.18346214748443387,-0.046581719435409265,0.08286567750230092
sulfabenzamide,70,0.1967400486468312,0.16108826874289214,0.20647292683319357
sulfamethazine,78,-0.0061846802466149365,-0.05565320755194172,0.2712745805701244
sulfanilamide,87,0.2039598273951071,0.10558066632645621,0.16459610517071813
sulfasalazine,82,0.10556035733704999,0.12565165812300694,0.331970454281388
sulmazole,85,0.009590301830629202,0.003068204025796365,0.3333342560892391
sunitinib,91,0.10622340461491389,0.09306914072727149,0.1459938539535581
suxibuzone,90,0.06431852773668102,0.06706177717413672,0.2488403752706587
tacalcitol,87,-0.04847564206288926,-0.032988262739666104,0.2798785055715293
tacedinaline,87,0.14738776833098202,0.13999211555511787,0.0592645963500122
tacrolimus,92,0.05307554889646232,0.10349398147434613,0.20688058637086074
tagatose,85,0.2033449211216081,0.1557357826851671,0.1522948908153991
tak-285,89,0.08932776823815926,0.16479400749063672,0.23289258278279304
tak-632,89,0.3558278314274705,0.42087163772557035,0.08014646530936584
tak-715,85,0.11873162030510523,0.14606214578854798,0.19732051583045454
tak-733,92,0.5687664749433864,0.5647396082178691,0.15687255088174204
tak-901,94,0.39731835716078023,0.39597586966730486,0.11104934584531774
talazoparib,89,0.5489578151172528,0.4652130204237556,0.1395569149629228
talmapimod,94,-0.10482605544561405,-0.15685539384793837,0.2249091550629328
taltirelin,87,0.004966664480570218,-0.0299263687395203,0.27844529901718484
taltobulin,76,0.4587429037599926,0.5431578947368421,0.11952760529696664
tame,77,0.0183578435811747,0.006993006993006992,0.18125067749942347
tamibarotene,85,0.07034706485457064,0.07369399765688188,0.0997651834613476
tamoxifen,87,0.14787962548917977,0.08843041481373477,0.19320262066551055
tanaproget,93,0.2405753505657102,0.19926292859061204,0.19949841990653672
tandutinib,87,-0.0010061318700544976,0.00829262958372822,0.22865223094752982
tanespimycin,94,0.28052924343222346,0.36082011531953023,0.16752513226652826
tanshinone-i,81,-0.1155473327356051,-0.13197831978319782,0.17799047752251893
tas-103,89,0.1090579865426739,0.10926115083418457,0.16208023629846974
taselisib,93,0.2947581717163945,0.3399928381725403,0.2645887871584705
tasisulam,84,-0.08796457677238267,0.04089008326302789,0.07018553748848606
taurine,75,0.02468723166888087,0.02549075391180654,0.25658163398999895
tazemetostat,93,0.09293203421524798,0.13162842051863566,0.18329995293979975
tc1,78,-0.012651516444746816,0.007119462815665346,0.19127464473046346
tecastemizole,81,0.14798074190473895,0.15932700993676602,0.2984036508493687
tedizolid,89,-0.04784742157420976,-0.05314947225059585,0.1796695987942495
tedizolid-phosphate,92,0.4026714594488904,0.37593822727062565,0.09690630857607269
telatinib,88,0.05318416526778595,0.08988764044943821,0.2686680263073417
telotristat-ethyl,51,0.03048913267601305,-0.022895927601809953,0.26444280974511636
temazepam,84,-0.03573369216269779,-0.05712260807937633,0.19919068944154344
temocapril,82,-0.06478420179117603,-0.10669235206408288,0.21191399814107265
temoporfin,85,0.016051080002409533,-0.003365561968601167,0.04658858332527046
temozolomide,79,-0.052583317907588606,-0.09595910418695229,0.21858134512826488
temsirolimus,87,0.38515178498039765,0.342673848712138,0.1379555597811872
teniposide,93,0.37103028792136017,0.3008564352003819,0.10643426089063995
tenovin-6,93,0.20646202791583596,0.14847363552266418,0.09098497161844171
tepoxalin,91,0.1371704989174626,0.09031692944736425,0.1216764302916849
teprenone,87,-0.1313509199739909,-0.13753007217321572,0.18198308442366176
terbutaline,87,-0.004190682558727732,-0.002059488226288547,0.31293337915091346
terconazole,81,0.21347640260871373,0.19679313459801265,0.21318756090057342
terfenadine,84,-0.12533741856782896,-0.12347878910600385,0.29314452963022214
teriflunomide,91,0.09703001515899426,-0.009826405478579393,0.2453915899275888
teroxirone,94,0.014846478435678425,0.04263266264494456,0.12992728163717152
tetrahydropapaverine,89,0.10151297481178366,0.06458971739870618,0.22206486310935486
tetrahydrouridine,87,0.007656167243681171,-0.0983268936356346,0.29966906910678603
tetramethylthiuram-monosulfide,89,0.22112619248730592,0.22262512768130746,0.19652691423820007
tetrandrine,90,-0.08293619448826665,-0.11677984936411903,0.10952814697561934
tezacaftor,77,0.08405032274170872,0.12198327987801671,0.15712086984724175
tg-02,95,0.19956035349665155,0.14860022396416575,0.06368286541440205
tg-100572,91,-0.10415518676283421,0.05714285714285715,0.12804060428260905
tg-100713,90,-0.04827039828028767,-0.03703337860641231,0.16634060677489218
tg-101209,92,0.08548403156872267,0.10546676325077448,0.1238780689123309
tg-101348,90,0.09130511478277685,0.18584187348232292,0.12108024583181075
tg100-115,88,0.061664379228831626,0.07882779754147443,0.18599223896153402
th-302,76,0.04944691233695704,0.06679425837320574,0.1486272077465486
theophylline,89,-0.1185794612886817,-0.15343888321416413,0.19561250885769402
thiamine,76,-0.030999592395564407,-0.0720164046479836,0.1584292001538791
thiocolchicoside,85,-0.03634313985106567,-0.0199921829196795,0.209435264747184
thioguanine,93,0.2089226204690713,0.22608348932715616,0.08703440196322071
thiomersal,91,0.17667819906878268,0.28179646440516004,0.07533720848958417
thioproperazine,31,0.07063489359184591,0.0036290322580645167,0.24776249345165843
thiostrepton,76,0.12109752737808024,0.0029801777170198225,0.11511925221297899
thiram,86,0.04048729423995051,0.11197698004622858,0.12873121634112927
thonzonium,91,-0.0422529449393553,0.0705685618729097,0.0675506344652184
tiagabine,72,0.1497396618430292,0.13531416811370509,0.21474841830335303
tideglusib,92,0.10337630788800577,0.14358152366567511,0.21900665964297783
tiletamine,79,-0.07709243427980951,-0.0768987341772152,0.30858166665452513
tilmicosin,79,0.08970920291476257,0.05306718597857839,0.18918280251259292
tiludronate,83,0.13172919899746105,0.13786155073254688,0.2380046891886504
tioguanine,92,0.11310545991963371,0.12758349644745157,0.21870904760155332
tiotidine,88,0.11438971567880088,0.11132048888732346,0.33312059152661166
tioxolone,89,0.1710947354203955,0.0847463398025196,0.24410524361019442
tipifarnib,94,0.2870443260825597,0.32345482787270163,0.17177565060290603
tipiracil,93,-0.09061029690566917,-0.04813344871833128,0.09697499507715993
tipranavir,72,0.24180291173668836,0.23364846613930157,0.16120211705971912
tirapazamine,82,0.04887100384166575,0.13120231603922466,0.2020743666707625
tivantinib,88,0.3243256047026813,0.32760414538330057,0.10554082342862395
tivozanib,86,0.12435325035119074,0.10412135267868956,0.07695140598643799
tmc-353121,89,0.06411281138149225,0.1653047327204631,0.1716264607560875
tms,92,0.11724546558948498,0.09942511906046268,0.17953459972796115
tofogliflozin,89,0.12134864961730088,0.16913517194416075,0.16368781638522886
topotecan,94,0.48134179869330485,0.47462341509229494,0.12831260290528732
torasemide,87,0.07024451677506378,0.08032004082525333,0.27110044341448947
torcetrapib,85,-0.05787684557205519,-0.08438538205980067,0.29400432550680083
toremifene,89,0.12064523843746328,0.16395982294858705,0.11469767563587457
torin-1,94,0.20382771899416596,0.27106166239208174,0.08297971335146898
torin-2,92,0.07860328812588402,0.09526378250080915,0.06880247175149824
tosedostat,93,0.18008171540103546,0.18935573393810984,0.14658647838811162
tozasertib,94,0.281219465176679,0.2714160223856116,0.1417970132145332
tpca-1,93,0.08467003125585881,0.012786846110232458,0.16558658010890948
trametinib,94,0.6293762520460556,0.6485764267041747,0.20708074624791065
tranilast,93,0.01902962247000368,0.06970845394049714,0.12356649969104011
trans-4-hydroxycrotonic-acid,87,0.028359246554464285,0.03933075745425384,0.2586424597684131
trapidil,85,-0.0603449757104644,0.054680476841899556,0.19746789688551192
tremorine,86,0.19465790413885767,0.17562149157979148,0.15551633778885343
trequinsin,86,-0.1694339322365668,-0.1626397471578848,0.1910034286059031
triamcinolone,84,0.017162664709056287,-0.009861293915156425,0.24478300031774464
triamcinolone-acetonide,63,0.09269798347064076,0.09643817204301074,0.3882963801486303
triamterene,88,0.06919558503831394,0.049364235144940316,0.19492967629281824
triapine,93,0.14321073763283004,0.10772582137208676,0.11993980813673973
trichostatin-a,90,0.3484386614921095,0.43360908754167177,0.06598327464414129
triciribine,93,0.2430596211466192,0.26115305422100205,0.11876561964711306
triclabendazole,92,-0.07064494422753957,-0.02384291725105189,0.16914647639135527
trifluridine,91,0.2712982685552163,0.33650262780697565,0.14510365430802213
trimebutine,88,-0.012156457059758829,0.06236131168327992,0.3060031336343098
triptolide,78,0.3615874110103647,0.4309487980374056,0.10934257674712809
trolox,82,0.051848851203535,-0.010611551898651516,0.23187327819730694
trometamol,73,-0.030465530209729814,-0.10968159940762683,0.2628738628596357
tropisetron,84,0.15944192528663773,0.20548749620330062,0.20633462787404977
trovafloxacin,87,0.163951874760485,0.16576146387694102,0.18716327952799874
tryptanthrin,95,-0.08589168047748964,-0.004899216125419934,0.12631912237246143
tu-2100,75,0.08200071144881724,0.044580369843527735,0.19300342443961785
tucatinib,85,0.24906555258929042,0.19787860119789194,0.09583873156177557
tw-37,90,0.09365635978707151,0.14289006873276536,0.09055678850284808
tws-119,92,0.13112838514523728,0.159148004870305,0.18094017329362613
tyloxapol,63,0.07121618592735925,0.09715821812596005,0.2590518751337417
tyrphostin-a9,92,0.018283701194057037,0.04164419031179199,0.11540920266192023
tyrphostin-ag-1296,92,0.1284745436007573,0.1417782778231586,0.14816304602504052
tyrphostin-ag-1478,95,0.048718914942635444,0.10271556550951848,0.13118514426127556
tyrphostin-ag-494,77,-0.016247212139887432,0.08896366791103634,0.21473711919464808
tyrphostin-ag-99,93,0.15458649637440178,0.21325833308465875,0.1271465873006698
u-0126,95,0.1232672134126903,0.10697088465845464,0.22532434798417886
u-18666a,88,0.086436702695319,0.028829558662956573,0.27464014704537926
ubenimex,56,0.17876729995522245,0.08653451811346549,0.16391972219892595
uh-232-(+),84,0.15798904120557053,0.14368735445985625,0.19863764921239288
uk-383367,89,0.1070808511507391,0.1014640789921689,0.24054758437334597
ulipristal,57,-0.0025389742831967155,0.06598392533056781,0.19395271406900563
unbs-5162,92,0.18805812198768804,0.31148374766888093,0.12600862762494988
unc0631,89,-0.08020127414365992,-0.0852400408580184,0.06996011384976143
unc2250,85,0.1422085965392552,0.2207934336525308,0.30683951381677804
uprosertib,90,0.47893781856388734,0.4816816480402301,0.09024277699576862
uracil,86,0.15044466590492364,0.22792584555875278,0.16472698034812064
uric-acid,84,-0.004016363974407647,0.056251898349701325,0.23434598723496605
uridine,84,0.04880485984161502,0.08644325199959503,0.21271832391760342
usniacin-(+),89,0.06855357630718845,0.09373510384746342,0.27016834984756716
valnemulin,91,0.009548215633231353,0.008568243350852047,0.1850899773997958
valrubicin,91,0.11188207676550194,0.2478101608536391,0.1071826639715775
vandetanib,82,0.22118383537125103,0.16262322527740494,0.08701181345303095
vanoxerine,94,0.14690773837477458,0.08116894845211862,0.11005057588126284
vatalanib,90,0.07877326824288763,0.1339506935012553,0.19760059393622442
ve-821,92,0.1218263571080354,0.17651773191745138,0.21806802285976645
ve-822,94,0.41931532125839527,0.4098905465448109,0.10691249870343329
vemurafenib,94,0.18687553267043608,0.1325732789932413,0.25771060658705486
venetoclax,95,0.12713429601400278,0.0861219702897031,0.2619091292685159
ver-49009,93,0.09115964485321862,0.12457103637611529,0.09612473398946067
verubulin,92,0.40149343823019285,0.5070665659725968,0.14925902953015865
vidarabine,85,-0.06354695587297751,-0.014735196404143053,0.15018842554349943
vinblastine,93,0.44347680014269114,0.50358091372982,0.14153749408979774
vincamine,90,0.1978906557500139,0.15752562044696877,0.24169349781274435
vincristine,90,0.3482641369764138,0.38298555377207066,0.32041599792800923
vindesine,94,0.3492506174472478,0.3732471191706102,0.1649225159993511
vinflunine,93,0.5020338943785176,0.5702605114738443,0.10864877676747463
vinorelbine,92,0.19634923280235936,0.2814296502936054,0.14916072866097776
vismodegib,81,0.09989777547559756,0.12073914878922394,0.05291909829905344
vlx600,93,0.24931299001703242,0.19935245143385752,0.31809179022602035
volasertib,83,0.4366200614266751,0.4199260330963521,0.18841095865189983
voreloxin,91,0.16563678544124133,0.06980410893454372,0.13401889452116159
vorinostat,95,0.1802599771529516,0.18223442729012002,0.08508370881800136
voxtalisib,91,0.32518066097157144,0.32164357381748687,0.2703606620260633
vs-4718,90,0.20642523484892483,0.19430382351730666,0.2343088679379923
vtp-27999,72,0.13561323030424222,0.1084957231976333,0.19558833880836754
vu0238429,90,0.22893587966644047,0.26544017779972834,0.1083653611882576
vu0361737,87,0.231050558616405,0.17596777721076035,0.2708583667998608
vu0364770,90,0.13942746949513254,0.2526649380581965,0.13598494915938186
vx-702,91,-0.008445763100702764,0.013107182672400065,0.2448332047930534
vx-765,91,0.020320202928222793,0.11046344959388438,0.14065135802274217
warfarin,85,-0.029576740011790094,-0.005980066445182724,0.2597768506939361
way-170523,91,0.19931001112879143,0.20635451505016722,0.19308011270321682
way-600,95,0.18827370705781526,0.30818868980963043,0.11043535699045227
whi-p154,89,0.1648927424578249,0.1919816138917263,0.28990585217115694
wp1066,95,0.09821024116514543,0.11758118701007839,0.04665591844998869
wp1130,94,0.23476825277947888,0.2643138388180472,0.0684181289762932
wye-125132,92,0.06335157578451447,0.11281845783949572,0.17923134392664172
wye-354,94,-0.09431242727564151,0.05680742694072175,0.13075721366570156
wz-3146,88,0.07158700273121504,0.22248247684125252,0.10760098353488204
wz-4002,86,0.13803076460942534,0.19177319684890795,0.25732648826842486
wz8040,87,0.16123854654355257,0.35275570460013117,0.1249229293709479
xanomeline,91,0.16988042140795584,0.2616977225672878,0.19007435604500453
xbd173,84,0.3362199759344928,0.36602207147919413,0.20437333540579736
xilobam,87,-0.021592373553509542,0.1271415032441496,0.22361034462306884
xl-647,84,0.4228916122639992,0.43509047922664595,0.12316325278002996
xl388,87,0.14619432964352366,0.17312458992491067,0.14853977763902906
xl888,91,0.16949942339773622,0.21982799808886766,0.08429717913155425
xylazine,84,0.1429426174859752,0.07955857041611826,0.2124131860226784
y-27632,76,0.045132054450426756,0.02936431989063568,0.1670722836702226
y-320,84,0.10750187289635084,0.07437481016502986,0.33016959187374884
y-39983,88,0.1083861106938221,0.11836497481596282,0.27199987085344185
ym-155,95,0.5498284077501145,0.5698348264277716,0.14936895444709483
ym-201636,88,0.02310275075876243,0.08323060124687401,0.25552214469241946
ym-976,84,0.23867759232735825,0.17238027741216969,0.2523698728018862
yo-01027,86,-0.0046284863756501544,-0.030520307561677434,0.25577813761783635
zaldaride,93,0.1034173273977066,0.07878010205604129,0.19876522007215386
zaleplon,89,0.08380663758567714,0.0979911474293497,0.1438621874872509
zardaverine,90,0.09738153224957398,0.14901428159855126,0.12228040372216736
ziprasidone,88,5.857105203915455e-05,0.136205135430242,0.31896811292904026
zk-93423,93,-0.011541429517708876,0.006221837605562352,0.27289865626961357
zk-93426,92,0.018710638672860956,-0.057256908589306904,0.23483460352160904
zk811752,91,0.18957381640362986,0.12544991240643413,0.1313563744244698
zln005,84,0.16814080027215828,0.16798623063683307,0.3530070170414995
zm-306416,88,0.32569912287251707,0.3670177168821106,0.19103373337576843
zm-447439,92,0.14347222577210395,0.1957831789528844,0.12369329846963276
zolantidine,48,-0.1807982003128037,-0.03897090751194095,0.24901800204027566
zolmitriptan,87,0.055097206572677124,0.028851060727564333,0.24848683398958957
zstk-474,89,0.09294858882720095,0.14875723527408924,0.20620172789232388
