drug,HR,pvalue,padj,cohort
pardoprunox,0.10347326871687065,1.8997861970575815e-19,2.7489906271423205e-16,SCANB
litronesib,0.28545998915985776,4.5839017375324935e-15,3.316452907104759e-12,SCANB
tyrphostin-ag-1296,0.11900071992437103,2.065019787068195e-14,9.960278772958928e-12,SCANB
vinblastine,0.18880540081613947,1.287234945199671e-13,4.65657241425981e-11,SCANB
uprosertib,0.06892733869658423,3.198276677552922e-13,9.255812704838156e-11,SCANB
brivaracetam,0.15978840894555416,4.2239203619911687e-13,1.0186687939668701e-10,SCANB
bnc105,0.23505631847045896,1.9738926450695093e-12,3.84223390382813e-10,SCANB
fr-139317,0.19513506618726192,2.1242481845628914e-12,3.84223390382813e-10,SCANB
securinine,0.31767650380385487,3.0443347402894284e-12,4.894613743554225e-10,SCANB
dolastatin-10,0.14509194714314572,3.9107327716187246e-12,5.626578981360109e-10,SCANB
vinflunine,0.17721793007182132,4.519923597905287e-12,5.626578981360109e-10,SCANB
verubulin,0.1852903278362654,4.6661332257305676e-12,5.626578981360109e-10,SCANB
ispinesib,0.41975320793304194,5.746177578445593e-12,5.964194211751432e-10,SCANB
mexeneone,0.22028574676943,5.77047124841189e-12,5.964194211751432e-10,SCANB
4-(4-fluorobenzoyl)-1-(4-phenylbutyl)-piperidine,0.38377429565078264,9.64301795584122e-12,9.302297988068164e-10,SCANB
daunorubicin,0.28220473027318926,1.2592201516284166e-11,1.1388072246289494e-09,SCANB
epz-5676,0.3183789294896696,2.7726752661519755e-11,2.360035947130535e-09,SCANB
selinexor,0.06287840411816052,3.322631386969347e-11,2.6710264538581364e-09,SCANB
indibulin,0.08841197918897774,3.5494088696966254e-11,2.7031550707636934e-09,SCANB
latrepirdine,4.119481528579304,4.2745621879488516e-11,2.998980467500222e-09,SCANB
zolantidine,2.6791250899571364,4.3523558961648005e-11,2.998980467500222e-09,SCANB
emetine,0.029275443549957633,6.273240241950417e-11,4.005835130785549e-09,SCANB
isometheptene-mucate,2.811918958283226,6.367256945961827e-11,4.005835130785549e-09,SCANB
bms-265246,0.3382290987394459,1.5074887852147361e-10,9.088901134190512e-09,SCANB
combretastatin-a-4,0.44554102798225104,1.5814874583077653e-10,9.153649408685346e-09,SCANB
bosutinib,0.3802954096850601,1.6867663428070254e-10,9.387503454006791e-09,SCANB
vincristine,0.4896605862974507,2.423205365864993e-10,1.2986585794098684e-08,SCANB
sirolimus,0.2965716844711958,2.6897607257264297e-10,1.3900299179021942e-08,SCANB
clobutinol,2.3087766843023325,3.265711756309004e-10,1.629477555647975e-08,SCANB
ly2606368,0.23764625527427416,3.4577432569980883e-10,1.6677848309587445e-08,SCANB
tivozanib,0.09165373169649767,6.330221553255271e-10,2.924731468147241e-08,SCANB
pki-179,0.06362680647965195,6.467961781666325e-10,2.924731468147241e-08,SCANB
adapalene,0.13525231323569567,7.132995296266905e-10,3.127710361726731e-08,SCANB
2-methoxyestradiol,0.06758412259870544,7.554107607027261e-10,3.214939325696602e-08,SCANB
demecarium,0.34794875472702425,9.232780464263779e-10,3.817095237654196e-08,SCANB
cpp,3.5705670600581816,1.0216151307590342e-09,4.1063252616897844e-08,SCANB
cediranib,0.17150797542433477,1.0768467433087295e-09,4.211343885318193e-08,SCANB
temazepam,4.213664901394701,1.2519426278101657e-09,4.767265743266605e-08,SCANB
azd6482,0.10147772537439881,1.7131643830406969e-09,6.230074408661953e-08,SCANB
rigosertib,0.34012644964136113,1.7222043976950803e-09,6.230074408661953e-08,SCANB
golgicide-a,5.714625112806584,1.9794880641562163e-09,6.98614446057084e-08,SCANB
broxyquinoline,0.1923717073389758,2.6776962898277584e-09,9.2253012651923e-08,SCANB
vinorelbine,0.17018773242011587,3.1108250018260485e-09,1.0468287854982075e-07,SCANB
digoxin,0.031865643024373856,3.1858673878204862e-09,1.0477159341309643e-07,SCANB
ly2603618,0.09439688514531903,3.827321888646789e-09,1.2306966161937565e-07,SCANB
decitabine,0.3036238060033971,4.10280631028335e-09,1.290600158908697e-07,SCANB
sb-239063,0.19931981910879612,4.315547269135127e-09,1.3286376379656443e-07,SCANB
er-27319,0.008717338899967585,4.5526718809981814e-09,1.3724408774592435e-07,SCANB
parbendazole,0.18626746997945184,5.395595525896703e-09,1.5933523930556183e-07,SCANB
fenaclon,4.2527932971144935,5.666013805733246e-09,1.6397443953792015e-07,SCANB
terfenadine,0.3846820851867096,5.910618149028783e-09,1.6769930316950293e-07,SCANB
rutin,0.3911965022590079,6.348560816123902e-09,1.7519212549153497e-07,SCANB
fudosteine,3.622829024630034,6.416850484486077e-09,1.7519212549153497e-07,SCANB
bms-387032,0.05540755374389559,7.417251364385257e-09,1.987548652641753e-07,SCANB
podophyllotoxin,0.1781467505469912,9.675356890430148e-09,2.545498440082259e-07,SCANB
yo-01027,2.519278188100739,1.1255086215643334e-08,2.9082338846492687e-07,SCANB
vindesine,0.29915994180806393,1.3808511972138934e-08,3.50542400415527e-07,SCANB
topotecan,0.3189744555930839,1.441401044918595e-08,3.596047089650357e-07,SCANB
ve-822,0.2344175632946536,1.568556915426362e-08,3.84695229935923e-07,SCANB
pf-03758309,0.350165324598902,1.6622513889696646e-08,4.008796266398508e-07,SCANB
tagatose,0.28162551211305886,1.7757528734119747e-08,4.185954583898928e-07,SCANB
cnx-2006,3.3833747510863232,1.7935672716083864e-08,4.185954583898928e-07,SCANB
tacalcitol,2.5227783420009686,1.937682429938077e-08,4.431462446938268e-07,SCANB
astemizole,0.4231633047587448,1.9600110338911483e-08,4.431462446938268e-07,SCANB
cibenzoline,0.12213312540214191,2.012346154973368e-08,4.4797921326868666e-07,SCANB
kx2-391,0.25556313929860336,2.213667150909556e-08,4.853297526312315e-07,SCANB
temsirolimus,0.2637517858471373,2.6349616326220242e-08,5.690730570752342e-07,SCANB
taltobulin,0.21556197557309378,2.684533293674097e-08,5.712528935215321e-07,SCANB
homoharringtonine,0.30158390461000883,2.834092480809978e-08,5.943379448887012e-07,SCANB
gdc-0068,0.21325017155237008,3.3012404481606835e-08,6.824135612126441e-07,SCANB
volasertib,0.4176407316482894,3.369685265224298e-08,6.867513491238815e-07,SCANB
etomoxir,0.3116771296227303,3.444971717286353e-08,6.923436215157434e-07,SCANB
nvp-tae226,8.41336196544923,3.5339018976857855e-08,7.004871295823742e-07,SCANB
elesclomol,0.32703377247710463,3.7676402159593576e-08,7.367264043909716e-07,SCANB
paliperidone,0.4396975964874354,4.2261037037547725e-08,8.153562745777541e-07,SCANB
tg-101209,0.2590533619825938,4.973614582428664e-08,9.469500395755627e-07,SCANB
primaquine,0.3923943782662814,5.662431712731188e-08,1.0640959335483156e-06,SCANB
sn-38,0.3135622068748675,5.898343139078544e-08,1.0942182720829042e-06,SCANB
pp242,0.10015684173968739,6.32605105891876e-08,1.1587083395260059e-06,SCANB
cabazitaxel,0.303428393605677,6.466463929790595e-08,1.1632320379215748e-06,SCANB
dichlorisone-acetate,0.504362639217115,6.511526957266591e-08,1.1632320379215748e-06,SCANB
carboxypyridine-disulfide,0.24798471499546837,7.29561813025734e-08,1.2784855587631145e-06,SCANB
desoxycortone,0.5331831435492668,7.333400233402799e-08,1.2784855587631145e-06,SCANB
ag-14361,0.318250172966463,8.2276978423889e-08,1.4173189021353257e-06,SCANB
erlotinib,4.28353699764229,8.956073640142763e-08,1.524639830269009e-06,SCANB
tg-02,0.0780889579849524,9.348340189695605e-08,1.572912587731342e-06,SCANB
nizofenone,2.7992260963039173,9.707364289370539e-08,1.6145466812320885e-06,SCANB
everolimus,0.4788037207255911,9.850430981440012e-08,1.6197242761526926e-06,SCANB
wp1066,54.443809354498164,1.0287416141573448e-07,1.6725720400962673e-06,SCANB
emd-53998,0.42475061914636203,1.0625336303775136e-07,1.7083179590625136e-06,SCANB
gsk923295,0.2849485519393611,1.2904561771074152e-07,2.051967129971901e-06,SCANB
methocarbamol,2.97625915757999,1.3735502440684232e-07,2.1603556556163133e-06,SCANB
etoposide-phosphate,0.25988893378782807,1.496100967996735e-07,2.3278044093454575e-06,SCANB
rimexolone,0.5577324481502058,1.5203159609488747e-07,2.340316165418108e-06,SCANB
ski-ii,0.22311083972834697,1.6333775432914473e-07,2.487891900150236e-06,SCANB
brigatinib,3.626154003257579,1.7005862672486403e-07,2.563279509071648e-06,SCANB
tetrahydropapaverine,0.42516317236189477,1.885136715488542e-07,2.8121575539298148e-06,SCANB
gw-842166,0.44524882641042285,2.0322242514513645e-07,3.0006413182144127e-06,SCANB
ciclopirox,0.37155171667202636,2.0905674964629094e-07,3.0458925712931574e-06,SCANB
tg-101348,0.1626527119547739,2.104970678156985e-07,3.0458925712931574e-06,SCANB
tanespimycin,0.3625419305462025,2.1927413071674655e-07,3.1414818529419033e-06,SCANB
merimepodib,0.2336592018201667,2.4354922938678504e-07,3.4550562247321365e-06,SCANB
bi-d1870,0.45824274758136657,2.670928948293663e-07,3.7522662021174077e-06,SCANB
oxiperomide,0.2775642999167994,2.723340149825686e-07,3.7891088430747768e-06,SCANB
maytansinol-isobutyrate,0.35892821806221115,2.7765575944442853e-07,3.826360799200839e-06,SCANB
levobunolol,0.35434748797638055,2.8887961987643613e-07,3.9434793392566325e-06,SCANB
kw-2478,0.2504220324434906,2.936833929674774e-07,3.971587566578877e-06,SCANB
dienogest,0.40941068083177684,3.2411973843753e-07,4.342604273325055e-06,SCANB
talazoparib,0.4048476757711899,3.6828042183257516e-07,4.889007067814094e-06,SCANB
bis(maltolato)oxovanadium(iv),0.3181981571702951,3.7726166863646256e-07,4.962705768336012e-06,SCANB
phenylbutazone,0.4514564015367621,4.442544808127984e-07,5.79131742104612e-06,SCANB
vu0361737,0.5169327083650741,4.951454855151449e-07,6.397102835182273e-06,SCANB
rubitecan,0.38800821201608676,5.765575057507542e-07,7.3474084059493215e-06,SCANB
crenolanib,0.10658019891374823,5.788559490519852e-07,7.3474084059493215e-06,SCANB
tipranavir,0.3388413933545669,6.117014229745291e-07,7.696179979001834e-06,SCANB
lanatoside-c,0.11234567107957405,6.169708898163185e-07,7.696179979001834e-06,SCANB
azd2461,0.5732676663720679,6.292096418891476e-07,7.781763690714502e-06,SCANB
beta-naphthol,2.4208616609550293,6.448346192566588e-07,7.907421136138858e-06,SCANB
pf-04217903,2.3099783768547746,6.962661136280867e-07,8.466361902687742e-06,SCANB
bix-01294,0.03298751156576812,8.233319129177282e-07,9.928010649932939e-06,SCANB
cp-724714,14.596851873532756,8.306048406078965e-07,9.932935573220052e-06,SCANB
lurasidone,0.4183031841427018,9.209062040576574e-07,1.0922551453044512e-05,SCANB
avn-944,0.2065305565148152,9.719475216713878e-07,1.1434211901288602e-05,SCANB
sclareol,0.4552976965664593,1.027505762318025e-06,1.1990329339307921e-05,SCANB
azd5438,0.036060931311059,1.1247835299296982e-06,1.2984343987133008e-05,SCANB
harringtonine,0.15893266343184476,1.1306339615609944e-06,1.2984343987133008e-05,SCANB
osimertinib,6.383312748744486,1.1745636030190298e-06,1.338262624857115e-05,SCANB
azd7762,0.17199890550778033,1.326114952820284e-06,1.4991315130710554e-05,SCANB
ku-0063794,0.21361808987848413,1.354660026634667e-06,1.5195295027444675e-05,SCANB
ikk-2-inhibitor-v,0.19352023866529341,1.4393492023688023e-06,1.6021063814058897e-05,SCANB
cct128930,0.4114579869873557,1.4804561804913292e-06,1.635282513870957e-05,SCANB
saracatinib,5.49958606350514,1.5292930572876977e-06,1.6764295862843174e-05,SCANB
ggti-298,0.43447747278134546,1.556539737740609e-06,1.6934684214365874e-05,SCANB
genipin,0.23180353881922616,2.023918842740759e-06,2.1855302727208044e-05,SCANB
s26948,1.8922913223305555,2.0473212246202714e-06,2.194425045944839e-05,SCANB
trovafloxacin,0.43443439334344036,2.1986824291574434e-06,2.3393334374932505e-05,SCANB
pf-05212384,0.08251209114218598,2.2935361190450816e-06,2.4224428936191484e-05,SCANB
roquinimex,0.29825444022593683,2.366070595241376e-06,2.4809450371842544e-05,SCANB
doxorubicin,0.1465842326046848,2.4035679400864138e-06,2.5021315174856408e-05,SCANB
tak-715,0.4017422987439843,2.844003146712994e-06,2.9394803952097874e-05,SCANB
way-600,0.17448620691767838,2.8971810966112694e-06,2.9732064161677354e-05,SCANB
ixabepilone,0.13593738350608658,3.2632960770039305e-06,3.325344664383582e-05,SCANB
mebendazole,0.11819928657913799,3.308873609512468e-06,3.348209869205973e-05,SCANB
oxiracetam,0.26806343745219174,3.4374070418508793e-06,3.454116659415432e-05,SCANB
pralatrexate,0.3392254214480438,3.8321758533863655e-06,3.824247213689704e-05,SCANB
pelitinib,3.419099570527163,3.9872980203244305e-06,3.951794681787295e-05,SCANB
evodiamine,0.2477012323891392,4.093352075681069e-06,4.029306430959528e-05,SCANB
trametinib,1.9970703140462072,4.844219645626288e-06,4.73620664001435e-05,SCANB
naloxone,0.6028650997805844,4.932903343721332e-06,4.7905443881642735e-05,SCANB
d-7193,0.43419925827094785,5.148458806751788e-06,4.9665465955798915e-05,SCANB
pf-477736,0.3583475527435778,5.4063341261209094e-06,5.180771841388712e-05,SCANB
epirubicin,0.15226994989521944,5.943944859241972e-06,5.658479086396799e-05,SCANB
ac-264613,0.3906112799846821,6.082424324606283e-06,5.7524627435982293e-05,SCANB
efonidipine-monoethanolate,0.3428625071569642,7.231325493737549e-06,6.794628564570281e-05,SCANB
difluprednate,0.5067745405114543,7.291183921719642e-06,6.806672990147305e-05,SCANB
sb-366791,2.619071781710133,7.533997278758529e-06,6.988265424592045e-05,SCANB
fenbendazole,0.3921778357401797,7.759095825606869e-06,7.151217617613465e-05,SCANB
gsk1292263,0.3708631575764928,8.72681003049823e-06,7.970530556156392e-05,SCANB
gossypol,0.018060666414051938,8.758219477739229e-06,7.970530556156392e-05,SCANB
piretanide,0.4654982350025672,9.168094528791684e-06,8.291395489475979e-05,SCANB
entinostat,3.278221210365015,9.329108908099319e-06,8.361619612191335e-05,SCANB
letrozole,0.471601878309379,9.39720715485552e-06,8.361619612191335e-05,SCANB
pi-828,0.34911267133687146,9.419101567292243e-06,8.361619612191335e-05,SCANB
iododexetimide,0.457943637928516,9.684556618378004e-06,8.544849650483518e-05,SCANB
penfluridol,0.10524183826685045,1.1106010991574233e-05,9.739635093822978e-05,SCANB
cefditoren-pivoxil,2.7970302703197465,1.1270562729897352e-05,9.824400162747871e-05,SCANB
pu-h71,0.07419460203431033,1.1430402217339212e-05,9.904067070952e-05,SCANB
obatoclax,0.3489841424580745,1.260863223894384e-05,0.00010859935029614128,SCANB
baicalein,2.1071721788293516,1.2991231847931356e-05,0.00011123261824826435,SCANB
bw-180c,2.359398146928592,1.3970034788619597e-05,0.00011890964905372092,SCANB
at13387,0.3387432539764969,1.4223037010556123e-05,0.00012035517283201585,SCANB
dapivirine,0.3022474145736552,1.4764121531393967e-05,0.00012420746427864576,SCANB
jk-184,0.2322800230102744,1.49838246594507e-05,0.00012532713457933623,SCANB
streptozotocin,0.5899355527291467,1.5268206498861203e-05,0.00012697180921754115,SCANB
albendazole,0.4038205180158,1.5481798494629375e-05,0.0001280123566955926,SCANB
gdc-0349,0.17032481997477655,1.605023441279105e-05,0.00013195846133698096,SCANB
5-hydroxymethyl-tolterodine,0.3678318521659171,1.6787910877207476e-05,0.00013724354259502382,SCANB
tacedinaline,14.22763762444384,1.7015146729185794e-05,0.00013831976020860587,SCANB
lovastatin,0.47954229984641744,1.7400542455797467e-05,0.0001406624856622287,SCANB
lacitol,0.5733359040833761,1.817451399276687e-05,0.00014610289859740924,SCANB
rita,0.5846148784615572,1.9159890410093995e-05,0.00015317326753262988,SCANB
plinabulin,0.20013726543437618,1.93188046546148e-05,0.00015359511173201987,SCANB
zardaverine,0.24223270194878715,2.1095619936230047e-05,0.00016680525709139276,SCANB
mycophenolate-mofetil,0.4037991299175475,2.1401816777335576e-05,0.00016830667867828575,SCANB
pyritinol,2.04937360498414,2.231592292898232e-05,0.00017454670528776982,SCANB
nsc-663284,0.2368330092755011,2.3482051425252155e-05,0.00018044006724862185,SCANB
mk-5108,0.25220138831850974,2.3532999324577825e-05,0.00018044006724862185,SCANB
piperine,0.3817364714537467,2.3558914017163507e-05,0.00018044006724862185,SCANB
eprobemide,0.6007967937671376,2.356819123012407e-05,0.00018044006724862185,SCANB
niraparib,0.2380718815905125,2.4588816893974135e-05,0.0001872632528714767,SCANB
mk-8745,0.2932668174871206,2.4979812896425157e-05,0.00018924496995354558,SCANB
indirubin,7.665022293012161,2.5919920865974132e-05,0.00019499104644775617,SCANB
doxifluridine,0.3370060231477708,2.6007789885568032e-05,0.00019499104644775617,SCANB
norfloxacin,0.4794759602281757,2.6410099804407187e-05,0.0001969866722524598,SCANB
gamma-aminobutyric-acid,1.8445543513071856,2.764804588163049e-05,0.00020516267892676574,SCANB
trapidil,0.44762896243296624,2.8622868260797856e-05,0.00021131270598660458,SCANB
clofibrate,0.47055389324836927,2.938420758350561e-05,0.00021583222524534324,SCANB
pyroxamide,0.35299684370978185,3.1724951048712144e-05,0.00023184850589639633,SCANB
bvd-523,2.1988747913862983,3.189633175972017e-05,0.00023192960832319135,SCANB
ibutilide,0.47323476341663334,3.3449595089044635e-05,0.00024200782046923794,SCANB
bms-690514,2.8803471466494313,3.3637192725846265e-05,0.0002421543177825848,SCANB
mesoridazine,0.4654211259617283,3.499814037197833e-05,0.0002507045005854091,SCANB
raf265,0.4201339629126522,3.543910669478873e-05,0.00025166159167356537,SCANB
nocodazole,0.2375128583787524,3.5479588598070034e-05,0.00025166159167356537,SCANB
nvp-bhg712,0.48954927278745375,3.761942289070465e-05,0.00026553807279438847,SCANB
betamethasone-dipropionate,0.5874114593432003,3.864791144042439e-05,0.00027147343618589366,SCANB
xl888,0.18027958839900884,3.952490389815976e-05,0.0002762924441576675,SCANB
abt-751,0.2477251935589535,4.0215555920738995e-05,0.0002797687952755256,SCANB
levonorgestrel,2.4266378278055427,4.1015887880846976e-05,0.00028397124288796923,SCANB
pirenperone,0.20624081962504368,4.270835492637841e-05,0.000294280902754617,SCANB
lestaurtinib,3.1839195274182597,4.298143980319356e-05,0.00029475897343706674,SCANB
gdc-0879,1.433277803726893,4.4143534961560944e-05,0.0003013004485348051,SCANB
brilliant-green,0.13600585550832764,4.4916513371789654e-05,0.00030513706501868366,SCANB
tivantinib,0.2858663556934953,4.542202734153503e-05,0.0003071293157158934,SCANB
gw-843682x,0.27236304318926946,4.595617344331425e-05,0.000309295734755701,SCANB
mln0128,0.3921265449803331,4.635133041181051e-05,0.00031051099586060097,SCANB
dasatinib,1.9447890219694914,4.8576120628581e-05,0.0003239154218873581,SCANB
bibx-1382,0.5003634602031305,5.311681731369644e-05,0.0003525689662977925,SCANB
kpt-185,0.25502369408694087,5.396528191890208e-05,0.00035655570517522647,SCANB
chicago-sky-blue-6b,2.110543042620174,5.4210266163476036e-05,0.00035655570517522647,SCANB
way-170523,0.5046896212676147,5.642500062520687e-05,0.00036944332988540426,SCANB
lenvatinib,0.17604788435190244,5.734717347196711e-05,0.0003737899099726865,SCANB
tozasertib,0.36600085539611227,5.762127645836284e-05,0.00037389231854372657,SCANB
tame,0.5494949817584608,5.845607102764011e-05,0.00037761578025444307,SCANB
tedizolid,0.352132790825846,5.991945227660986e-05,0.00038534865530779765,SCANB
idazoxan,2.5445724691088087,6.577696532095326e-05,0.0004203758709402822,SCANB
sb-2343,0.1391522508512213,6.594700947024468e-05,0.0004203758709402822,SCANB
halcinonide,0.7040355813900424,6.859596212915154e-05,0.0004353436719336942,SCANB
pf-04457845,0.363231939888957,6.993912005669285e-05,0.0004419297236770068,SCANB
hypoestoxide,0.3464436694697893,7.334726340827348e-05,0.0004614499571816162,SCANB
nsc-319726,0.413070138853465,7.462418044322523e-05,0.00046745103507076587,SCANB
estradiol,2.081809938936353,7.495360690111626e-05,0.00046749081545653117,SCANB
ki-16425,0.41096362197254793,7.88358921669588e-05,0.000489594574959611,SCANB
nan-190,2.0412860918204827,7.953092105045225e-05,0.0004918001827350616,SCANB
biib021,0.3404986276174292,8.275240909438445e-05,0.0005095435572747843,SCANB
methotrexate,0.34194144778465896,8.696122576843944e-05,0.0005331902274869994,SCANB
imiquimod,28.77494456423246,8.934316145682506e-05,0.0005454833528608686,SCANB
disulfiram,0.1548291165824464,9.046746165562852e-05,0.0005500269622508171,SCANB
apatinib,0.4694120015205104,9.221982546175146e-05,0.0005583350939044116,SCANB
ppt,0.4922932829850542,9.974590595132537e-05,0.0006013846912981992,SCANB
acetazolamide,2.005497100085866,0.00010223115892274114,0.0006138111492166242,SCANB
mrs-1220,0.42005002614968323,0.00010829451068625395,0.0006475295742273118,SCANB
acetylsalicylsalicylic-acid,0.4724836747989124,0.00010908390102313939,0.0006495654517715338,SCANB
chlorpyrifos,1.9141589052004604,0.00011088223297498171,0.0006575679963721252,SCANB
rociletinib,8.26247322522956,0.00011310418110489485,0.000667032416426562,SCANB
diphemanil,0.4939737222908982,0.00011340012055351366,0.000667032416426562,SCANB
thiomersal,0.16865859029376068,0.00011507962639608265,0.0006741709287252291,SCANB
poziotinib,1.90312742966718,0.00011680972431372677,0.0006815470608143655,SCANB
atenolol-(+/-),0.41459826904578906,0.00012014062179468689,0.000698166585288803,SCANB
cyclophosphamide,0.44706936750426285,0.00012246313426764763,0.0007088166211411445,SCANB
cyclovalone,8.25006684174115,0.0001310983754665444,0.0007557743000003575,SCANB
torasemide,0.5294668975312251,0.0001354304948234833,0.0007776505000380171,SCANB
acetylcysteine,2.183719582762234,0.00013697123646999596,0.000783388850482546,SCANB
prednisolone-acetate,0.6470875010213487,0.00014315724317205997,0.0008155453971258692,SCANB
sb-505124,0.4234016837223897,0.00014791848547164805,0.000839364895990097,SCANB
dioscin,0.29495174611070824,0.00014918261016785963,0.0008432313941909879,SCANB
ly3023414,0.16503008632160807,0.0001559914607665548,0.000877328399000721,SCANB
nadifloxacin,0.6030744767897257,0.00015642759291097859,0.000877328399000721,SCANB
tosedostat,0.3874790859901329,0.00015778229665792994,0.0008815095878919869,SCANB
cyproterone-acetate,0.3333741242527279,0.00016016280691424204,0.0008913676215573393,SCANB
bexarotene,0.20088445852732661,0.00016383599145648015,0.0009083167802204092,SCANB
bgt226,0.17397841689604784,0.00017359883759711297,0.0009587691526832918,SCANB
narasin,0.38250078553761957,0.00018298848980319112,0.0010067845807802949,SCANB
tas-103,0.2892438722334983,0.0001886048965584258,0.0010337548686365232,SCANB
pp-121,0.16176113412662782,0.00019236742637417429,0.0010503987394846423,SCANB
capecitabine,0.14360296695516864,0.00019339015688553737,0.001052013372230724,SCANB
bekanamycin,0.5736663685431953,0.00019465614157610864,0.0010549342204517948,SCANB
ly2608204,3.135861144070042,0.0001966678147976076,0.0010618594328811125,SCANB
ccmi,0.5365354449420198,0.00019803967149877502,0.0010652914671328158,SCANB
nvp-auy922,0.40886093999881096,0.00020378376501617253,0.0010921300295496357,SCANB
lb42708,0.25552489452490007,0.00021110538938390097,0.001127193721175294,SCANB
paclitaxel,0.47458994005938926,0.00021462558397455973,0.0011417765441587792,SCANB
acdpp,0.5615671866592621,0.00023243224148894071,0.0012314941755898127,SCANB
prednisolone-hemisuccinate,0.7453236992442578,0.0002331924009064331,0.0012314941755898127,SCANB
acetophenazine,0.45180399478962296,0.00024279710489300783,0.0012753326326501763,SCANB
azodicarbonamide,0.47202561448791824,0.00024428057345627957,0.0012753326326501763,SCANB
toremifene,0.3842818878487391,0.0002447234748498596,0.0012753326326501763,SCANB
nvp-bez235,0.4185846616315988,0.000245018985402038,0.0012753326326501763,SCANB
azd8931,2.819197752606665,0.00024642868229420343,0.0012780727716118724,SCANB
imiloxan,2.0069126189058784,0.0002732291130427902,0.001412009023474705,SCANB
voxtalisib,0.6107556563387266,0.00027553000258433223,0.001418832433236757,SCANB
pepstatin,2.5715326757734647,0.00028250708410233234,0.0014496019528229605,SCANB
eprinomectin,1.7836239738951607,0.00029369669767707467,0.001501693008970767,SCANB
m-344,0.19766415808899387,0.0002954164222775921,0.0015051674754777314,SCANB
i-bet-762,3.9767715184542296,0.0002988148983684692,0.0015171409050497367,SCANB
gsk256066,0.5991246065109701,0.0003002386269019318,0.0015190394864583753,SCANB
azathioprine,0.5728033592162127,0.0003023817473878739,0.0015228018807164144,SCANB
metronidazole,1.778752753898507,0.0003030870363830873,0.0015228018807164144,SCANB
ver-49009,0.32471679727960073,0.00031638879269853227,0.001578851058402373,SCANB
semaxanib,2.6836926154688956,0.00031642488385396554,0.001578851058402373,SCANB
rs-67506,0.5122868210871155,0.0003202950878763596,0.0015898693917071598,SCANB
ban-orl-24,1.9030585913818205,0.00032083058906599214,0.0015898693917071598,SCANB
hyodeoxycholic-acid,0.5409944163239752,0.00033073440440744504,0.001633353867500249,SCANB
clonazepam,0.2787056777278996,0.0003320201695622106,0.0016341264808044855,SCANB
diazooxonorleucine,0.5110731943493206,0.00034965170473389383,0.0017150712432201503,SCANB
bromosporine,0.6336791265017866,0.00035513681217767823,0.0017360911054766905,SCANB
fosbretabulin,0.3636226002006461,0.00035666826776675704,0.001737707015011776,SCANB
lapatinib,3.3138760580047175,0.0003587915469927152,0.001742185800330399,SCANB
tioxolone,0.5400522025977351,0.00036056970621659994,0.0017449644310883615,SCANB
epothilone-d,0.35775725617394993,0.0003623925268481379,0.0017462814819904548,SCANB
dehydrocholate-acid,0.6090449287754048,0.00036325551214867096,0.0017462814819904548,SCANB
triapine,0.41354888131085926,0.00037736759170983313,0.001808115580146121,SCANB
pyrimethamine,0.43130602861514833,0.0003848411896865521,0.0018378389487671318,SCANB
sb-743921,0.3751309781027648,0.00038736216723824526,0.001843792947347832,SCANB
naftidrofuryl,1.9525548083980788,0.00038998057952886316,0.001850170159273,SCANB
bisindolylmaleimide-ix,0.12887018094426597,0.0004001220409662722,0.0018920803701901825,SCANB
oxymatrine,0.5201189965974893,0.00040310296348662557,0.0018999673881600885,SCANB
bisacodyl,0.5084211662217167,0.0004134809194156437,0.0019425548389429756,SCANB
dorzolamide,0.5368983106065879,0.0004148840605611865,0.0019428389502654916,SCANB
4-iodo-6-phenylpyrimidine,0.45685891222067637,0.00041696687674105774,0.0019442823888854838,SCANB
napabucasin,0.39738197724873564,0.00041880513415885087,0.0019442823888854838,SCANB
th-302,0.3605830621291212,0.00041922329324966894,0.0019442823888854838,SCANB
indiplon,0.41332376683250016,0.0004247501812834041,0.0019636214451025104,SCANB
levocarnitine,0.615988055347912,0.0004329099324130745,0.0019949702936360473,SCANB
naftifine,0.48633773663377045,0.0004355622901106949,0.002000821059651351,SCANB
oleanolic-acid,2.1269125926855263,0.0004443696639237126,0.0020348193154987727,SCANB
maxacalcitol,1.92218176406865,0.00046436305133373064,0.002119663518233149,SCANB
azd8055,0.24158975250814274,0.00046972445752696177,0.002137393993841238,SCANB
camptothecin,0.6174301163705815,0.000472957802906756,0.0021453603160065072,SCANB
novobiocin,2.0754497118492576,0.0004916414189332141,0.002223141041238627,SCANB
fenofibrate,1.8245451408384885,0.0004973714962377037,0.0022420453428534494,SCANB
clenbuterol,0.5063283727696162,0.0005275181616370965,0.0023705552170462073,SCANB
amoxicillin,2.2322440270364665,0.0005328400137921222,0.0023870572754092906,SCANB
docetaxel,0.498831671778782,0.0005435582320425511,0.002427557906683862,SCANB
gsk461364,0.5735407578236431,0.0005599620974639504,0.002493123553939496,SCANB
fluvastatin,0.3282395603561899,0.0005868490921390841,0.0026048179028382045,SCANB
su3327,0.32540090742843986,0.0006090876424879083,0.002695259384342517,SCANB
pilocarpine,1.5350193850521907,0.0006285682317544084,0.002772982412648259,SCANB
torcetrapib,0.5760938229926004,0.000636279106586148,0.002798467681550627,SCANB
dcebio,0.30954747275919436,0.0006475960661149222,0.002839610629297856,SCANB
azacitidine,0.5387604358488465,0.0006631602555219706,0.002899072174441968,SCANB
asymmetrical-dimethylarginine,0.5151967405408625,0.000688116447521067,0.002999109938442722,SCANB
lorlatinib,2.3573266463039646,0.0006931182171080796,0.003011838018484658,SCANB
methylprednisolone,0.720906893833756,0.0007088762610138525,0.00307108966972169,SCANB
marimastat,0.29209875459535195,0.000733716251200914,0.0031692161656349926,SCANB
tamoxifen,2.0534137270938286,0.0007393885716376397,0.0031842120927370967,SCANB
4-chlorophenylguanidine,1.948721217041342,0.0007611022314722232,0.003267996821781326,SCANB
amfenac,2.161756662940053,0.0007679811068613079,0.003287777105409209,SCANB
anguidine,0.29897371976608494,0.0007804916567784224,0.0033314791367503754,SCANB
chloramphenicol-palmitate,2.171718612816333,0.0007935592157933595,0.0033736883920862304,SCANB
oridonin,0.3273821504180177,0.0007960992137845767,0.0033736883920862304,SCANB
a-674563,0.1793803017529417,0.0007973748653030343,0.0033736883920862304,SCANB
hmn-214,0.3326725533656404,0.0008066439687857469,0.0034029557516996383,SCANB
oleoylethanolamide,0.5061391787229034,0.0008113846121495794,0.0034130044586640736,SCANB
crizotinib-(s),0.208834554110956,0.0008456503355385612,0.003546829088476226,SCANB
ci-844,1.9993049832065304,0.0008528151194688633,0.0035665418435590905,SCANB
torin-2,0.13103308696593405,0.0008594690084541289,0.0035840105338130384,SCANB
digitoxin,0.514682555877051,0.0008792305366662546,0.003655880995850777,SCANB
metaraminol,10.1729799081115,0.000888052967525183,0.003681984653320745,SCANB
selamectin,0.6044020192391681,0.0009459294129180292,0.003900969977763724,SCANB
mk-1775,0.3434473911490649,0.0009462615495473857,0.003900969977763724,SCANB
palbociclib,1.5829363388005775,0.0009607075642551281,0.003949272288287415,SCANB
8-bromo-cgmp,2.502206957720584,0.000974911755175077,0.003996309659315401,SCANB
k-ras(g12c)-inhibitor-6,0.5837470359646509,0.0009824702942356784,0.004015916711183691,SCANB
fludarabine,2.1504861567939613,0.0009878551964352898,0.004026553434484125,SCANB
sb-228357,0.583167450467473,0.001004634216665115,0.00408344300987197,SCANB
flubendazole,0.31808657567454673,0.001043196248525882,0.004224776110443448,SCANB
blebbistatin-(-),1.9124381153760155,0.0010452452298125461,0.004224776110443448,SCANB
3'-fluorobenzylspiperone,1.9861475533215949,0.001051783699233861,0.004239362152622276,SCANB
dolutegravir,3.179477655489308,0.0010987755825584272,0.004416467411005679,SCANB
dinaciclib,0.41911116511690216,0.0011396498046004368,0.004568069992401197,SCANB
mexiletine,0.3207020693125787,0.0011493554124196895,0.004588968794764043,SCANB
y-320,1.473117287335831,0.0011512064080852439,0.004588968794764043,SCANB
embelin,0.6788869275612113,0.00117102019886077,0.004651545761172546,SCANB
vtp-27999,2.1712479456813023,0.0011738771701795862,0.004651545761172546,SCANB
epothilone-b,0.45434744443821623,0.0011765485477464768,0.004651545761172546,SCANB
flumethasone,0.7474887111846943,0.001195836944681083,0.004714921141562744,SCANB
propranolol,0.6579429837568318,0.0012007415185562296,0.004719731969181077,SCANB
indoprofen,0.6109621196799211,0.0012035805781809381,0.004719731969181077,SCANB
bntx,0.21031652948775845,0.001211989998943008,0.004739863590460899,SCANB
nanchangmycin,0.36119320931810023,0.001236247558475733,0.004821698698421525,SCANB
chloroxine,0.34713257337603737,0.001251278431848848,0.004867204007756137,SCANB
sulfasalazine,0.6312212489884528,0.001338579154100157,0.0051928258337343896,SCANB
tiludronate,0.571752987368697,0.0013583226251023938,0.0052553284452491016,SCANB
iproniazid,0.6468626263291004,0.0013623543506080026,0.005256871320879412,SCANB
nizatidine,1.9255896718559624,0.0013800646467676118,0.0053110466592359955,SCANB
7-hydroxystaurosporine,3.8403886970109387,0.0014019323715999503,0.005380891622560021,SCANB
at-7519,0.37832885110709386,0.0014074911493280591,0.005387935695972755,SCANB
cep-33779,2.104335821514439,0.0014524072836964255,0.005545206700550733,SCANB
xanomeline,0.5590810360546337,0.0014808180116342145,0.005638799112722917,SCANB
taselisib,1.6051945590385774,0.001493418802752462,0.005671855662947015,SCANB
sb-242235,0.5447270507984988,0.0015017471605549822,0.005688555343777642,SCANB
ixazomib-citrate,0.1767901134921392,0.0015461634802718923,0.005841510589956731,SCANB
"hydroxytacrine-maleate-(r,s)",0.6337410335695817,0.0015513284652503142,0.005844892359079513,SCANB
ml133,0.2704894781107927,0.0015551372206258553,0.005844892359079513,SCANB
oprozomib,8.085279755792794,0.0015864622381289537,0.0059327467508777315,SCANB
salvinorin-a,0.6394123202017615,0.001586712503517403,0.0059327467508777315,SCANB
benzethonium,1.9569838790526246,0.0016148324529081113,0.006022326183912467,SCANB
cetrimonium,0.2985200279746336,0.001647891471230711,0.006129817374989303,SCANB
eprosartan,0.5744754179568887,0.0016671962770950207,0.006185725674247423,SCANB
daclatasvir,1.9466124794479394,0.001703704328341333,0.006305013204884677,SCANB
halobetasol-propionate,0.7488923675256011,0.0017368722006966604,0.006411362434714458,SCANB
colchicine,0.5260292958272673,0.0017427390833811578,0.006416650009293983,SCANB
tofogliflozin,0.49184429083127446,0.0018056121136614505,0.00663127088443685,SCANB
etoposide,0.5515900644410452,0.001813431035448325,0.006643125843781585,SCANB
lanoconazole,0.5582721752785497,0.0018438567475566232,0.006737527054834429,SCANB
lenalidomide,0.46001138659352075,0.0018610968720757918,0.00677894876426034,SCANB
dabrafenib,0.6710218873297454,0.0018645622724088565,0.00677894876426034,SCANB
acivicin,0.4126340755165343,0.0018853988117206574,0.006837524011428048,SCANB
sch-58261,0.6994033041813568,0.0019014261066426779,0.006866089304062403,SCANB
tedizolid-phosphate,0.3646666352920639,0.0019027655915197124,0.006866089304062403,SCANB
linalool,1.780001546530878,0.001915647650543649,0.0068865748158268465,SCANB
cyc116,0.6637302213528854,0.0019179610578978709,0.0068865748158268465,SCANB
parthenolide-(-),0.3462597646934419,0.0019267951580671434,0.006901169786443457,SCANB
clofazimine,0.5346037822794798,0.0019639600716879727,0.00701691413267283,SCANB
tiletamine,1.6390581697099798,0.0019717614213536788,0.0070274354105881115,SCANB
gimeracil,2.019737910010475,0.0020066732769984286,0.0071342904958641915,SCANB
erastin,0.4358396929154437,0.0020382122943127952,0.007228659779094644,SCANB
cinalukast,2.0693928918639077,0.0020464113359410646,0.0072399931616301235,SCANB
mepivacaine,2.189454398807757,0.002065038966313974,0.00727605160389929,SCANB
quinethazone,0.6103966248847531,0.0020666601307550853,0.00727605160389929,SCANB
betulinic-acid,0.4900349196497813,0.0020777858056041407,0.0072974661667698825,SCANB
ixazomib,0.41742740982695387,0.0021151350896517307,0.007410654902484393,SCANB
tioguanine,0.5194818436757405,0.002129104681155068,0.007441580854182085,SCANB
fluoromethylcholine,1.8176689114694067,0.0021385904379888944,0.007456723768120313,SCANB
quizartinib,0.7205803849077307,0.002149777117091405,0.0074777103087289975,SCANB
refametinib,2.0402936323913368,0.0021790949439210424,0.007561511711879493,SCANB
metoprolol,1.7927074328319885,0.0021890906965515685,0.0075780244926079415,SCANB
raltitrexed,0.45080247133951395,0.0021953776374926243,0.007581650218262117,SCANB
melphalan,0.5850121000524944,0.0022051809937334663,0.007597373566505538,SCANB
fenretinide,0.34767808273827405,0.0022399403083599753,0.007698797211869084,SCANB
triciribine,2.49545973369123,0.002277299712992354,0.007808655650947715,SCANB
irinotecan,0.5108802765265433,0.0022832367554466424,0.007810504929388396,SCANB
unc2250,1.617953810019938,0.002328874723518052,0.007947834256911843,SCANB
az960,0.44111955133530395,0.0023768989065184984,0.008080641559916227,SCANB
zk-93426,0.5167444303727264,0.0023789587453519785,0.008080641559916227,SCANB
sb-218795,0.6543671390997298,0.002417906554733981,0.00819370207189712,SCANB
terconazole,0.6109529281889989,0.002424574301654215,0.008193986380491703,SCANB
mk-2461,0.7335860165275886,0.0024293159345065243,0.008193986380491703,SCANB
mevastatin,0.48220225770231817,0.002443528059244869,0.008222756050528664,SCANB
kf-38789,0.22549426537184317,0.002484605097327911,0.008341586022815515,SCANB
triamterene,1.939981927689321,0.002507625195278567,0.008399383466592794,SCANB
tipifarnib,0.5292281188231558,0.0025159683348140627,0.00840786646761189,SCANB
cl-218872,2.236256924749171,0.002524665105650118,0.008417139546735003,SCANB
flumethasone-pivalate,0.725651777941621,0.002530377127041967,0.008417139546735003,SCANB
ganetespib,0.4607445071650469,0.002567847032501499,0.008502946602104525,SCANB
linsitinib,3.2990882799758303,0.002567925131388858,0.008502946602104525,SCANB
lonafarnib,0.6405926765364203,0.0025857142283462137,0.008542302484970253,SCANB
broxaldine,0.5393515814418252,0.0026182822926889694,0.008618382954108151,SCANB
gsk2656157,1.8646832712091408,0.002620655493992803,0.008618382954108151,SCANB
prt062607,3.721873648080874,0.002642112271801844,0.008669243667340744,SCANB
tecastemizole,0.6370903225595953,0.0026540574176241263,0.00868873548258396,SCANB
tiotidine,0.6782420924105181,0.0027286359695913713,0.008912722907446307,SCANB
fk-3311,0.45795482071310045,0.0028211140057285127,0.009194035960110716,SCANB
otx015,0.7471414595375949,0.0028681101485324464,0.00931108925535457,SCANB
isoxsuprine,0.6060151418102127,0.002869900350993876,0.00931108925535457,SCANB
8-hydroxy-pipat,0.5236516099678931,0.00294612362416758,0.009537004215146506,SCANB
equol,1.9750833162019117,0.003046990131398787,0.00984150607172778,SCANB
pha-665752,2.219729584388733,0.003134197005212743,0.010100630437734608,SCANB
bam7,0.6928647547476015,0.003145528769264708,0.01011462250916896,SCANB
hyoscyamine,0.384744178923515,0.003194690523163886,0.010249927243942667,SCANB
mephenytoin,0.632399662556762,0.0032419501221933366,0.010378543864632208,SCANB
"mns-(3,4-methylenedioxy-nitrostyrene)",0.3963062096137156,0.0032495816585222915,0.010380010286714692,SCANB
kpt-276,0.3733553760421965,0.0032859663617310956,0.010473113051596686,SCANB
ribitol,0.49588571191385,0.0032933962844083685,0.010473724007777822,SCANB
riluzole,0.6441031928944357,0.003307737352207956,0.010496263045273931,SCANB
sulfabenzamide,0.5619846545456879,0.003366760365965298,0.010660179977137387,SCANB
osi-420,1.9218316345380408,0.0035046706829572217,0.011051921528960918,SCANB
ramatroban,0.5922909979957126,0.003505758107666248,0.011051921528960918,SCANB
sunitinib,0.47749848846886533,0.003589538908557238,0.01128445811102294,SCANB
cudc-907,0.27276990639259124,0.003601791985906417,0.01128445811102294,SCANB
gastrodin,0.5756809511722045,0.0036029161349637857,0.01128445811102294,SCANB
voreloxin,0.4304949807284661,0.0037180886851419545,0.011620030944709306,SCANB
cgm097,0.7078974318533954,0.003734010278644832,0.011644639812929033,SCANB
acesulfame-potassium,0.4671728841043681,0.0038484149853103907,0.011975605341385236,SCANB
fdcyd,0.5406898307665138,0.003868087909768489,0.012001809538883046,SCANB
bardoxolone-methyl,0.37292866442818673,0.0038734243639657103,0.012001809538883046,SCANB
diphenyleneiodonium,0.390287572941891,0.003935190162405814,0.01212168484703479,SCANB
d-64131,0.5815351231444972,0.003935252446613535,0.01212168484703479,SCANB
eptifibatide,2.491908568906184,0.003937243868767347,0.01212168484703479,SCANB
jte-607,0.4593102140565111,0.003954448081713552,0.012148803342334416,SCANB
deforolimus,0.574895977757234,0.0039956606200740735,0.012249408722981324,SCANB
cb-10-277,0.6411146336378434,0.004068887974750467,0.012428449223550323,SCANB
pha-793887,0.6845332717867731,0.0040712404505617505,0.012428449223550323,SCANB
ly364947,1.4952034537412162,0.0041271833954882545,0.012572703943729483,SCANB
niacin,0.6529817789635023,0.004282174647473924,0.013017451081711697,SCANB
mocetinostat,1.8355165260166866,0.0043052037562937035,0.013060020619197043,SCANB
oligomycin-a,0.5206512271489654,0.004329407359397075,0.01310596746662671,SCANB
scriptaid,0.3241323487655375,0.004394340107994735,0.01327476020097783,SCANB
teriflunomide,1.7656262918558656,0.00444812195637613,0.013409234314325544,SCANB
mgcd-265,0.47700189751503386,0.004517654524325232,0.013590532425568836,SCANB
resatorvid,0.5507953180869664,0.004599585456473281,0.013808299077835762,SCANB
bix-02188,0.4264471459713203,0.004646966868032075,0.013921658505263793,SCANB
axitinib,0.3121755974127219,0.004674384983433849,0.013974865849233015,SCANB
1-naphthyl-pp1,1.7617683408981841,0.004701893232163134,0.014028122694721762,SCANB
genz-644282,0.3690805815066264,0.004735213728535992,0.014098465566237822,SCANB
alectinib,0.4121990789449541,0.004768122347646692,0.014167295763952287,SCANB
bucladesine,1.4960289034992351,0.004919395096456941,0.014586812919207366,SCANB
onc201,0.2573185884716358,0.004968813915547683,0.014681878115013326,SCANB
cycloheximide,0.45527199777058097,0.004973559373365042,0.014681878115013326,SCANB
uracil,0.5049646794302435,0.004981895061832442,0.014681878115013326,SCANB
azilsartan,0.44029534940935783,0.004992602641191009,0.014683528499600385,SCANB
aminoglutethimide,0.5960577220328089,0.0050525312842305565,0.014829640503613824,SCANB
gsk1070916,0.5626756386385876,0.005100183745274948,0.014939202185046253,SCANB
bephenium-hydroxynaphthoate,0.587027155479568,0.0051182194454564055,0.014961744520354382,SCANB
chromocarb,0.6835507849957572,0.005166892276412651,0.015073574846711906,SCANB
norepinephrine,0.46160398762887656,0.005269025113888767,0.015340602293354214,SCANB
deflazacort,0.6279528051748131,0.005441327063075054,0.015810442289698,SCANB
ingenol-mebutate,1.2814954951517368,0.005452312036431535,0.01581061225794876,SCANB
ketoconazole,1.9648441821194196,0.0054993192810423395,0.01591502999933653,SCANB
sc-12267,0.5423167313605527,0.005537034329691043,0.015992192964197485,SCANB
tg-100572,0.2840753890928087,0.005551884224876682,0.01600314038525211,SCANB
papaverine,2.3489491828076696,0.005566415290657709,0.016013127088631618,SCANB
chlorpropamide,0.6069492996972647,0.005609707423070685,0.016105648097585874,SCANB
pf-04691502,0.2666557817050227,0.005625656681301936,0.016119455876918615,SCANB
sulfanilamide,0.5658374458696649,0.005673631935388768,0.016224793301398317,SCANB
temocapril,0.553059352903022,0.005823716828463646,0.016621140534096444,SCANB
abt-702,1.7569689339413455,0.005864736137424344,0.016705262186718556,SCANB
tyrphostin-a9,0.40037769154316816,0.006040045888017066,0.01717081807457897,SCANB
arry-334543,2.963924596404216,0.00613249514352032,0.017399451907203732,SCANB
cefdinir,1.6795031400283391,0.006187846705102313,0.017522141256913985,SCANB
sid-7969543,0.672380506415017,0.0062759959944404045,0.01773704336710013,SCANB
mibefradil,1.5741753203229096,0.006327387304708335,0.017847425789304018,SCANB
ranitidine,1.968564687122394,0.006492320626484224,0.018277019351211427,SCANB
almorexant,0.596411415692434,0.006635288607701219,0.018643228379308083,SCANB
bx-912,0.404125869874481,0.006679882449367521,0.01873215097719923,SCANB
fk-866,0.45262884040335877,0.0067209756022026754,0.01881093171448215,SCANB
afobazole,0.661566768555405,0.006814154107199999,0.01903490539212046,SCANB
olaparib,0.5997005608637718,0.006914776293578377,0.01927876935801139,SCANB
tanaproget,1.7217767163209874,0.007050822616486031,0.019620269857798626,SCANB
mk-0773,0.5623802579115357,0.0070696221175361295,0.01963482380820495,SCANB
tandutinib,0.5850407214194623,0.007195068344715946,0.019944949990045927,SCANB
bentazepam,0.3983107706559667,0.007412199613563132,0.02050755801305134,SCANB
oxyphencyclimine,0.5643388141556273,0.0074447712854048935,0.020525860705818338,SCANB
ruxolitinib,4.378615388327797,0.0074565465640741,0.020525860705818338,SCANB
amg-208,0.7361440538476587,0.007461370235839975,0.020525860705818338,SCANB
dmh1,0.6203230169202623,0.0075003938710562846,0.020594060590926836,SCANB
meglitinide,1.880714195456422,0.0076539333764954415,0.020975836355660804,SCANB
hydrocortisone,1.9569111407240947,0.007745444828575393,0.021186500315592806,SCANB
lomitapide,1.5746621123594193,0.007839458516724636,0.02140320089377462,SCANB
rs-504393,0.521042354798838,0.007864733599890811,0.021431769339062153,SCANB
metatinib,0.5759130957837677,0.008136889818672575,0.022131728510562436,SCANB
estrone,1.5254138452690076,0.008254249914337037,0.022408817309654206,SCANB
phlorizin,1.7490410458493655,0.00834753352570651,0.02259609565976267,SCANB
azd5363,0.6543459822808597,0.008354465223201817,0.02259609565976267,SCANB
ciclesonide,0.7105356417742463,0.008424389901185724,0.02274270930413385,SCANB
gw-583340,1.6753241718426581,0.008680557947980772,0.023390628213646514,SCANB
carmustine,1.391134312440978,0.009089814931446092,0.024447885140896828,SCANB
chidamide,2.2872718553172264,0.009119739754015187,0.024482863495473052,SCANB
inh1,0.5975559362697088,0.009208886283412196,0.0246764045409212,SCANB
alvocidib,0.4551068383554541,0.009297707962285495,0.024868361222600943,SCANB
baricitinib,0.535399849829742,0.009330100204100772,0.024908957555966452,SCANB
simvastatin,0.6063181622631499,0.009403431850730615,0.025058500714562063,SCANB
tropisetron,1.5591766008367407,0.009470067148000565,0.025189682285214742,SCANB
adarotene,0.15471559827770096,0.009496553018345838,0.025213783885406293,SCANB
psb-1115,0.7337822820216979,0.009547993740764654,0.02530393212982867,SCANB
raclopride,0.6531022101830374,0.009697561101297573,0.02565332890964824,SCANB
nadide,1.4265041362204043,0.009815814823061007,0.02589320661643757,SCANB
tws-119,1.849836307349087,0.009824029324412042,0.02589320661643757,SCANB
vx-765,0.4685990018535575,0.009862350961035727,0.025946948801124903,SCANB
vemurafenib,0.6325868770684289,0.009882845472667014,0.0259536794899259,SCANB
tirapazamine,0.6436723787447107,0.009915505132634872,0.025992275229932357,SCANB
bms-345541,0.7109308306352645,0.009978811708270632,0.026078852082236127,SCANB
bruceantin,0.3554634551129448,0.009984577784076583,0.026078852082236127,SCANB
cep-37440,3.1638069537157887,0.010057610292720877,0.02622227404246326,SCANB
mefexamide,0.5210932388856588,0.010391926373163553,0.027045175291308742,SCANB
ki-8751,0.5436880062836968,0.010673318071427091,0.027727632404587074,SCANB
gsk2110183,0.5098906775385109,0.010796959052826599,0.027998565859211632,SCANB
radezolid,0.5773139868770866,0.01113065587394487,0.028812270213950317,SCANB
cyt-997,0.4824289244027916,0.011343517203242925,0.029310838201950913,SCANB
a61603,0.5910078451044886,0.011385560289595845,0.029367033402932598,SCANB
busulfan,0.6694220311708846,0.011510751783170159,0.029637113576952347,SCANB
ribavirin,1.885611167090091,0.011663555798400674,0.02997720291347385,SCANB
raloxifene,1.7356051918302122,0.01191394301261748,0.0305664459915913,SCANB
bvt-948,0.490981554352305,0.011947951207156318,0.030599443180097687,SCANB
mozavaptan,2.681307316348905,0.012322680163544392,0.031503389040015435,SCANB
vs-4718,1.400629457846546,0.01245181962150598,0.031777395048181924,SCANB
temoporfin,0.15293563790972697,0.012546573333117915,0.031962837346869055,SCANB
camylofine-chlorhydrate,0.5641028524472969,0.013023082292290412,0.03311845356229214,SCANB
cyclovirobuxin-d,0.5083146368655914,0.013067621998662937,0.03317341935450047,SCANB
obidoxime,0.6200933006692996,0.013136542302051192,0.03328997672691432,SCANB
hexachlorophene,0.5136218681192858,0.013176871292216804,0.033333798531184816,SCANB
"2,3-dcpe",0.537243116864568,0.013240470704859838,0.03342190381273675,SCANB
sb-216641,0.3563251938936037,0.013257894117837522,0.03342190381273675,SCANB
levocetirizine,0.6822661508524337,0.013281708414232311,0.03342370795720722,SCANB
mk-2206,0.45523122283403394,0.013341886170870211,0.03351685640494652,SCANB
cnx-774,1.5005251848578995,0.013469807241326844,0.033779568593067494,SCANB
alexidine,0.2674299132171405,0.013581938597463802,0.03400184282098637,SCANB
cpi-1189,1.5959536095038667,0.013684043789283895,0.03419829250966113,SCANB
oxymetazoline,0.6821945631207949,0.014279697917353335,0.03562538428691427,SCANB
captamine,0.6675495260076127,0.014337878081422773,0.03570896658144364,SCANB
osi-930,0.636550985175764,0.014375041048376048,0.035740007554983064,SCANB
gsk2126458,2.3311015001754116,0.014454352466167249,0.035875554062682696,SCANB
p276-00,0.4230877658812241,0.014717239608683567,0.036465489235899186,SCANB
fluroxene,0.7105635560546804,0.01479000033951847,0.036583129044928595,SCANB
vu0364770,0.4922236364673891,0.01486444388415146,0.03670452269687229,SCANB
gw-788388,1.332340042601919,0.015555827309093464,0.038346306842007225,SCANB
jq1-(+),0.7716795554801433,0.015633322332405296,0.03847179832481371,SCANB
avl-292,3.388009803643846,0.015714954217726458,0.03860702674541627,SCANB
ym-155,0.502930094437024,0.015967685385158036,0.03916142500393843,SCANB
cgp-52411,1.7654613485291433,0.01612950923997813,0.03949137033882971,SCANB
du-728,0.6916391642824625,0.016280579180493745,0.03979391566583521,SCANB
pi-103,0.46111330118494426,0.016403557400177998,0.04002689301527414,SCANB
exatecan-mesylate,0.6841020358311309,0.016993265447641674,0.04139605236151095,SCANB
meclizine,2.267378901786314,0.017362216317334183,0.042223742875937074,SCANB
dirithromycin,1.4498686334042714,0.01754542032602312,0.042597689952609825,SCANB
vlx600,0.7792271711990174,0.017586013035458623,0.04262472506249351,SCANB
norethindrone-acetate,0.6978263591210815,0.017696470487486186,0.04282072373811457,SCANB
ap26113,1.640537454711821,0.017794587850743174,0.0428888933878037,SCANB
mycophenolic-acid,0.3740950548466436,0.017824615932923556,0.0428888933878037,SCANB
cytochlor,0.638487504399072,0.017835993553751046,0.0428888933878037,SCANB
le-135,0.553987206090934,0.017843202363136024,0.0428888933878037,SCANB
hydroxyurea,0.6350999857607277,0.018068355784052647,0.043358061060570774,SCANB
ro-90-7501,1.5006668942316677,0.01810120440310629,0.043364971475653644,SCANB
ym-201636,0.6446721990310643,0.018207027378389973,0.04354639440748809,SCANB
sb-431542,0.4656917624872473,0.01854716507822471,0.044286712653780785,SCANB
hesperadin,1.6047854321077946,0.019206549581990435,0.04576436852568539,SCANB
ldn-212854,5.569722741095912,0.019229257818670846,0.04576436852568539,SCANB
desonide,0.7806435797692098,0.019286312090322232,0.04582478422774428,SCANB
serdemetan,1.4311125942870258,0.019389736178348854,0.04599499713126359,SCANB
trimebutine,0.6848475014769244,0.019467642955091877,0.04610422153194427,SCANB
nonoxynol-9,0.6229447310615891,0.019603382281675637,0.04634982706141282,SCANB
uric-acid,1.5872252362974697,0.01974007905938278,0.046596891352246136,SCANB
ibrutinib,1.9247000212070162,0.019989763142893833,0.04710942551753644,SCANB
beclomethasone-dipropionate,0.8021991143014716,0.020226977432550496,0.04759095340634239,SCANB
thioguanine,2.527950187476561,0.020309802992523728,0.0477082547567887,SCANB
3-deazaneplanocin-a,0.5671782700652416,0.020440245198249742,0.0479368473287964,SCANB
felbamate,0.42298693832198586,0.020545085516733976,0.04810475524711014,SCANB
sevelamer,1.6443123113663802,0.020906104385622275,0.04887097422616386,SCANB
bms-754807,1.5626970516217082,0.02094918871477613,0.048892703339163006,SCANB
fph1-(brd-6125),0.6204246863178926,0.02132622899804956,0.04969251748820888,SCANB
dexrazoxane,0.42146875305008574,0.021411482329000173,0.04976740221355496,SCANB
dianhydrogalactitol,0.6375991202592469,0.021427153821039904,0.04976740221355496,SCANB
bay-11-7085,0.40162650679765927,0.021608056946486234,0.050107144874303816,SCANB
xylazine,0.6729757393289354,0.021761313052652484,0.05038179197950103,SCANB
monensin,0.5140478255122629,0.021883461789012147,0.05048899627469839,SCANB
fendiline,1.8512559626948075,0.021894434381156097,0.05048899627469839,SCANB
sobetirome,1.4597214167967891,0.02191229416759543,0.05048899627469839,SCANB
repaglinide,0.6064908108618771,0.022187548879086263,0.05104194471866108,SCANB
bts-54505,0.6816323269997888,0.022330288993255745,0.051288774878160415,SCANB
unbs-5162,0.5555575172937355,0.02255858801602645,0.051654556479603105,SCANB
nsc-3852,1.6215391614205144,0.022560939664899214,0.051654556479603105,SCANB
terbutaline,1.3757091235641803,0.022709725912174083,0.05191307013414834,SCANB
cyromazine,1.5344257438010698,0.022939536549461247,0.05235569303954326,SCANB
tak-733,1.6885525539357813,0.023207373729934054,0.05288357446805445,SCANB
bortezomib,0.6322277407050967,0.023445694891249272,0.05334264230760644,SCANB
imidapril,0.4572563222984452,0.023828697192245514,0.05412892439117623,SCANB
smi-4a,0.6964687321056772,0.023965259415638793,0.0543538093643093,SCANB
cobicistat,0.637547760731026,0.02401455287742273,0.05438037247829529,SCANB
licochalcone-a,0.6142863939294816,0.02438422596352342,0.055131210889403724,SCANB
afatinib,1.8386553877568055,0.024535203001104844,0.055386019879249154,SCANB
defactinib,1.5344347980190713,0.02471602118308506,0.0556922540966286,SCANB
phenelzine,0.7175633902727122,0.024747836478322176,0.0556922540966286,SCANB
avanafil,0.6544821097983198,0.025225576716544757,0.056679207311863766,SCANB
finafloxacin,0.7185074737009441,0.025308099904374236,0.05677646598702251,SCANB
idasanutlin,1.8123018162883522,0.025636912044214442,0.057411958303851346,SCANB
amg-232,1.4930395067091435,0.025696925271065808,0.057411958303851346,SCANB
nintedanib,1.4026533648692443,0.025731473318795953,0.057411958303851346,SCANB
formestane,0.7118499319067889,0.025750076668417086,0.057411958303851346,SCANB
pevonedistat,0.6139633300022473,0.025940008804512193,0.05774645036942945,SCANB
orantinib,1.6530788472302105,0.02602390381545605,0.057844222459239494,SCANB
curcumin,0.39915227751831656,0.02613218073103658,0.05799580600891094,SCANB
atorvastatin,0.7481965949893612,0.026433776786898604,0.058575306295011155,SCANB
tryptanthrin,2.265953669425474,0.026569941649572326,0.05870827127605793,SCANB
gs-9973,1.774924007414725,0.02657492583677812,0.05870827127605793,SCANB
aurora-a-inhibitor-i,0.36536818833444307,0.026702998007146088,0.05890127761637254,SCANB
tms,0.6160408135487491,0.028268686601452632,0.062259953595588974,SCANB
lerisetron,1.6408861217273405,0.02832396136702621,0.0622868876870622,SCANB
itraconazole,1.5925003583889703,0.028416652082545096,0.06239589615089947,SCANB
wz8040,0.45352274759207156,0.029025714273240865,0.06363667962633263,SCANB
5-fluorouracil,1.4921311432121291,0.02927004372240878,0.06407526969186915,SCANB
xl-647,1.8719817293414966,0.0296251546103073,0.06475468084760523,SCANB
ciprofibrate,0.7153938957372753,0.029744649069901548,0.06491780875437034,SCANB
ramifenazone,0.6943796955592978,0.031113933844434553,0.06780400944713373,SCANB
tyloxapol,0.7267513917004074,0.031484448848258975,0.06842298040021383,SCANB
rgfp966,0.6704616634752121,0.03149253970044396,0.06842298040021383,SCANB
dacarbazine,2.3435682083209803,0.03181720937437524,0.06902474057679306,SCANB
quinidine,0.6970628657091499,0.03194192252299214,0.069191559716721,SCANB
repsox,0.6911940267165028,0.03202346108588361,0.06926449654898892,SCANB
estramustine,0.26824135083881473,0.03246082212321124,0.07010568598848756,SCANB
bicalutamide,1.7482750221941303,0.03281070740457712,0.07072606996465439,SCANB
cyt387,2.438274326431065,0.03284583207757274,0.07072606996465439,SCANB
fleroxacin,1.2714535053881637,0.03349070779865773,0.07200750993262665,SCANB
10-deacetylbaccatin,1.66425999367121,0.033768566780919676,0.07241182497235504,SCANB
bay-11-7082,0.23772336771771643,0.03377884026008269,0.07241182497235504,SCANB
dimethisoquin,1.3650351267241942,0.0346334452507841,0.07413401668326124,SCANB
domiphen,1.51345252578147,0.034875477282525845,0.07454182515186838,SCANB
amprolium,1.4970175019910834,0.03505920796999766,0.07482400285042275,SCANB
butylscopolamine-bromide,1.5795560150865415,0.03518643242681794,0.07498493037055311,SCANB
ifosfamide,0.683265393536178,0.03618612297004035,0.07698470012686909,SCANB
wye-125132,0.5724861336495398,0.036231223763923875,0.07698470012686909,SCANB
nafcillin,0.7015636693836195,0.03628505579858927,0.07698603481020333,SCANB
aspirin,1.4317705089412656,0.037115382752058196,0.0786324434000413,SCANB
bafetinib,0.5273248516569278,0.03725882242386668,0.07882092989376475,SCANB
carfilzomib,0.49263646251725496,0.03737604252665365,0.07895347961469756,SCANB
triptolide,0.42864997587740494,0.03758056372921127,0.07926978967371533,SCANB
gw-501516,1.3789781532941743,0.03786955839618663,0.07976310189124025,SCANB
ap1903,0.6770839935228096,0.03823416600558977,0.08041400902629128,SCANB
dalcetrapib,0.6945158401925446,0.03843170850494667,0.08071216575712313,SCANB
azithromycin,0.4254563794743226,0.03850341863373716,0.08074557501886617,SCANB
meloxicam,0.7451158073948456,0.03898463488672445,0.08163642066727972,SCANB
kd-023,0.6239736790361624,0.039176559730521004,0.08191977157523685,SCANB
gsk-j4,0.5489476561992574,0.03941181929386729,0.0822927886265887,SCANB
oncrasin-1,0.6583321399894334,0.03970741115473785,0.0827905244105269,SCANB
vandetanib,2.2119542522706914,0.03979555076248499,0.08285490928534646,SCANB
nutlin-3,0.7240098936165582,0.039932502836348506,0.0830205913853395,SCANB
dacomitinib,1.6409074734495661,0.040461067193549125,0.08399880090253312,SCANB
lorazepam,0.682758940344898,0.04054233177375759,0.0840469256112138,SCANB
ornithine,0.7072555073652048,0.041033639392244706,0.08494374277622044,SCANB
hexaminolevulinate,0.5035075908458914,0.0418046612121843,0.08641620682004383,SCANB
n-acetylmannosamine,0.7114026154124032,0.042337388536253906,0.08739258375457831,SCANB
lgx818,0.8148317288762406,0.04417972026505207,0.09106560573152471,SCANB
aeg3482,0.6594153997142145,0.04541016871989175,0.09346872565815556,SCANB
ribociclib,2.762120603286058,0.045703398871353065,0.09393866216881801,SCANB
cp-673451,0.731979952712207,0.04639984011036602,0.09523484913432571,SCANB
racecadotril,1.398171813713962,0.046934001736026146,0.09619475993205359,SCANB
naltrexone,0.7157408862677226,0.0470648490696223,0.09632650156116475,SCANB
etp-46464,0.4363492183861931,0.0472044022824875,0.09647566398694832,SCANB
cudc-101,1.3100681782793258,0.04735133477755761,0.0966394660410802,SCANB
lucitanib,1.5577340142021645,0.04755367078994713,0.0969157206099345,SCANB
odanacatib,0.3120333931442245,0.04822118884359977,0.098137918785779,SCANB
taltirelin,0.6825719478384393,0.04939026185992442,0.10037599566195314,SCANB
spiradoline,0.605795547652231,0.04964282893316873,0.10074778887278422,SCANB
cmpd-1,0.5258167259296144,0.0499946014478096,0.1013195914495525,SCANB
nitisinone,1.5529283360336927,0.05074486214970612,0.10269624549737727,SCANB
osi-027,0.36905346674405465,0.05109535756582132,0.10326114860020036,SCANB
exemestane,0.7159999138025347,0.052733248926188525,0.10642260975759386,SCANB
vidarabine,0.5374599956868695,0.05325950527997321,0.10733496398345577,SCANB
4-methylhistamine,0.8047491892116881,0.0533959310042106,0.10746023944797321,SCANB
petcm,0.7003829852773741,0.055262276715351236,0.11106182556543506,SCANB
iobenguane,0.7362505414597327,0.05560069015916415,0.11158696069391195,SCANB
pomalidomide,0.6942805886630399,0.0561073676268425,0.11244786836016774,SCANB
methoxyflurane,1.4968616010630769,0.05635416683667999,0.11278627857908154,SCANB
filgotinib,0.6541121177028064,0.05673040780866989,0.11338245870047697,SCANB
pd-153035,1.446775762463307,0.057922692863278155,0.11560570561815654,SCANB
cebranopadol,1.3145926947353468,0.05827062523679625,0.11613993762760905,SCANB
peruvoside,0.38430074500947703,0.05886468341036652,0.11716258169848742,SCANB
alisertib,0.7362117656562743,0.059225594478966276,0.11771900441080248,SCANB
sgi-1027,0.5806097891008062,0.059909551907404046,0.11891511880660309,SCANB
gsk429286a,0.6372588740159276,0.060025907267724846,0.1189828600224628,SCANB
kp-1212,0.6134649215292642,0.06020853083059655,0.11918159249230262,SCANB
pacritinib,0.20865204075207913,0.06069062356460119,0.11997176543439607,SCANB
xilobam,1.4106149321848183,0.060854413654988344,0.12013142777458136,SCANB
ptc-209,0.6731345677649002,0.06121793307809634,0.12068439940600191,SCANB
tremorine,0.5788716548435939,0.061629416850559435,0.1213302941262034,SCANB
lafutidine,0.6668937906032769,0.062325422101852324,0.12253381220296237,SCANB
picolinic-acid,0.6898933928872409,0.06325575630896461,0.12408875437276759,SCANB
scs,0.765526301941203,0.06328969626151174,0.12408875437276759,SCANB
idarubicin,0.4261258671158891,0.06337359328367329,0.12408875437276759,SCANB
isopropyl-myristate,0.6564346378204243,0.06395810697792909,0.12506402810413972,SCANB
bitopertin,0.6042040123899344,0.06442235679905857,0.125801822251333,SCANB
cgs-15943,0.6105309535163893,0.06462500632835258,0.12602747190987357,SCANB
7-aminocephalosporanic-acid,1.4118090765137454,0.06496109508362968,0.12651238840647663,SCANB
ro-4987655,1.4704311015053115,0.06512966021168254,0.12667018592245247,SCANB
menadione,2.1875757242043057,0.0655734467656162,0.12736211740919012,SCANB
piperazine,0.7299644074461494,0.0660761946565488,0.12816655987671063,SCANB
linifanib,0.37857249677191723,0.06616583793677039,0.12816863118407865,SCANB
gsk1904529a,0.7996732258077938,0.06728137428074549,0.13015527885593411,SCANB
dronedarone,3.1398319193236275,0.06738315030952163,0.1301781288356179,SCANB
piroxicam,0.7076340979211211,0.06812631502309527,0.13143837045122514,SCANB
etofylline-clofibrate,1.537804891637321,0.06833148115086224,0.13165865942116867,SCANB
sr-27897,0.7978463272642369,0.06917761164955942,0.1329741803176587,SCANB
belinostat,0.5601642672486811,0.06919803578382654,0.1329741803176587,SCANB
pentamidine,0.710976136566783,0.0711068404359124,0.13645248128327642,SCANB
mifepristone,1.406015655738728,0.07119669894186156,0.13645248128327642,SCANB
pd-318088,1.3445739105346128,0.07155683356525976,0.1369612938742472,SCANB
iowh032,1.3654177006585242,0.07183855435126903,0.13731887469786827,SCANB
nomegestrol-acetate,1.3326382545303856,0.07251404209221868,0.13842720172485545,SCANB
ro-9187,1.6612590010010668,0.07290668877359698,0.13899338426270727,SCANB
jib04,0.5792241603010342,0.07309138033297859,0.13916214123923687,SCANB
ch5132799,0.40559406928776254,0.07374215346100885,0.1402166833877527,SCANB
cgp-54626,1.4172415471700754,0.07425629409855981,0.14100899942338066,SCANB
ikk-16,0.3635436319847216,0.0743885628923866,0.14107503342763225,SCANB
neratinib,1.7329646104769667,0.0749059187747579,0.14187024144905064,SCANB
pentagastrin,0.7017441236119045,0.07556800302139305,0.1428897053542733,SCANB
flumatinib,1.3948384465313404,0.07564168230917301,0.1428897053542733,SCANB
i-bet151,0.8494455002451035,0.07605463609731462,0.14307469374683038,SCANB
rucinol,1.3930377667346419,0.0760553587738066,0.14307469374683038,SCANB
dihydromyricetin,1.2860811450803724,0.07610444962606348,0.14307469374683038,SCANB
masitinib,1.2638456970130985,0.07613511692125735,0.14307469374683038,SCANB
parthenolide,0.4196202448972091,0.0768992441965681,0.14421396434404546,SCANB
octopamine,0.7708183597446729,0.07694069141230345,0.14421396434404546,SCANB
adaprev,0.6957628236313828,0.07709035779915302,0.14430756498754777,SCANB
sdz-wag-994,0.7198152493204004,0.07786284247711468,0.14556528819687978,SCANB
lcl-161,0.7273089494232619,0.07809863605347461,0.1458177114443584,SCANB
talmapimod,0.7304205320624789,0.07839394283713909,0.146045954606413,SCANB
amonafide,0.7979985234877337,0.07842274134705107,0.146045954606413,SCANB
gsk650394,1.4761822333796688,0.07874824799166623,0.14646364375827897,SCANB
ro-106-9920,0.30370753882853097,0.07901587006066524,0.14677273938097896,SCANB
tetramethylthiuram-monosulfide,0.65807568648373,0.07927835391089845,0.14707151039624367,SCANB
cs-110266,0.77789052379893,0.07950202744658749,0.14729761039079653,SCANB
indisulam,0.58709816797329,0.08085253853258108,0.14960821388317752,SCANB
ferb-033,1.477837436538478,0.08141354086753588,0.15045388714600821,SCANB
olda,0.7757988208184062,0.0820902391940243,0.15151093892060352,SCANB
sns-314,0.8057832734404414,0.08346931615137111,0.15386000060004332,SCANB
favipiravir,1.439856737404374,0.08401144060382307,0.1546622831472417,SCANB
bay-87-2243,0.6843541397255918,0.08422989297968501,0.15486741441118707,SCANB
mek1-2-inhibitor,1.6385152373731915,0.08467357087211319,0.15548560539587283,SCANB
as-1949490,0.7118826625916403,0.08569729521189134,0.15716601542662456,SCANB
zm-447439,0.7467872853097924,0.08590210231985307,0.15734220513522454,SCANB
gzd824,1.4256368278474185,0.08619655245123684,0.15768193602647246,SCANB
uk-383367,0.6833527345057774,0.08632745336899587,0.1577220012941124,SCANB
penicillamine-(d),1.4891495503353782,0.08704704780276426,0.15864710138090574,SCANB
cromakalim,1.3976495081427514,0.08713013472428195,0.15864710138090574,SCANB
nemorubicin,1.9442061440680518,0.08716271292178304,0.15864710138090574,SCANB
teprenone,0.5908259019745695,0.08841614970928045,0.1607263424991568,SCANB
fludroxycortide,0.6937756021064402,0.08902544022663263,0.1616308808129704,SCANB
zstk-474,1.3072794745542653,0.09024491807474581,0.1636395945540817,SCANB
latanoprost,1.283783456815336,0.09044487012819724,0.16375297912618983,SCANB
fluorometholone,0.654383699037095,0.09053378251620722,0.16375297912618983,SCANB
methiazole,0.6781185681279573,0.09152810262118043,0.1653447746477504,SCANB
balapiravir,0.7904653673337733,0.09232656444677304,0.16657922537965159,SCANB
erdafitinib,0.6732092221840915,0.09361460022382574,0.16853883557523555,SCANB
mitomycin-c,0.605770532821719,0.09372409475015163,0.16853883557523555,SCANB
ldn-57444,0.38924566985414794,0.09385991460605332,0.16853883557523555,SCANB
bms-599626,1.349626313318041,0.09387857738330328,0.16853883557523555,SCANB
sulmazole,0.7871387536689347,0.09437212492392258,0.16921495014239898,SCANB
fluocinolone-acetonide,0.8575168264510075,0.09508785073231195,0.17026961672098584,SCANB
tc1,0.675067138322069,0.09528916889984876,0.17026961672098584,SCANB
nitrocaramiphen,1.4642832476300074,0.09532238343041596,0.17026961672098584,SCANB
ly456236,1.3876354005046088,0.09543100149324085,0.17026961672098584,SCANB
alpelisib,1.9709427784800422,0.09682289565413303,0.17254030789597352,SCANB
atipamezole,0.754224819185938,0.09704814680289214,0.17272898945114998,SCANB
eplerenone,1.668516184444199,0.10049411044809423,0.17857826608405977,SCANB
rs-16566,0.6409279035602369,0.1005814007315195,0.17857826608405977,SCANB
eltrombopag,1.3677285999741144,0.10225502292937884,0.1813272281603078,SCANB
nsc-697923,0.32077815404433857,0.1030191006459981,0.18245855402051317,SCANB
aphidicolin,1.6907681548108968,0.10427044934756702,0.184449071156393,SCANB
bf2.649,0.8356631427101269,0.10583433546685744,0.18678422372862957,SCANB
pibenzimol,1.2819459628855316,0.10589107813057054,0.18678422372862957,SCANB
clopamide,0.8361436970453505,0.10597778001465437,0.18678422372862957,SCANB
cephalomannine,0.6096203614145521,0.10616235692213127,0.18688191054297318,SCANB
ky02111,0.8288818614910899,0.10671035875218712,0.1876183342823995,SCANB
uridine,1.330854480580079,0.10744095832834719,0.18867362463727957,SCANB
cetylpyridinium,0.5211349851399469,0.10766632041361965,0.18884020077394864,SCANB
alvespimycin,1.3730481067968505,0.10873672180483912,0.19048672693898572,SCANB
gw-3965,0.7534887172535687,0.11087952316827038,0.19400564694617561,SCANB
ftorafur,1.4318714364904401,0.11111659758288579,0.1941856481913475,SCANB
nobiletin,0.8029906082601231,0.11171221168522527,0.19499103776661156,SCANB
clocortolone-pivalate,0.8086252949987108,0.11251219026189711,0.1961507702517652,SCANB
zln005,0.8624553142161268,0.11264859452844699,0.19615224582751237,SCANB
homoquinolinic-acid,0.8344251404994134,0.11283927885481523,0.196248120796776,SCANB
wye-354,1.7871339635961374,0.11313689332461194,0.19652951337420585,SCANB
sb-225002,1.7024528274918884,0.1133124124783881,0.19659839431202347,SCANB
metyrapone,0.6202115192610991,0.113877534061418,0.197104041442059,SCANB
aztreonam,0.7569471210576685,0.11389602395537579,0.197104041442059,SCANB
ulipristal,1.483707170312493,0.11405277565831681,0.197104041442059,SCANB
pq-401,0.8095288124962802,0.11414871232097129,0.197104041442059,SCANB
isoflupredone-acetate,0.8345666866270948,0.11535137946612686,0.1989433207240591,SCANB
methscopolamine,0.7627247440389063,0.11568452580123394,0.19928036765998275,SCANB
skf-96365,2.254549594073163,0.11821736225793442,0.2034013355377302,SCANB
nvp-aew541,1.3921127502400954,0.1183747651142226,0.20343026736375308,SCANB
buthionine-sulfoximine,0.7478023898858542,0.1205090533196968,0.20685243197342973,SCANB
doxercalciferol,1.2447640608226576,0.12279843633845744,0.2103419220887117,SCANB
nsc-632839,0.663082364589984,0.12283270502070587,0.2103419220887117,SCANB
sparfloxacin,1.5786866500423034,0.12339487004195547,0.21105481909067325,SCANB
av-412,1.7815794042566384,0.12475980502505782,0.21308290299118873,SCANB
salvianolic-acid-b,1.5025941241889613,0.1249121432595689,0.21308290299118873,SCANB
acipimox,0.7727774473647668,0.12502238053871406,0.21308290299118873,SCANB
dovitinib,0.5955390031958896,0.1253566589173584,0.2134012770040207,SCANB
ritodrine,0.6952157126392202,0.12590323414285653,0.21375081181438654,SCANB
sulfamethazine,1.2863109247980398,0.12595695771618512,0.21375081181438654,SCANB
galeterone,0.5680144977011293,0.12600514338470747,0.21375081181438654,SCANB
clindamycin-phosphate,0.7105177424912181,0.12628109947995023,0.21396809244436532,SCANB
ethinyl-estradiol,0.8114202513778392,0.12665710067926203,0.21435418091566336,SCANB
am-404,0.7224519399331721,0.12691046857440888,0.21453206545230097,SCANB
melengestrol-acetate,0.8281456032615705,0.12737281545981596,0.21506238502958425,SCANB
salinomycin,0.6950584206242095,0.12816948658925953,0.21613447020412466,SCANB
dichlorvos,0.6618798171692463,0.12830650304446653,0.21613447020412466,SCANB
tamibarotene,0.47848709804156964,0.12913343086778348,0.2172745051926543,SCANB
nms-873,1.8426091776020503,0.1301547307388165,0.21873855444723284,SCANB
tiagabine,0.8243940318673617,0.13156864721130257,0.2205465357161156,SCANB
xl388,0.6465781996830422,0.13201253304921548,0.2205465357161156,SCANB
isofloxythepin,0.8051116592329973,0.13209984923364862,0.2205465357161156,SCANB
buphenine,0.8327289857725888,0.1321036651949766,0.2205465357161156,SCANB
mk-8245,1.3007590417151491,0.13211544587028798,0.2205465357161156,SCANB
estramustine-phosphate,1.3398706287915256,0.13214502174559242,0.2205465357161156,SCANB
mk-3207,0.733182735788951,0.1337978997918323,0.22290325106600517,SCANB
gidazepam,1.6563766773266693,0.13386518671482964,0.22290325106600517,SCANB
at-9283,0.7223941300371214,0.13405994532726007,0.22297096653855783,SCANB
bindarit,1.3723972305198517,0.1363473752015129,0.22646338776828617,SCANB
cholecalciferol,0.6938279097006965,0.13647525989498682,0.22646338776828617,SCANB
gilteritinib,1.4956077568532022,0.1366292588263399,0.22646338776828617,SCANB
tetrahydrouridine,0.7983034849205154,0.13708572328929305,0.22695923503864293,SCANB
tw-37,0.4127986371476241,0.13724210826455602,0.22695923503864293,SCANB
pitavastatin,0.760636447509511,0.13810161426075038,0.22811990392158196,SCANB
sertindole,0.6077323299997732,0.13828895076021205,0.22816888454963152,SCANB
colforsin-daproate,1.2418988188808389,0.1387133675515013,0.22844515509366534,SCANB
proflavine-hemisulfate,0.6348149183416892,0.13877214328080983,0.22844515509366534,SCANB
abiraterone,0.7814697309771121,0.1393204647795797,0.22908717333642253,SCANB
evacetrapib,0.7619719035211134,0.1397021497157235,0.2294540415875731,SCANB
capsaicin,1.341294421158989,0.1412870536673573,0.2317940665041565,SCANB
ammonium-lactate,1.2905400442320816,0.1417043559873474,0.23221115635732964,SCANB
se-methylselenocysteine,1.3315183071249377,0.14186224064953656,0.23221115635732964,SCANB
r547,0.5589503891794828,0.14203186640434884,0.2322261137707263,SCANB
sulconazole,1.7707071023027232,0.14230478011446848,0.23239233543701754,SCANB
octenidine,0.5360638523358968,0.14245473499145442,0.23239233543701754,SCANB
pha-767491,0.6704747675468239,0.14273190921540563,0.23247103708148198,SCANB
whi-p154,0.8182232530148013,0.14282429299615582,0.23247103708148198,SCANB
halofantrine,0.7436071744199421,0.14349952953507453,0.23330766206432904,SCANB
spironolactone,2.331819673985924,0.14517519843053173,0.23576712921322043,SCANB
pf-03814735,0.7747873088663463,0.1457841376450309,0.2364906358434526,SCANB
ouabain,0.5030290226821592,0.1470110892992632,0.23817916143416815,SCANB
sb-200646,1.3136879856734267,0.14715422966285163,0.23817916143416815,SCANB
fk-888,0.6941520704815856,0.14946247146890965,0.2416449119726394,SCANB
tyrphostin-ag-494,0.7309195085826802,0.15039972968676898,0.2428888491704852,SCANB
gsk2830371,1.6256741042244867,0.1514778244583838,0.24359575098213376,SCANB
gdc-0152,0.8703439957902075,0.15149082103460607,0.24359575098213376,SCANB
riboflavin,1.2900389589356358,0.15150225134605466,0.24359575098213376,SCANB
10-hydroxycamptothecin,0.6482900292372906,0.1515108333682933,0.24359575098213376,SCANB
ketoprofen,0.7698408907482961,0.1550023027922761,0.24893266608260098,SCANB
venetoclax,0.8235828097514676,0.1560359846224692,0.25031493320256426,SCANB
jzl-184,0.7540170372365452,0.15699165503810825,0.25156913049849683,SCANB
d-4476,0.7954288273893264,0.15762668744672576,0.25230731939757983,SCANB
rg108,0.8011256618393124,0.15782251578553924,0.2523416357366578,SCANB
rheochrysidin,1.396568808729285,0.1582698308588859,0.25277753339162023,SCANB
tilmicosin,1.4079713609108533,0.1608784409600659,0.25666053370365527,SCANB
cep-32496,1.2616590662164688,0.16148063544572758,0.2573375324779381,SCANB
caffeic-acid-phenethyl-ester,1.2260606770508446,0.1634470308935705,0.26018465753905,SCANB
sorafenib,0.7555908734915773,0.16534937282673662,0.2629236730552614,SCANB
bendroflumethiazide,1.2487691931559584,0.16698697905157434,0.26523617858137,SCANB
idoxuridine,0.8244376790450609,0.16763358843675707,0.2659712746359512,SCANB
digoxigenin,0.4081682892437704,0.1686099725472453,0.2672274154171566,SCANB
at7867,1.2474208463452663,0.1693650826189184,0.2681304973190098,SCANB
amg900,1.2181559702442382,0.17119888465855665,0.270737471148559,SCANB
kifunensine,1.2195236399750204,0.17204163793885913,0.2717731987964292,SCANB
istradefylline,1.233658897575845,0.17389162011873566,0.27439604614156,SCANB
triamcinolone,1.2741591323348465,0.1743898070085066,0.2748824082149336,SCANB
vatalanib,0.7681472136232252,0.17496736461541224,0.27546679215881986,SCANB
cyclocytidine,0.7367835349220764,0.17514129149005825,0.27546679215881986,SCANB
oxprenolol,0.6856500910207127,0.17684504752114044,0.2778444991998808,SCANB
sodium-stibogluconate,1.2778440870059904,0.1771127758518946,0.2779633260929409,SCANB
diaveridine,0.78646979510709,0.17853188882840157,0.2798869373073641,SCANB
betamethasone,0.8491504870575074,0.18290477315180725,0.28643204193794924,SCANB
pd-0325901,0.7745281497893074,0.18438747133445327,0.2881647513699145,SCANB
vx-702,1.2400491115138559,0.18440950916968957,0.2881647513699145,SCANB
tucatinib,0.5813152502346057,0.18510994052601015,0.28894723186746135,SCANB
zk811752,1.438944862142048,0.18605106873098312,0.29005474534717374,SCANB
tak-285,1.2880918074645338,0.18622035827748748,0.29005474534717374,SCANB
diclazuril,0.682203575809915,0.18843837318079787,0.2931938989167898,SCANB
abemaciclib,0.5792003770616172,0.18872149339647026,0.2933190128299597,SCANB
flutamide,0.8127594626489766,0.19231211082427666,0.298578996097348,SCANB
ajmaline,1.2482547369346249,0.1925309571462897,0.2985983869139134,SCANB
beta-lapachone,2.8664135109986857,0.19296058491135326,0.2989442894718717,SCANB
sc-144,0.836088252273378,0.19346269485413936,0.2994016250844274,SCANB
sb-205384,1.2998465823956133,0.19439754131737189,0.30052696825452685,SCANB
bi-2536,0.7974483578404434,0.1949735855563986,0.30109581462124735,SCANB
tideglusib,0.7735846489216972,0.1961848847243799,0.3026434202517886,SCANB
cyclosporine,0.6630764093105785,0.19672561027226873,0.30315437493500835,SCANB
clotrimazole,0.8268590952661371,0.19898276124061798,0.30630644203741936,SCANB
ly2874455,1.5726330620978186,0.19956563648394937,0.3068772327229275,SCANB
deoxycorticosterone-acetate,0.68277787225472,0.20159868400751652,0.30967441163362674,SCANB
vorinostat,0.599799775341011,0.20472462833285968,0.31414266935063406,SCANB
lidamidine,0.7868519083405229,0.20569158093687842,0.3152920737454058,SCANB
oseltamivir-phosphate,1.2546814918179157,0.2059150315040832,0.31530058263112,SCANB
ro-04-5595,1.1675733077847068,0.20693413992173604,0.3165261104299704,SCANB
ym-976,0.844921207785409,0.20753857929883598,0.3171154427089923,SCANB
enmd-2076,0.698059372573174,0.20861578758770213,0.318425152573212,SCANB
chlorogenic-acid,0.819563169404397,0.21080494918729528,0.3214275674120298,SCANB
canertinib,1.561359658822009,0.21151157549859848,0.32216552604891785,SCANB
snx-5422,0.5015529443654835,0.21331019301054013,0.3245634587657745,SCANB
fludarabine-phosphate,0.7196733020585538,0.2142263570771973,0.3256150616498997,SCANB
famotidine,0.839147652253021,0.21606185633800726,0.32806034220471825,SCANB
a-803467,0.7476185331009557,0.21645528262488814,0.32831320121405994,SCANB
oxaliplatin,0.7701108987311116,0.21753707834524993,0.32960853650845723,SCANB
su014813,0.7208954238751417,0.21860852972527134,0.33088550472015443,SCANB
hypericin,0.8143389195477955,0.2196424516459813,0.33210305907182336,SCANB
orotic-acid,0.8064813050736388,0.22306181091615251,0.33667569790495017,SCANB
sar131675,0.8839638916373027,0.22325469199371276,0.33667569790495017,SCANB
arctigenin,0.7410676501523845,0.22336466481600012,0.33667569790495017,SCANB
sta-5326,0.8292140452913558,0.22466707364366492,0.3381770829291296,SCANB
spermidine,1.4376820317395458,0.22482816432468744,0.3381770829291296,SCANB
azd8330,0.775350668031277,0.22596145416111435,0.339528789378123,SCANB
niridazole,1.2400552325298848,0.22714093836606863,0.34094703092915074,SCANB
"l-798,106",0.8496061062326683,0.22862910198462505,0.34282519230233416,SCANB
stf-118804,0.5606333990573544,0.231162308069209,0.3459707137210517,SCANB
nelarabine,1.2484118356093619,0.23120503121510505,0.3459707137210517,SCANB
pik-75,2.59833563563812,0.2320755460559856,0.3465621742887171,SCANB
chloropyramine,0.7126204430380962,0.2320792998519467,0.3465621742887171,SCANB
givinostat,1.8209342810953055,0.23498632061993627,0.35033835180656053,SCANB
pha-848125,1.5191226877199622,0.23511925351674726,0.35033835180656053,SCANB
methacycline,1.2740422631959887,0.23533440079887824,0.35033835180656053,SCANB
pilaralisib,1.2673648953727827,0.23784701980979275,0.35371494107376167,SCANB
bibu-1361,0.8209670805134458,0.23873486549693065,0.35467079093845855,SCANB
ponatinib,1.3776161320231126,0.24001083382444593,0.35620069389125464,SCANB
bms-626529,0.7943162728563499,0.24107653485118186,0.35741572328858623,SCANB
estradiol-cypionate,0.7804368146095141,0.2414470464892523,0.35759864510741873,SCANB
bosentan,1.1798138282894615,0.24185741555732898,0.3578401639176432,SCANB
plx-4720,0.7672622010792999,0.2436331666399559,0.36009927694383675,SCANB
ri-1,0.8231358144244176,0.24422243061410875,0.36060189499858714,SCANB
buparlisib,0.5197015816392627,0.2445697137537776,0.3607465604502713,SCANB
ha14-1,1.7699704012894055,0.24492016517568435,0.36089559980571817,SCANB
satraplatin,0.8272440907337945,0.24530297183437022,0.3610919636259753,SCANB
az-628,1.1924297788944025,0.24560626761590154,0.3611710053254162,SCANB
bibr-1532,0.7303139596981533,0.24652736992282043,0.3621127021462901,SCANB
ly2784544,0.8028076891652169,0.24674714880182586,0.3621127021462901,SCANB
aee788,1.2215122392415594,0.24938062930426552,0.36560665714617246,SCANB
metoxibutropate,0.8253084318650221,0.24979378682766656,0.3658417100603578,SCANB
tetrandrine,0.6326783715761155,0.250173020459445,0.3660266537965793,SCANB
cct137690,0.6883023013798888,0.25064851016090167,0.36635191333618655,SCANB
as-703026,1.263387886482473,0.2526829922512402,0.36866651162821895,SCANB
y-39983,0.8457378835350059,0.2527416582827873,0.36866651162821895,SCANB
colfosceril-palmitate,0.7631134520304206,0.2556053334067283,0.37246819480315796,SCANB
jnj-16259685,0.824803186226937,0.25621591750851536,0.372982326594388,SCANB
bay-k-8644-(s)-(-),1.2008580344501527,0.258789390904322,0.37634999863171253,SCANB
trans-4-hydroxycrotonic-acid,1.2119318944985702,0.2605948282669385,0.37843941783006263,SCANB
tipiracil,1.4871828517777923,0.26088673441920784,0.37843941783006263,SCANB
rifampin,0.7502037106170967,0.26101073876600034,0.37843941783006263,SCANB
evp4593,0.7363200123123153,0.26213692069180067,0.3796918160570927,SCANB
mubritinib,0.7229944032542562,0.2651133625760067,0.38361903564748173,SCANB
cinromide,0.7378796526242348,0.26605640677236797,0.3844198525600111,SCANB
narlaprevir,0.8678181475020743,0.26639277838880765,0.3844198525600111,SCANB
birinapant,0.8621422315920445,0.2664637955201736,0.3844198525600111,SCANB
trichostatin-a,1.8831630954526861,0.2681210763269162,0.38642549546319493,SCANB
srt1720,0.72407029873482,0.2704886632933253,0.38944984655267834,SCANB
pd-168393,1.4322088809351583,0.27307861296090385,0.3927880248055943,SCANB
sonidegib,1.9638351624531616,0.2735327328445193,0.39284280225611595,SCANB
suxibuzone,1.1859398943176358,0.2737395193087002,0.39284280225611595,SCANB
norethindrone,0.8047998693098299,0.2739311592787982,0.39284280225611595,SCANB
rn-1734,0.6828167633588693,0.27467465528566554,0.39351903583995845,SCANB
oltipraz,2.000294021654444,0.2768222422897032,0.39620354559169196,SCANB
paricalcitol,1.2276942140251066,0.27719081778718113,0.3963390448004458,SCANB
sb-590885,1.1729115781718105,0.27822924073414007,0.39739294353424987,SCANB
imatinib,0.6963828880122398,0.27847715600810596,0.39739294353424987,SCANB
dvd-111,1.2465703508763228,0.2792048940963996,0.3977034740711436,SCANB
josamycin,1.2260212582102443,0.2792444572607339,0.3977034740711436,SCANB
dequalinium,0.7666669477554903,0.2807687309960324,0.3994811737967147,SCANB
tranilast,1.3063827641401846,0.28108043749870826,0.3995318202953152,SCANB
morin,0.8324533656724732,0.28202853107808445,0.40048604952893835,SCANB
az3146,0.8227636377878026,0.2833807945849499,0.40201177427884566,SCANB
zaleplon,0.7610079972856116,0.28540480037247445,0.4044865290293541,SCANB
pi3k-in-2,1.4631554396139035,0.2860444484139575,0.4049963961399183,SCANB
parachlorophenol,0.8156304968445318,0.2879082192187602,0.4072367480054213,SCANB
trequinsin,0.7738210965685851,0.28974487482052236,0.40938231340066,SCANB
sib-1757,1.2304819339435924,0.2900130136019279,0.40938231340066,SCANB
cr8-(r),0.6082985012353576,0.29027384488533325,0.40938231340066,SCANB
famciclovir,1.1815267694702212,0.2914629210189546,0.41065905230226607,SCANB
methylphenidate,0.8197333901518805,0.2921892212085647,0.4109439304426172,SCANB
trolox,0.8240200905003936,0.2922331060300298,0.4109439304426172,SCANB
secnidazole,1.2297468533507854,0.29256572036706363,0.41101223045741847,SCANB
palmatine-chloride,1.142005297004584,0.29573613219119105,0.4150632233565989,SCANB
idronoxil,1.3129623486502013,0.2972785820107475,0.4168237482263098,SCANB
kenpaullone,0.8929631739166881,0.30107426487186106,0.4216985703707296,SCANB
p22077,1.1332942942157336,0.3015482519006587,0.4216985703707296,SCANB
minocycline,1.1467828242255105,0.3016295924904666,0.4216985703707296,SCANB
9-aminoacridine,0.5332517316164411,0.30270924300022595,0.4226760892207195,SCANB
usniacin-(+),1.181925339166459,0.3029129955230726,0.4226760892207195,SCANB
romidepsin,1.3561136746726206,0.3041910919027469,0.4240505876524805,SCANB
dpi-201106,1.642962889290537,0.305804110388995,0.42588888135984193,SCANB
triamcinolone-acetonide,1.1183662540064336,0.30862148644890447,0.42920245510195026,SCANB
barasertib-hqpa,0.8516942711891352,0.3087766107540637,0.42920245510195026,SCANB
warfarin,0.8608264572723255,0.31159003722385215,0.43269748931181773,SCANB
carmofur,0.6841946340655456,0.3159006280960715,0.4382629039837157,SCANB
anagrelide,0.6854481645005056,0.3176778319409161,0.44030634369588656,SCANB
zaldaride,1.2183559753536959,0.318737079521511,0.44106919746032375,SCANB
mk-0812,0.8383511253649751,0.3188378580120931,0.44106919746032375,SCANB
epiandrosterone,0.8408427626820282,0.3201638296835203,0.44248047903730076,SCANB
nemonapride,1.1182281884964158,0.32074706282295573,0.44248560630892236,SCANB
azd9668,1.1924428138581968,0.32077912993646135,0.44248560630892236,SCANB
navarixin,0.7675273671702711,0.32164866036958106,0.4432624871950322,SCANB
sodium-tanshinone-ii-a-sulfonate,0.8450980625928678,0.32604688475620736,0.44889613914579646,SCANB
rg2833,0.8767367857821765,0.32667509785287785,0.44933352337748506,SCANB
jtc-801,0.6117841915129665,0.33066036608678906,0.4543832381078668,SCANB
ly2090314,1.1732048994727913,0.3326072188664269,0.45662490104337733,SCANB
nisoxetine,0.8218709731694298,0.3369500936226522,0.4621486118217799,SCANB
prednisolone-tebutate,1.1762660399810543,0.338392071967148,0.46368686376559015,SCANB
cgs-20625,1.173306962742238,0.3397112722636444,0.4650541257951688,SCANB
pd-407824,0.7456553259521157,0.3402807460805909,0.46539342115181004,SCANB
ar-12,0.7043626702764665,0.3423821158693922,0.46700737986626545,SCANB
pyrithione-zinc,0.6239836640186701,0.34240103383965004,0.46700737986626545,SCANB
pf-4981517,0.8502773183512122,0.3424831786107479,0.46700737986626545,SCANB
cinacalcet,1.5410314422994835,0.34275178812575946,0.46700737986626545,SCANB
teroxirone,0.7637210748850254,0.3432672518512653,0.46726972100543823,SCANB
enocitabine,0.8580014025827035,0.3443567654626828,0.46803084982834087,SCANB
gdc-0980,0.7769139984077724,0.3444732930664707,0.46803084982834087,SCANB
psi-7976,0.7357587659114744,0.34610268964364,0.4698035571429147,SCANB
vanoxerine,0.6650016771116116,0.3466165331959348,0.4700600970332874,SCANB
azd2014,0.7663871096228968,0.3485762624925104,0.4721899247326825,SCANB
cx-4945,1.144482916197867,0.3488396886933225,0.4721899247326825,SCANB
mericitabine,1.1595397470396274,0.34980961254767495,0.4730602891182109,SCANB
azd4547,0.8909893051546807,0.3503460727338539,0.47334338678420784,SCANB
zm-306416,0.8115752770189174,0.3532603742908199,0.47680172529467685,SCANB
cinnarazine,0.8651011708836066,0.3535647900768405,0.47680172529467685,SCANB
nithiamide,1.2550813621164916,0.35410430052016273,0.4770846581496047,SCANB
jnj-26481585,1.3009226573192547,0.35466202204763775,0.47739157758412265,SCANB
thiostrepton,0.7770883704803792,0.35641249917999906,0.479071869819303,SCANB
vu0238429,0.7579732008784068,0.35674965450847385,0.479071869819303,SCANB
benzocaine,1.201986218140224,0.3569035768246086,0.479071869819303,SCANB
pentostatin,1.2357518406095114,0.3580184258889265,0.48012294926902377,SCANB
torin-1,0.6391351484246929,0.35938688681718733,0.4813919368198529,SCANB
crizotinib,0.773606321870927,0.35963005093452727,0.4813919368198529,SCANB
erteberel,0.8433027270031841,0.3606443373748597,0.4823034715170258,SCANB
atenolol-(-),0.8848163875736181,0.3611909723696879,0.48258849216891814,SCANB
cefpiramide,0.8877753915933473,0.36356484825863,0.48531211755556974,SCANB
4-hydroxy-phenazone,1.17110955031076,0.3672736160675074,0.48981098843288773,SCANB
chir-124,0.7873201906679941,0.3680006162295706,0.49023974623076155,SCANB
forskolin,0.8305401825883438,0.36827270501232745,0.49023974623076155,SCANB
pr-619,0.6950249898299773,0.3693456081714882,0.491216079985426,SCANB
thonzonium,0.6433993802337308,0.370384966324638,0.4921460479997715,SCANB
phenazone,0.8417061930606762,0.3707682092001793,0.4922033015712472,SCANB
cid-5458317,1.8121972903201091,0.37133490146103054,0.49234750284015394,SCANB
ethacridine-lactate-monohydrate,1.1976721123219158,0.371557341466101,0.49234750284015394,SCANB
pf-562271,0.6866799957100854,0.3752709560958659,0.4959245653242195,SCANB
alfacalcidol,1.1875912473221313,0.3753485810637426,0.4959245653242195,SCANB
caffeic-acid,0.8624038260808938,0.3755061544317795,0.4959245653242195,SCANB
ly303511,0.886684385034549,0.3756277288150274,0.4959245653242195,SCANB
monobenzone,1.2446953918433954,0.37714362068086904,0.49747203201934137,SCANB
artesunate,0.880553628331826,0.37800768022552356,0.4981576623737091,SCANB
kd025,0.8054264073523343,0.3786241230195839,0.49851602002669515,SCANB
endo-iwr-1,1.2238316586259936,0.3804226840131104,0.5004287488790643,SCANB
gs-39783,0.8527613664813872,0.3826391961004486,0.5028872995071291,SCANB
barasertib,0.7687398172543426,0.38561981222746855,0.5063447080700063,SCANB
g-1,1.125960596868173,0.38703123443514487,0.5077372585926152,SCANB
2'-meccpa,0.9119457388083595,0.3880162999957788,0.5085684656647572,SCANB
nicotine,0.8501952452636706,0.39200770545161634,0.5133349771841528,SCANB
rki-1447,0.8557327584024033,0.39414719212708593,0.5156699701698855,SCANB
dihydroergocristine,1.2078296340313797,0.3948731906975175,0.516153122799736,SCANB
nvp-bvu972,1.1405485711794296,0.3956048417620798,0.5166427852253875,SCANB
carbachol,1.231513060315598,0.3975219063996963,0.5186782674124081,SCANB
gw-441756,0.8132500567621699,0.39901726214223276,0.5201603408286584,SCANB
posaconazole,0.848601433481545,0.4049583100488816,0.5269875502486019,SCANB
epinephrine,1.1571814824893802,0.40498283059878737,0.5269875502486019,SCANB
nsc-23766,1.2329111673499462,0.41092349359442215,0.5337959679825893,SCANB
floxuridine,0.8618421871797791,0.41095280465280204,0.5337959679825893,SCANB
ly2183240,1.172048413158925,0.4113873214817102,0.5338811248287306,SCANB
palomid-529,0.8736088795548106,0.4121673219541775,0.5344140814226657,SCANB
dicycloverine,1.1916920188551263,0.4126672288599569,0.5345832409671958,SCANB
artemisinin,1.16926910952089,0.4218244552986077,0.5459570543981086,SCANB
cytochalasin-b,0.7659929495031133,0.4223936255227657,0.5462051618690277,SCANB
pheniramine,0.8496312266682405,0.424512584354385,0.5484550978221384,SCANB
vincamine,0.869164166805015,0.4249876355876555,0.5485790443312556,SCANB
am-251,1.2035600121640515,0.42556468579239604,0.5488343140299439,SCANB
gemcitabine,0.8506029944527869,0.42850650717923766,0.5520242392898563,SCANB
gdc-0941,1.2153371882711534,0.42880113680843024,0.5520242392898563,SCANB
tmc-353121,1.24403866592108,0.4296835614306016,0.5526685452356271,SCANB
tak-632,1.4104906029048903,0.4304300593178414,0.5531370300469951,SCANB
adl5859,1.120832035744969,0.43097488504776704,0.5533457485928296,SCANB
motesanib,1.6070117509655564,0.43187023788417045,0.5536563160890234,SCANB
pd-98059,0.8564224058269809,0.4319820185656582,0.5536563160890234,SCANB
pha-680632,0.700881089020026,0.4328074582971754,0.5542233558902768,SCANB
benfotiamine,0.8914498097430126,0.4386966966121274,0.5605477790677096,SCANB
ly2109761,1.1450225216544478,0.43877855105362595,0.5605477790677096,SCANB
fenoprofen,0.8017464668679242,0.4389085236238528,0.5605477790677096,SCANB
colistin-b-sulfate,1.11576223388371,0.44320347927256887,0.565454800655928,SCANB
acy-1215,0.8115505047811611,0.4440567382592966,0.565454800655928,SCANB
wz-3146,1.2632901671959498,0.44412518575790527,0.565454800655928,SCANB
pac-1,1.1132831507800516,0.4443138274677195,0.565454800655928,SCANB
remoxipride,0.8717289471723537,0.44503009079862943,0.5658686655409638,SCANB
tepoxalin,0.7824967744741481,0.44597059611971757,0.5665666835691232,SCANB
icotinib,1.4006514752307566,0.4466985674343633,0.5669937079627402,SCANB
oxyquinoline,0.731017728560969,0.44770787458086114,0.5677767699548695,SCANB
chir-98014,0.8715207166398172,0.44818710088604297,0.5678868082155027,SCANB
sr-33805,0.7833927440516597,0.4495972323518317,0.5691751489178482,SCANB
pf-04136309,0.8708991969245702,0.4501934036511416,0.5694316915062954,SCANB
spermine,0.8345373197809544,0.4527817832817289,0.5722054501385693,SCANB
lasalocid,0.6587155436906014,0.4531797890753194,0.5722086865549627,SCANB
idelalisib,0.6438368022475577,0.4544381658798281,0.573116275808226,SCANB
enzalutamide,0.8865687204253898,0.45473964687017,0.573116275808226,SCANB
xbd173,1.135959677480676,0.4550868009009341,0.573116275808226,SCANB
chlormidazole,1.2057445530941135,0.45596053251877133,0.573464388867631,SCANB
dacinostat,0.7283285999399828,0.45615584767563455,0.573464388867631,SCANB
azd1480,1.1735829056951816,0.459327175519494,0.5762477652854431,SCANB
practolol,0.8030943438557023,0.4598204202410452,0.5762477652854431,SCANB
nilutamide,1.2252386856039412,0.4601324343038734,0.5762477652854431,SCANB
leucovorin,0.8908744506598117,0.46050143921039965,0.5762477652854431,SCANB
arcyriaflavin-a,1.1510795388929682,0.460602816939111,0.5762477652854431,SCANB
prazosin,0.8648703183218367,0.4607592705150364,0.5762477652854431,SCANB
domperidone,1.12726565815358,0.46315404644307534,0.5787425778956218,SCANB
elacridar,1.312150792263631,0.46849090517264946,0.584868825248046,SCANB
ivermectin,1.1977860368171886,0.4688651259763188,0.584868825248046,SCANB
nms-e973,0.7380070371866817,0.4707172425279781,0.5866734280258263,SCANB
snx-2112,0.6652682268706901,0.4734077375368597,0.5895189296177591,SCANB
ebastine,1.1653724796993596,0.47537032930574363,0.591407980431842,SCANB
ar-42,0.8253685389429516,0.4757421487371555,0.591407980431842,SCANB
dihydroartemisinin,1.080420636258342,0.47892462469539576,0.5948531604585732,SCANB
d-serine,0.868193889643659,0.4806320494431604,0.5964619001237162,SCANB
isoetharine,0.8804769390799833,0.48137226003984357,0.5968686034941334,SCANB
rs-17053,0.6809332575559404,0.48184251888580554,0.5969401753662334,SCANB
sgi-1776,0.9002956309428969,0.48302644148977614,0.5978950049920496,SCANB
teniposide,0.7882664431017751,0.48945930257694725,0.6050579509269044,SCANB
amg458,0.9030353701466468,0.48964952352135804,0.6050579509269044,SCANB
filanesib,0.8754078701007655,0.49015952013335895,0.6051713529291557,SCANB
thioproperazine,1.1732247819277237,0.49474924386556673,0.6103172684343351,SCANB
butamben,0.8699710523359389,0.4962563139560169,0.6116549287004739,SCANB
anastrozole,1.1136045795129403,0.49743216976366866,0.6125824252323647,SCANB
mpi-0479605,1.123587519728474,0.49847141769521663,0.6128615976880746,SCANB
selumetinib,0.8242266004290759,0.4985059436619653,0.6128615976880746,SCANB
4e1rcat,0.907209507672065,0.5003837001662423,0.6146478897627782,SCANB
pfk-015,0.7988044321287803,0.5041666301008849,0.6187693924987112,SCANB
tyrphostin-ag-1478,0.8366503438096303,0.5089562407095438,0.6241183731412795,SCANB
cd-437,1.368833400066321,0.5097056536977891,0.6245081125323462,SCANB
cct129202,1.1788712260400895,0.5103567499362865,0.6247768334668415,SCANB
mitoxantrone,0.8098139480718051,0.51133632026566,0.6248061698090343,SCANB
epothilone-a,0.7626243551183732,0.5116156873905533,0.6248061698090343,SCANB
ilomastat,1.1786597405814692,0.5116760962154151,0.6248061698090343,SCANB
kw-2449,0.8688298065081957,0.5145423358603087,0.6275145683382426,SCANB
nefiracetam,0.8858597646384667,0.5147614323548679,0.6275145683382426,SCANB
oxibendazole,1.289259588276089,0.51745539480229,0.6302676399654155,SCANB
cidofovir,0.8671790587795167,0.5203950625777329,0.6333151013877036,SCANB
valrubicin,1.2603410094063807,0.5212119104836497,0.6336191805034002,SCANB
tezacaftor,1.139823667853144,0.5215206938352105,0.6336191805034002,SCANB
abiraterone-acetate,0.8690806306019896,0.5228389558146327,0.6346878935098771,SCANB
sch-900776,0.8327655113813422,0.5253842593299307,0.6372431041495472,SCANB
nimorazole,1.2002274765360004,0.5271471575815443,0.6388458434007492,SCANB
sb-939,1.3294417935610747,0.5281366224092834,0.63885897607821,SCANB
gsk1838705a,1.1331480718809566,0.5282918699458224,0.63885897607821,SCANB
trifluridine,1.2178773558593807,0.5284825116555751,0.63885897607821,SCANB
ziprasidone,1.0903340034943276,0.5305148466924399,0.6407804533922876,SCANB
niclosamide,1.1799904687827345,0.5334616476600864,0.6435057491548214,SCANB
fulvestrant,0.9224876297484889,0.5336606074538948,0.6435057491548214,SCANB
panobinostat,1.145505774622336,0.5377586822763023,0.647565866544175,SCANB
pp-2,0.9156549917676416,0.5379227170601923,0.647565866544175,SCANB
cisplatin,0.8924194912809562,0.5387037253553884,0.6479669913460074,SCANB
sb-525334,1.1119549952987238,0.5396267592782522,0.648538140096039,SCANB
ambazone,1.1113752066158455,0.5417447491698166,0.6505432797084851,SCANB
golvatinib,1.236388428879289,0.5429150832930021,0.6514080642827313,SCANB
gestrinone,0.88348299684269,0.5440532503021065,0.6522086290839932,SCANB
"cp-945,598",1.1496557924998612,0.5444837760424768,0.6522086290839932,SCANB
benzydamine,0.915721822406747,0.5469898723413668,0.654668606516094,SCANB
norgestrel,0.9204740489579705,0.5490543284915823,0.6565963746506774,SCANB
propoxycaine,0.9057975144341885,0.5509042715698593,0.6582646415867766,SCANB
polydatin,0.8167139857308194,0.5520590114615369,0.659034273807435,SCANB
maprotiline,1.118427462051407,0.5524592772138346,0.659034273807435,SCANB
thiocolchicoside,0.8923932736843078,0.5533267986999687,0.6595254346942789,SCANB
fli-06,1.1339563530166497,0.5549886100045756,0.6609617437667661,SCANB
inosine,1.2224665914320973,0.5564674883868979,0.6621780063288168,SCANB
florfenicol,1.1042893706642225,0.5593688008304324,0.6650835290070959,SCANB
4-pyrimidinecarbonitrile,1.108778095861287,0.5602281074871265,0.6655583510130312,SCANB
frentizole,1.1192627812020788,0.5617111217178734,0.6667727589218726,SCANB
taurine,0.9010370016573859,0.5665421836738951,0.6719561801443656,SCANB
costunolide,1.0841750427672454,0.569305668373209,0.6746808371302485,SCANB
mtpg,0.8793677895398868,0.5700796716638148,0.6750452413236825,SCANB
cimetidine,1.1835982443234823,0.5730273330331037,0.6779808265730999,SCANB
gw-405833,1.0888129158711533,0.5747108432098484,0.6794171487946493,SCANB
cgp-37849,1.1180276064853372,0.5798992106296466,0.6848597615663742,SCANB
oxonic-acid,0.8919499477714364,0.5802612769041982,0.6848597615663742,SCANB
chir-99021,1.068737945489091,0.5810326337197573,0.6852112640525582,SCANB
bardoxolone,1.186475600983208,0.5817474896409752,0.6854956168652208,SCANB
resiquimod,0.7351900980233831,0.5835233193166565,0.6870286762011407,SCANB
triclabendazole,0.8570092402692878,0.5884529831852205,0.6922694850967595,SCANB
unc0631,0.7687117902990416,0.590012915743618,0.6935407709837655,SCANB
omeprazole,0.8855053329406923,0.5931704665835469,0.6966864165149289,SCANB
jnj-7706621,1.2069773813033458,0.5974115604035075,0.7010985627768657,SCANB
pf-573228,1.0906832927575345,0.5999948925819734,0.7033064943197304,SCANB
tpca-1,0.880583497026676,0.6002650452556095,0.7033064943197304,SCANB
kynurenic-acid,1.0673820869086736,0.601195504584122,0.7038267759977545,SCANB
mln-8054,1.1465797102444164,0.6025929684192339,0.7048925022656682,SCANB
gtp-14564,1.1063435495564289,0.603824536240844,0.7050209946424167,SCANB
erythritol,1.1021123325079591,0.604157048300614,0.7050209946424167,SCANB
valnemulin,1.1786493548976624,0.6043658349714608,0.7050209946424167,SCANB
lidocaine,0.9026551205962603,0.6046517307195848,0.7050209946424167,SCANB
riociguat,1.0820281127521374,0.6080092448085895,0.7083650380338399,SCANB
anisomycin,0.7697117354590127,0.6094023255304786,0.7094168664864059,SCANB
lomefloxacin,1.13569958448979,0.611052705048529,0.7097761296368812,SCANB
tu-2100,1.1049639782853995,0.6112627193217184,0.7097761296368812,SCANB
ecamsule-triethanolamine,0.9207460448498843,0.6116328452246009,0.7097761296368812,SCANB
alogliptin,0.9126938834570877,0.6116730018363447,0.7097761296368812,SCANB
uh-232-(+),1.0903917359126987,0.6148928243489529,0.7129406384879285,SCANB
inc-280,1.2250233616515558,0.6178216756589481,0.7157629821285011,SCANB
nvp-tae684,0.8738401082310178,0.6187550606929095,0.7162708582581121,SCANB
atiprimod,1.2036897995236184,0.6200318735644236,0.7171751567128065,SCANB
cytarabine,1.1216440899660467,0.6215720065050496,0.7178603386177268,SCANB
danusertib,0.880152296172369,0.6216164507864628,0.7178603386177268,SCANB
forodesine,0.8594070916836439,0.6236296525261154,0.7191903866670093,SCANB
tyrphostin-ag-99,1.1907587609877024,0.6237622220228727,0.7191903866670093,SCANB
clebopride,1.09412355079267,0.626737074439458,0.7220450212690254,SCANB
fexinidazole,1.074940021751608,0.627529949129626,0.7221360789648674,SCANB
carboxyamidotriazole,1.1700147174834974,0.6278142276004169,0.7221360789648674,SCANB
berberine,1.1700708764472059,0.6347110981063371,0.7294892446067274,SCANB
delanzomib,1.2723630376580066,0.6362934918996657,0.7307275260149334,SCANB
abt-737,0.9098043921628762,0.6373508026098014,0.7313613095768299,SCANB
creatine,1.0730322326389465,0.6398744170390009,0.7336753418822777,SCANB
cariporide,0.9373213345924708,0.6416345441078708,0.7351109939224775,SCANB
skepinone-l,1.072614075940913,0.6436581139971396,0.7368459580331178,SCANB
wz-4002,0.9399317982705383,0.6482474562306206,0.74151309815471,SCANB
digitoxigenin,0.8380389147197127,0.65663931632994,0.7495004348986675,SCANB
stemregenin-1,1.0684496776343015,0.6570251590589177,0.7495004348986675,SCANB
tazemetostat,1.0947857151344094,0.6571573098722909,0.7495004348986675,SCANB
idra-21,0.9350699454540483,0.6573020400044292,0.7495004348986675,SCANB
saxagliptin,1.0891966094130097,0.6607235198150359,0.7528086087971314,SCANB
ly2801653,0.8384944611198573,0.6620467072970031,0.7537227265607895,SCANB
4-methylgenistein,1.06791588178473,0.6629255643226153,0.7541299462066229,SCANB
nexturastat-a,1.0536204131470157,0.6666090546568675,0.7577245106743812,SCANB
pj-34,0.9139788876337097,0.6682387946792914,0.7589807974104668,SCANB
prednisolone,1.046838594692706,0.6699879575706454,0.7597848194328319,SCANB
candesartan,0.9311962314992703,0.6699968414625388,0.7597848194328319,SCANB
k-858,0.8735296589843506,0.6713660666440768,0.7605129111622333,SCANB
nicorandil,0.923776395866107,0.6716900486975357,0.7605129111622333,SCANB
trometamol,1.0755910205058734,0.6724447780061904,0.7607721608873789,SCANB
az20,0.8296509800449476,0.6759439961890444,0.7641335644418338,SCANB
1-azakenpaullone,0.9447829822544996,0.6775949040780135,0.7654018939897622,SCANB
thiram,1.1232522688683229,0.6858847634505016,0.7741616635825865,SCANB
pindolol,1.0746729287883492,0.692225927257127,0.7801787752011852,SCANB
clofarabine,0.8970712458669032,0.6922940893975963,0.7801787752011852,SCANB
cilostamide,0.9198959000669401,0.6961010995471602,0.7838585922527165,SCANB
mechlorethamine,0.9157552617592504,0.6966981493671769,0.7839208570251205,SCANB
tanshinone-i,0.9095779433381282,0.6979776858664553,0.7847503585460457,SCANB
sodium-glucoheptonate,1.056824036686219,0.703116076327933,0.7894438330901452,SCANB
prt062070,0.9562181221449215,0.7036399765849994,0.7894438330901452,SCANB
pranidipine,1.048151368020618,0.7037889044134674,0.7894438330901452,SCANB
tak-901,1.1348371395506442,0.7049651556071604,0.7901507204984981,SCANB
clofoctol,1.1092201507261925,0.7058967359612784,0.7905824898885216,SCANB
mibampator,1.1208105271510163,0.7101525002148965,0.7947336951360829,SCANB
r406,0.9315005616878939,0.7114056435760756,0.7955208394548543,SCANB
1-phenylbiguanide,0.9407063563384452,0.7160693626381637,0.8001176584844963,SCANB
pci-24781,0.8325457550651632,0.7208710573131583,0.804861435132824,SCANB
nilotinib,1.0723809469742567,0.7253590163242261,0.8085728449743385,SCANB
k-strophanthidin,0.8891853282447503,0.7256347422007896,0.8085728449743385,SCANB
sb-657510,0.9554533520407419,0.7258715450046065,0.8085728449743385,SCANB
temozolomide,1.0833920270406772,0.7279726625321563,0.8102895712954078,SCANB
navitoclax,1.083878627495591,0.7300273895396652,0.8115756866615282,SCANB
calcitriol,0.9273781096014213,0.7307588838768608,0.8115756866615282,SCANB
cyproheptadine,1.0854981824342493,0.7313244732205546,0.8115756866615282,SCANB
naproxen,1.0673421049389942,0.7318976885290567,0.8115756866615282,SCANB
vismodegib,1.2504685539967333,0.7319324610181717,0.8115756866615282,SCANB
ru-58841,0.9464511897115105,0.7348497525887298,0.8141865176078805,SCANB
bendamustine,1.0799507112753668,0.7375535381075102,0.8165569775375419,SCANB
ro-10-5824,0.9397490238666345,0.7400388501936789,0.8186821225001936,SCANB
azd3463,0.8895143913852567,0.7410117800482368,0.8191321968906025,SCANB
ve-821,0.9439482333936465,0.7420723476689273,0.8194614589974546,SCANB
sangivamycin,0.8160877581720187,0.7424422755671478,0.8194614589974546,SCANB
nms-1286937,1.2114617779747034,0.7435070094511032,0.8197253433386095,SCANB
doxycycline,1.0675968916104928,0.7438143578462988,0.8197253433386095,SCANB
dofetilide,0.9324844049748867,0.7452860754386511,0.8202242488952015,SCANB
pd-173074,0.9568240198807525,0.7454007514147822,0.8202242488952015,SCANB
cobimetinib,0.9282783318800271,0.7464260481412854,0.820728337127994,SCANB
pd-198306,0.9238419252109503,0.7497032207555142,0.8237058165780023,SCANB
nitarsone,1.0683750363373818,0.7510448613895656,0.824553804575646,SCANB
tacrolimus,1.0685891878385618,0.7518335272824588,0.8247938695812872,SCANB
hexylresorcinol,0.9370522140328462,0.7539927048194246,0.8265359423285662,SCANB
adefovir-dipivoxil,1.102521472903485,0.7550416861290359,0.8270592882882021,SCANB
tenovin-6,1.131983809625594,0.7570501047469772,0.8280409169246551,SCANB
y-27632,0.9261493814299359,0.7570823310928256,0.8280409169246551,SCANB
brefeldin-a,1.2108374833696471,0.7597950863204006,0.8303802793849091,SCANB
guanidine,1.0654572825070237,0.7676985544640345,0.8383847609882701,SCANB
fg-4592,0.9543471740371029,0.7683738680556922,0.8384894321844544,SCANB
theophylline,0.9383637087692975,0.7698438227552672,0.8394604457625258,SCANB
drospirenone,0.9374864392404473,0.7722358708968242,0.8410637310829867,SCANB
halofuginone,1.1556404317736872,0.7730461426113521,0.8410637310829867,SCANB
ots167,0.8799059301716146,0.7730578868972857,0.8410637310829867,SCANB
tg-100713,1.0799810511285575,0.7763404999819208,0.8440005285303076,SCANB
dexamethasone-acetate,0.964556802745266,0.7780256460406672,0.8451975298955295,SCANB
thiamine,0.9453402176254374,0.780051759068836,0.8467628622450155,SCANB
icg-001,0.9377452371247692,0.7836069318531034,0.8499844305782913,SCANB
azd2858,1.066754917345545,0.7865331505639046,0.8525194523340598,SCANB
ginkgolide-a,1.0504592079598931,0.7907911762173386,0.8563108343460945,SCANB
methyldopa,0.9296293598691033,0.7912146409956657,0.8563108343460945,SCANB
sb-218078,0.9440825379687597,0.7927078576771426,0.8572857025850713,SCANB
clomifene,0.9375567290607891,0.7937939282776015,0.8578191293634724,SCANB
u-0126,0.9525745789462274,0.7948678017434714,0.8581416093881041,SCANB
carboplatin,0.9634869338479575,0.7952784368966467,0.8581416093881041,SCANB
midostaurin,0.890704605390681,0.800828107731089,0.8634860446251013,SCANB
altretamine,1.048024658359132,0.8038864948664854,0.8661383157645602,SCANB
nu6027,1.0490046570419833,0.8075224104052696,0.869408428464602,SCANB
nh125,1.109811852803959,0.8089631996516194,0.8698100371285803,SCANB
am-580,1.054352223234806,0.8090976572046089,0.8698100371285803,SCANB
fluticasone-propionate,1.0400349033544087,0.8116856066957193,0.8719443748245774,SCANB
cyclosporin-a,0.9577754423176994,0.8146660917596362,0.8737151077803688,SCANB
gambogic-acid,0.8733612251022758,0.8148868443056771,0.8737151077803688,SCANB
noretynodrel,0.9437812448742485,0.8159242382455859,0.8737151077803688,SCANB
wp1130,0.850154850083815,0.8160048624559656,0.8737151077803688,SCANB
proscillaridin-a,0.8718959547998208,0.8163530239938206,0.8737151077803688,SCANB
sufentanil,1.0477961677137468,0.8211065415431382,0.8781531157523438,SCANB
cladribine,0.9435411638315757,0.8219720289745028,0.8784294873900337,SCANB
ubenimex,1.048001860512015,0.8229086845981324,0.878781451375275,SCANB
iem1754,0.9440774553545228,0.8244167105046402,0.8797426106933735,SCANB
regorafenib,0.9514985935921577,0.8260479778035568,0.8808337685200786,SCANB
chlorquinaldol,0.9583070130977823,0.8299794824378162,0.8843743086064212,SCANB
rabeprazole,1.0467613306192398,0.8343442552871019,0.888067069012933,SCANB
azomycin-(2-nitroimidazole),0.9586921439750559,0.8346725735021346,0.888067069012933,SCANB
gefitinib,0.9617871296136848,0.8433093532988828,0.8965970861304067,SCANB
u-18666a,1.0328496091348915,0.844295963692627,0.8969869746426073,SCANB
epinastine,1.0331768158778685,0.846724299308314,0.8989068680111009,SCANB
mercaptopurine,0.9743193809642289,0.8494200831265823,0.9005211409448024,SCANB
telatinib,0.9681126667456297,0.8494895351690775,0.9005211409448024,SCANB
enoximone,1.075103793726398,0.8517964511342242,0.9023056111209534,SCANB
carvedilol,1.0363160606641943,0.8534766221756138,0.9031249123358632,SCANB
pp-1,0.9814492447822903,0.8538181617660406,0.9031249123358632,SCANB
foscarnet,0.9761065553032866,0.8585126794833913,0.9070181373441515,SCANB
mg-132,0.8877888301490001,0.8587524866354441,0.9070181373441515,SCANB
azalomycin-b,0.9122185931716709,0.8602330954125298,0.9073751820496467,SCANB
ast-1306,1.0353237652604874,0.8603446784879857,0.9073751820496467,SCANB
midodrine,0.9692601885732246,0.8645453488158635,0.9111413836391512,SCANB
baicalin,0.9644754355087162,0.8653141558597762,0.9112879064986145,SCANB
palmitoylethanolamide,1.0329627496898532,0.8662010947582635,0.911558533901969,SCANB
benzyldimethylhexadecylammonium,1.0399222484982054,0.8669479974591834,0.9116815060490104,SCANB
iodipamide,0.9605318465892496,0.8676933719043929,0.911802693642452,SCANB
12-o-tetradecanoylphorbol-13-acetate,1.0145701488631542,0.8698150526485434,0.9124611702695905,SCANB
pfi-1,0.949743049526003,0.8703107795768497,0.9124611702695905,SCANB
oxcarbazepine,1.0253657446017512,0.8707091570758472,0.9124611702695905,SCANB
danazol,1.0344203001990262,0.8711374665999078,0.9124611702695905,SCANB
oxazepam,0.9738331082341892,0.8714729352540248,0.9124611702695905,SCANB
salidroside,0.9696645114371581,0.8723653632783335,0.9127351270164487,SCANB
cx-5461,0.9515103432582991,0.8738085381910428,0.9135845048861554,SCANB
darapladib,1.0622949858106916,0.8806755447117243,0.9200992875074837,SCANB
p5091,0.9613960455688964,0.8813441084001994,0.9201334234163698,SCANB
3-amino-benzamide,0.9639770316682611,0.8825990177017647,0.9207792203420718,SCANB
bms-707035,0.9832842065740945,0.8850546144028721,0.9226758119891613,SCANB
puromycin,0.9425488805695535,0.8956542341704015,0.933053763027049,SCANB
tasisulam,0.9234437360617685,0.8967621348057259,0.9335358338589104,SCANB
bi-78d3,0.9313820138841228,0.898072541800362,0.9340403251858826,SCANB
zk-93423,1.0255106888242016,0.8989274052824564,0.9340403251858826,SCANB
ercalcitriol,1.0219167218942762,0.8994282137103173,0.9340403251858826,SCANB
tg100-115,1.029122562676059,0.9000133210861841,0.9340403251858826,SCANB
r306465,0.9472690285862768,0.9004742595952359,0.9340403251858826,SCANB
onx-0914,1.0708739560705434,0.9026667581027306,0.9356438388070568,SCANB
echinomycin,0.954001476670772,0.9035964612305224,0.9359370647104982,SCANB
chlorambucil,1.0280234682928815,0.9088432820369569,0.9406983040826012,SCANB
bumetanide,0.9797295280623354,0.9099919381619204,0.941213963202501,SCANB
aminopurvalanol-a,0.9823644696383453,0.9115413880892791,0.9421431346894192,SCANB
mesna,0.9834804031554145,0.913471093976037,0.9434637209017313,SCANB
pazopanib,0.9810200016430836,0.91533585255132,0.9445835689272065,SCANB
stattic,0.9320556111349111,0.9158609172113826,0.9445835689272065,SCANB
canrenone,1.0187851371979098,0.9169618767321855,0.9450454669739832,SCANB
7-nitroindazole,0.9831569196398889,0.923339682347437,0.9509412956275739,SCANB
clobetasol-propionate,0.9915211010152997,0.9247538669543789,0.9517203737432335,SCANB
telotristat-ethyl,0.986031017493797,0.9266611221434751,0.9530054326521736,SCANB
phenylmercuric-acetate,1.049953051585669,0.9327384379241435,0.9581451585524801,SCANB
amisulpride,1.0215781431667732,0.9334806844759229,0.9581451585524801,SCANB
batimastat,0.9716616771287696,0.9336452477947457,0.9581451585524801,SCANB
deferasirox,1.0147076928941425,0.9343956066097899,0.9582356079123784,SCANB
estradiol-benzoate,1.016116289331689,0.9350989297027629,0.9582777275353385,SCANB
e7449,0.9867570430846683,0.9360620890393178,0.9585858760367253,SCANB
flufenamic-acid,1.01356246045491,0.9367962816597009,0.9586592783320985,SCANB
loxistatin-acid,0.9857546157679924,0.9466425432694952,0.9657717627794384,SCANB
ipsapirone,1.017318775041712,0.9487522144503205,0.9657717627794384,SCANB
chlorhexidine,1.0210665919141,0.9495380314801953,0.9657717627794384,SCANB
gsk-3-inhibitor-ix,1.0083631277705472,0.94997946454172,0.9657717627794384,SCANB
sevoflurane,0.9894950472293679,0.9501488724051983,0.9657717627794384,SCANB
lappaconite,1.0285808497720974,0.9502610071519607,0.9657717627794384,SCANB
chlorindanol,1.0126249134887626,0.9510278602252408,0.9657717627794384,SCANB
homosalate,1.0121091395676738,0.9513060243725279,0.9657717627794384,SCANB
crystal-violet,0.988085043662602,0.951474965916809,0.9657717627794384,SCANB
bms-986020,0.9927601634514982,0.9516423916257473,0.9657717627794384,SCANB
amsacrine,1.019167314159374,0.9519807573740016,0.9657717627794384,SCANB
cabozantinib,1.0100977981698434,0.9523153695919618,0.9657717627794384,SCANB
resminostat,0.9910735327286524,0.9529655837655466,0.9657717627794384,SCANB
darifenacin,0.985701835861445,0.9530905855211045,0.9657717627794384,SCANB
pterostilbene,1.0130488061126075,0.9565640505981448,0.9686131429079884,SCANB
bifemelane,1.0110361860885035,0.95785457684112,0.9692416592231472,SCANB
zolmitriptan,0.9911041021693415,0.9591844601662013,0.9699090942421336,SCANB
ryuvidine,1.0352306672016491,0.9603662049364277,0.9704259068037786,SCANB
ly2334737,1.0239748119250147,0.9627625071091777,0.9720496371054123,SCANB
brequinar,1.0248906674119431,0.9633166410567803,0.9720496371054123,SCANB
foretinib,0.9826802328462837,0.9646683547352688,0.9727352678062258,SCANB
pd-184352,0.9931730987541387,0.9658846139079063,0.9732834514796243,SCANB
piperacetazine,1.0048805212805774,0.9669648346248119,0.9736938870578308,SCANB
ccg-50014,1.0120010360916345,0.9754820877599222,0.9815873303119663,SCANB
sr-57227a,0.9953374818970324,0.9769625917179451,0.9823939334370164,SCANB
ici-162846,0.9965493176933774,0.977670732203191,0.9824232982625122,SCANB
dichloroacetate,1.0079624396543347,0.980810198533092,0.9848940716706345,SCANB
protirelin,0.9958356434075658,0.9845065344754782,0.9879202187142975,SCANB
pf-3845,0.9986054519540803,0.9914601729693249,0.9942085033171263,SCANB
mek162,0.9987162661877297,0.9959850652101427,0.9969321658157412,SCANB
s-methylcysteine,1.0010587250049157,0.9960216499175268,0.9969321658157412,SCANB
sarafloxacin,1.0009435406041953,0.9962432009464836,0.9969321658157412,SCANB
fr-122047,1.0002763174555833,0.9986512076310378,0.9986512076310378,SCANB
