drug,HR,pvalue,padj,cohort
cephalomannine,0.02902579872110641,0.00572773801886487,0.9967351166470957,TCGA
riluzole,0.13992935196309964,0.006588657860522418,0.9967351166470957,TCGA
bay-87-2243,0.07557359343995862,0.010278621418248446,0.9967351166470957,TCGA
primaquine,0.17584429095867343,0.015826736851884782,0.9967351166470957,TCGA
osi-027,0.007380411086038577,0.018715832562674038,0.9967351166470957,TCGA
pacritinib,0.002159831531220278,0.0196083464434957,0.9967351166470957,TCGA
podophyllotoxin,0.07120258834876701,0.019944601336564075,0.9967351166470957,TCGA
sirolimus,0.13501153771568877,0.022172717348713553,0.9967351166470957,TCGA
thonzonium,0.010711578386454751,0.02234092160817021,0.9967351166470957,TCGA
ku-0063794,0.04850023099716105,0.023172953301516898,0.9967351166470957,TCGA
lovastatin,0.19984990745487669,0.023433342039536186,0.9967351166470957,TCGA
abiraterone,0.2560134672780442,0.024800382457038958,0.9967351166470957,TCGA
sb-242235,0.20283139987092283,0.026764181315564645,0.9967351166470957,TCGA
cct128930,0.19401683484147964,0.027428209582296418,0.9967351166470957,TCGA
jib04,0.06571670112626488,0.028876289105745658,0.9967351166470957,TCGA
pyroxamide,0.14982563307106736,0.03128870588299167,0.9967351166470957,TCGA
calcitriol,0.13235251238228798,0.03223764407860382,0.9967351166470957,TCGA
idoxuridine,0.29520407777531954,0.032815121139685995,0.9967351166470957,TCGA
digoxin,0.0062460027721699335,0.03316381316321956,0.9967351166470957,TCGA
afobazole,0.22371509544728252,0.034007501835928954,0.9967351166470957,TCGA
eprobemide,0.30740789206241464,0.03410749013531264,0.9967351166470957,TCGA
motesanib,75.45620021841538,0.03518765351558565,0.9967351166470957,TCGA
estradiol-benzoate,0.17295278136621933,0.03522226931817313,0.9967351166470957,TCGA
alisertib,0.22966761665947907,0.03527115936959023,0.9967351166470957,TCGA
vorinostat,0.03587078019755385,0.035769199654355315,0.9967351166470957,TCGA
tame,0.1823240112381231,0.036611397675618065,0.9967351166470957,TCGA
dacinostat,0.018141024655845675,0.03726457649577075,0.9967351166470957,TCGA
gzd824,0.1490428491514487,0.03926095039019604,0.9967351166470957,TCGA
salinomycin,0.1925301907152143,0.04023609706499116,0.9967351166470957,TCGA
ly364947,3.335979392184835,0.04147861841619691,0.9967351166470957,TCGA
naloxone,0.39350948454660395,0.04534888696395642,0.9967351166470957,TCGA
mephenytoin,0.27682416888600264,0.04651690750202691,0.9967351166470957,TCGA
epothilone-b,0.1648281815270045,0.047808008776818164,0.9967351166470957,TCGA
8-hydroxy-pipat,0.1505057511090971,0.04868191830227167,0.9967351166470957,TCGA
wp1066,188.86042437024844,0.05193410496950098,0.9967351166470957,TCGA
osi-420,4.293182168769911,0.05254578746239239,0.9967351166470957,TCGA
temozolomide,0.1740291415513558,0.053466124917900905,0.9967351166470957,TCGA
beclomethasone-dipropionate,0.44606713703120715,0.05389638252677642,0.9967351166470957,TCGA
trimebutine,0.37930856756535747,0.05438810021778975,0.9967351166470957,TCGA
4-pyrimidinecarbonitrile,0.3411985171036745,0.05459822412783288,0.9967351166470957,TCGA
caffeic-acid,0.2701689641865992,0.05697990923873017,0.9967351166470957,TCGA
fr-122047,0.2003639417390512,0.05734214422573019,0.9967351166470957,TCGA
tanaproget,0.256980354455649,0.05782520160879813,0.9967351166470957,TCGA
acetophenazine,0.31546251207918535,0.05960252423980643,0.9967351166470957,TCGA
salvinorin-a,0.3154741985859159,0.06049139171712783,0.9967351166470957,TCGA
chlorpropamide,0.18537056567262628,0.06100063782061301,0.9967351166470957,TCGA
icg-001,0.16483166014126438,0.06151535436889233,0.9967351166470957,TCGA
r547,0.07895877094641883,0.06163226984087314,0.9967351166470957,TCGA
tiludronate,0.24332805425640497,0.06245450086687904,0.9967351166470957,TCGA
bvd-523,0.18810218173108356,0.06345225686207982,0.9967351166470957,TCGA
fenofibrate,0.28930715359221393,0.06387369416587513,0.9967351166470957,TCGA
cep-32496,0.28157490495928333,0.06431214803072452,0.9967351166470957,TCGA
d-4476,0.23516151743958302,0.06487260955440229,0.9967351166470957,TCGA
belinostat,0.0756501991492589,0.06500395633653433,0.9967351166470957,TCGA
gsk461364,0.32749098725569636,0.06664420566059621,0.9967351166470957,TCGA
"hydroxytacrine-maleate-(r,s)",0.3734263475308879,0.06749033174824284,0.9967351166470957,TCGA
oxymatrine,0.23730858926097442,0.06768988355412286,0.9967351166470957,TCGA
nicorandil,0.22354076594583208,0.0687145946058353,0.9967351166470957,TCGA
azd5363,0.3211401760354026,0.06899145105033035,0.9967351166470957,TCGA
tak-632,0.04990960810390133,0.06924789363136213,0.9967351166470957,TCGA
vinblastine,0.2649191232847347,0.06995261590263846,0.9967351166470957,TCGA
ggti-298,0.20768512816802284,0.07072045729124717,0.9967351166470957,TCGA
dacarbazine,13.633821162937672,0.07087589531648432,0.9967351166470957,TCGA
mubritinib,0.06462650525674943,0.07118179460788067,0.9967351166470957,TCGA
apatinib,0.27020070887090736,0.07132101793507513,0.9967351166470957,TCGA
noretynodrel,5.846180188272862,0.07140813057761045,0.9967351166470957,TCGA
talmapimod,3.166446751168859,0.07142811916733757,0.9967351166470957,TCGA
oxyquinoline,0.0611992681749903,0.07329582074668228,0.9967351166470957,TCGA
ecamsule-triethanolamine,0.33424378709898706,0.0757368065286048,0.9967351166470957,TCGA
ki-8751,0.22939556760648874,0.08099072571431436,0.9967351166470957,TCGA
iododexetimide,0.30144272077515216,0.08134852556268572,0.9967351166470957,TCGA
cabazitaxel,0.23490669857466467,0.08318911394873042,0.9967351166470957,TCGA
epothilone-a,0.062405302126059194,0.08335927027942838,0.9967351166470957,TCGA
pentamidine,0.28844196778760617,0.08347979538974179,0.9967351166470957,TCGA
rigosertib,0.2769655196378395,0.0838708062799677,0.9967351166470957,TCGA
homosalate,0.27425604784019825,0.08492658620851902,0.9967351166470957,TCGA
meloxicam,0.37522638122382584,0.08513807153745095,0.9967351166470957,TCGA
thioproperazine,5.818271560470747,0.08517657355394066,0.9967351166470957,TCGA
vinflunine,0.14307173408402066,0.08547889656178317,0.9967351166470957,TCGA
quinethazone,0.37637044105782647,0.08643681658013107,0.9967351166470957,TCGA
anastrozole,0.33803387634373694,0.08692252730037472,0.9967351166470957,TCGA
bi-2536,0.29817164733529394,0.08702715048025138,0.9967351166470957,TCGA
pevonedistat,0.17511418897756975,0.08735197785380064,0.9967351166470957,TCGA
ibrutinib,7.165418640123885,0.08749058827148071,0.9967351166470957,TCGA
whi-p154,0.4538841972205343,0.08804963129206375,0.9967351166470957,TCGA
ar-42,0.18674169816671254,0.08849421116687961,0.9967351166470957,TCGA
dioscin,0.10999855469636194,0.08916428408159842,0.9967351166470957,TCGA
evp4593,0.11921738796274291,0.08926606678269466,0.9967351166470957,TCGA
voxtalisib,0.41633754808488127,0.0901253844533551,0.9967351166470957,TCGA
eprosartan,0.21548706463998296,0.09061478624443133,0.9967351166470957,TCGA
pki-179,0.0661291042130116,0.09106255088538484,0.9967351166470957,TCGA
bicalutamide,0.1830770922238912,0.09202252837722921,0.9967351166470957,TCGA
gsk923295,0.25664627827402653,0.09280072751548277,0.9967351166470957,TCGA
oligomycin-a,0.24351183859335218,0.09780155160327196,0.9967351166470957,TCGA
forskolin,0.33133465023970654,0.09791301814115366,0.9967351166470957,TCGA
triamcinolone-acetonide,2.0581920075232354,0.09794757181598744,0.9967351166470957,TCGA
s-methylcysteine,0.23219072516917588,0.10114775088097495,0.9967351166470957,TCGA
rifampin,0.21127660221425454,0.10131971992337842,0.9967351166470957,TCGA
colchicine,0.2086926288660315,0.10137805160911259,0.9967351166470957,TCGA
doxycycline,0.33544287232056114,0.10251492051374536,0.9967351166470957,TCGA
acdpp,0.38064814917398376,0.103746279102792,0.9967351166470957,TCGA
ly2784544,0.2168964974328252,0.10387149284096174,0.9967351166470957,TCGA
bexarotene,0.04678059275225091,0.10542739163768687,0.9967351166470957,TCGA
levobunolol,0.29278983674430664,0.1054770812570844,0.9967351166470957,TCGA
d-64131,0.3021327591834596,0.10601671093835664,0.9967351166470957,TCGA
tivozanib,0.08738037127832707,0.10689308434170863,0.9967351166470957,TCGA
naftifine,0.3336918434285984,0.1068934478173445,0.9967351166470957,TCGA
bisacodyl,0.281662263594536,0.10849954975392319,0.9967351166470957,TCGA
dmh1,0.3619671241799998,0.1089391340183155,0.9967351166470957,TCGA
epz-5676,0.2858030401653721,0.10952160742659782,0.9967351166470957,TCGA
homoharringtonine,0.2873680782461719,0.1096666841977187,0.9967351166470957,TCGA
tucatinib,0.0887699319440435,0.11021375061652705,0.9967351166470957,TCGA
ciclopirox,0.3737537771936118,0.11023802485266519,0.9967351166470957,TCGA
napabucasin,0.18902728296390545,0.11211093076809608,0.9967351166470957,TCGA
ve-822,0.17311311029036217,0.11215489813616127,0.9967351166470957,TCGA
anisomycin,0.062305198452357595,0.11217535597989882,0.9967351166470957,TCGA
bay-11-7082,0.021818139556536293,0.11425923914762375,0.9967351166470957,TCGA
equol,4.337293808306167,0.11526139343402739,0.9967351166470957,TCGA
josamycin,3.5677985862535824,0.1153858327528715,0.9967351166470957,TCGA
sb-657510,0.48761527546587946,0.11550377523811212,0.9967351166470957,TCGA
cetrimonium,0.0446747768443487,0.1156451580541782,0.9967351166470957,TCGA
clotrimazole,2.804622965480582,0.11568544168999205,0.9967351166470957,TCGA
du-728,0.3334959758965366,0.11686571107360672,0.9967351166470957,TCGA
pf-04691502,0.06009450263233704,0.11698399064378907,0.9967351166470957,TCGA
gdc-0152,2.0911056771036054,0.11706958613745545,0.9967351166470957,TCGA
panobinostat,0.2021956357326484,0.1171192413931108,0.9967351166470957,TCGA
cgp-37849,0.30495802814294115,0.11754157829233006,0.9967351166470957,TCGA
betulinic-acid,0.21078094408708156,0.11929480530091006,0.9967351166470957,TCGA
hyodeoxycholic-acid,0.36418001543442535,0.11973387963716348,0.9967351166470957,TCGA
bgt226,0.062157090266484,0.12134435168132039,0.9967351166470957,TCGA
albendazole,0.34167667131637813,0.12161955015614047,0.9967351166470957,TCGA
azd4547,0.43083229991572447,0.12386293565333979,0.9967351166470957,TCGA
scs,0.4559230135725853,0.12425831361972318,0.9967351166470957,TCGA
prazosin,0.26312600103480366,0.1255898042229063,0.9967351166470957,TCGA
nomegestrol-acetate,2.8246680062361778,0.12927563782482693,0.9967351166470957,TCGA
gambogic-acid,10.95094220837661,0.12992634200465586,0.9967351166470957,TCGA
lappaconite,0.1070446226540641,0.13140079576952254,0.9967351166470957,TCGA
phenylbutazone,0.40870926014630243,0.13184002548797394,0.9967351166470957,TCGA
foretinib,0.12777447847685183,0.13202708838083255,0.9967351166470957,TCGA
ppt,0.3676345724770904,0.13547497039377246,0.9967351166470957,TCGA
mexiletine,0.10513126468994471,0.13616044672104094,0.9967351166470957,TCGA
erastin,0.269512972930396,0.13630301597038444,0.9967351166470957,TCGA
gsk650394,0.25984318988349697,0.13658339471097167,0.9967351166470957,TCGA
doxifluridine,0.17331635957924715,0.1378664880417546,0.9967351166470957,TCGA
ptc-209,0.3413687792668704,0.13803076245593743,0.9967351166470957,TCGA
oxazepam,0.4427845427811764,0.1382299251402046,0.9967351166470957,TCGA
d-serine,2.9492437435419023,0.13861581624676045,0.9967351166470957,TCGA
gdc-0068,0.24216578153045626,0.13957973521897843,0.9967351166470957,TCGA
xbd173,0.37319478552076124,0.13963081447153794,0.9967351166470957,TCGA
raf265,0.3162839242918304,0.14051492709804936,0.9967351166470957,TCGA
thioguanine,8.529479990096974,0.14258583319142526,0.9967351166470957,TCGA
sb-218078,0.3326632445589968,0.14273408454086273,0.9967351166470957,TCGA
cyproterone-acetate,5.165080039000628,0.1440797074211977,0.9967351166470957,TCGA
piperine,0.27560121103660423,0.14433504462743116,0.9967351166470957,TCGA
oridonin,0.15587984588601142,0.14616031134074137,0.9967351166470957,TCGA
epirubicin,0.06745026147800672,0.14630745702870135,0.9967351166470957,TCGA
ganetespib,0.26606632454450785,0.14691509221982932,0.9967351166470957,TCGA
genipin,0.18552944498720564,0.14766835341882856,0.9967351166470957,TCGA
phenelzine,0.418286441442568,0.14833445407688414,0.9967351166470957,TCGA
maytansinol-isobutyrate,0.4214851896226142,0.14849968323948926,0.9967351166470957,TCGA
eltrombopag,0.3949270227477217,0.14948001231272584,0.9967351166470957,TCGA
rn-1734,0.2390373557054349,0.14966087008101836,0.9967351166470957,TCGA
ercalcitriol,0.37807480716345054,0.15012351570317573,0.9967351166470957,TCGA
uh-232-(+),0.31027859544281605,0.15149434944138337,0.9967351166470957,TCGA
cnx-2006,0.21860662955204324,0.15155400436554178,0.9967351166470957,TCGA
nimorazole,0.29762563293621735,0.1522235460042799,0.9967351166470957,TCGA
nutlin-3,0.3612092635734761,0.152663871453915,0.9967351166470957,TCGA
bms-345541,0.3766080070509287,0.1532044106145181,0.9967351166470957,TCGA
"2,3-dcpe",0.26229167538781467,0.15367271860979356,0.9967351166470957,TCGA
isoxsuprine,0.3982944613294648,0.15409829610787149,0.9967351166470957,TCGA
oxonic-acid,0.3623993552112241,0.15742159090595662,0.9967351166470957,TCGA
paliperidone,0.3639974721183062,0.15789425773926344,0.9967351166470957,TCGA
axitinib,0.10978518115671197,0.15864617831920802,0.9967351166470957,TCGA
parbendazole,0.3028460850055685,0.16030379753012952,0.9967351166470957,TCGA
ixazomib,0.23305924461050775,0.1613229339655583,0.9967351166470957,TCGA
spiradoline,0.2495218938612735,0.16342038702720918,0.9967351166470957,TCGA
tyrphostin-ag-99,4.780505772286538,0.163584605793003,0.9967351166470957,TCGA
demecarium,0.2994495773872526,0.1636173827087039,0.9967351166470957,TCGA
oxcarbazepine,2.6659264018290454,0.16494471133648125,0.9967351166470957,TCGA
fenbendazole,0.36952226993849696,0.1651198187403442,0.9967351166470957,TCGA
domperidone,0.508355876867131,0.16569401516618712,0.9967351166470957,TCGA
securinine,0.5266890501793238,0.16588161610909524,0.9967351166470957,TCGA
azd3463,0.15043044134293823,0.16628580925541925,0.9967351166470957,TCGA
telatinib,0.4068996614698375,0.1669034361268561,0.9967351166470957,TCGA
anguidine,0.10993018611550139,0.16795263582520686,0.9967351166470957,TCGA
temocapril,0.3572731381286995,0.1687469432247091,0.9967351166470957,TCGA
endo-iwr-1,4.296135776422741,0.16881362998655935,0.9967351166470957,TCGA
inc-280,0.0879558341179976,0.16997342338579252,0.9967351166470957,TCGA
cyclovirobuxin-d,3.405577103204573,0.1732969257692818,0.9967351166470957,TCGA
tg-100572,11.373137886760684,0.1747415224174375,0.9967351166470957,TCGA
imiquimod,0.015350285199722117,0.1757144724729292,0.9967351166470957,TCGA
m-344,0.15357088217102505,0.17573552629135616,0.9967351166470957,TCGA
pac-1,0.4267279578475093,0.17803718313696948,0.9967351166470957,TCGA
pd-184352,0.454512081323024,0.1785164882133839,0.9967351166470957,TCGA
cyclovalone,13.60230026264939,0.17933653498351892,0.9967351166470957,TCGA
thiamine,2.990363639854328,0.17951943546971794,0.9967351166470957,TCGA
cyclophosphamide,0.3667672545217204,0.1799756857085003,0.9967351166470957,TCGA
gastrodin,0.43633823552451656,0.18014296017687928,0.9967351166470957,TCGA
mk-0773,0.34258677055115,0.1810692742064945,0.9967351166470957,TCGA
evacetrapib,0.3780566681203802,0.18192038277196446,0.9967351166470957,TCGA
torcetrapib,0.4556687599555989,0.18230138140040503,0.9967351166470957,TCGA
taltobulin,0.24839085332835367,0.1830569503190354,0.9967351166470957,TCGA
prt062607,0.17140069704093994,0.18384148200134082,0.9967351166470957,TCGA
ouabain,0.18722849775803163,0.18397561975070126,0.9967351166470957,TCGA
litronesib,0.44099744140012154,0.18420890914872098,0.9967351166470957,TCGA
mk-1775,0.2422095132932788,0.18426412020897223,0.9967351166470957,TCGA
mln0128,0.3775458845073449,0.18485978290940588,0.9967351166470957,TCGA
bafetinib,0.2435046071237368,0.18570871398822475,0.9967351166470957,TCGA
dolastatin-10,0.3123752873275413,0.18579861768472772,0.9967351166470957,TCGA
enoximone,5.594243654168305,0.18687340223984397,0.9967351166470957,TCGA
mgcd-265,0.26209612979394886,0.18697359719209267,0.9967351166470957,TCGA
mebendazole,0.08726869236931249,0.18709427136055012,0.9967351166470957,TCGA
g-1,0.44575433538031584,0.18746956906079915,0.9967351166470957,TCGA
gw-501516,2.482312315651989,0.1882416744717372,0.9967351166470957,TCGA
emetine,0.1251858940769459,0.18855724601067145,0.9967351166470957,TCGA
ly456236,0.3803424230287611,0.1886874161382049,0.9967351166470957,TCGA
fluoromethylcholine,0.29010764988859966,0.1892552119557951,0.9967351166470957,TCGA
artemisinin,0.39131345627298014,0.19014002536485167,0.9967351166470957,TCGA
tak-285,0.41253099261031945,0.191067811622216,0.9967351166470957,TCGA
imiloxan,2.6275585995565893,0.19200127907395156,0.9967351166470957,TCGA
ym-976,0.49757413465604755,0.19271365320087697,0.9967351166470957,TCGA
abemaciclib,0.19613058238663644,0.1938269588947833,0.9967351166470957,TCGA
linifanib,0.09838060737376968,0.19392473055083786,0.9967351166470957,TCGA
pik-75,0.07786701171598301,0.19425353441392038,0.9967351166470957,TCGA
crizotinib-(s),0.11729780989738642,0.19516652468505408,0.9967351166470957,TCGA
fluticasone-propionate,2.2057323525262635,0.19614009888400497,0.9967351166470957,TCGA
torasemide,0.5201807685097443,0.19653452816300887,0.9967351166470957,TCGA
tamibarotene,0.14876587233188393,0.19834621880680423,0.9967351166470957,TCGA
resiquimod,0.041139420693937584,0.1984852875012501,0.9967351166470957,TCGA
fenoprofen,4.228974533648845,0.20328010426353993,0.9967351166470957,TCGA
sorafenib,0.4711339384239167,0.20530835086937874,0.9967351166470957,TCGA
trapidil,0.3756213338861312,0.20670896809132078,0.9967351166470957,TCGA
pf-05212384,0.09701840153155006,0.20867828993101453,0.9967351166470957,TCGA
amoxicillin,2.690309225663831,0.20938509807869443,0.9967351166470957,TCGA
desoxycortone,0.5849747093567297,0.20996197470109645,0.9967351166470957,TCGA
bibu-1361,2.158500692813857,0.21027513564885955,0.9967351166470957,TCGA
defactinib,0.3299522966161043,0.21116414448276413,0.9967351166470957,TCGA
nvp-auy922,0.37229229749066034,0.21122194595366878,0.9967351166470957,TCGA
tw-37,0.10819570171971134,0.21187246312357583,0.9967351166470957,TCGA
biib021,0.2620735703584753,0.21302958955083479,0.9967351166470957,TCGA
ly2183240,0.5095836175503058,0.21314388728045922,0.9967351166470957,TCGA
daclatasvir,2.357098852235333,0.21339852549656754,0.9967351166470957,TCGA
tirapazamine,0.3598795901781349,0.2134127238977634,0.9967351166470957,TCGA
clonazepam,0.1799450162199912,0.21452963967950822,0.9967351166470957,TCGA
nonoxynol-9,0.3923355082427608,0.21523222959647953,0.9967351166470957,TCGA
prednisolone-tebutate,0.4135415601220948,0.21647989640010407,0.9967351166470957,TCGA
merimepodib,0.27706401226004285,0.21649979146778706,0.9967351166470957,TCGA
cabozantinib,0.47366775124381244,0.21804446012627685,0.9967351166470957,TCGA
dalcetrapib,0.3976559140529489,0.21868028859134186,0.9967351166470957,TCGA
bis(maltolato)oxovanadium(iv),0.40129136707238244,0.21929527165606516,0.9967351166470957,TCGA
tecastemizole,0.45944755219552,0.21965303933549946,0.9967351166470957,TCGA
cholecalciferol,0.32652086026218125,0.22016117479644612,0.9967351166470957,TCGA
diaveridine,0.4404422298255001,0.2208038586284412,0.9967351166470957,TCGA
camptothecin,0.5668380177355571,0.22124151181976884,0.9967351166470957,TCGA
ketoprofen,0.5549158345038587,0.22125886055773947,0.9967351166470957,TCGA
selinexor,0.17607424359071402,0.22188502687753844,0.9967351166470957,TCGA
astemizole,0.4218684242320019,0.22359147702298207,0.9967351166470957,TCGA
acivicin,0.27228336785412394,0.22426349517435779,0.9967351166470957,TCGA
nicotine,0.4850174235359689,0.22593430760347163,0.9967351166470957,TCGA
trichostatin-a,0.05846367788314862,0.22650988505599295,0.9967351166470957,TCGA
vidarabine,0.2523175680354798,0.22784935399713224,0.9967351166470957,TCGA
almorexant,0.4000500905296501,0.22887484534000951,0.9967351166470957,TCGA
trometamol,2.180502045353449,0.22969902256873936,0.9967351166470957,TCGA
saxagliptin,0.4932439823791816,0.23101995275192233,0.9967351166470957,TCGA
azd8931,4.0944411812127335,0.23107698508449503,0.9967351166470957,TCGA
zaldaride,2.569158174080844,0.23147889795519327,0.9967351166470957,TCGA
orotic-acid,0.48930199068585917,0.23365073030943376,0.9967351166470957,TCGA
ciprofibrate,1.6983933738032144,0.23572098106647071,0.9967351166470957,TCGA
nafcillin,0.48687100576580333,0.23638648376074226,0.9967351166470957,TCGA
fluroxene,0.41963115404698487,0.2366514300720233,0.9967351166470957,TCGA
idasanutlin,0.22122741104038596,0.23675042189053924,0.9967351166470957,TCGA
resminostat,0.5127258259630465,0.23681407877461844,0.9967351166470957,TCGA
vtp-27999,0.30412860850549983,0.23697096597401807,0.9967351166470957,TCGA
7-hydroxystaurosporine,0.10799535248364048,0.23764410408371317,0.9967351166470957,TCGA
sodium-stibogluconate,2.2840657603141294,0.23921166968988727,0.9967351166470957,TCGA
venetoclax,1.7351295558263515,0.23923924370791216,0.9967351166470957,TCGA
gsk429286a,3.1886525991274146,0.2392766719706485,0.9967351166470957,TCGA
stemregenin-1,0.5031871155576504,0.23953253891464393,0.9967351166470957,TCGA
spermine,0.40630639016015124,0.2401186060583562,0.9967351166470957,TCGA
dirithromycin,0.4494600983612623,0.24059130533431067,0.9967351166470957,TCGA
bnc105,0.4766667261334314,0.24069140524862567,0.9967351166470957,TCGA
ethacridine-lactate-monohydrate,0.36287825214224995,0.24113496714729743,0.9967351166470957,TCGA
ha14-1,0.1213428005316806,0.2412285992562329,0.9967351166470957,TCGA
puromycin,0.15195327917812965,0.24137256625107092,0.9967351166470957,TCGA
fexinidazole,0.46944758885159493,0.24154124868315252,0.9967351166470957,TCGA
uprosertib,0.19113481133085986,0.2418951118240828,0.9967351166470957,TCGA
sarafloxacin,0.314304415768998,0.24250963137759032,0.9967351166470957,TCGA
homoquinolinic-acid,0.5865732647416873,0.24416996950337025,0.9967351166470957,TCGA
bisindolylmaleimide-ix,0.10416353525845061,0.24433296711440367,0.9967351166470957,TCGA
letrozole,0.4828751456175415,0.24453289084036545,0.9967351166470957,TCGA
azilsartan,3.1092455672782204,0.24456796274411097,0.9967351166470957,TCGA
chlorogenic-acid,0.4881344626697219,0.24530343933071563,0.9967351166470957,TCGA
lonafarnib,0.5110786129796896,0.24634135812273766,0.9967351166470957,TCGA
cobicistat,2.0014568861942026,0.24713270868717546,0.9967351166470957,TCGA
ixabepilone,0.13325569407181995,0.24808091476946825,0.9967351166470957,TCGA
cefditoren-pivoxil,2.4730128349649,0.24809732883241467,0.9967351166470957,TCGA
tacrolimus,0.4560336902405228,0.24849398176166604,0.9967351166470957,TCGA
resatorvid,0.49764870677464035,0.24855956992120692,0.9967351166470957,TCGA
tanshinone-i,2.6810808777627675,0.2505818752512112,0.9967351166470957,TCGA
rg2833,0.5746562967083431,0.2505827164641374,0.9967351166470957,TCGA
enzalutamide,0.47361616365809295,0.2512013861359996,0.9967351166470957,TCGA
eplerenone,3.9697755730648776,0.25192748698416406,0.9967351166470957,TCGA
cx-4945,0.5122750080701808,0.2529570795580712,0.9967351166470957,TCGA
dienogest,0.4992769080516596,0.2529855592121263,0.9967351166470957,TCGA
verubulin,0.47957841301462467,0.25390250497890926,0.9967351166470957,TCGA
norfloxacin,0.3987738929969999,0.2544618452409689,0.9967351166470957,TCGA
ritodrine,0.3981500515897587,0.25744727018722047,0.9967351166470957,TCGA
zk811752,0.30279657109097347,0.25871967256792233,0.9967351166470957,TCGA
acetylsalicylsalicylic-acid,2.4502851574166105,0.2595115138129613,0.9967351166470957,TCGA
ym-155,0.2874569272266484,0.2600645963967079,0.9967351166470957,TCGA
ski-ii,0.31017910481936806,0.26014842349576084,0.9967351166470957,TCGA
sb-205384,2.2041991050054013,0.2615655043797168,0.9967351166470957,TCGA
licochalcone-a,0.48459014763405,0.261802756539835,0.9967351166470957,TCGA
mibampator,3.5632854448646616,0.26283137267832246,0.9967351166470957,TCGA
s26948,1.8216751232024313,0.2634882179979019,0.9967351166470957,TCGA
bekanamycin,0.524945493345119,0.26529286093941457,0.9967351166470957,TCGA
3'-fluorobenzylspiperone,0.4033591772922714,0.26635084483274796,0.9967351166470957,TCGA
nvp-tae226,0.19469129704087623,0.2663806882671891,0.9967351166470957,TCGA
octopamine,0.4738305509207453,0.26693095428714864,0.9967351166470957,TCGA
su014813,0.3499477038698135,0.2670882812182714,0.9967351166470957,TCGA
bardoxolone-methyl,0.25166736320319644,0.2671136602065456,0.9967351166470957,TCGA
digitoxigenin,0.22298871947699492,0.26758004303776056,0.9967351166470957,TCGA
elesclomol,0.4092817541837773,0.2677176338235021,0.9967351166470957,TCGA
fk-888,0.36466273762899964,0.26813949703901174,0.9967351166470957,TCGA
gefitinib,2.7285092502687456,0.26820165136846125,0.9967351166470957,TCGA
i-bet151,0.6300683876398926,0.2682279145549117,0.9967351166470957,TCGA
torin-1,0.1281653268562415,0.26859803537317006,0.9967351166470957,TCGA
enocitabine,0.43655815849279533,0.2691083541043404,0.9967351166470957,TCGA
amfenac,2.844683488624419,0.2697099961463244,0.9967351166470957,TCGA
valnemulin,0.385960121032757,0.27040653923332447,0.9967351166470957,TCGA
cgs-15943,2.6909825204968687,0.27168808478736467,0.9967351166470957,TCGA
lidamidine,0.37554529648687696,0.27173317972269356,0.9967351166470957,TCGA
aeg3482,0.5752153746078268,0.27214850320584677,0.9967351166470957,TCGA
mesoridazine,0.3840032439253156,0.272266558581413,0.9967351166470957,TCGA
baicalein,2.4769043395070365,0.27330157127814836,0.9967351166470957,TCGA
cp-673451,0.5456754303903385,0.27445120848603166,0.9967351166470957,TCGA
mek162,0.37080780257624973,0.2751858981704529,0.9967351166470957,TCGA
oxiracetam,0.24352526629047686,0.2759698954072193,0.9967351166470957,TCGA
pd-318088,0.5571158072727593,0.2763862521804513,0.9967351166470957,TCGA
ly2801653,0.21347750727226344,0.27737543371716417,0.9967351166470957,TCGA
vandetanib,0.1464669850118661,0.27847809949285085,0.9967351166470957,TCGA
pu-h71,0.09212971944233496,0.2785169878559868,0.9967351166470957,TCGA
teprenone,0.45648087213603833,0.2792246869976297,0.9967351166470957,TCGA
nefiracetam,0.4727053593750316,0.27946133380315374,0.9967351166470957,TCGA
ispinesib,0.5477528112573852,0.2802681051105843,0.9967351166470957,TCGA
plinabulin,0.19869014560358422,0.281605690543125,0.9967351166470957,TCGA
rs-504393,0.3690242060641773,0.2840521965666537,0.9967351166470957,TCGA
y-27632,2.506253897737399,0.28410472314199287,0.9967351166470957,TCGA
raclopride,0.5306502362689313,0.28419618213721576,0.9967351166470957,TCGA
mesna,2.0243142505001077,0.2848488857923722,0.9967351166470957,TCGA
clobutinol,1.798257970232646,0.2860062900783523,0.9967351166470957,TCGA
chicago-sky-blue-6b,1.9831654228291835,0.28650499829095555,0.9967351166470957,TCGA
thiostrepton,0.3431889262233479,0.2869418653420812,0.9967351166470957,TCGA
scriptaid,0.3476638431800598,0.2869693636603394,0.9967351166470957,TCGA
acetylcysteine,2.390654877049479,0.28803297066892053,0.9967351166470957,TCGA
rimexolone,0.5509869862281047,0.2888790472502884,0.9967351166470957,TCGA
3-deazaneplanocin-a,0.2787413492960251,0.28930372508515845,0.9967351166470957,TCGA
xl888,0.19111985779774882,0.2896301971046078,0.9967351166470957,TCGA
masitinib,0.5566857833663738,0.28980140628764023,0.9967351166470957,TCGA
pj-34,2.2046939613834677,0.2905708653893846,0.9967351166470957,TCGA
p276-00,0.25953518675710063,0.29073654986273856,0.9967351166470957,TCGA
tacalcitol,0.5353837274721602,0.29152310324702013,0.9967351166470957,TCGA
az-628,0.44244973693588685,0.2916133192289999,0.9967351166470957,TCGA
crenolanib,0.22478890745236996,0.29220552187649873,0.9967351166470957,TCGA
tak-733,0.4098986606867682,0.2924302077243742,0.9967351166470957,TCGA
tezacaftor,0.43237581269312125,0.29244014931365914,0.9967351166470957,TCGA
carboplatin,0.5281890685091122,0.2926568665000667,0.9967351166470957,TCGA
nintedanib,0.5180875391231864,0.2931599244007654,0.9967351166470957,TCGA
ac-264613,0.4355721391006019,0.29327325702868257,0.9967351166470957,TCGA
sc-144,0.6301279625567968,0.29336323332191894,0.9967351166470957,TCGA
cep-33779,0.4599533109280531,0.2995819442212221,0.9967351166470957,TCGA
wz8040,0.2529529694774871,0.29997997384689357,0.9967351166470957,TCGA
mefexamide,0.303186960935275,0.3013673341329718,0.9967351166470957,TCGA
tropisetron,0.5077755576995174,0.30298233549084597,0.9967351166470957,TCGA
rheochrysidin,0.3917043515084644,0.30384074478749273,0.9967351166470957,TCGA
az20,0.1953273836134145,0.30529171811024514,0.9967351166470957,TCGA
terconazole,0.5075386922439102,0.30586925937705567,0.9967351166470957,TCGA
tedizolid,0.3662709550150524,0.3060213759654757,0.9967351166470957,TCGA
r406,0.5056813908989635,0.30673826149451144,0.9967351166470957,TCGA
cudc-101,0.44259323317444926,0.30688370030222656,0.9967351166470957,TCGA
naproxen,2.2436843998409155,0.3075822955947858,0.9967351166470957,TCGA
betamethasone,0.553604930352749,0.3082765885879899,0.9967351166470957,TCGA
phlorizin,2.3205032308989217,0.30828585216079657,0.9967351166470957,TCGA
crystal-violet,0.3913641454696414,0.30911532864729224,0.9967351166470957,TCGA
2-methoxyestradiol,0.2269050699187338,0.3091498076985406,0.9967351166470957,TCGA
zk-93423,0.4354613910127334,0.3100323965858757,0.9967351166470957,TCGA
florfenicol,0.4310657589952484,0.31185286607776835,0.9967351166470957,TCGA
niclosamide,0.33781440465496326,0.31190013475330775,0.9967351166470957,TCGA
maxacalcitol,0.5184174831051523,0.3124018724807271,0.9967351166470957,TCGA
birinapant,0.6170214229882268,0.31284577872045427,0.9967351166470957,TCGA
tosedostat,0.3712473018368082,0.31387887725342467,0.9967351166470957,TCGA
deoxycorticosterone-acetate,0.2682693846684663,0.3139410405418992,0.9967351166470957,TCGA
sulfasalazine,0.6894192506580354,0.31431812172596224,0.9967351166470957,TCGA
tyrphostin-ag-1296,0.38511191361174973,0.31433999022252335,0.9967351166470957,TCGA
clomifene,2.750639194898425,0.31622998612830866,0.9967351166470957,TCGA
rita,0.5653938711434806,0.317382615341695,0.9967351166470957,TCGA
jnj-16259685,0.5851382914449597,0.3175344911763883,0.9967351166470957,TCGA
eprinomectin,1.8799947641973263,0.3184015448832706,0.9967351166470957,TCGA
drospirenone,2.358149178964602,0.31893082442674203,0.9967351166470957,TCGA
lgx818,0.6717279587886011,0.3200926840525636,0.9967351166470957,TCGA
trans-4-hydroxycrotonic-acid,2.002737627838832,0.3206290750932705,0.9967351166470957,TCGA
salidroside,2.1929126176063076,0.32071254020803547,0.9967351166470957,TCGA
mek1-2-inhibitor,2.7479763218148583,0.3220415066786502,0.9967351166470957,TCGA
onx-0914,0.13331314508776052,0.3242706401296819,0.9967351166470957,TCGA
ch5132799,0.1631575181825599,0.3249112589584151,0.9967351166470957,TCGA
refametinib,0.4282551555478439,0.3251345066080777,0.9967351166470957,TCGA
ketoconazole,0.40560654744159896,0.3252956981385539,0.9967351166470957,TCGA
parachlorophenol,0.4938082494535651,0.32551380704856975,0.9967351166470957,TCGA
fenaclon,0.4338279448800258,0.32565849141252584,0.9967351166470957,TCGA
dehydrocholate-acid,0.5034623276023118,0.3261143192276453,0.9967351166470957,TCGA
fenretinide,0.367313055236095,0.32749937393156037,0.9967351166470957,TCGA
gw-441756,0.36618823051248295,0.3302270691185256,0.9967351166470957,TCGA
itraconazole,0.46300063083183496,0.33236876783889335,0.9967351166470957,TCGA
doxorubicin,0.19366851318319986,0.33264708756518513,0.9967351166470957,TCGA
tazemetostat,1.9641148310570442,0.3329772970204176,0.9967351166470957,TCGA
colforsin-daproate,0.5427112908535803,0.33299814335486994,0.9967351166470957,TCGA
u-0126,1.9551854875069234,0.3338557094289198,0.9967351166470957,TCGA
clofazimine,0.4937584988559904,0.3340835204933742,0.9967351166470957,TCGA
raltitrexed,0.4087877956866962,0.3342392697719294,0.9967351166470957,TCGA
buphenine,0.7086095192304621,0.33532815834259677,0.9967351166470957,TCGA
otx015,0.6936877286539662,0.33547728640164487,0.9967351166470957,TCGA
cx-5461,0.41257518142974864,0.3356766179635075,0.9967351166470957,TCGA
kd-023,0.4246639331890728,0.3364450876661292,0.9967351166470957,TCGA
5-hydroxymethyl-tolterodine,0.4686702951840864,0.3369031855298259,0.9967351166470957,TCGA
bms-265246,0.47787236420187706,0.33696164123307226,0.9967351166470957,TCGA
gsk256066,0.6297409033518023,0.3377979817687065,0.9967351166470957,TCGA
av-412,2.8746317832739474,0.33864880412354187,0.9967351166470957,TCGA
mg-132,0.09988381797987049,0.34016226270505334,0.9967351166470957,TCGA
beta-naphthol,1.6548809349816835,0.3409978137438517,0.9967351166470957,TCGA
papaverine,0.33358884368397185,0.34232928802863105,0.9967351166470957,TCGA
"l-798,106",0.5907448488095189,0.34288733389001613,0.9967351166470957,TCGA
pyrithione-zinc,5.484416248026136,0.3448308425711978,0.9967351166470957,TCGA
exemestane,0.502635917175766,0.34678626216472297,0.9967351166470957,TCGA
zaleplon,2.0810843029536144,0.346906882856451,0.9967351166470957,TCGA
ots167,0.28021926522484725,0.34787662215760007,0.9967351166470957,TCGA
pfk-015,2.794703360022945,0.34820427115796515,0.9967351166470957,TCGA
nadide,0.6212995980661994,0.3517065505012824,0.9967351166470957,TCGA
bruceantin,0.2765007570438343,0.3523355931548511,0.9967351166470957,TCGA
digitoxin,0.41323943494880827,0.35283078146975566,0.9967351166470957,TCGA
hypericin,0.6229077167459767,0.35368893777332355,0.9967351166470957,TCGA
nobiletin,0.6700757849675976,0.35531130298846514,0.9967351166470957,TCGA
talazoparib,0.4437760449712805,0.35683033148714527,0.9967351166470957,TCGA
canrenone,1.8237639623492867,0.3569001874018637,0.9967351166470957,TCGA
idelalisib,0.12333656367087148,0.35806766998680106,0.9967351166470957,TCGA
mk-2461,0.7323672262213777,0.35810026529106964,0.9967351166470957,TCGA
emd-53998,0.6466472229317235,0.35823371040764307,0.9967351166470957,TCGA
lenvatinib,0.22915588724136346,0.35914238356673933,0.9967351166470957,TCGA
combretastatin-a-4,0.6667030181106314,0.35950855055698794,0.9967351166470957,TCGA
busulfan,0.617747170948298,0.3599714452657675,0.9967351166470957,TCGA
pd-0325901,0.5427639820134899,0.360714898355761,0.9967351166470957,TCGA
iobenguane,0.5694108491834423,0.36075165795944597,0.9967351166470957,TCGA
givinostat,0.21002486468762097,0.36176413418329856,0.9967351166470957,TCGA
piroxicam,0.5283908679420833,0.3618610404175123,0.9967351166470957,TCGA
skepinone-l,0.658674953214442,0.3639720486830109,0.9967351166470957,TCGA
cudc-907,0.24996406141757624,0.3650702436787775,0.9967351166470957,TCGA
bms-626529,0.4316442332503636,0.365327454019553,0.9967351166470957,TCGA
vincristine,0.6900971294478409,0.3658921904595467,0.9967351166470957,TCGA
9-aminoacridine,0.17805308406055653,0.3664453467009542,0.9967351166470957,TCGA
cpp,1.885722674410598,0.36651338661169264,0.9967351166470957,TCGA
u-18666a,0.6055323532276018,0.3678698503311505,0.9967351166470957,TCGA
ky02111,0.5889901855609209,0.36898713203271105,0.9967351166470957,TCGA
4e1rcat,0.591899319492881,0.3694738262872481,0.9967351166470957,TCGA
epothilone-d,0.37973323073237975,0.370100731654453,0.9967351166470957,TCGA
bw-180c,1.7983501325254119,0.3705905026035754,0.9967351166470957,TCGA
benzyldimethylhexadecylammonium,0.49061168463155425,0.37081910926342565,0.9967351166470957,TCGA
ramatroban,0.6754051681815042,0.37177305014755246,0.9967351166470957,TCGA
hexylresorcinol,0.5116668437025715,0.37242388423898865,0.9967351166470957,TCGA
ryuvidine,0.08594416058974753,0.3733534505688043,0.9967351166470957,TCGA
meclizine,3.1834320255469297,0.373355337751748,0.9967351166470957,TCGA
bosutinib,0.617861806465297,0.37339240248541317,0.9967351166470957,TCGA
methacycline,0.5015141755404501,0.3741250296787043,0.9967351166470957,TCGA
levocarnitine,0.6134531296796936,0.3746217808096828,0.9967351166470957,TCGA
cariporide,0.6409026056311885,0.37504385361340753,0.9967351166470957,TCGA
iowh032,1.7755847984459958,0.3758834501507503,0.9967351166470957,TCGA
fph1-(brd-6125),0.5080168502807203,0.3762739574164359,0.9967351166470957,TCGA
monensin,0.44725057908270394,0.37730637835497405,0.9967351166470957,TCGA
ranitidine,2.231359725591486,0.37753519677106007,0.9967351166470957,TCGA
midodrine,0.5675199303519716,0.37808224281979663,0.9967351166470957,TCGA
flufenamic-acid,0.46371182615789064,0.3791482870228692,0.9967351166470957,TCGA
lorlatinib,2.639846025675616,0.38017935193089336,0.9967351166470957,TCGA
forodesine,2.4081063500181803,0.38033616439277784,0.9967351166470957,TCGA
tpca-1,0.4013128630806559,0.3806375830635279,0.9967351166470957,TCGA
butamben,0.5295312945516618,0.3808438286580329,0.9967351166470957,TCGA
rs-16566,0.4563335167477604,0.38086421319462604,0.9967351166470957,TCGA
nitarsone,0.48780327532230744,0.3813861587777976,0.9967351166470957,TCGA
jnj-7706621,0.2622424683066748,0.3819586058259775,0.9967351166470957,TCGA
phenylmercuric-acetate,4.122009606686884,0.3822950204114306,0.9967351166470957,TCGA
ginkgolide-a,1.7734810770971252,0.3823758859759465,0.9967351166470957,TCGA
blebbistatin-(-),0.5106499781804371,0.3825952066284741,0.9967351166470957,TCGA
capecitabine,0.17364975987642906,0.38409103427077007,0.9967351166470957,TCGA
azd2461,0.7015785044702504,0.3842173274455085,0.9967351166470957,TCGA
ipsapirone,0.4773249112813374,0.38438814579252467,0.9967351166470957,TCGA
vu0238429,0.4446203417489212,0.38465308469187676,0.9967351166470957,TCGA
prt062070,0.6545830734343833,0.38692911731611646,0.9967351166470957,TCGA
icotinib,5.096281434314661,0.3888616409361333,0.9967351166470957,TCGA
indiplon,1.7024073340066699,0.3890068894400148,0.9967351166470957,TCGA
sch-58261,0.6028065911671283,0.39025939430388445,0.9967351166470957,TCGA
ziprasidone,0.6477583000117155,0.3906984683963589,0.9967351166470957,TCGA
isopropyl-myristate,0.40512020000358745,0.3908767639538647,0.9967351166470957,TCGA
sb-2343,0.16716890114498895,0.3929394665312208,0.9967351166470957,TCGA
vincamine,0.6066195533779819,0.3939374226542245,0.9967351166470957,TCGA
adl5859,1.5807880546276518,0.3956367067272377,0.9967351166470957,TCGA
tipifarnib,0.5171733698879889,0.39582319299596436,0.9967351166470957,TCGA
norethindrone-acetate,0.6336355934376673,0.3968339899066343,0.9967351166470957,TCGA
rutin,0.5801986161939536,0.3969321321235666,0.9967351166470957,TCGA
azomycin-(2-nitroimidazole),0.492315245464673,0.39803757493728475,0.9967351166470957,TCGA
pentagastrin,1.7404655344118143,0.39907119817824865,0.9967351166470957,TCGA
aurora-a-inhibitor-i,0.22651995651772433,0.39994360877523827,0.9967351166470957,TCGA
tak-901,0.34811147267531,0.40061866372291943,0.9967351166470957,TCGA
tiagabine,0.641121983466657,0.40084172582363986,0.9967351166470957,TCGA
gsk1292263,0.46630073040474296,0.40096468494755944,0.9967351166470957,TCGA
nizatidine,0.4977286968206903,0.40108196446652045,0.9967351166470957,TCGA
sib-1757,0.5372171593852675,0.4011669383860844,0.9967351166470957,TCGA
cytochalasin-b,0.41923317442399727,0.4017837084732958,0.9967351166470957,TCGA
leucovorin,0.6209244927862788,0.4022339001990257,0.9967351166470957,TCGA
oleoylethanolamide,0.4940012483913983,0.40224433015641303,0.9967351166470957,TCGA
bromosporine,0.6725116340854013,0.40264774475254883,0.9967351166470957,TCGA
gdc-0879,1.2900183949639341,0.40314496096811014,0.9967351166470957,TCGA
mocetinostat,0.45862758452130686,0.4034705258805087,0.9967351166470957,TCGA
fluorometholone,0.5794500607946119,0.40433901590404797,0.9967351166470957,TCGA
halobetasol-propionate,1.3588118306924761,0.40552853545865764,0.9967351166470957,TCGA
p22077,1.491612995505745,0.4067367190567095,0.9967351166470957,TCGA
chloramphenicol-palmitate,0.46847188465025297,0.4073006219397255,0.9967351166470957,TCGA
dpi-201106,0.18097359160200138,0.40799314230280337,0.9967351166470957,TCGA
nsc-319726,0.5700100847847505,0.4081902334637948,0.9967351166470957,TCGA
sclareol,0.6251382280426551,0.40864945712243195,0.9967351166470957,TCGA
fleroxacin,0.5980301168602814,0.4087972566797903,0.9967351166470957,TCGA
nh125,0.23587479253485794,0.4088030033991862,0.9967351166470957,TCGA
cobimetinib,0.4482577171248843,0.41038570335489255,0.9967351166470957,TCGA
imatinib,0.36874293485823684,0.41185428386716016,0.9967351166470957,TCGA
embelin,0.6305052106515122,0.41240900945197945,0.9967351166470957,TCGA
az960,0.4447842840059484,0.4132786827011987,0.9967351166470957,TCGA
brefeldin-a,0.10893385256363729,0.4139870450811537,0.9967351166470957,TCGA
erlotinib,1.9935660417913008,0.4147038402381835,0.9967351166470957,TCGA
parthenolide,3.78185753862884,0.41549583408988733,0.9967351166470957,TCGA
irinotecan,0.5019152381238353,0.41694284083418065,0.9967351166470957,TCGA
idra-21,0.64324610075879,0.4177976583030317,0.9967351166470957,TCGA
oxibendazole,0.3238615009334774,0.41840157984992243,0.9967351166470957,TCGA
sulfabenzamide,0.567964128691886,0.42010559809030945,0.9967351166470957,TCGA
idarubicin,4.0258431476093435,0.42050372109810485,0.9967351166470957,TCGA
proflavine-hemisulfate,2.765065134326004,0.4213038309307926,0.9967351166470957,TCGA
chlorambucil,0.49528844639824043,0.4213867055381777,0.9967351166470957,TCGA
volasertib,0.5713620248258957,0.4213950625917706,0.9967351166470957,TCGA
famciclovir,1.867181965989546,0.421704726199399,0.9967351166470957,TCGA
echinomycin,3.0930487666109805,0.4223820398543313,0.9967351166470957,TCGA
amg900,0.6309264962143392,0.42250546367307107,0.9967351166470957,TCGA
paclitaxel,0.5803807740375911,0.42261571816261967,0.9967351166470957,TCGA
racecadotril,1.5734072108758355,0.42443822553999955,0.9967351166470957,TCGA
mtpg,1.8948559576677986,0.425086752193671,0.9967351166470957,TCGA
tanespimycin,0.4767441555907543,0.4256398229245125,0.9967351166470957,TCGA
wye-125132,0.4211594064297896,0.4268781007410255,0.9967351166470957,TCGA
crizotinib,0.36133443399234205,0.4273974367211899,0.9967351166470957,TCGA
cid-5458317,0.09381723945224127,0.428182313398907,0.9967351166470957,TCGA
ebastine,2.0045632585485884,0.42882253229938083,0.9967351166470957,TCGA
diphenyleneiodonium,0.3519710956256509,0.4290909229083304,0.9967351166470957,TCGA
tioguanine,0.5805844238759267,0.42985946798412444,0.9967351166470957,TCGA
berberine,0.38398269315737343,0.4300149411896129,0.9967351166470957,TCGA
oxaliplatin,0.5653403161531639,0.430161564513451,0.9967351166470957,TCGA
tas-103,0.4715525407939121,0.4323702695229521,0.9967351166470957,TCGA
azd8055,0.3403045961137626,0.4327941291406361,0.9967351166470957,TCGA
gsk2830371,0.36611133619809216,0.4328440369467156,0.9967351166470957,TCGA
mycophenolic-acid,3.0212083000348553,0.43298558809120247,0.9967351166470957,TCGA
pp-2,0.6725950511193559,0.4332920421018147,0.9967351166470957,TCGA
nvp-bvu972,1.4983692691020796,0.43398577626942547,0.9967351166470957,TCGA
guanidine,0.5035264737656959,0.43562912806272347,0.9967351166470957,TCGA
oncrasin-1,1.5700273658550814,0.4356481388449953,0.9967351166470957,TCGA
4-chlorophenylguanidine,1.619466591270663,0.435893669061416,0.9967351166470957,TCGA
broxaldine,0.5523581227065298,0.43728252319211813,0.9967351166470957,TCGA
ly2603618,0.36464705812466475,0.43777321390192503,0.9967351166470957,TCGA
pilaralisib,0.5601394566067569,0.43807495044908573,0.9967351166470957,TCGA
benfotiamine,0.6107437336863624,0.4380904105569128,0.9967351166470957,TCGA
dasatinib,1.7181813819660232,0.4381842557439315,0.9967351166470957,TCGA
efonidipine-monoethanolate,2.1029314371408003,0.4388390563692499,0.9967351166470957,TCGA
ixazomib-citrate,0.26592060128910305,0.43969271370929053,0.9967351166470957,TCGA
temazepam,0.5029676995311697,0.44183014776769347,0.9967351166470957,TCGA
piretanide,0.5610534384332926,0.44271554995140694,0.9967351166470957,TCGA
gdc-0980,0.40800608968440316,0.4430193477417492,0.9967351166470957,TCGA
teroxirone,2.079551697789688,0.44371618811490976,0.9967351166470957,TCGA
quizartinib,0.7537628354090323,0.4453370657999849,0.9967351166470957,TCGA
fr-139317,0.5769683869688212,0.4480017469330808,0.9967351166470957,TCGA
pterostilbene,1.93455985249991,0.4483079512494127,0.9967351166470957,TCGA
sr-27897,0.7390459144249197,0.4487292895856666,0.9967351166470957,TCGA
saracatinib,0.3886554908033722,0.448945643131496,0.9967351166470957,TCGA
dofetilide,0.5292518103666413,0.44898040739517775,0.9967351166470957,TCGA
4-methylgenistein,1.4720034944293579,0.4496653605869382,0.9967351166470957,TCGA
benzocaine,0.5537180346819923,0.44969066235588584,0.9967351166470957,TCGA
nithiamide,0.5332985070863786,0.45032371031884344,0.9967351166470957,TCGA
mk-2206,0.3173719119336332,0.4505608922636549,0.9967351166470957,TCGA
tedizolid-phosphate,2.8261810416438435,0.45166273017698544,0.9967351166470957,TCGA
trovafloxacin,0.5356354051621973,0.4526513436112717,0.9967351166470957,TCGA
gsk1838705a,0.6000264365140722,0.45269321971527154,0.9967351166470957,TCGA
tioxolone,1.5818495503816745,0.4527725221524195,0.9967351166470957,TCGA
le-135,0.4179307905765032,0.4535644506732688,0.9967351166470957,TCGA
pazopanib,0.6136001516359296,0.4541525513417485,0.9967351166470957,TCGA
narasin,0.5321684555297994,0.45417297570539716,0.9967351166470957,TCGA
decitabine,0.4798317802564449,0.4543672523954849,0.9967351166470957,TCGA
lucitanib,0.5740655381088388,0.4547496307181409,0.9967351166470957,TCGA
carmustine,1.483807540251925,0.4550126730184797,0.9967351166470957,TCGA
at-7519,0.4388957066544175,0.45545200607285585,0.9967351166470957,TCGA
sodium-glucoheptonate,0.6769737420183888,0.45743035897336526,0.9967351166470957,TCGA
chloroxine,0.3853655154228582,0.45744060073141946,0.9967351166470957,TCGA
amisulpride,0.52392070587532,0.45791697312325086,0.9967351166470957,TCGA
zm-447439,0.5848959000127756,0.4585712044592424,0.9967351166470957,TCGA
pepstatin,1.8741344731209977,0.45878373505744774,0.9967351166470957,TCGA
ly2606368,0.5622290250834315,0.45935506244086177,0.9967351166470957,TCGA
avn-944,0.3530260878347025,0.45937613918690967,0.9967351166470957,TCGA
gsk2656157,0.6159959730367659,0.46044309637266734,0.9967351166470957,TCGA
docetaxel,0.6210471081895066,0.460881271284468,0.9967351166470957,TCGA
sgi-1776,0.6693808993758236,0.46332441737807517,0.9967351166470957,TCGA
gidazepam,2.505839289921315,0.46346034370200007,0.9967351166470957,TCGA
captamine,1.6202342478025051,0.4637155618225943,0.9967351166470957,TCGA
mycophenolate-mofetil,1.680029223059586,0.4639450648149953,0.9967351166470957,TCGA
pd-407824,0.5184712238101193,0.4641873590750848,0.9967351166470957,TCGA
ly303511,0.6534122031895129,0.46470400187850935,0.9967351166470957,TCGA
plx-4720,0.5495710693620713,0.4647146099619819,0.9967351166470957,TCGA
amg458,0.603044208152277,0.46473793228085414,0.9967351166470957,TCGA
betamethasone-dipropionate,1.384707755517804,0.4661576630216884,0.9967351166470957,TCGA
suxibuzone,0.5716322161356666,0.4683755409614613,0.9967351166470957,TCGA
metronidazole,0.6075492594826665,0.46884793637995315,0.9967351166470957,TCGA
pirenperone,0.40948757405967223,0.47043691574549173,0.9967351166470957,TCGA
azd2014,0.5013592612893538,0.47220371685587026,0.9967351166470957,TCGA
cinnarazine,0.589115870993967,0.4723928604804757,0.9967351166470957,TCGA
aphidicolin,0.4687626304556245,0.47259938635241294,0.9967351166470957,TCGA
ban-orl-24,0.6094062879804047,0.4733791974384217,0.9967351166470957,TCGA
nsc-3852,1.5037586211690057,0.47365874299097876,0.9967351166470957,TCGA
mk-8745,0.5519883873254567,0.474321295502774,0.9967351166470957,TCGA
estradiol,0.6347826545001002,0.47620553579444036,0.9967351166470957,TCGA
levonorgestrel,1.907914120739389,0.47689279605756607,0.9967351166470957,TCGA
nvp-aew541,0.4988169176141039,0.47696199932070826,0.9967351166470957,TCGA
batimastat,2.8483546081437936,0.4778009399273284,0.9967351166470957,TCGA
kx2-391,0.5964289233616846,0.47865990036895234,0.9967351166470957,TCGA
mk-8245,1.4242948808140174,0.4792550497695459,0.9967351166470957,TCGA
thiomersal,0.23748991392416804,0.47959084927236506,0.9967351166470957,TCGA
sch-900776,0.46063593480029275,0.4799516034437421,0.9967351166470957,TCGA
phenazone,1.7067233444561787,0.480227808209849,0.9967351166470957,TCGA
taltirelin,0.6124196680965852,0.4813111838673062,0.9967351166470957,TCGA
tofogliflozin,0.5725267558298294,0.4832512877074888,0.9967351166470957,TCGA
cytochlor,0.5572394634692529,0.4848678995673623,0.9967351166470957,TCGA
carfilzomib,0.3969171317362911,0.4853554761275617,0.9967351166470957,TCGA
pha-848125,0.37205412308397284,0.48592285833607995,0.9967351166470957,TCGA
minocycline,0.736604049253811,0.48592780682388503,0.9967351166470957,TCGA
trolox,0.6238537640235591,0.4873382903250416,0.9967351166470957,TCGA
nms-e973,0.3898706602261483,0.48768665491716634,0.9967351166470957,TCGA
psb-1115,0.7007988422684236,0.48812493876379925,0.9967351166470957,TCGA
dihydroergocristine,1.9193859353576876,0.4886697079284995,0.9967351166470957,TCGA
salvianolic-acid-b,1.9126032734529366,0.4890433264815778,0.9967351166470957,TCGA
chlorhexidine,0.4091540977956932,0.49185754106017177,0.9967351166470957,TCGA
istradefylline,0.5221207158331981,0.4919122690165948,0.9967351166470957,TCGA
pilocarpine,0.7239649600888869,0.4921265988385686,0.9967351166470957,TCGA
hyoscyamine,2.436473798845667,0.4927602360870931,0.9967351166470957,TCGA
balapiravir,0.7432620030722847,0.4928449075478386,0.9967351166470957,TCGA
lerisetron,0.6874787433693816,0.4948255318290907,0.9967351166470957,TCGA
skf-96365,3.4396211160603873,0.4958864192956123,0.9967351166470957,TCGA
palomid-529,1.5664100533994112,0.4964560507848055,0.9967351166470957,TCGA
repsox,0.706823184666611,0.49761517807374145,0.9967351166470957,TCGA
pr-619,0.3384102414159972,0.5009300223092077,0.9967351166470957,TCGA
onc201,0.2528488425077759,0.501171696382409,0.9967351166470957,TCGA
zardaverine,0.4418600118673106,0.5012808598246598,0.9967351166470957,TCGA
pp242,0.3234040256810177,0.502594533658542,0.9967351166470957,TCGA
bibx-1382,0.5832823763426008,0.5029651861152196,0.9967351166470957,TCGA
isometheptene-mucate,1.6179757574544353,0.503596175401491,0.9967351166470957,TCGA
ribavirin,0.5983446077947472,0.504337920234925,0.9967351166470957,TCGA
zln005,0.7548266759608383,0.505274202813381,0.9967351166470957,TCGA
metatinib,0.6089575001263988,0.5053539951466147,0.9967351166470957,TCGA
picolinic-acid,0.6527468371923605,0.5053787945294418,0.9967351166470957,TCGA
methocarbamol,2.001571176396162,0.5059389020737843,0.9967351166470957,TCGA
tivantinib,0.4779433522587487,0.5065748318778731,0.9967351166470957,TCGA
uracil,0.5998777513008933,0.5066510291018762,0.9967351166470957,TCGA
fudosteine,1.8776128041196112,0.5069486388706731,0.9967351166470957,TCGA
tagatose,1.7866403375955637,0.5073126360577296,0.9967351166470957,TCGA
bosentan,1.4342840072180993,0.5075207711782925,0.9967351166470957,TCGA
pheniramine,1.6339228257937892,0.5086901171761187,0.9967351166470957,TCGA
mk-3207,0.5861469843637072,0.5089251300713895,0.9967351166470957,TCGA
cyt-997,0.5104256172455963,0.5100268373161956,0.9967351166470957,TCGA
gsk2126458,0.36912365647799583,0.5100579985567084,0.9967351166470957,TCGA
diclazuril,2.0972635225150955,0.5106764891159534,0.9967351166470957,TCGA
abt-702,1.524001648006126,0.5107588516351723,0.9967351166470957,TCGA
brilliant-green,0.2570854701207597,0.5109822833597508,0.9967351166470957,TCGA
etoposide-phosphate,1.907127052954778,0.5115058508983963,0.9967351166470957,TCGA
ag-14361,0.624058310726611,0.5119236224995782,0.9967351166470957,TCGA
topotecan,0.568138155884523,0.5122844261647375,0.9967351166470957,TCGA
canertinib,0.4513819383209617,0.5135712263945972,0.9967351166470957,TCGA
7-aminocephalosporanic-acid,0.6638567220340418,0.5140363422981472,0.9967351166470957,TCGA
tms,1.7868836957959604,0.5146469183848638,0.9967351166470957,TCGA
pibenzimol,0.6406450382252149,0.5167777535842637,0.9967351166470957,TCGA
arctigenin,0.5693126028403793,0.5168241085206047,0.9967351166470957,TCGA
taurine,0.6436586187263542,0.5168440069050845,0.9967351166470957,TCGA
gs-39783,0.5598874235304335,0.5171463413325722,0.9967351166470957,TCGA
pha-793887,0.7461959691404052,0.5173117325275853,0.9967351166470957,TCGA
gilteritinib,0.5388119046244866,0.517645408589002,0.9967351166470957,TCGA
bms-599626,0.6803870574655645,0.5177391021390465,0.9967351166470957,TCGA
doxercalciferol,0.7312298741306285,0.5183030402879003,0.9967351166470957,TCGA
etomoxir,0.6202437892239175,0.5183772632567686,0.9967351166470957,TCGA
selumetinib,0.5761562262480171,0.5187220048466974,0.9967351166470957,TCGA
atipamezole,1.5118794248376175,0.5187244958296557,0.9967351166470957,TCGA
ethinyl-estradiol,1.453302614853698,0.5193303512896079,0.9967351166470957,TCGA
gdc-0941,0.4751294975561399,0.519455681330069,0.9967351166470957,TCGA
oseltamivir-phosphate,0.5998737430193826,0.5206555285994323,0.9967351166470957,TCGA
norgestrel,0.7084013399964704,0.5212305348278583,0.9967351166470957,TCGA
poziotinib,1.6583211635846768,0.5214245686521588,0.9967351166470957,TCGA
bam7,0.7594021276229019,0.5222300740467294,0.9967351166470957,TCGA
isofloxythepin,0.7022421868212578,0.5225775670982942,0.9967351166470957,TCGA
pf-04136309,0.6076280231540956,0.5228222986499089,0.9967351166470957,TCGA
wp1130,0.18233261989714186,0.5229679472180553,0.9967351166470957,TCGA
metaraminol,4.881247413414112,0.523007388119874,0.9967351166470957,TCGA
latrepirdine,1.6093762144509562,0.5232802500928806,0.9967351166470957,TCGA
dequalinium,0.551986966278051,0.5242193367134275,0.9967351166470957,TCGA
evodiamine,1.7415478777308193,0.5264248295560818,0.9967351166470957,TCGA
nsc-632839,1.6661156551921708,0.5266938423579144,0.9967351166470957,TCGA
zk-93426,0.5769233799533959,0.5271361106204324,0.9967351166470957,TCGA
pardoprunox,0.5726529969470174,0.5276355272225577,0.9967351166470957,TCGA
danazol,0.6354592541861839,0.5295824011589616,0.9967351166470957,TCGA
avl-292,0.40994772744852875,0.5303807435354425,0.9967351166470957,TCGA
diazooxonorleucine,0.6613738406765497,0.5307903218018091,0.9967351166470957,TCGA
dacomitinib,2.011648530746107,0.5311423508257865,0.9967351166470957,TCGA
rucinol,0.6343962290144499,0.5322440689559473,0.9967351166470957,TCGA
norethindrone,0.5736729907166718,0.5326066811238722,0.9967351166470957,TCGA
ldn-57444,3.8984497398672286,0.5331884664467484,0.9967351166470957,TCGA
azd8330,0.6312931271297122,0.5331912284735991,0.9967351166470957,TCGA
ro-90-7501,1.4987184267177525,0.5332607171741413,0.9967351166470957,TCGA
exatecan-mesylate,0.6399178812259261,0.5343565098334678,0.9967351166470957,TCGA
nanchangmycin,1.9102550145708341,0.5351087903179905,0.9967351166470957,TCGA
etoposide,0.6879198685405685,0.5351307432508885,0.9967351166470957,TCGA
clofoctol,2.1863445271680413,0.5352562938588252,0.9967351166470957,TCGA
linsitinib,2.6987014730971954,0.5367974945816836,0.9967351166470957,TCGA
danusertib,0.6146103501752472,0.5369780889629884,0.9967351166470957,TCGA
marimastat,0.43990628228952816,0.5377467843715185,0.9967351166470957,TCGA
at-9283,0.5925930968246939,0.538486850176292,0.9967351166470957,TCGA
posaconazole,0.5850885547535741,0.5385515012312303,0.9967351166470957,TCGA
cyclosporin-a,0.6770342397805341,0.539241866857717,0.9967351166470957,TCGA
3-amino-benzamide,0.5790717067550925,0.5395547193624108,0.9967351166470957,TCGA
cediranib,1.8582874854837792,0.5397478311296222,0.9967351166470957,TCGA
osimertinib,2.9588584222557888,0.5405522636657343,0.9967351166470957,TCGA
fludarabine,0.6014376047799093,0.5413553710412081,0.9967351166470957,TCGA
tipranavir,0.5477326398481966,0.5418651651696187,0.9967351166470957,TCGA
chlorpyrifos,1.4465193515651298,0.544430921686323,0.9967351166470957,TCGA
teniposide,0.4778046750131633,0.546480456929092,0.9967351166470957,TCGA
cetylpyridinium,0.39260675418445745,0.5471986109184477,0.9967351166470957,TCGA
parthenolide-(-),2.134258021563046,0.5472807384952765,0.9967351166470957,TCGA
bephenium-hydroxynaphthoate,0.6155860521794968,0.5478931165389573,0.9967351166470957,TCGA
cgs-20625,0.6540754006412776,0.5479628617146036,0.9967351166470957,TCGA
inh1,0.6623000256263443,0.5481419339460436,0.9967351166470957,TCGA
smi-4a,0.6708426752516313,0.5483934725352007,0.9967351166470957,TCGA
cinacalcet,0.3238578876416891,0.5484178045410236,0.9967351166470957,TCGA
cisplatin,1.4841919108057213,0.5484674510323726,0.9967351166470957,TCGA
ici-162846,0.741452824940389,0.5487692675453606,0.9967351166470957,TCGA
paricalcitol,0.664361764151972,0.5495965346450177,0.9967351166470957,TCGA
indisulam,1.8489701353577583,0.5496060355390382,0.9967351166470957,TCGA
pp-121,2.683348570599758,0.5513647641451567,0.9967351166470957,TCGA
mln-8054,0.6122770774498082,0.5533777222901382,0.9967351166470957,TCGA
alectinib,2.1784626545506796,0.554245797150309,0.9967351166470957,TCGA
everolimus,0.7268327763809382,0.5554200266595297,0.9967351166470957,TCGA
a-674563,0.3302103156477315,0.5556863249972661,0.9967351166470957,TCGA
oxprenolol,0.6582885974966269,0.5573044494807766,0.9967351166470957,TCGA
mericitabine,1.3338720805930138,0.5573763563350305,0.9967351166470957,TCGA
bms-387032,0.29542576821501976,0.5576482493132494,0.9967351166470957,TCGA
fli-06,0.6221115579339186,0.5584474942806531,0.9967351166470957,TCGA
alpelisib,0.4112390263217185,0.5584535700696501,0.9967351166470957,TCGA
snx-5422,0.3060098716219934,0.5586924151131514,0.9967351166470957,TCGA
brivaracetam,0.5290989298605093,0.5604104480836591,0.9967351166470957,TCGA
ar-12,2.2684869994408032,0.562506629637967,0.9967351166470957,TCGA
wye-354,2.0171647813709606,0.5627989300348428,0.9967351166470957,TCGA
odanacatib,0.33557472282435613,0.564115594147244,0.9967351166470957,TCGA
triclabendazole,1.9343425048875433,0.5648942622371058,0.9967351166470957,TCGA
navitoclax,1.509563149529816,0.5651988564640288,0.9967351166470957,TCGA
vindesine,0.6762637355085992,0.5654307662751422,0.9967351166470957,TCGA
quinidine,0.6019123381128175,0.566738401714215,0.9967351166470957,TCGA
mibefradil,1.37848210904667,0.5669822202876726,0.9967351166470957,TCGA
kf-38789,0.3441200526532291,0.5670144861930562,0.9967351166470957,TCGA
xanomeline,0.6627742826250959,0.5672636498570982,0.9967351166470957,TCGA
naltrexone,0.5906539053657023,0.5678508017565242,0.9967351166470957,TCGA
cidofovir,1.580052882437947,0.5690303354089381,0.9967351166470957,TCGA
zstk-474,0.6300101953720872,0.5691435604391109,0.9967351166470957,TCGA
selamectin,0.6996986726313656,0.5696423717286048,0.9967351166470957,TCGA
clebopride,0.6501137530981959,0.5698009199003405,0.9967351166470957,TCGA
cyc116,1.349126059281658,0.5698587711715117,0.9967351166470957,TCGA
methylphenidate,1.6186207623656148,0.5713162474738497,0.9967351166470957,TCGA
tetramethylthiuram-monosulfide,1.534294274630516,0.5713215477200224,0.9967351166470957,TCGA
ulipristal,0.5631154381467562,0.5713654142002249,0.9967351166470957,TCGA
bay-11-7085,0.48669862530961877,0.5715228041701985,0.9967351166470957,TCGA
secnidazole,1.5519985860932977,0.5742647215703114,0.9967351166470957,TCGA
xl388,0.5460679138349442,0.5744101965815072,0.9967351166470957,TCGA
sr-33805,0.5165226098343366,0.5744274273335874,0.9967351166470957,TCGA
amg-208,0.7781767865961791,0.5754294654956089,0.9967351166470957,TCGA
gsk1904529a,0.7446336871562133,0.5757560448375197,0.9967351166470957,TCGA
omeprazole,1.5599793618465272,0.5758124666749681,0.9967351166470957,TCGA
abiraterone-acetate,0.6648583529976412,0.576192581735617,0.9967351166470957,TCGA
hesperadin,0.6315946111182293,0.5768751255936986,0.9967351166470957,TCGA
alexidine,0.31504064535522774,0.5776210288485184,0.9967351166470957,TCGA
estradiol-cypionate,1.5550172903774768,0.5784722950384538,0.9967351166470957,TCGA
ilomastat,1.5329185954160385,0.5797031074389979,0.9967351166470957,TCGA
practolol,0.45075443228701473,0.5798268129607141,0.9967351166470957,TCGA
fosbretabulin,0.607988181488413,0.5805834258845572,0.9967351166470957,TCGA
hexaminolevulinate,1.9057371056191,0.58058435733343,0.9967351166470957,TCGA
bf2.649,0.7934305534692794,0.5814352513462338,0.9967351166470957,TCGA
indirubin,2.204235629324771,0.5822252685148428,0.9967351166470957,TCGA
fg-4592,0.7304358698815974,0.5833954593687597,0.9967351166470957,TCGA
golvatinib,0.44336157122511755,0.5839996886410465,0.9967351166470957,TCGA
narlaprevir,0.696570121612931,0.5849000661938303,0.9967351166470957,TCGA
tilmicosin,0.6062886053761959,0.5851965668005379,0.9967351166470957,TCGA
dianhydrogalactitol,0.6229519168123869,0.5852214779981026,0.9967351166470957,TCGA
oprozomib,0.33954290166104045,0.5859332530402512,0.9967351166470957,TCGA
azathioprine,0.7222333153289304,0.5866522897870965,0.9967351166470957,TCGA
raloxifene,1.7813922928201429,0.5867211614412244,0.9967351166470957,TCGA
bay-k-8644-(s)-(-),1.4564471143258362,0.5872773175825092,0.9967351166470957,TCGA
bx-912,0.4842615404138484,0.5873839374766885,0.9967351166470957,TCGA
latanoprost,0.717237649602059,0.5875780079768722,0.9967351166470957,TCGA
galeterone,1.8566363413471711,0.5896379714060753,0.9967351166470957,TCGA
sevoflurane,1.455660871400701,0.5903006509600066,0.9967351166470957,TCGA
alogliptin,0.7067948888536492,0.590366056054134,0.9967351166470957,TCGA
trametinib,0.7691755619499006,0.5924954197422938,0.9967351166470957,TCGA
cromakalim,1.481126015374411,0.5931777803699394,0.9967351166470957,TCGA
dabrafenib,0.7904091641667393,0.5939023757048736,0.9967351166470957,TCGA
7-nitroindazole,0.7065229184682711,0.5940863467498111,0.9967351166470957,TCGA
arry-334543,0.4443668029194521,0.5946242598980409,0.9967351166470957,TCGA
atorvastatin,0.7909366385367055,0.5958194734828668,0.9967351166470957,TCGA
pranidipine,0.7198198310537952,0.5962029439887487,0.9967351166470957,TCGA
genz-644282,0.5654704793712544,0.5973455677718967,0.9967351166470957,TCGA
pp-1,0.7509465435386522,0.5983962540488084,0.9967351166470957,TCGA
sb-590885,1.3516826715339074,0.598961205890983,0.9967351166470957,TCGA
sdz-wag-994,0.6609515276824419,0.5998126733754092,0.9967351166470957,TCGA
bitopertin,1.861367465165074,0.6000441013042668,0.9967351166470957,TCGA
dolutegravir,1.949589497139103,0.6011299823572991,0.9967351166470957,TCGA
gsk2110183,0.6061725239790577,0.6011562233066622,0.9967351166470957,TCGA
filgotinib,0.6776336441256698,0.6017869617210726,0.9967351166470957,TCGA
pralatrexate,0.6377035697376361,0.6021733542180333,0.9967351166470957,TCGA
cgm097,0.778315713056461,0.603359977828222,0.9967351166470957,TCGA
azd7762,0.6081069544855695,0.6035067642654575,0.9967351166470957,TCGA
azithromycin,0.5144222909429484,0.6036153350213971,0.9967351166470957,TCGA
deflazacort,1.2976758893861267,0.6036731684039209,0.9967351166470957,TCGA
petcm,1.3657186626685294,0.6043240567994801,0.9967351166470957,TCGA
cct137690,0.5230448558137025,0.6043739525110511,0.9967351166470957,TCGA
curcumin,0.3598990458331774,0.6048539937949651,0.9967351166470957,TCGA
tc1,1.6280374203618375,0.6057180020500195,0.9967351166470957,TCGA
sb-505124,0.6128037024279436,0.6063685766893907,0.9967351166470957,TCGA
mitoxantrone,0.6252770147439857,0.6067768102986391,0.9967351166470957,TCGA
dronedarone,0.3606176785862277,0.6079706287970583,0.9967351166470957,TCGA
cyromazine,1.4239985268649615,0.6079713953724807,0.9967351166470957,TCGA
jq1-(+),0.8230612440243498,0.6101715199043333,0.9967351166470957,TCGA
ro-9187,0.6331602582909324,0.6106360444594622,0.9967351166470957,TCGA
melengestrol-acetate,1.290789123783137,0.6111973420703674,0.9967351166470957,TCGA
k-ras(g12c)-inhibitor-6,1.2714520639152693,0.6113650614631458,0.9967351166470957,TCGA
halofantrine,0.7105797638709129,0.6122627489728987,0.9967351166470957,TCGA
serdemetan,1.4356432520567621,0.6123316823885229,0.9967351166470957,TCGA
nvp-bez235,0.6553121694092214,0.6148805183074313,0.9967351166470957,TCGA
thiocolchicoside,0.6633627568343347,0.6153188313754093,0.9967351166470957,TCGA
rs-17053,0.380877262632638,0.6164760663118354,0.9967351166470957,TCGA
gemcitabine,0.7458953238518338,0.6166017339282037,0.9967351166470957,TCGA
pf-03758309,1.5161982780819845,0.6167517061656396,0.9967351166470957,TCGA
estrone,0.7182866439867324,0.6175443578022195,0.9967351166470957,TCGA
nu6027,0.6967813375258625,0.6178283033354426,0.9967351166470957,TCGA
terbutaline,0.7129627050866864,0.6180933050085871,0.9967351166470957,TCGA
telotristat-ethyl,0.744460737523127,0.6198120345490747,0.9967351166470957,TCGA
nitisinone,0.6785519023794637,0.6206890671589285,0.9967351166470957,TCGA
gw-3965,0.7390266209745638,0.62123309929295,0.9967351166470957,TCGA
2'-meccpa,0.7989685432908933,0.6212713149891594,0.9967351166470957,TCGA
prednisolone-hemisuccinate,1.1859362416314272,0.6213792076706417,0.9967351166470957,TCGA
mepivacaine,0.6294572413207843,0.6214180398910223,0.9967351166470957,TCGA
pha-665752,1.65253560700896,0.6232498296262452,0.9967351166470957,TCGA
ifosfamide,0.6631005957287729,0.6234559899752579,0.9967351166470957,TCGA
protirelin,0.7029962315306326,0.6238536137168736,0.9967351166470957,TCGA
tandutinib,0.7521771929561891,0.6248176381163169,0.9967351166470957,TCGA
anagrelide,0.5438626829798874,0.6251099493023516,0.9967351166470957,TCGA
pf-04457845,0.6383585963987122,0.6253006098447875,0.9967351166470957,TCGA
warfarin,0.7954578366921492,0.6256576330018611,0.9967351166470957,TCGA
ly3023414,0.40679423756361854,0.6258715072459629,0.9967351166470957,TCGA
carbachol,0.6373904865282594,0.6259832661974714,0.9967351166470957,TCGA
gossypol,3.9557057751405122,0.6268331831188237,0.9967351166470957,TCGA
amsacrine,0.6011698312972673,0.6282056022879382,0.9967351166470957,TCGA
zolmitriptan,1.3181201051158584,0.6288667557722616,0.9967351166470957,TCGA
cct129202,1.6956158486465618,0.6291183744136868,0.9967351166470957,TCGA
sb-431542,1.839066038815146,0.6296649452721357,0.9967351166470957,TCGA
bix-01294,0.29351252113077814,0.6336504629056107,0.9967351166470957,TCGA
clobetasol-propionate,1.2442331224144247,0.6341486073616748,0.9967351166470957,TCGA
ferb-033,1.3935786976844533,0.6351033409133306,0.9967351166470957,TCGA
delanzomib,0.4213897122668829,0.6359407487533277,0.9967351166470957,TCGA
halcinonide,1.1948082244851317,0.6367169181444801,0.9967351166470957,TCGA
xl-647,1.776552247580567,0.6379171914343689,0.9967351166470957,TCGA
tetrahydrouridine,0.776102938254486,0.6390973663274204,0.9967351166470957,TCGA
jte-607,1.8776935953346479,0.6392582124521469,0.9967351166470957,TCGA
gs-9973,1.6131166330194486,0.6394015184864282,0.9967351166470957,TCGA
aspirin,0.7213214556382538,0.6400032721692376,0.9967351166470957,TCGA
flumethasone-pivalate,0.7565153170355615,0.6400258707963993,0.9967351166470957,TCGA
lb42708,0.4974567117881712,0.6408008309146315,0.9967351166470957,TCGA
ly2090314,0.7584856416515807,0.6423814360419431,0.9967351166470957,TCGA
mitomycin-c,0.5796801287751535,0.6425955624531824,0.9967351166470957,TCGA
sb-225002,0.541448536054242,0.6433788677246304,0.9967351166470957,TCGA
aee788,0.7077173309228934,0.6445234535802636,0.9967351166470957,TCGA
remoxipride,1.4226097703632532,0.6445321137163389,0.9967351166470957,TCGA
etofylline-clofibrate,0.6508346427129255,0.645522033333603,0.9967351166470957,TCGA
r306465,0.4166233939657483,0.6457114837394424,0.9967351166470957,TCGA
pd-173074,0.7601075548916754,0.6466181088351959,0.9967351166470957,TCGA
azd2858,0.6692131372030767,0.6471216024788733,0.9967351166470957,TCGA
gsk-j4,1.6918393691548057,0.6482177857010316,0.9967351166470957,TCGA
arcyriaflavin-a,0.7453795139626702,0.6490018883213313,0.9967351166470957,TCGA
ikk-16,2.814136335462326,0.650211932439466,0.9967351166470957,TCGA
loxistatin-acid,0.7520166775878313,0.6507023934441363,0.9967351166470957,TCGA
mechlorethamine,0.6500650893699219,0.6511966303356427,0.9967351166470957,TCGA
"cp-945,598",1.4892443312063544,0.6514958151350912,0.9967351166470957,TCGA
finafloxacin,0.805772131629862,0.652404186886018,0.9967351166470957,TCGA
sc-12267,0.690549524432403,0.6536342248212909,0.9967351166470957,TCGA
tg-101348,0.6200844908320325,0.6538779660464538,0.9967351166470957,TCGA
lestaurtinib,0.6150324710320266,0.6546166235165187,0.9967351166470957,TCGA
chidamide,0.6140981282919695,0.6553325760712985,0.9967351166470957,TCGA
imidapril,1.665481092756534,0.6556573470820017,0.9967351166470957,TCGA
wz-3146,1.6259937000442404,0.6567049497990343,0.9967351166470957,TCGA
vinorelbine,0.5994592281913631,0.656714178244069,0.9967351166470957,TCGA
ribociclib,0.46381800780578275,0.6569450326886079,0.9967351166470957,TCGA
cyclocytidine,0.6739305322738209,0.6571868113863313,0.9967351166470957,TCGA
unc2250,0.8011150447506228,0.658326989496294,0.9967351166470957,TCGA
cep-37440,2.102393188042202,0.6585214284509937,0.9967351166470957,TCGA
desonide,1.2370635046608112,0.658652433509423,0.9967351166470957,TCGA
chloropyramine,1.810607907905973,0.6587149421879086,0.9967351166470957,TCGA
cgp-52411,0.6949749240571361,0.6603661141199642,0.9967351166470957,TCGA
ml133,0.5643707258599626,0.6610874796152432,0.9967351166470957,TCGA
uric-acid,0.7526494472299639,0.6611139411573497,0.9967351166470957,TCGA
yo-01027,1.2521098414805256,0.6626874180967965,0.9967351166470957,TCGA
rki-1447,0.7840340614476371,0.6631282154348273,0.9967351166470957,TCGA
methoxyflurane,0.727130934843816,0.6640090989197185,0.9967351166470957,TCGA
olaparib,1.361244166967946,0.6643789543386833,0.9967351166470957,TCGA
ftorafur,0.6888459647246719,0.6656886896680694,0.9967351166470957,TCGA
azd5438,0.2866161313059518,0.6667476021879708,0.9967351166470957,TCGA
midostaurin,0.5398307537460028,0.6668110352272636,0.9967351166470957,TCGA
palmitoylethanolamide,1.3895661229739233,0.6677059637369505,0.9967351166470957,TCGA
palmatine-chloride,0.7869820631245578,0.6678206033352674,0.9967351166470957,TCGA
ve-821,1.3488612816882741,0.6684990784333116,0.9967351166470957,TCGA
ro-10-5824,1.497223650710711,0.6685701084899367,0.9967351166470957,TCGA
chlorquinaldol,0.7772028594940928,0.6691059917591358,0.9967351166470957,TCGA
10-deacetylbaccatin,0.7275807278741713,0.6693013664843241,0.9967351166470957,TCGA
ruxolitinib,2.6037455506263605,0.6696249839685248,0.9967351166470957,TCGA
estramustine-phosphate,0.7449084243331983,0.6697884943483092,0.9967351166470957,TCGA
flubendazole,0.5775597395423648,0.6699129982004177,0.9967351166470957,TCGA
pyrimethamine,0.6735127889299805,0.6702159255384255,0.9967351166470957,TCGA
costunolide,0.7658628934686618,0.6709300351363099,0.9967351166470957,TCGA
nocodazole,0.6272801235829409,0.6712819940377841,0.9967351166470957,TCGA
gw-842166,0.74161494857949,0.6724464554723063,0.9967351166470957,TCGA
sb-228357,0.75563633630074,0.6724525110438678,0.9967351166470957,TCGA
mercaptopurine,0.8054699388019051,0.6733350475896815,0.9967351166470957,TCGA
prednisolone-acetate,0.8294291355989235,0.6746571537846113,0.9967351166470957,TCGA
gdc-0349,0.5885548683832061,0.6765185821584081,0.9967351166470957,TCGA
avanafil,0.6568825650615222,0.6772111229121587,0.9967351166470957,TCGA
cb-10-277,0.7868126058244512,0.6777045992624011,0.9967351166470957,TCGA
sulmazole,1.196632278702991,0.6785386916819613,0.9967351166470957,TCGA
niacin,0.7893250069464331,0.6786233030017303,0.9967351166470957,TCGA
morin,0.7866951650251656,0.6788226762146055,0.9967351166470957,TCGA
ambazone,0.7805766471333109,0.6793705073767611,0.9967351166470957,TCGA
golgicide-a,0.6611708653888327,0.6794595632946747,0.9967351166470957,TCGA
abt-751,0.5775069050132203,0.6795635145769117,0.9967351166470957,TCGA
famotidine,1.265878932138899,0.6797961945841625,0.9967351166470957,TCGA
epinephrine,1.26902466691288,0.6800939662421275,0.9967351166470957,TCGA
chromocarb,0.7890029704157883,0.682015250894779,0.9967351166470957,TCGA
tg100-115,1.3102210186099277,0.6822466112429522,0.9967351166470957,TCGA
at13387,0.702196672680219,0.683080735909644,0.9967351166470957,TCGA
sb-939,0.5170399960957063,0.6831820781398131,0.9967351166470957,TCGA
adefovir-dipivoxil,1.3608252308839888,0.6832550583499274,0.9967351166470957,TCGA
uk-383367,0.7554416086957081,0.683615701505538,0.9967351166470957,TCGA
5-fluorouracil,0.7874838781596548,0.6844719752184993,0.9967351166470957,TCGA
as-703026,0.7659689393505554,0.6847614734798048,0.9967351166470957,TCGA
sevelamer,1.477669185501721,0.6850130231055283,0.9967351166470957,TCGA
idronoxil,0.6478261193914496,0.6852017303394502,0.9967351166470957,TCGA
dexamethasone-acetate,1.199197628988602,0.6862072305279168,0.9967351166470957,TCGA
tremorine,0.6166223994532379,0.6863981095292103,0.9967351166470957,TCGA
indoprofen,0.8198451968813755,0.6865592929428783,0.9967351166470957,TCGA
darifenacin,1.373566391812352,0.6868102344668212,0.9967351166470957,TCGA
gw-583340,0.7880809386848172,0.6873285397422549,0.9967351166470957,TCGA
flumatinib,0.818042338525106,0.687889254032486,0.9967351166470957,TCGA
deferasirox,1.2663121698449737,0.6881298448461788,0.9967351166470957,TCGA
acetazolamide,1.296958435821594,0.6883026954420363,0.9967351166470957,TCGA
ponatinib,0.6438733392042659,0.6883793226486365,0.9967351166470957,TCGA
kd025,1.3578762418736914,0.6883991854284766,0.9967351166470957,TCGA
way-600,1.8608451010852265,0.6885717208235517,0.9967351166470957,TCGA
ikk-2-inhibitor-v,0.6102336221201525,0.6899052404349251,0.9967351166470957,TCGA
ap26113,0.7388811700039317,0.690271148623614,0.9967351166470957,TCGA
dapivirine,0.6248570726093446,0.690436604508774,0.9967351166470957,TCGA
adaprev,1.3257547488467483,0.6907030052151708,0.9967351166470957,TCGA
xilobam,0.7503561711396309,0.6927766672889176,0.9967351166470957,TCGA
bntx,0.633292591210788,0.6935574452146404,0.9967351166470957,TCGA
kynurenic-acid,1.2061256396792797,0.6936030421655937,0.9967351166470957,TCGA
amonafide,1.177411211731734,0.6941088548095911,0.9967351166470957,TCGA
nsc-23766,1.4259627168252147,0.6945199328258662,0.9967351166470957,TCGA
voreloxin,0.7217941766981323,0.6947802838118304,0.9967351166470957,TCGA
aminoglutethimide,0.7295718231589504,0.6963527056635459,0.9967351166470957,TCGA
nemonapride,0.8259573423053267,0.6967921746637743,0.9967351166470957,TCGA
abt-737,1.3749201202992598,0.6969947666851577,0.9967351166470957,TCGA
metoxibutropate,1.2492280898187298,0.6970790579762974,0.9967351166470957,TCGA
methyldopa,1.4046352524498715,0.6979957275984653,0.9967351166470957,TCGA
repaglinide,0.7292111337827214,0.698065082503308,0.9967351166470957,TCGA
hmn-214,0.5723010565115854,0.6983691093168786,0.9967351166470957,TCGA
proscillaridin-a,2.063366991578431,0.6984401601859964,0.9967351166470957,TCGA
bumetanide,1.2555944504265621,0.6989431722119873,0.9967351166470957,TCGA
taselisib,1.2425562747071777,0.7000013212114924,0.9967351166470957,TCGA
hydroxyurea,0.762257374392156,0.7005581015561326,0.9967351166470957,TCGA
norepinephrine,1.4826866452696947,0.7007303571363916,0.9967351166470957,TCGA
tg-02,0.47047460530372376,0.7013592347830779,0.9967351166470957,TCGA
lacitol,0.8198173369137273,0.7015861089073412,0.9967351166470957,TCGA
rg108,1.2856446856166788,0.7017797565457848,0.9967351166470957,TCGA
niraparib,1.6955870625564253,0.7023570705972715,0.9967351166470957,TCGA
carmofur,1.6475910893078496,0.7053554436474974,0.9967351166470957,TCGA
fk-866,0.6505361573982096,0.7060157781791092,0.9967351166470957,TCGA
semaxanib,1.4264561424309568,0.7063068908685455,0.9967351166470957,TCGA
buparlisib,0.5016319980530362,0.7064070441956188,0.9967351166470957,TCGA
chir-98014,1.312313519265144,0.707043148610035,0.9967351166470957,TCGA
acesulfame-potassium,0.7071416619193289,0.7075651460090542,0.9967351166470957,TCGA
rociletinib,1.9116434405194296,0.7080833630068419,0.9967351166470957,TCGA
tmc-353121,0.6766751851455878,0.7089176113336658,0.9967351166470957,TCGA
tiletamine,0.8187453961990535,0.7095404996537855,0.9967351166470957,TCGA
d-7193,1.305385873584445,0.7101240154744938,0.9967351166470957,TCGA
tasisulam,0.5172765916891241,0.7106936812205424,0.9967351166470957,TCGA
ki-16425,0.7389127867302545,0.7107308658862197,0.9967351166470957,TCGA
tg-100713,0.6655741363445218,0.7141330489777689,0.9967351166470957,TCGA
adarotene,0.23946373796156178,0.7151546020439741,0.9967351166470957,TCGA
domiphen,0.7771916260153571,0.7175107330608468,0.9967351166470957,TCGA
pha-767491,0.6506893617162939,0.7191315663000764,0.9967351166470957,TCGA
theophylline,1.2973461114908476,0.7197712848450466,0.9967351166470957,TCGA
barasertib,1.480329173759248,0.7202015977497227,0.9967351166470957,TCGA
gsk-3-inhibitor-ix,1.1843029370081652,0.7203622501821165,0.9967351166470957,TCGA
lomefloxacin,0.5992925381690072,0.7208028106883446,0.9967351166470957,TCGA
cytarabine,1.3076385975399392,0.7210799157415735,0.9967351166470957,TCGA
k-858,0.7103310910269753,0.7216442469429463,0.9967351166470957,TCGA
er-27319,0.42295184383326156,0.7216699038444758,0.9967351166470957,TCGA
dichloroacetate,0.6591062603925395,0.7218908531602961,0.9967351166470957,TCGA
riociguat,0.8044302612021315,0.7219611814293239,0.9967351166470957,TCGA
nvp-tae684,1.5962378094675957,0.7221430298803915,0.9967351166470957,TCGA
azacitidine,0.7673072316346138,0.723268001289102,0.9967351166470957,TCGA
sb-525334,0.7935444355484298,0.7234401656439717,0.9967351166470957,TCGA
lcl-161,1.402411773053453,0.7236148065335493,0.9967351166470957,TCGA
azalomycin-b,0.4818845054171193,0.7237203212669919,0.9967351166470957,TCGA
frentizole,1.2283514381694758,0.724103861652719,0.9967351166470957,TCGA
pq-401,1.1343883565910131,0.7248757808471522,0.9967351166470957,TCGA
pf-03814735,0.7930179682129177,0.7250024939079089,0.9967351166470957,TCGA
pf-573228,0.8374790826528985,0.7272497466402634,0.9967351166470957,TCGA
bi-78d3,2.212591887095132,0.7272882775520058,0.9967351166470957,TCGA
toremifene,1.5796361434100108,0.7274322464838867,0.9967351166470957,TCGA
acipimox,1.269013740678562,0.7288513658128233,0.9967351166470957,TCGA
propranolol,1.1902872595029188,0.7293937232218975,0.9967351166470957,TCGA
jk-184,0.659028324869224,0.7303487024613822,0.9967351166470957,TCGA
ivermectin,0.7474897506241543,0.7309788546888286,0.9967351166470957,TCGA
vanoxerine,1.8157864447304437,0.7317404520428454,0.9967351166470957,TCGA
jtc-801,1.641715742040181,0.73199055851767,0.9967351166470957,TCGA
sn-38,0.769125557428206,0.7344777352081782,0.9967351166470957,TCGA
pindolol,1.2090476408554722,0.7349769995232946,0.9967351166470957,TCGA
cgp-54626,0.745486748940991,0.7352864900478044,0.9967351166470957,TCGA
triamterene,1.2956171235757954,0.7361890808580707,0.9967351166470957,TCGA
gestrinone,0.7408822146452874,0.7373312320143999,0.9967351166470957,TCGA
hydrocortisone,1.5833653009781183,0.7375175808591168,0.9967351166470957,TCGA
trequinsin,0.7963226010579901,0.7376217777232413,0.9967351166470957,TCGA
baicalin,1.2388182511506403,0.7380416408895176,0.9967351166470957,TCGA
tideglusib,1.2876019121840128,0.7383028400743304,0.9967351166470957,TCGA
bucladesine,1.2056412417756635,0.7385819886611025,0.9967351166470957,TCGA
capsaicin,0.7913485300666606,0.740113005825769,0.9967351166470957,TCGA
cd-437,1.757810588759375,0.7406485158615758,0.9967351166470957,TCGA
clenbuterol,0.7871917418683859,0.7406969041873683,0.9967351166470957,TCGA
penicillamine-(d),1.3894882492444074,0.7409590326184302,0.9967351166470957,TCGA
ym-201636,0.7980644926959805,0.7413523597405953,0.9967351166470957,TCGA
pitavastatin,1.2661777623733221,0.7426022342685707,0.9967351166470957,TCGA
sunitinib,0.6970497688371216,0.7426434556964085,0.9967351166470957,TCGA
tyloxapol,0.8073379319011856,0.7429899527623094,0.9967351166470957,TCGA
mexeneone,1.3342072873092428,0.7442766198169406,0.9967351166470957,TCGA
kw-2478,0.7048271791909644,0.7447273695789443,0.9967351166470957,TCGA
atiprimod,0.6377924820242833,0.7452102164864058,0.9967351166470957,TCGA
sb-200646,0.8406486486791418,0.7456954787975645,0.9967351166470957,TCGA
ci-844,0.8551000899196473,0.7458547860379268,0.9967351166470957,TCGA
dovitinib,1.497774809248105,0.7464187399589328,0.9967351166470957,TCGA
rgfp966,0.8043652984846108,0.7468856752540618,0.9967351166470957,TCGA
tetrandrine,0.6243014798691155,0.7474326257211451,0.9967351166470957,TCGA
dvd-111,1.269266695107749,0.748303778251138,0.9967351166470957,TCGA
triamcinolone,1.210756481019135,0.7487096518039082,0.9967351166470957,TCGA
sobetirome,0.8259082503909441,0.7487384622073443,0.9967351166470957,TCGA
cefpiramide,0.8922596222590273,0.7488130949408117,0.9967351166470957,TCGA
mifepristone,0.7722958086808067,0.7488587732252354,0.9967351166470957,TCGA
enmd-2076,0.7147799532229431,0.7489701899292368,0.9967351166470957,TCGA
bix-02188,1.4494875400880334,0.7493824139703953,0.9967351166470957,TCGA
ro-4987655,0.8388484767413212,0.7495645304759593,0.9967351166470957,TCGA
mevastatin,1.2655224732935129,0.7502635748055417,0.9967351166470957,TCGA
altretamine,1.2614156800448257,0.7508059232992185,0.9967351166470957,TCGA
tamoxifen,1.3338975256703447,0.7511577392957464,0.9967351166470957,TCGA
inosine,1.4713997392646343,0.7519489692851362,0.9967351166470957,TCGA
tg-101209,0.7840724688600911,0.7519966131118645,0.9967351166470957,TCGA
vemurafenib,1.1915445298938636,0.7533450786845004,0.9967351166470957,TCGA
dcebio,0.7234476998943593,0.7540178889165126,0.9967351166470957,TCGA
fendiline,1.3596916456525898,0.7546366124933758,0.9967351166470957,TCGA
tak-715,0.8539010775973258,0.7546378522295331,0.9967351166470957,TCGA
cebranopadol,1.148067415096267,0.7561435110083952,0.9967351166470957,TCGA
ammonium-lactate,0.7764282312916289,0.7563806408553658,0.9967351166470957,TCGA
spironolactone,0.5495831530432067,0.7579668712578039,0.9967351166470957,TCGA
azd6482,1.5484473330558721,0.758840520987583,0.9967351166470957,TCGA
methylprednisolone,0.8923380812878448,0.7603354402370346,0.9967351166470957,TCGA
sb-366791,0.8166869120200299,0.7604958747761417,0.9967351166470957,TCGA
pd-153035,0.8054842051151386,0.7606783977926018,0.9967351166470957,TCGA
nexturastat-a,1.1635907260803293,0.760725731438916,0.9967351166470957,TCGA
rs-67506,0.863192022777369,0.7627405078445681,0.9967351166470957,TCGA
rubitecan,0.8020116936922694,0.7627607861866992,0.9967351166470957,TCGA
pd-198306,1.3343949068163041,0.7628533101283486,0.9967351166470957,TCGA
sangivamycin,1.985857218534581,0.7635502116528757,0.9967351166470957,TCGA
bms-690514,0.7080262334806793,0.7637972743691024,0.9967351166470957,TCGA
filanesib,1.258942430426728,0.7643750039791806,0.9967351166470957,TCGA
12-o-tetradecanoylphorbol-13-acetate,1.0963014051710536,0.76464563107232,0.9967351166470957,TCGA
indibulin,0.6534859587460856,0.7646468200788129,0.9967351166470957,TCGA
y-320,0.8947402961452678,0.7650944090723485,0.9967351166470957,TCGA
e7449,1.1979454067528352,0.7654788425703197,0.9967351166470957,TCGA
iem1754,1.369014852938995,0.7659952192175519,0.9967351166470957,TCGA
pf-04217903,0.8294853065891367,0.7660460613293506,0.9967351166470957,TCGA
clofarabine,0.7271940785796857,0.7670201898016572,0.9967351166470957,TCGA
riboflavin,0.8168075849686885,0.7679241785532971,0.9967351166470957,TCGA
neratinib,1.522125008801071,0.7679274481039027,0.9967351166470957,TCGA
fluocinolone-acetonide,1.115199405831475,0.7681722707029213,0.9967351166470957,TCGA
n-acetylmannosamine,0.8123180627790467,0.7684236250667937,0.9967351166470957,TCGA
sparfloxacin,1.4561412374448177,0.7690307270088392,0.9967351166470957,TCGA
bts-54505,1.2275492784794415,0.7693658770394072,0.9967351166470957,TCGA
torin-2,0.5374945431931933,0.7705727601926899,0.9967351166470957,TCGA
candesartan,0.8147247396863411,0.7708173225198037,0.9967351166470957,TCGA
mrs-1220,1.297590691447756,0.770826889976908,0.9967351166470957,TCGA
hypoestoxide,0.7795263433093806,0.7724075862734225,0.9967351166470957,TCGA
bardoxolone,1.3714630582503695,0.7732179221080007,0.9967351166470957,TCGA
pd-168393,0.7220288484670124,0.7739640716098575,0.9967351166470957,TCGA
chlorindanol,1.2128020420084775,0.7761752882897964,0.9967351166470957,TCGA
dicycloverine,0.803298442341021,0.7762482517952772,0.9967351166470957,TCGA
hexachlorophene,1.3125284631139253,0.7768685110650135,0.9967351166470957,TCGA
nemorubicin,0.6573029551005765,0.7770556389145229,0.9967351166470957,TCGA
monobenzone,1.2850796019832997,0.7773234126205659,0.9967351166470957,TCGA
4-methylhistamine,0.887351305814776,0.7776765380222934,0.9967351166470957,TCGA
sgi-1027,1.3412197806172905,0.7780623893481375,0.9967351166470957,TCGA
bindarit,0.7526944640885145,0.7786978072462916,0.9967351166470957,TCGA
kp-1212,0.7818103225623212,0.7797098766999925,0.9967351166470957,TCGA
unc0631,0.5616677229869063,0.7797880403074795,0.9967351166470957,TCGA
azodicarbonamide,1.179893708648182,0.7804202027127821,0.9967351166470957,TCGA
vatalanib,1.260865644378495,0.7804300434126868,0.9967351166470957,TCGA
oxyphencyclimine,0.8062439107900427,0.7809707869218245,0.9967351166470957,TCGA
ru-58841,1.2126506502573862,0.7813815078830997,0.9967351166470957,TCGA
buthionine-sulfoximine,0.8593859094557758,0.7822060953121067,0.9967351166470957,TCGA
bendamustine,0.8256567688748311,0.7842803460762413,0.9967351166470957,TCGA
octenidine,1.6512746533442637,0.7846220439106324,0.9967351166470957,TCGA
sulfamethazine,1.2164665149316256,0.7852169760640074,0.9967351166470957,TCGA
ccg-50014,0.7199686226121034,0.7855824616980549,0.9967351166470957,TCGA
gw-788388,0.8714140322574742,0.7857633014255864,0.9967351166470957,TCGA
nilutamide,0.765959148456989,0.7865490884928982,0.9967351166470957,TCGA
as-1949490,0.8363829979168627,0.7873076654806173,0.9967351166470957,TCGA
bms-986020,0.8850051134372042,0.7875102882367075,0.9967351166470957,TCGA
oxiperomide,0.7883773272812646,0.789794204114624,0.9967351166470957,TCGA
chir-99021,0.902169898168782,0.7898098590113417,0.9967351166470957,TCGA
"mns-(3,4-methylenedioxy-nitrostyrene)",0.7242083594307326,0.7911164779965013,0.9967351166470957,TCGA
clocortolone-pivalate,0.8382347175646417,0.7915400925026341,0.9967351166470957,TCGA
isoflupredone-acetate,1.1358331037162408,0.7917982631763544,0.9967351166470957,TCGA
pelitinib,1.34830581978352,0.7925649253976137,0.9967351166470957,TCGA
artesunate,0.8507751772025005,0.7931619838497902,0.9967351166470957,TCGA
metoprolol,0.8125498934353307,0.7937464987712769,0.9967351166470957,TCGA
disulfiram,1.5864757867890626,0.7941781371434609,0.9967351166470957,TCGA
alvocidib,0.7376278356005005,0.7942569504785251,0.9967351166470957,TCGA
clofibrate,1.1656178262303118,0.7943431036086905,0.9967351166470957,TCGA
sufentanil,1.1990312095230453,0.79502876567824,0.9967351166470957,TCGA
fdcyd,0.7858714917592806,0.7959938319430676,0.9967351166470957,TCGA
vu0364770,1.285759173529289,0.7964359581251127,0.9967351166470957,TCGA
benzethonium,0.7995147879910554,0.7984286964219273,0.9967351166470957,TCGA
1-naphthyl-pp1,1.2048340608375123,0.8003669825500811,0.9967351166470957,TCGA
lomitapide,0.8419710089141778,0.8010983090304625,0.9967351166470957,TCGA
cyclosporine,1.2741203301262656,0.8029455581951673,0.9967351166470957,TCGA
tenovin-6,0.6819092589118493,0.803496430342063,0.9967351166470957,TCGA
niridazole,0.8361332606036537,0.8046270912717969,0.9967351166470957,TCGA
darapladib,1.4737335223887342,0.8053620538170612,0.9967351166470957,TCGA
ly2109761,1.1728059874766252,0.8056424933644353,0.9967351166470957,TCGA
lapatinib,1.3338678419034424,0.8057943301367416,0.9967351166470957,TCGA
tiotidine,1.1042130224385365,0.8066907150526861,0.9967351166470957,TCGA
fluvastatin,1.3461156538852341,0.8082269673669235,0.9967351166470957,TCGA
floxuridine,1.1781622431653287,0.8085672371402673,0.9967351166470957,TCGA
ap1903,0.8380966961887234,0.8093564628237948,0.9967351166470957,TCGA
terfenadine,1.1694519116737105,0.8097238004013627,0.9967351166470957,TCGA
nms-873,0.7226222049251663,0.8097845295188825,0.9967351166470957,TCGA
dichlorvos,0.8022148502205074,0.8099463115977512,0.9967351166470957,TCGA
digoxigenin,1.5032980079973086,0.8135691786085879,0.9967351166470957,TCGA
alfacalcidol,0.848057037707684,0.8136564964395975,0.9967351166470957,TCGA
mk-0812,0.8662870706269099,0.8144964152084861,0.9967351166470957,TCGA
pentostatin,0.7744408541536257,0.8153628263397382,0.9967351166470957,TCGA
cyt387,0.692365006691844,0.8159554376207683,0.9967351166470957,TCGA
penfluridol,0.616712226478338,0.8164342342721176,0.9967351166470957,TCGA
teriflunomide,0.8190646930761254,0.8165284580534484,0.9967351166470957,TCGA
nadifloxacin,0.8476699894906632,0.8193671394327239,0.9967351166470957,TCGA
triciribine,0.7744885369852459,0.819844558839405,0.9967351166470957,TCGA
pf-562271,1.3796549181211328,0.8213963690628374,0.9967351166470957,TCGA
ver-49009,0.8241935575889298,0.8221684443610449,0.9967351166470957,TCGA
roquinimex,1.1962879437272058,0.8222292557359298,0.9967351166470957,TCGA
iproniazid,1.1048905332677261,0.8235938079013676,0.9967351166470957,TCGA
tepoxalin,0.7875751523070961,0.824536131336621,0.9967351166470957,TCGA
nsc-663284,1.3057117521031878,0.825447710241126,0.9967351166470957,TCGA
4-(4-fluorobenzoyl)-1-(4-phenylbutyl)-piperidine,1.1274428479646952,0.8261145199486208,0.9967351166470957,TCGA
novobiocin,1.1648094390159993,0.8266430772931648,0.9967351166470957,TCGA
pi3k-in-2,1.4624944601561887,0.8269154234078095,0.9967351166470957,TCGA
cibenzoline,0.7642734203810096,0.8274225926698313,0.9967351166470957,TCGA
asymmetrical-dimethylarginine,1.1508883928163272,0.8280339930469043,0.9967351166470957,TCGA
mpi-0479605,0.8930111944798572,0.8296026131964385,0.9967351166470957,TCGA
zolantidine,0.8606553991984647,0.8297083990225054,0.9967351166470957,TCGA
uridine,0.8677322657366796,0.8312919294525635,0.9967351166470957,TCGA
i-bet-762,1.3732270526117412,0.8323420658364413,0.9967351166470957,TCGA
butylscopolamine-bromide,1.1976280409071924,0.8332393594945899,0.9967351166470957,TCGA
amg-232,0.8598665924745458,0.8339310658053565,0.9967351166470957,TCGA
harringtonine,1.253523611920346,0.8344233930391853,0.9967351166470957,TCGA
caffeic-acid-phenethyl-ester,1.1222599118824632,0.8350560668458591,0.9967351166470957,TCGA
maprotiline,1.1223653581103747,0.8358336479695478,0.9967351166470957,TCGA
lurasidone,0.8909529777729678,0.8359905028134549,0.9967351166470957,TCGA
pd-98059,0.8626893014621677,0.8360777975105568,0.9967351166470957,TCGA
vlx600,0.9348912490542965,0.836899138443211,0.9967351166470957,TCGA
bifemelane,1.1813990185202208,0.8370030621419207,0.9967351166470957,TCGA
epiandrosterone,0.8902215444683366,0.8394121653116338,0.9967351166470957,TCGA
nilotinib,0.8797037705143992,0.8395126000175523,0.9967351166470957,TCGA
ramifenazone,0.8695856192347517,0.8403782124330017,0.9967351166470957,TCGA
romidepsin,1.2903048223052367,0.8404737391371777,0.9967351166470957,TCGA
bibr-1532,1.1721838422378754,0.840827778591379,0.9967351166470957,TCGA
sid-7969543,0.8947970775899504,0.8412590555896334,0.9967351166470957,TCGA
ccmi,0.8625116379675248,0.8414654799224258,0.9967351166470957,TCGA
felbamate,1.3223715504681623,0.8416486228088548,0.9967351166470957,TCGA
se-methylselenocysteine,0.8562347890096306,0.841996324475287,0.9967351166470957,TCGA
gamma-aminobutyric-acid,1.1072851356217641,0.8421395147036695,0.9967351166470957,TCGA
chir-124,1.163225161942556,0.8422091189787918,0.9967351166470957,TCGA
bms-754807,1.1545900118805963,0.8432535580603158,0.9967351166470957,TCGA
sulfanilamide,0.859338038585085,0.8441254794301679,0.9967351166470957,TCGA
trifluridine,0.832573213917138,0.8450986992437308,0.9967351166470957,TCGA
obidoxime,0.8394169880255071,0.846327748457837,0.9967351166470957,TCGA
sb-239063,1.2297989737075292,0.8464980261299029,0.9967351166470957,TCGA
erdafitinib,0.8305148964111896,0.8471336352472533,0.9967351166470957,TCGA
vs-4718,0.8997624864565974,0.848612880595111,0.9967351166470957,TCGA
foscarnet,1.1217659998410812,0.8487275938872435,0.9967351166470957,TCGA
ldn-212854,1.761537796312283,0.8488003867887585,0.9967351166470957,TCGA
mk-5108,0.8155872623089109,0.8497917571391086,0.9967351166470957,TCGA
fulvestrant,0.8489183498588381,0.8510471162834495,0.9967351166470957,TCGA
dorzolamide,1.1494490231986783,0.8514190625274173,0.9967351166470957,TCGA
pi-828,1.1964734296382544,0.8515471900814059,0.9967351166470957,TCGA
cimetidine,1.1853380590366638,0.8516768135679678,0.9967351166470957,TCGA
gsk1070916,0.8465899452868517,0.8520986840237381,0.9967351166470957,TCGA
peruvoside,0.7266686367872691,0.8526505167170135,0.9967351166470957,TCGA
tozasertib,0.8659514368659643,0.8535253621975476,0.9967351166470957,TCGA
naftidrofuryl,1.1706230884544064,0.8537927322589745,0.9967351166470957,TCGA
a61603,1.1345964676510893,0.8549743545383437,0.9967351166470957,TCGA
fk-3311,1.1982894695108144,0.8553917896177451,0.9967351166470957,TCGA
nvp-bhg712,1.126473360402215,0.8553965547478246,0.9967351166470957,TCGA
flutamide,0.8620123727476748,0.8564375092323249,0.9967351166470957,TCGA
methotrexate,1.2315987671320663,0.856575269799442,0.9967351166470957,TCGA
cl-218872,1.1552227627156009,0.856922733879531,0.9967351166470957,TCGA
oltipraz,0.6701509535536134,0.8572229843831034,0.9967351166470957,TCGA
cilostamide,1.1212862382583615,0.8578877340628294,0.9967351166470957,TCGA
broxyquinoline,1.1956360062282976,0.8583633044495207,0.9967351166470957,TCGA
k-strophanthidin,0.6691511250757237,0.8591692914468652,0.9967351166470957,TCGA
obatoclax,0.8724366223522032,0.8592242909539618,0.9967351166470957,TCGA
cnx-774,0.908813512878187,0.8593797005810248,0.9967351166470957,TCGA
vx-702,0.911476536355116,0.8600269090792327,0.9967351166470957,TCGA
melphalan,1.1019637255177765,0.8609366527361687,0.9967351166470957,TCGA
tryptanthrin,0.830516754329415,0.8609424561262455,0.9967351166470957,TCGA
pyritinol,0.870767216611763,0.8614104523747002,0.9967351166470957,TCGA
vu0361737,0.91074943695495,0.8623447339653563,0.9967351166470957,TCGA
pha-680632,1.304683478342148,0.8631907186017731,0.9967351166470957,TCGA
halofuginone,1.3280039400138504,0.864115219037768,0.9967351166470957,TCGA
cp-724714,1.4769425600320716,0.8643018339600796,0.9967351166470957,TCGA
vx-765,1.112538016469267,0.8643977644894226,0.9967351166470957,TCGA
ro-106-9920,1.5049573808132326,0.8647844284643424,0.9967351166470957,TCGA
triptolide,1.2821289414177999,0.8654554482494272,0.9967351166470957,TCGA
etp-46464,0.785603197939435,0.8660476199872609,0.9967351166470957,TCGA
ribitol,1.1116489550063184,0.8672499587561955,0.9967351166470957,TCGA
erythritol,1.1317456244337323,0.869616281059827,0.9967351166470957,TCGA
dihydromyricetin,0.9057939406591357,0.8699023177655395,0.9967351166470957,TCGA
simvastatin,0.8625335816803318,0.8709839857461371,0.9967351166470957,TCGA
cs-110266,1.0987498819904153,0.8710372142658962,0.9967351166470957,TCGA
eptifibatide,1.204070498609308,0.8732924619824508,0.9967351166470957,TCGA
pf-4981517,0.9180765049583801,0.8745294225650879,0.9967351166470957,TCGA
mozavaptan,1.2792952385144112,0.8751945785100996,0.9967351166470957,TCGA
az3146,0.8898487050890911,0.8758505809867835,0.9967351166470957,TCGA
creatine,0.9163480492450559,0.8761985970503396,0.9967351166470957,TCGA
dichlorisone-acetate,1.0883403615968248,0.8762509242021118,0.9967351166470957,TCGA
1-azakenpaullone,1.0913515514836079,0.8765107806483204,0.9967351166470957,TCGA
piperacetazine,1.074157836897245,0.876656638959826,0.9967351166470957,TCGA
piperazine,0.9096527719237743,0.8773777448605099,0.9967351166470957,TCGA
kenpaullone,1.0720241017222885,0.8781382813296222,0.9967351166470957,TCGA
spermidine,1.1747416470476062,0.8798825270130817,0.9967351166470957,TCGA
4-hydroxy-phenazone,0.8969561200096274,0.8800130844879158,0.9967351166470957,TCGA
lafutidine,0.896242343901615,0.8801566525846868,0.9967351166470957,TCGA
prednisolone,1.0540879463393427,0.8802810783025914,0.9967351166470957,TCGA
vismodegib,1.4259012431024092,0.8811322236621999,0.9967351166470957,TCGA
ajmaline,1.0911950039857934,0.8815453447607056,0.9967351166470957,TCGA
orantinib,0.9199428034970372,0.8818748706373838,0.9967351166470957,TCGA
triapine,1.1364406051938278,0.881928024489266,0.9967351166470957,TCGA
afatinib,0.8837315871262796,0.8835873516831986,0.9967351166470957,TCGA
meglitinide,0.8917251648092408,0.8836159551868622,0.9967351166470957,TCGA
adapalene,0.8132596220981626,0.8848571947685586,0.9967351166470957,TCGA
lanatoside-c,1.2441888668097487,0.8861004549075985,0.9967351166470957,TCGA
ibutilide,0.9180366915179792,0.8894049054259082,0.9967351166470957,TCGA
jzl-184,0.9070373717650486,0.8926805069412994,0.9967351166470957,TCGA
oleanolic-acid,1.1359097295013336,0.8932807966455707,0.9967351166470957,TCGA
tyrphostin-a9,0.8509395387497192,0.8936599601465716,0.9967351166470957,TCGA
brigatinib,1.1483217721356922,0.8942074796732664,0.9967351166470957,TCGA
bendroflumethiazide,1.0776165650111786,0.8945445101337575,0.9967351166470957,TCGA
gw-405833,1.0756026626853814,0.8958887075259527,0.9967351166470957,TCGA
cyproheptadine,1.1062347751970996,0.8965593261529788,0.9967351166470957,TCGA
estramustine,0.7447727591625692,0.8975507640687518,0.9967351166470957,TCGA
tacedinaline,0.7967259502816965,0.8976472293828037,0.9967351166470957,TCGA
y-39983,1.0675814159517987,0.8977480314877566,0.9967351166470957,TCGA
lorazepam,0.9236510404156367,0.8977577691293094,0.9967351166470957,TCGA
menadione,0.8277282915331751,0.898985737772268,0.9967351166470957,TCGA
stattic,0.7631330240290437,0.899084814236011,0.9967351166470957,TCGA
bortezomib,1.1320009730994178,0.8996616631774162,0.9967351166470957,TCGA
cmpd-1,1.167171069093539,0.9004750801148516,0.9967351166470957,TCGA
sb-743921,0.8684881535442919,0.9005596609816087,0.9967351166470957,TCGA
srt1720,0.9127647182886349,0.9008772985969519,0.9967351166470957,TCGA
elacridar,0.8309847832631061,0.9018862884954562,0.9967351166470957,TCGA
ciclesonide,1.065217235204585,0.9037682202486279,0.9967351166470957,TCGA
atenolol-(-),0.9406556883504723,0.9038662314739808,0.9967351166470957,TCGA
wz-4002,1.0693635802671406,0.9046663358506042,0.9967351166470957,TCGA
beta-lapachone,0.7720801647364481,0.904718393328439,0.9967351166470957,TCGA
am-251,1.136895988952934,0.9081822882583549,0.9967351166470957,TCGA
snx-2112,0.8271094035420117,0.9087269147079918,0.9967351166470957,TCGA
levocetirizine,0.9258347005513752,0.9088094135916148,0.9967351166470957,TCGA
bi-d1870,0.937835440194801,0.909116480855082,0.9967351166470957,TCGA
a-803467,1.1174178551716352,0.9101369043041285,0.9967351166470957,TCGA
clopamide,1.0479348429947106,0.9106859336268261,0.9967351166470957,TCGA
camylofine-chlorhydrate,0.9101125820640306,0.9107986913052175,0.9967351166470957,TCGA
lanoconazole,1.076310734284054,0.9110496932414658,0.9967351166470957,TCGA
cinromide,0.9219447181487596,0.9110560201409842,0.9967351166470957,TCGA
zm-306416,1.0812673648037698,0.9118375955550182,0.9967351166470957,TCGA
azd1480,1.0957051118682666,0.9124449610483398,0.9967351166470957,TCGA
daunorubicin,0.928800607668549,0.9125040918073033,0.9967351166470957,TCGA
bms-707035,1.04805964634662,0.9136881529188605,0.9967351166470957,TCGA
dimethisoquin,1.050850317100327,0.9140838700451952,0.9967351166470957,TCGA
cefdinir,1.064681584736717,0.9147308174488039,0.9967351166470957,TCGA
cycloheximide,1.1227748374948303,0.9147471238466445,0.9967351166470957,TCGA
osi-930,0.9173778881801503,0.9153836844791786,0.9967351166470957,TCGA
lenalidomide,1.0860266633631228,0.9156396321330473,0.9967351166470957,TCGA
valrubicin,0.8919154916509696,0.9161930025606553,0.9967351166470957,TCGA
kpt-276,0.9037956230008427,0.9169791431730185,0.9967351166470957,TCGA
alvespimycin,1.0832158038611008,0.9172558446035916,0.9967351166470957,TCGA
am-580,0.908706870053681,0.917758375982004,0.9967351166470957,TCGA
flumethasone,0.9578616679916246,0.9181641616939173,0.9967351166470957,TCGA
carboxypyridine-disulfide,1.0870850250062387,0.9184555673997944,0.9967351166470957,TCGA
propoxycaine,1.055720956079472,0.9192036937416407,0.9967351166470957,TCGA
streptozotocin,0.9562757698936917,0.9210546912836445,0.9967351166470957,TCGA
pf-477736,1.0668263383246828,0.9210586741959405,0.9967351166470957,TCGA
nizofenone,1.0737211865414418,0.9219100552718051,0.9967351166470957,TCGA
unbs-5162,0.9132729070927418,0.9229077459336944,0.9967351166470957,TCGA
sar131675,0.9594908838152417,0.9233940211296178,0.9967351166470957,TCGA
kifunensine,0.9586932676391635,0.9234681502856729,0.9967351166470957,TCGA
kpt-185,0.8946259145088731,0.9242872662940804,0.9967351166470957,TCGA
lidocaine,0.9386684677489302,0.9262274475755975,0.9967351166470957,TCGA
entinostat,0.9241668651600825,0.9270335784138485,0.9967351166470957,TCGA
ast-1306,1.096869936859497,0.9271028275063836,0.9967351166470957,TCGA
ly2608204,0.9077526029004326,0.9282478231627492,0.9967351166470957,TCGA
gw-843682x,1.0972917167132574,0.9288576939716151,0.9967351166470957,TCGA
gimeracil,0.9322572697829791,0.9303817279616206,0.9967351166470957,TCGA
epinastine,1.0643353406325307,0.9315990181917679,0.9967351166470957,TCGA
formestane,0.9483892006397305,0.9321659577378004,0.9967351166470957,TCGA
azd9668,1.0499930775339241,0.9321900936146426,0.9967351166470957,TCGA
ly2334737,1.1531547149380121,0.9326991973348749,0.9967351166470957,TCGA
aztreonam,0.9341115188265438,0.9332434387766027,0.9967351166470957,TCGA
fludarabine-phosphate,0.9168757933479359,0.933364540263492,0.9967351166470957,TCGA
benzydamine,1.0416859149888618,0.9336965960901606,0.9967351166470957,TCGA
sns-314,0.9703134457143865,0.9353868107936059,0.9967351166470957,TCGA
8-bromo-cgmp,1.087295080254015,0.9356513360624792,0.9967351166470957,TCGA
ro-04-5595,1.0397185902847523,0.9359463150194666,0.9967351166470957,TCGA
dexrazoxane,1.1299122018572278,0.9361621495402428,0.9967351166470957,TCGA
dinaciclib,1.0737754706008305,0.9364401387908498,0.9967351166470957,TCGA
nisoxetine,0.9475354452391859,0.9365028243084161,0.9967351166470957,TCGA
pci-24781,0.8594450151420485,0.9375346531016503,0.9967351166470957,TCGA
pi-103,1.0958313913717783,0.937878954428183,0.9967351166470957,TCGA
sr-57227a,1.044951616326016,0.9380218223358108,0.9967351166470957,TCGA
linalool,0.9259361408279491,0.9383727806083149,0.9967351166470957,TCGA
nan-190,0.9573550023556846,0.9385224570930693,0.9967351166470957,TCGA
nitrocaramiphen,0.9456129232620504,0.9392208126193532,0.9967351166470957,TCGA
navarixin,0.942235629484257,0.9392596850914887,0.9967351166470957,TCGA
sb-216641,1.119789412181611,0.9394213990849662,0.9967351166470957,TCGA
tipiracil,0.920897524282241,0.9400530766872738,0.9967351166470957,TCGA
sertindole,1.1107818778879712,0.9405960648967665,0.9967351166470957,TCGA
difluprednate,1.0441503159086372,0.9423435661485678,0.9967351166470957,TCGA
1-phenylbiguanide,0.9530378737335871,0.9423932155934684,0.9967351166470957,TCGA
amprolium,1.0475274402151247,0.944271694317198,0.9967351166470957,TCGA
acy-1215,1.0767712663008058,0.9448857729279413,0.9967351166470957,TCGA
baricitinib,0.9489232137460414,0.9450112611502144,0.9967351166470957,TCGA
tetrahydropapaverine,1.028582964339613,0.9461297416098627,0.9967351166470957,TCGA
carvedilol,1.0475713266334985,0.9464385213292721,0.9967351166470957,TCGA
diphemanil,1.052109764657313,0.9481140376878092,0.9967351166470957,TCGA
way-170523,1.0525760915432398,0.9484607112987717,0.9967351166470957,TCGA
pomalidomide,0.9498128865130065,0.948535443236579,0.9967351166470957,TCGA
colistin-b-sulfate,1.033213769088302,0.949240226862775,0.9967351166470957,TCGA
gtp-14564,1.0437202018798508,0.9492915437870773,0.9967351166470957,TCGA
su3327,0.9336881442540721,0.9495276602016219,0.9967351166470957,TCGA
carboxyamidotriazole,1.0661252752132917,0.9500900263807397,0.9967351166470957,TCGA
radezolid,1.0430921035275538,0.9508882637037793,0.9967351166470957,TCGA
sodium-tanshinone-ii-a-sulfonate,1.03410352686388,0.9513342462450347,0.9967351166470957,TCGA
brequinar,1.1227517262404085,0.9541669957987656,0.9967351166470957,TCGA
temoporfin,0.8208795771458377,0.9547932941593147,0.9967351166470957,TCGA
ubenimex,1.0448105697629353,0.9554909347796636,0.9967351166470957,TCGA
sb-218795,1.0298965577145565,0.9557090021532686,0.9967351166470957,TCGA
kw-2449,1.043909617270535,0.9559259919795317,0.9967351166470957,TCGA
tu-2100,1.0483708865505452,0.9562174334297736,0.9967351166470957,TCGA
idazoxan,1.0386431125326858,0.9568240077486218,0.9967351166470957,TCGA
ri-1,0.9646329016365015,0.9573461581892921,0.9967351166470957,TCGA
bentazepam,1.0709907953762792,0.9574718812297601,0.9967351166470957,TCGA
deforolimus,0.9640906875623254,0.9595746087950681,0.9979160887601999,TCGA
iodipamide,1.0393887401988031,0.9599856223595011,0.9979160887601999,TCGA
clindamycin-phosphate,0.9609275780522457,0.9613255483226868,0.9982149537332936,TCGA
cinalukast,0.9576355017434284,0.9624010679025016,0.9982149537332936,TCGA
bvt-948,0.9593259631419635,0.9635508804298726,0.9982149537332936,TCGA
atenolol-(+/-),0.9637160897584781,0.9658959112523282,0.9982149537332936,TCGA
cladribine,1.0379210645796402,0.9664501466029473,0.9982149537332936,TCGA
rabeprazole,1.0399663743150052,0.9668102873321551,0.9982149537332936,TCGA
psi-7976,0.9647799360236742,0.9691272478955557,0.9982149537332936,TCGA
ornithine,0.9716971986245947,0.9696070780861198,0.9982149537332936,TCGA
temsirolimus,1.0363325319838548,0.9699315439580242,0.9982149537332936,TCGA
isoetharine,0.9760157339809987,0.971079922517303,0.9982149537332936,TCGA
nsc-697923,1.0915703494956217,0.9711034829870296,0.9982149537332936,TCGA
nelarabine,0.9758313399086087,0.9712659776667999,0.9982149537332936,TCGA
thiram,1.0399192182851111,0.9713834421832568,0.9982149537332936,TCGA
chlormidazole,0.961777044354275,0.9733684438415126,0.9982149537332936,TCGA
tyrphostin-ag-494,1.02666143910786,0.973694323997464,0.9982149537332936,TCGA
sta-5326,0.9804530407480331,0.9739182253691615,0.9982149537332936,TCGA
methiazole,0.9781434601103898,0.9739642608162787,0.9982149537332936,TCGA
sulconazole,0.9608527986575671,0.9741432778008425,0.9982149537332936,TCGA
ly2874455,0.9558532450925341,0.9757813238575745,0.9982149537332936,TCGA
usniacin-(+),1.0202254613509583,0.9759750978948334,0.9982149537332936,TCGA
at7867,1.016304554858893,0.9762243898344725,0.9982149537332936,TCGA
tws-119,0.971572003268133,0.9762963644178634,0.9982149537332936,TCGA
cpi-1189,1.019357915527122,0.9764108018244355,0.9982149537332936,TCGA
satraplatin,1.0110263037437568,0.976867958823112,0.9982149537332936,TCGA
th-302,1.0258559319256142,0.978266467531507,0.9982149537332936,TCGA
olda,1.0164393720191078,0.9787016246065503,0.9982149537332936,TCGA
lasalocid,0.9560061692166492,0.9792649380930324,0.9982149537332936,TCGA
colfosceril-palmitate,0.9754099553501091,0.9806441877349724,0.9982149537332936,TCGA
pfi-1,0.9720853664223442,0.981215370439017,0.9982149537332936,TCGA
p5091,1.0229442656401249,0.9814075968462863,0.9982149537332936,TCGA
tyrphostin-ag-1478,1.0162496380245403,0.9828310677464216,0.9982149537332936,TCGA
4-iodo-6-phenylpyrimidine,0.9853025716467047,0.9832980184248575,0.9982149537332936,TCGA
aminopurvalanol-a,0.9802584442920536,0.9839232740060458,0.9982149537332936,TCGA
jnj-26481585,0.9815320220086622,0.9844171703676684,0.9982149537332936,TCGA
10-hydroxycamptothecin,1.0175388953611404,0.9858198844233494,0.9982149537332936,TCGA
am-404,0.9868069577675358,0.986944103191488,0.9982149537332936,TCGA
sonidegib,1.0333516811628198,0.987079473181292,0.9982149537332936,TCGA
pf-3845,1.0101052596918538,0.9872355797925864,0.9982149537332936,TCGA
cr8-(r),0.967358399035461,0.9878519836734383,0.9982149537332936,TCGA
barasertib-hqpa,1.0087833839731624,0.987867182962043,0.9982149537332936,TCGA
favipiravir,1.0118738515529522,0.9887119880497037,0.9983714212895473,TCGA
erteberel,1.007472508006923,0.9902560674917755,0.9984148462861965,TCGA
dihydroartemisinin,0.9941729709022462,0.9908390079030601,0.9984148462861965,TCGA
methscopolamine,0.9943890860538772,0.9908511743419769,0.9984148462861965,TCGA
oxymetazoline,0.993707729393369,0.99151495101124,0.9984148462861965,TCGA
fludroxycortide,1.0063067563794985,0.9936949009833294,0.9986657937957966,TCGA
polydatin,0.9900420512545535,0.9937885931076069,0.9986657937957966,TCGA
tranilast,1.0054519932201105,0.9944478231303744,0.9986657937957966,TCGA
nms-1286937,1.0177857604692293,0.9945248160744594,0.9986657937957966,TCGA
xylazine,1.002861128310191,0.996633942469648,0.9993780843920542,TCGA
regorafenib,0.997004049220323,0.9970478428593421,0.9993780843920542,TCGA
palbociclib,1.0016533499809,0.9973061187713381,0.9993780843920542,TCGA
metyrapone,1.0031392510918566,0.9981061829753982,0.9994876448203469,TCGA
ingenol-mebutate,0.9996686904282945,0.9991271020236571,0.9998180612919998,TCGA
stf-118804,0.9997741108453906,0.9999041138219571,0.9999041138219571,TCGA
