drug,mean_predicted_auc,std_predicted_auc,min_predicted_auc,n_cell_lines,subtype,rank
sangivamycin,0.3474731,0.0042300913,0.33959872,22,Breast (including 12 TNBC),1
echinomycin,0.34915656,0.0041804574,0.34098145,22,Breast (including 12 TNBC),2
exatecan-mesylate,0.35806328,0.0059204875,0.3480809,22,Breast (including 12 TNBC),3
triptolide,0.35959065,0.006547488,0.3486039,22,Breast (including 12 TNBC),4
epothilone-d,0.36066955,0.00694569,0.34899288,22,Breast (including 12 TNBC),5
epothilone-b,0.36202362,0.0074176677,0.34941775,22,Breast (including 12 TNBC),6
dolastatin-10,0.37385434,0.012011971,0.35434207,22,Breast (including 12 TNBC),7
romidepsin,0.37440178,0.0122419,0.3545152,22,Breast (including 12 TNBC),8
10-hydroxycamptothecin,0.37765494,0.013295826,0.35721484,22,Breast (including 12 TNBC),9
cabazitaxel,0.3792926,0.013837202,0.35845244,22,Breast (including 12 TNBC),10
maytansinol-isobutyrate,0.383333,0.0152151445,0.36022887,22,Breast (including 12 TNBC),11
camptothecin,0.38348687,0.015163322,0.36028332,22,Breast (including 12 TNBC),12
genz-644282,0.38471803,0.015533999,0.3609376,22,Breast (including 12 TNBC),13
gemcitabine,0.38924217,0.01701344,0.3625375,22,Breast (including 12 TNBC),14
NSC-697923,0.4012747,0.02009207,0.36769843,22,Breast (including 12 TNBC),15
crystal-violet,0.4047577,0.020716237,0.36859393,22,Breast (including 12 TNBC),16
nemorubicin,0.40934947,0.02166651,0.3717569,22,Breast (including 12 TNBC),17
taltobulin,0.41160443,0.022008136,0.3725486,22,Breast (including 12 TNBC),18
proscillaridin-a,0.41844714,0.023013152,0.37672633,22,Breast (including 12 TNBC),19
verubulin,0.42110807,0.023488946,0.3790627,22,Breast (including 12 TNBC),20
rubitecan,0.42418405,0.023875087,0.3815182,22,Breast (including 12 TNBC),21
epothilone-a,0.42976037,0.024312945,0.38446668,22,Breast (including 12 TNBC),22
vinblastine,0.43689698,0.025148753,0.39086485,22,Breast (including 12 TNBC),23
vincristine,0.44487923,0.025838017,0.39806208,22,Breast (including 12 TNBC),24
mitoxantrone,0.44973087,0.026297774,0.40184307,22,Breast (including 12 TNBC),25
DVD-111,0.4635664,0.027250806,0.41410115,22,Breast (including 12 TNBC),26
mocetinostat,0.46943042,0.02772713,0.42003506,22,Breast (including 12 TNBC),27
oligomycin-a,0.47542304,0.0278406,0.42626226,22,Breast (including 12 TNBC),28
podophyllotoxin,0.48443457,0.028559865,0.43416548,22,Breast (including 12 TNBC),29
KPT-185,0.48955727,0.028788857,0.4387828,22,Breast (including 12 TNBC),30
D-64131,0.49901268,0.029386213,0.44672623,22,Breast (including 12 TNBC),31
cephalomannine,0.506572,0.02951681,0.45278898,22,Breast (including 12 TNBC),32
plinabulin,0.5089462,0.029664418,0.4546496,22,Breast (including 12 TNBC),33
MG-132,0.5095549,0.029886518,0.4562477,22,Breast (including 12 TNBC),34
colchicine,0.5112195,0.029923087,0.4569298,22,Breast (including 12 TNBC),35
brilliant-green,0.5153909,0.03009929,0.4602096,22,Breast (including 12 TNBC),36
topotecan,0.51947457,0.030448113,0.4642697,22,Breast (including 12 TNBC),37
delanzomib,0.5246961,0.030774014,0.4679072,22,Breast (including 12 TNBC),38
danusertib,0.5261983,0.03082375,0.46882677,22,Breast (including 12 TNBC),39
vindesine,0.5404312,0.03172327,0.48091042,22,Breast (including 12 TNBC),40
oprozomib,0.54318815,0.031750888,0.48301715,22,Breast (including 12 TNBC),41
ouabain,0.54457223,0.031962115,0.48406628,22,Breast (including 12 TNBC),42
carfilzomib,0.5465812,0.032130133,0.4854114,22,Breast (including 12 TNBC),43
tosedostat,0.5477295,0.03218241,0.48702556,22,Breast (including 12 TNBC),44
BAM7,0.548591,0.03228629,0.48745668,22,Breast (including 12 TNBC),45
KW-2449,0.54970497,0.03224258,0.48815247,22,Breast (including 12 TNBC),46
XBD173,0.5510312,0.03235661,0.48927844,22,Breast (including 12 TNBC),47
epirubicin,0.5515501,0.03233948,0.49028045,22,Breast (including 12 TNBC),48
bruceantin,0.5539605,0.032341275,0.49201608,22,Breast (including 12 TNBC),49
raltitrexed,0.56074166,0.032751158,0.49813968,22,Breast (including 12 TNBC),50
brefeldin-a,0.5609407,0.032872517,0.49841225,22,Breast (including 12 TNBC),51
doxorubicin,0.5623613,0.032881103,0.499597,22,Breast (including 12 TNBC),52
sirolimus,0.5664802,0.033058092,0.5029359,22,Breast (including 12 TNBC),53
idarubicin,0.5667625,0.033052027,0.5034133,22,Breast (including 12 TNBC),54
CYT-997,0.57126504,0.033290256,0.5072952,22,Breast (including 12 TNBC),55
emetine,0.5718164,0.033334423,0.50776625,22,Breast (including 12 TNBC),56
ixazomib,0.5720815,0.033164784,0.50810474,22,Breast (including 12 TNBC),57
I-BET-762,0.5735335,0.033290364,0.5097432,22,Breast (including 12 TNBC),58
hesperadin,0.579657,0.03357573,0.51533365,22,Breast (including 12 TNBC),59
AZD7762,0.58310586,0.03374371,0.5185436,22,Breast (including 12 TNBC),60
trichostatin-a,0.58720255,0.033847995,0.5225396,22,Breast (including 12 TNBC),61
diphenyleneiodonium,0.5892313,0.033897005,0.5247904,22,Breast (including 12 TNBC),62
TAS-103,0.5892415,0.03406159,0.5247084,22,Breast (including 12 TNBC),63
torin-1,0.58962864,0.03391312,0.52513266,22,Breast (including 12 TNBC),64
barasertib-HQPA,0.58970076,0.03395606,0.52516663,22,Breast (including 12 TNBC),65
AZD8055,0.593652,0.034046512,0.52923137,22,Breast (including 12 TNBC),66
RGFP966,0.5973685,0.03422923,0.53282154,22,Breast (including 12 TNBC),67
dacinostat,0.5976924,0.03418202,0.53332865,22,Breast (including 12 TNBC),68
LY2603618,0.6028731,0.034381315,0.53854305,22,Breast (including 12 TNBC),69
ixabepilone,0.6034164,0.03443029,0.5387007,22,Breast (including 12 TNBC),70
halofuginone,0.6045179,0.034403082,0.540227,22,Breast (including 12 TNBC),71
LDN-212854,0.60616785,0.034536403,0.54179156,22,Breast (including 12 TNBC),72
peruvoside,0.60623926,0.03436692,0.54216385,22,Breast (including 12 TNBC),73
WYE-354,0.6096387,0.034611054,0.5453696,22,Breast (including 12 TNBC),74
selinexor,0.61347175,0.034776885,0.5490783,22,Breast (including 12 TNBC),75
VER-49009,0.61373687,0.034737956,0.549575,22,Breast (including 12 TNBC),76
anguidine,0.61551315,0.03478942,0.5510105,22,Breast (including 12 TNBC),77
dinaciclib,0.62157816,0.034919206,0.5572033,22,Breast (including 12 TNBC),78
UK-383367,0.6222445,0.034982514,0.5577251,22,Breast (including 12 TNBC),79
deforolimus,0.62276834,0.03491808,0.55843174,22,Breast (including 12 TNBC),80
AC-264613,0.62291056,0.034951665,0.5585713,22,Breast (including 12 TNBC),81
floxuridine,0.62481517,0.034966275,0.5604806,22,Breast (including 12 TNBC),82
parbendazole,0.62583315,0.03505889,0.5612108,22,Breast (including 12 TNBC),83
digitoxin,0.62636536,0.03502153,0.5618605,22,Breast (including 12 TNBC),84
teniposide,0.62681687,0.03503578,0.5623262,22,Breast (including 12 TNBC),85
GGTI-298,0.62810916,0.035040233,0.56359416,22,Breast (including 12 TNBC),86
valrubicin,0.6298289,0.035087958,0.5653706,22,Breast (including 12 TNBC),87
SN-38,0.63036186,0.035176113,0.56534946,22,Breast (including 12 TNBC),88
CR8-(R),0.63176244,0.035088494,0.56726664,22,Breast (including 12 TNBC),89
PD-184352,0.63198495,0.03512639,0.5673663,22,Breast (including 12 TNBC),90
vinflunine,0.63235754,0.034989476,0.56794536,22,Breast (including 12 TNBC),91
fenbendazole,0.635907,0.03522057,0.5710267,22,Breast (including 12 TNBC),92
cladribine,0.6380451,0.035195112,0.573406,22,Breast (including 12 TNBC),93
XL888,0.6460132,0.035245523,0.58119273,22,Breast (including 12 TNBC),94
bortezomib,0.6464317,0.0353811,0.5810665,22,Breast (including 12 TNBC),95
panobinostat,0.6492601,0.03534425,0.5842854,22,Breast (including 12 TNBC),96
alvocidib,0.6501636,0.035357267,0.58535606,22,Breast (including 12 TNBC),97
INH1,0.6530602,0.035429765,0.588027,22,Breast (including 12 TNBC),98
CHIR-124,0.65401626,0.035437834,0.5890643,22,Breast (including 12 TNBC),99
torin-2,0.6570056,0.03543758,0.5923474,22,Breast (including 12 TNBC),100
mubritinib,0.65857846,0.035439894,0.59402966,22,Breast (including 12 TNBC),101
vinorelbine,0.66106105,0.035547048,0.5962773,22,Breast (including 12 TNBC),102
thiram,0.66147816,0.03544208,0.5969517,22,Breast (including 12 TNBC),103
BIBU-1361,0.6621757,0.035481375,0.59780484,22,Breast (including 12 TNBC),104
ML133,0.66220266,0.035448823,0.59781796,22,Breast (including 12 TNBC),105
ABT-751,0.6626009,0.035528358,0.59798956,22,Breast (including 12 TNBC),106
D-7193,0.66323525,0.035434116,0.5988874,22,Breast (including 12 TNBC),107
amsacrine,0.66369826,0.03549793,0.5993379,22,Breast (including 12 TNBC),108
KX2-391,0.6668372,0.035525568,0.6026243,22,Breast (including 12 TNBC),109
STF-118804,0.66827446,0.03558201,0.60412115,22,Breast (including 12 TNBC),110
LY2606368,0.6727777,0.03563335,0.6086378,22,Breast (including 12 TNBC),111
fdcyd,0.6733778,0.03554659,0.6093485,22,Breast (including 12 TNBC),112
anisomycin,0.6753466,0.0356101,0.61130524,22,Breast (including 12 TNBC),113
SNX-5422,0.67789483,0.035653945,0.6139716,22,Breast (including 12 TNBC),114
BMS-626529,0.6841414,0.035630967,0.62040913,22,Breast (including 12 TNBC),115
lestaurtinib,0.6855171,0.03563548,0.6217841,22,Breast (including 12 TNBC),116
nanchangmycin,0.6862759,0.0356368,0.62256473,22,Breast (including 12 TNBC),117
PF-477736,0.6863619,0.035698917,0.6226546,22,Breast (including 12 TNBC),118
digoxin,0.68773,0.03567793,0.62400275,22,Breast (including 12 TNBC),119
clofarabine,0.68787104,0.035673574,0.624189,22,Breast (including 12 TNBC),120
indibulin,0.6895295,0.03564603,0.6260026,22,Breast (including 12 TNBC),121
KPT-276,0.6907248,0.03571807,0.62699115,22,Breast (including 12 TNBC),122
DMH1,0.6920499,0.035693716,0.62836146,22,Breast (including 12 TNBC),123
RS-16566,0.692756,0.03567753,0.6293147,22,Breast (including 12 TNBC),124
NSC-3852,0.69289577,0.03570927,0.6293298,22,Breast (including 12 TNBC),125
givinostat,0.6944555,0.03570772,0.63085425,22,Breast (including 12 TNBC),126
trifluridine,0.69716156,0.035704743,0.63370574,22,Breast (including 12 TNBC),127
pyrithione-zinc,0.69787097,0.035764635,0.6343308,22,Breast (including 12 TNBC),128
mefexamide,0.6981328,0.035716984,0.6346253,22,Breast (including 12 TNBC),129
7-hydroxystaurosporine,0.6992684,0.035765894,0.6358353,22,Breast (including 12 TNBC),130
mitomycin-c,0.7004825,0.035729878,0.63708556,22,Breast (including 12 TNBC),131
HMN-214,0.70169413,0.035769146,0.63827866,22,Breast (including 12 TNBC),132
GW-843682X,0.7038034,0.03578506,0.6403674,22,Breast (including 12 TNBC),133
PHA-665752,0.7053228,0.03575787,0.64200795,22,Breast (including 12 TNBC),134
SRT1720,0.7066529,0.03576978,0.64337754,22,Breast (including 12 TNBC),135
ganetespib,0.7071588,0.03580984,0.6436836,22,Breast (including 12 TNBC),136
AMG-208,0.7086714,0.03575329,0.6454178,22,Breast (including 12 TNBC),137
methotrexate,0.7096581,0.03582542,0.6462523,22,Breast (including 12 TNBC),138
tipifarnib,0.7098228,0.035796825,0.64646566,22,Breast (including 12 TNBC),139
MK-8745,0.7110047,0.03580958,0.647689,22,Breast (including 12 TNBC),140
homoharringtonine,0.7130833,0.03584089,0.64967686,22,Breast (including 12 TNBC),141
BI-2536,0.71312237,0.035833728,0.6497954,22,Breast (including 12 TNBC),142
NVP-AUY922,0.7135319,0.03582168,0.65022284,22,Breast (including 12 TNBC),143
crenolanib,0.7139544,0.035797846,0.65063304,22,Breast (including 12 TNBC),144
MLN-8054,0.7139925,0.03582921,0.650715,22,Breast (including 12 TNBC),145
ixazomib-citrate,0.7154941,0.035834387,0.65216744,22,Breast (including 12 TNBC),146
nocodazole,0.7174948,0.035825923,0.654251,22,Breast (including 12 TNBC),147
refametinib,0.71795934,0.03586639,0.6547253,22,Breast (including 12 TNBC),148
midostaurin,0.72120523,0.03588657,0.6578834,22,Breast (including 12 TNBC),149
GW-842166,0.7222625,0.03587808,0.6590205,22,Breast (including 12 TNBC),150
AG-14361,0.7225835,0.035902657,0.6593241,22,Breast (including 12 TNBC),151
MEK162,0.72481906,0.035964396,0.66153765,22,Breast (including 12 TNBC),152
puromycin,0.7248663,0.03595815,0.66159797,22,Breast (including 12 TNBC),153
digitoxigenin,0.72590613,0.036002252,0.6625381,22,Breast (including 12 TNBC),154
daunorubicin,0.72715014,0.03599575,0.66385424,22,Breast (including 12 TNBC),155
BI-D1870,0.72903925,0.036030564,0.665689,22,Breast (including 12 TNBC),156
elesclomol,0.72960085,0.03606371,0.6662321,22,Breast (including 12 TNBC),157
docetaxel,0.7321854,0.03609016,0.66875446,22,Breast (including 12 TNBC),158
napabucasin,0.7335327,0.036085475,0.67012745,22,Breast (including 12 TNBC),159
CB-10-277,0.73387796,0.036082212,0.67055905,22,Breast (including 12 TNBC),160
dichlorvos,0.73389554,0.036100056,0.6706128,22,Breast (including 12 TNBC),161
GSK923295,0.7357231,0.03615073,0.67236507,22,Breast (including 12 TNBC),162
pirenperone,0.7369459,0.036096424,0.67353785,22,Breast (including 12 TNBC),163
paclitaxel,0.7371778,0.036140095,0.67379117,22,Breast (including 12 TNBC),164
TH-302,0.7384022,0.03614455,0.67508245,22,Breast (including 12 TNBC),165
bardoxolone,0.7384264,0.03612715,0.675063,22,Breast (including 12 TNBC),166
I-BET151,0.7392234,0.036125124,0.6758467,22,Breast (including 12 TNBC),167
k-strophanthidin,0.7394791,0.03616809,0.6760798,22,Breast (including 12 TNBC),168
disulfiram,0.7428915,0.036206182,0.67937666,22,Breast (including 12 TNBC),169
SB-218078,0.74307495,0.036202237,0.67968756,22,Breast (including 12 TNBC),170
clonazepam,0.74482095,0.036223985,0.6813529,22,Breast (including 12 TNBC),171
lanatoside-c,0.7481406,0.036272474,0.68465877,22,Breast (including 12 TNBC),172
harringtonine,0.7482229,0.036285594,0.6847663,22,Breast (including 12 TNBC),173
ACY-1215,0.74846625,0.036308993,0.6849928,22,Breast (including 12 TNBC),174
cyclocytidine,0.74998647,0.036293,0.6865513,22,Breast (including 12 TNBC),175
benzethonium,0.75006604,0.03625418,0.6864873,22,Breast (including 12 TNBC),176
GSK2830371,0.75085455,0.03634647,0.6872498,22,Breast (including 12 TNBC),177
CHIR-99021,0.7508562,0.03628538,0.68740964,22,Breast (including 12 TNBC),178
fluvastatin,0.7520266,0.03632577,0.6884305,22,Breast (including 12 TNBC),179
AT-7519,0.7545407,0.03635985,0.690961,22,Breast (including 12 TNBC),180
JK-184,0.7553293,0.03637895,0.691801,22,Breast (including 12 TNBC),181
alisertib,0.7554434,0.036398217,0.6918633,22,Breast (including 12 TNBC),182
VLX600,0.7563734,0.03642541,0.6926974,22,Breast (including 12 TNBC),183
PF-573228,0.757207,0.036419604,0.6936284,22,Breast (including 12 TNBC),184
beta-lapachone,0.7576607,0.03629866,0.6941805,22,Breast (including 12 TNBC),185
FG-4592,0.7582634,0.036438026,0.6946701,22,Breast (including 12 TNBC),186
azalomycin-b,0.75861144,0.036451686,0.69495714,22,Breast (including 12 TNBC),187
P22077,0.75891215,0.036425985,0.695354,22,Breast (including 12 TNBC),188
PHA-848125,0.7630298,0.036536276,0.6993639,22,Breast (including 12 TNBC),189
flubendazole,0.76579183,0.036547154,0.7023065,22,Breast (including 12 TNBC),190
penfluridol,0.76656455,0.036562193,0.7029293,22,Breast (including 12 TNBC),191
AR-12,0.7675472,0.036667872,0.70392543,22,Breast (including 12 TNBC),192
CCT129202,0.7701969,0.036703236,0.7065616,22,Breast (including 12 TNBC),193
brivaracetam,0.7702779,0.036641207,0.706704,22,Breast (including 12 TNBC),194
GSK461364,0.7705333,0.036655515,0.7069322,22,Breast (including 12 TNBC),195
PCI-24781,0.77153975,0.03674025,0.70796204,22,Breast (including 12 TNBC),196
adarotene,0.77193034,0.036654055,0.70829844,22,Breast (including 12 TNBC),197
PI3K-IN-2,0.77265,0.036752827,0.7088736,22,Breast (including 12 TNBC),198
TAK-901,0.7737779,0.0367144,0.7102404,22,Breast (including 12 TNBC),199
bardoxolone-methyl,0.77465796,0.03676181,0.7109431,22,Breast (including 12 TNBC),200
ispinesib,0.7748856,0.036802314,0.7112012,22,Breast (including 12 TNBC),201
G-1,0.77523535,0.03666982,0.71159065,22,Breast (including 12 TNBC),202
VE-821,0.77526927,0.0367636,0.7115663,22,Breast (including 12 TNBC),203
PF-03758309,0.77548766,0.036774993,0.7118961,22,Breast (including 12 TNBC),204
TPCA-1,0.77663827,0.036784753,0.7130009,22,Breast (including 12 TNBC),205
WAY-600,0.77684766,0.0368134,0.7131327,22,Breast (including 12 TNBC),206
serdemetan,0.77868253,0.0368,0.7149528,22,Breast (including 12 TNBC),207
alvespimycin,0.7788147,0.036719576,0.71527314,22,Breast (including 12 TNBC),208
KD025,0.7790501,0.036805846,0.71531886,22,Breast (including 12 TNBC),209
OSI-420,0.7798414,0.03686438,0.71609443,22,Breast (including 12 TNBC),210
BX-912,0.78010553,0.036844283,0.7164316,22,Breast (including 12 TNBC),211
cycloheximide,0.78046423,0.03670403,0.71695036,22,Breast (including 12 TNBC),212
PI-828,0.7823769,0.03691564,0.7185693,22,Breast (including 12 TNBC),213
deoxycorticosterone-acetate,0.7825579,0.03686378,0.71883863,22,Breast (including 12 TNBC),214
triclabendazole,0.78323245,0.036938183,0.7193929,22,Breast (including 12 TNBC),215
P5091,0.7841021,0.036943715,0.7203757,22,Breast (including 12 TNBC),216
LGX818,0.7870478,0.036987405,0.72321725,22,Breast (including 12 TNBC),217
aphidicolin,0.78718305,0.037001975,0.72328913,22,Breast (including 12 TNBC),218
voreloxin,0.7879954,0.037013654,0.72426283,22,Breast (including 12 TNBC),219
SB-590885,0.78802484,0.0369226,0.7243426,22,Breast (including 12 TNBC),220
rigosertib,0.78861296,0.0370349,0.72482044,22,Breast (including 12 TNBC),221
mexiletine,0.79049563,0.037008982,0.72665644,22,Breast (including 12 TNBC),222
ZM-447439,0.7921524,0.03710958,0.7282468,22,Breast (including 12 TNBC),223
litronesib,0.7945273,0.037174568,0.7305523,22,Breast (including 12 TNBC),224
CCT137690,0.79514104,0.037142493,0.73116255,22,Breast (including 12 TNBC),225
octenidine,0.79617494,0.037190553,0.7320761,22,Breast (including 12 TNBC),226
ABT-737,0.7961954,0.037159238,0.73219955,22,Breast (including 12 TNBC),227
metaraminol,0.7981012,0.037190177,0.7340676,22,Breast (including 12 TNBC),228
phenylmercuric-acetate,0.79864347,0.037224222,0.73456687,22,Breast (including 12 TNBC),229
FK-866,0.7988661,0.03721656,0.7348912,22,Breast (including 12 TNBC),230
pardoprunox,0.8000862,0.037226096,0.73605686,22,Breast (including 12 TNBC),231
volasertib,0.8030538,0.037316624,0.738976,22,Breast (including 12 TNBC),232
CGP-54626,0.8036131,0.037252672,0.7395682,22,Breast (including 12 TNBC),233
bisindolylmaleimide-ix,0.8040863,0.037338637,0.7398322,22,Breast (including 12 TNBC),234
GW-583340,0.8041515,0.037322912,0.73991495,22,Breast (including 12 TNBC),235
tanespimycin,0.8051248,0.03720204,0.7410736,22,Breast (including 12 TNBC),236
cytochalasin-b,0.8053617,0.037351523,0.7411636,22,Breast (including 12 TNBC),237
LY303511,0.80586,0.03736908,0.7416621,22,Breast (including 12 TNBC),238
cobimetinib,0.8083296,0.037451193,0.74393445,22,Breast (including 12 TNBC),239
buparlisib,0.81010073,0.03745522,0.7456751,22,Breast (including 12 TNBC),240
GW-3965,0.81032866,0.0374541,0.74591273,22,Breast (including 12 TNBC),241
obatoclax,0.8105574,0.037452642,0.7461577,22,Breast (including 12 TNBC),242
valnemulin,0.8109633,0.0374982,0.74651533,22,Breast (including 12 TNBC),243
dasatinib,0.811392,0.0374922,0.74694365,22,Breast (including 12 TNBC),244
AZD9668,0.81299376,0.037544996,0.74843067,22,Breast (including 12 TNBC),245
mebendazole,0.8131874,0.03743957,0.7489844,22,Breast (including 12 TNBC),246
BIBR-1532,0.81389326,0.03753641,0.7493391,22,Breast (including 12 TNBC),247
filanesib,0.81422085,0.03754051,0.7497178,22,Breast (including 12 TNBC),248
MK-0773,0.8143044,0.03750425,0.7498897,22,Breast (including 12 TNBC),249
gossypol,0.81550294,0.037549302,0.75094205,22,Breast (including 12 TNBC),250
KW-2478,0.8156076,0.03760252,0.7509907,22,Breast (including 12 TNBC),251
PP-121,0.8172739,0.037595216,0.7526085,22,Breast (including 12 TNBC),252
SR-33805,0.81801677,0.03762016,0.75326216,22,Breast (including 12 TNBC),253
AZD1480,0.8197922,0.03764487,0.7550395,22,Breast (including 12 TNBC),254
lasalocid,0.8202512,0.037677422,0.755473,22,Breast (including 12 TNBC),255
acivicin,0.82175356,0.037661955,0.7571011,22,Breast (including 12 TNBC),256
dioscin,0.82183135,0.037669994,0.7571443,22,Breast (including 12 TNBC),257
cediranib,0.8222807,0.03767244,0.75757414,22,Breast (including 12 TNBC),258
ku-0063794,0.82264704,0.03770893,0.7577915,22,Breast (including 12 TNBC),259
metatinib,0.8228441,0.037727702,0.7579811,22,Breast (including 12 TNBC),260
PU-H71,0.82303965,0.037566572,0.75846165,22,Breast (including 12 TNBC),261
TAK-632,0.82376504,0.037715893,0.75888133,22,Breast (including 12 TNBC),262
triapine,0.82406706,0.037714023,0.7592861,22,Breast (including 12 TNBC),263
thonzonium,0.8243204,0.037772726,0.7594331,22,Breast (including 12 TNBC),264
tryptanthrin,0.8243513,0.037707258,0.7596236,22,Breast (including 12 TNBC),265
selumetinib,0.8247289,0.0376958,0.7599082,22,Breast (including 12 TNBC),266
9-aminoacridine,0.8258162,0.0377965,0.7608665,22,Breast (including 12 TNBC),267
tremorine,0.8258823,0.037800703,0.7609237,22,Breast (including 12 TNBC),268
hypoestoxide,0.826631,0.03777568,0.76171,22,Breast (including 12 TNBC),269
NVP-TAE226,0.82668096,0.037758257,0.7618065,22,Breast (including 12 TNBC),270
triciribine,0.82686424,0.037768308,0.7619249,22,Breast (including 12 TNBC),271
AZD8330,0.8277078,0.037833586,0.76262933,22,Breast (including 12 TNBC),272
berberine,0.82770914,0.037798703,0.76280385,22,Breast (including 12 TNBC),273
CEP-32496,0.8278771,0.037787464,0.7629064,22,Breast (including 12 TNBC),274
lomefloxacin,0.82889616,0.037826177,0.7639661,22,Breast (including 12 TNBC),275
marimastat,0.82928187,0.037803877,0.76432276,22,Breast (including 12 TNBC),276
oxyphencyclimine,0.82970613,0.03782133,0.7648168,22,Breast (including 12 TNBC),277
BMS-387032,0.8299107,0.03784375,0.7649172,22,Breast (including 12 TNBC),278
teroxirone,0.83069795,0.0379012,0.7655727,22,Breast (including 12 TNBC),279
tivantinib,0.83152676,0.037890572,0.76639384,22,Breast (including 12 TNBC),280
entinostat,0.8319312,0.037875585,0.76690525,22,Breast (including 12 TNBC),281
dacomitinib,0.8319723,0.03787631,0.7669162,22,Breast (including 12 TNBC),282
cetylpyridinium,0.8320372,0.037917882,0.76686656,22,Breast (including 12 TNBC),283
albendazole,0.8321136,0.03760999,0.76731116,22,Breast (including 12 TNBC),284
zardaverine,0.8323047,0.03791474,0.76710707,22,Breast (including 12 TNBC),285
oxibendazole,0.8327297,0.037725557,0.7678508,22,Breast (including 12 TNBC),286
AT13387,0.8335177,0.03778504,0.768507,22,Breast (including 12 TNBC),287
SB-939,0.8337643,0.037938204,0.76865476,22,Breast (including 12 TNBC),288
diclazuril,0.8339542,0.037963796,0.7686941,22,Breast (including 12 TNBC),289
PF-03814735,0.8341575,0.037911724,0.7690791,22,Breast (including 12 TNBC),290
narasin,0.83471084,0.037967674,0.769475,22,Breast (including 12 TNBC),291
Ro-90-7501,0.8352175,0.037943322,0.76990944,22,Breast (including 12 TNBC),292
pevonedistat,0.8361145,0.037975736,0.7709121,22,Breast (including 12 TNBC),293
PTC-209,0.8367861,0.03802414,0.77138364,22,Breast (including 12 TNBC),294
trametinib,0.83713305,0.038003057,0.7718846,22,Breast (including 12 TNBC),295
pralatrexate,0.8372688,0.038011014,0.77202433,22,Breast (including 12 TNBC),296
dexrazoxane,0.83744836,0.03796564,0.77224,22,Breast (including 12 TNBC),297
monensin,0.8376594,0.038044717,0.7722243,22,Breast (including 12 TNBC),298
vanoxerine,0.83767563,0.038008112,0.7723573,22,Breast (including 12 TNBC),299
CUDC-907,0.83807015,0.03798954,0.7728214,22,Breast (including 12 TNBC),300
SCS,0.83886486,0.038032204,0.773531,22,Breast (including 12 TNBC),301
WYE-125132,0.8390549,0.03800703,0.7737504,22,Breast (including 12 TNBC),302
PP242,0.8393269,0.03802242,0.7739796,22,Breast (including 12 TNBC),303
K-Ras(G12C)-inhibitor-6,0.8393735,0.038059175,0.7739439,22,Breast (including 12 TNBC),304
BMS-265246,0.8399357,0.038050953,0.77458125,22,Breast (including 12 TNBC),305
naloxone,0.8416983,0.038085725,0.7762389,22,Breast (including 12 TNBC),306
IKK-2-inhibitor-V,0.8421425,0.038087174,0.77674526,22,Breast (including 12 TNBC),307
AT-9283,0.8422924,0.038072594,0.7768911,22,Breast (including 12 TNBC),308
gambogic-acid,0.8423653,0.03810085,0.77686477,22,Breast (including 12 TNBC),309
capecitabine,0.8433271,0.038086683,0.7779734,22,Breast (including 12 TNBC),310
tipiracil,0.84355044,0.038118776,0.7780513,22,Breast (including 12 TNBC),311
PF-562271,0.84371465,0.038132153,0.77816045,22,Breast (including 12 TNBC),312
chloropyramine,0.8437832,0.038116217,0.7782566,22,Breast (including 12 TNBC),313
BMS-599626,0.8439621,0.038134478,0.7783597,22,Breast (including 12 TNBC),314
OSI-027,0.8440862,0.038128793,0.7785389,22,Breast (including 12 TNBC),315
ivermectin,0.8444445,0.03812115,0.77905947,22,Breast (including 12 TNBC),316
tyrphostin-A9,0.8447681,0.038158655,0.7790884,22,Breast (including 12 TNBC),317
SCH-900776,0.8451042,0.038098246,0.7796969,22,Breast (including 12 TNBC),318
galeterone,0.84599054,0.0381541,0.7804081,22,Breast (including 12 TNBC),319
mevastatin,0.846489,0.038173765,0.78079635,22,Breast (including 12 TNBC),320
stattic,0.8466482,0.038198248,0.78087467,22,Breast (including 12 TNBC),321
inosine,0.84666616,0.038125444,0.78108704,22,Breast (including 12 TNBC),322
AMG458,0.84736806,0.03817452,0.7816947,22,Breast (including 12 TNBC),323
chidamide,0.84799135,0.038178895,0.78232425,22,Breast (including 12 TNBC),324
cetrimonium,0.8485709,0.038228657,0.7827193,22,Breast (including 12 TNBC),325
spironolactone,0.84907645,0.03818805,0.7834454,22,Breast (including 12 TNBC),326
parthenolide,0.84940726,0.038234416,0.7836191,22,Breast (including 12 TNBC),327
ryuvidine,0.84949374,0.038218096,0.78373533,22,Breast (including 12 TNBC),328
ponatinib,0.8502905,0.038249344,0.78440213,22,Breast (including 12 TNBC),329
atiprimod,0.8507758,0.038244605,0.78490525,22,Breast (including 12 TNBC),330
CGP-37849,0.8508077,0.0381736,0.7849786,22,Breast (including 12 TNBC),331
difluprednate,0.85155797,0.038253635,0.78567225,22,Breast (including 12 TNBC),332
RG2833,0.852755,0.03825435,0.78695375,22,Breast (including 12 TNBC),333
thiostrepton,0.85288393,0.038271457,0.78701454,22,Breast (including 12 TNBC),334
GSK2110183,0.85323733,0.038315963,0.78719634,22,Breast (including 12 TNBC),335
dianhydrogalactitol,0.85364187,0.038328946,0.7875759,22,Breast (including 12 TNBC),336
etoposide,0.85377675,0.038262133,0.78795856,22,Breast (including 12 TNBC),337
vorinostat,0.853883,0.03829002,0.7880096,22,Breast (including 12 TNBC),338
temsirolimus,0.854278,0.038315833,0.7882413,22,Breast (including 12 TNBC),339
PFI-1,0.8545781,0.03828106,0.7887351,22,Breast (including 12 TNBC),340
pacritinib,0.85477155,0.038317986,0.78871125,22,Breast (including 12 TNBC),341
belinostat,0.8548345,0.038286917,0.7888733,22,Breast (including 12 TNBC),342
frentizole,0.8553329,0.038342535,0.7892609,22,Breast (including 12 TNBC),343
adefovir-dipivoxil,0.8570931,0.03839077,0.7908351,22,Breast (including 12 TNBC),344
irinotecan,0.85809493,0.038195927,0.79248554,22,Breast (including 12 TNBC),345
BAN-ORL-24,0.85842586,0.038368262,0.792218,22,Breast (including 12 TNBC),346
SB-743921,0.8584702,0.038383473,0.79226226,22,Breast (including 12 TNBC),347
asymmetrical-dimethylarginine,0.8589718,0.038393088,0.7927045,22,Breast (including 12 TNBC),348
BAY-11-7082,0.85917383,0.03829771,0.79314655,22,Breast (including 12 TNBC),349
aurora-a-inhibitor-i,0.8597307,0.03837128,0.79364836,22,Breast (including 12 TNBC),350
GDC-0152,0.86059535,0.038411252,0.7943183,22,Breast (including 12 TNBC),351
MK-3207,0.86134267,0.038435478,0.79511076,22,Breast (including 12 TNBC),352
spiradoline,0.86191344,0.038431067,0.7957689,22,Breast (including 12 TNBC),353
K-858,0.86235905,0.038420893,0.796042,22,Breast (including 12 TNBC),354
CYC116,0.8624605,0.038338114,0.79622024,22,Breast (including 12 TNBC),355
poziotinib,0.8625414,0.038466875,0.79608077,22,Breast (including 12 TNBC),356
oncrasin-1,0.8626681,0.038485706,0.7961457,22,Breast (including 12 TNBC),357
lappaconite,0.8627373,0.03849158,0.79621845,22,Breast (including 12 TNBC),358
PJ-34,0.8641418,0.038419757,0.7978294,22,Breast (including 12 TNBC),359
neratinib,0.8647928,0.03850215,0.79826146,22,Breast (including 12 TNBC),360
SC-144,0.864894,0.038522873,0.7983099,22,Breast (including 12 TNBC),361
LY2874455,0.86496085,0.038485993,0.79848385,22,Breast (including 12 TNBC),362
mycophenolic-acid,0.86508584,0.03847467,0.79886055,22,Breast (including 12 TNBC),363
ONC201,0.866119,0.038529262,0.7995244,22,Breast (including 12 TNBC),364
scriptaid,0.86619663,0.038497336,0.79975724,22,Breast (including 12 TNBC),365
dapivirine,0.86709905,0.038559698,0.8004151,22,Breast (including 12 TNBC),366
foretinib,0.8672869,0.038541667,0.8006239,22,Breast (including 12 TNBC),367
hyoscyamine,0.8673899,0.038544778,0.8008248,22,Breast (including 12 TNBC),368
NSC-632839,0.86740935,0.03845844,0.80087304,22,Breast (including 12 TNBC),369
PF-05212384,0.86814,0.038550172,0.80147576,22,Breast (including 12 TNBC),370
fluorometholone,0.86884904,0.03858309,0.8020498,22,Breast (including 12 TNBC),371
tenovin-6,0.86929,0.03856098,0.80267143,22,Breast (including 12 TNBC),372
pelitinib,0.8693336,0.038594287,0.80254644,22,Breast (including 12 TNBC),373
LY3023414,0.8695774,0.038607962,0.80277234,22,Breast (including 12 TNBC),374
NU6027,0.8695929,0.03855325,0.8029718,22,Breast (including 12 TNBC),375
afatinib,0.87020457,0.03860824,0.80343586,22,Breast (including 12 TNBC),376
polydatin,0.87027377,0.038624343,0.8034287,22,Breast (including 12 TNBC),377
RAF265,0.87051564,0.0386179,0.80367094,22,Breast (including 12 TNBC),378
cholecalciferol,0.87068576,0.038629405,0.8038189,22,Breast (including 12 TNBC),379
tranilast,0.8707885,0.03862323,0.803996,22,Breast (including 12 TNBC),380
azithromycin,0.8710661,0.038637158,0.8042051,22,Breast (including 12 TNBC),381
evodiamine,0.8713573,0.03862904,0.80450875,22,Breast (including 12 TNBC),382
JNJ-26481585,0.87145615,0.038577598,0.80477893,22,Breast (including 12 TNBC),383
methiazole,0.87233585,0.03866824,0.8052879,22,Breast (including 12 TNBC),384
dronedarone,0.8724035,0.03863832,0.8055817,22,Breast (including 12 TNBC),385
JTE-607,0.87382454,0.0385348,0.8070145,22,Breast (including 12 TNBC),386
U-0126,0.8745155,0.038677115,0.8075018,22,Breast (including 12 TNBC),387
pitavastatin,0.87485427,0.03869863,0.8078218,22,Breast (including 12 TNBC),388
niraparib,0.87505436,0.03866782,0.8081624,22,Breast (including 12 TNBC),389
alexidine,0.87548375,0.038662236,0.8087092,22,Breast (including 12 TNBC),390
talazoparib,0.87548864,0.038707957,0.80847734,22,Breast (including 12 TNBC),391
SB-239063,0.87589926,0.038696554,0.8087846,22,Breast (including 12 TNBC),392
JIB04,0.8759079,0.03869986,0.809057,22,Breast (including 12 TNBC),393
osimertinib,0.8762192,0.038722817,0.80904084,22,Breast (including 12 TNBC),394
curcumin,0.8768814,0.038710915,0.8097623,22,Breast (including 12 TNBC),395
uprosertib,0.8772657,0.038719498,0.81014174,22,Breast (including 12 TNBC),396
idasanutlin,0.8776632,0.038724583,0.81051403,22,Breast (including 12 TNBC),397
tozasertib,0.8780495,0.03874207,0.81082875,22,Breast (including 12 TNBC),398
vandetanib,0.8780787,0.038742296,0.81084734,22,Breast (including 12 TNBC),399
CX-4945,0.8781284,0.038724516,0.8110102,22,Breast (including 12 TNBC),400
saracatinib,0.8781706,0.03874368,0.810959,22,Breast (including 12 TNBC),401
carmofur,0.8788761,0.038726125,0.81182396,22,Breast (including 12 TNBC),402
SB-431542,0.87892586,0.038755767,0.81167144,22,Breast (including 12 TNBC),403
golvatinib,0.8789282,0.038757954,0.81166047,22,Breast (including 12 TNBC),404
tedizolid-phosphate,0.8793732,0.038762387,0.8120594,22,Breast (including 12 TNBC),405
AZD5363,0.87996966,0.03876752,0.81266314,22,Breast (including 12 TNBC),406
broxaldine,0.8812347,0.038793705,0.8137941,22,Breast (including 12 TNBC),407
eplerenone,0.88172156,0.03880877,0.81429696,22,Breast (including 12 TNBC),408
radezolid,0.88178,0.038801644,0.81426996,22,Breast (including 12 TNBC),409
canertinib,0.8818409,0.03880474,0.81444615,22,Breast (including 12 TNBC),410
erastin,0.88217264,0.03879944,0.81480855,22,Breast (including 12 TNBC),411
1-naphthyl-PP1,0.8829777,0.038682178,0.8157083,22,Breast (including 12 TNBC),412
taselisib,0.88386387,0.038831756,0.81643385,22,Breast (including 12 TNBC),413
10-deacetylbaccatin,0.8839108,0.038827978,0.8163021,22,Breast (including 12 TNBC),414
4E1RCat,0.8840048,0.03875775,0.8167765,22,Breast (including 12 TNBC),415
BMS-707035,0.8841701,0.038833175,0.81661975,22,Breast (including 12 TNBC),416
PD-318088,0.8842571,0.038791675,0.81689674,22,Breast (including 12 TNBC),417
DU-728,0.88484687,0.038864005,0.81719226,22,Breast (including 12 TNBC),418
decitabine,0.8855154,0.038843565,0.81799096,22,Breast (including 12 TNBC),419
proflavine-hemisulfate,0.8855948,0.038875483,0.8178012,22,Breast (including 12 TNBC),420
NVP-BVU972,0.8860021,0.0388167,0.8184521,22,Breast (including 12 TNBC),421
isopropyl-myristate,0.88603014,0.03887486,0.8182146,22,Breast (including 12 TNBC),422
chlormidazole,0.8861431,0.038882088,0.81833297,22,Breast (including 12 TNBC),423
oxiracetam,0.8865516,0.038878623,0.818798,22,Breast (including 12 TNBC),424
CX-5461,0.8867569,0.03888015,0.81894165,22,Breast (including 12 TNBC),425
practolol,0.8868004,0.038900327,0.8189896,22,Breast (including 12 TNBC),426
5-hydroxymethyl-tolterodine,0.8870733,0.03888051,0.81945616,22,Breast (including 12 TNBC),427
tucatinib,0.887182,0.038876805,0.81958646,22,Breast (including 12 TNBC),428
BAY-K-8644-(s)-(-),0.88749945,0.038895182,0.81973904,22,Breast (including 12 TNBC),429
PQ-401,0.88982147,0.0389165,0.8219573,22,Breast (including 12 TNBC),430
indoprofen,0.8903015,0.03893774,0.822365,22,Breast (including 12 TNBC),431
axitinib,0.890397,0.03894976,0.8224283,22,Breast (including 12 TNBC),432
pentagastrin,0.8905661,0.038866255,0.82307374,22,Breast (including 12 TNBC),433
aminopurvalanol-a,0.8905897,0.038895756,0.8228504,22,Breast (including 12 TNBC),434
ribociclib,0.89059603,0.038911954,0.8228131,22,Breast (including 12 TNBC),435
Ro-9187,0.89098305,0.038935054,0.8229533,22,Breast (including 12 TNBC),436
cyclovalone,0.89116323,0.038911514,0.82350874,22,Breast (including 12 TNBC),437
mibampator,0.89126354,0.038948957,0.8233264,22,Breast (including 12 TNBC),438
genipin,0.8913462,0.038958635,0.8232201,22,Breast (including 12 TNBC),439
tetramethylthiuram-monosulfide,0.89146155,0.03893652,0.82347393,22,Breast (including 12 TNBC),440
SB-525334,0.8920153,0.03896797,0.8239749,22,Breast (including 12 TNBC),441
broxyquinoline,0.8930586,0.038972653,0.82491237,22,Breast (including 12 TNBC),442
xanomeline,0.8935789,0.038974214,0.82558477,22,Breast (including 12 TNBC),443
abemaciclib,0.8936606,0.03895913,0.8256696,22,Breast (including 12 TNBC),444
cinacalcet,0.8943948,0.038993035,0.82628316,22,Breast (including 12 TNBC),445
tetrandrine,0.8944376,0.039002527,0.8261833,22,Breast (including 12 TNBC),446
dolutegravir,0.8945354,0.039008107,0.8263388,22,Breast (including 12 TNBC),447
oridonin,0.8945509,0.039006032,0.8263039,22,Breast (including 12 TNBC),448
fosbretabulin,0.89459324,0.03901125,0.8263317,22,Breast (including 12 TNBC),449
navarixin,0.89508706,0.039014835,0.8268233,22,Breast (including 12 TNBC),450
meclizine,0.895257,0.039005864,0.82708126,22,Breast (including 12 TNBC),451
rociletinib,0.89561325,0.039012466,0.8274142,22,Breast (including 12 TNBC),452
papaverine,0.8964802,0.03903113,0.8282537,22,Breast (including 12 TNBC),453
BIBX-1382,0.8968605,0.038985442,0.8287063,22,Breast (including 12 TNBC),454
tanshinone-i,0.89689296,0.039033547,0.82854086,22,Breast (including 12 TNBC),455
oxiperomide,0.8968985,0.039030712,0.82852274,22,Breast (including 12 TNBC),456
indisulam,0.8969688,0.039026015,0.8288047,22,Breast (including 12 TNBC),457
rutin,0.8974779,0.039018337,0.8292732,22,Breast (including 12 TNBC),458
cyproterone-acetate,0.8975193,0.039057463,0.8291225,22,Breast (including 12 TNBC),459
EVP4593,0.89754033,0.039032184,0.8291716,22,Breast (including 12 TNBC),460
NVP-BEZ235,0.89790213,0.039030597,0.82961637,22,Breast (including 12 TNBC),461
thiomersal,0.89862484,0.03904374,0.8303107,22,Breast (including 12 TNBC),462
sarafloxacin,0.8988607,0.0390507,0.8304048,22,Breast (including 12 TNBC),463
chloroxine,0.89908844,0.03900808,0.8309616,22,Breast (including 12 TNBC),464
iodipamide,0.8991141,0.039044358,0.8308618,22,Breast (including 12 TNBC),465
anagrelide,0.89995784,0.03907648,0.8314821,22,Breast (including 12 TNBC),466
ciclopirox,0.9014744,0.03903485,0.83317286,22,Breast (including 12 TNBC),467
LY364947,0.90166074,0.03910434,0.8330528,22,Breast (including 12 TNBC),468
mozavaptan,0.9024471,0.03908635,0.83392495,22,Breast (including 12 TNBC),469
LY2801653,0.90245783,0.039093025,0.83393663,22,Breast (including 12 TNBC),470
barasertib,0.90332484,0.03904892,0.83499175,22,Breast (including 12 TNBC),471
pentamidine,0.9038483,0.03910185,0.8352355,22,Breast (including 12 TNBC),472
CUDC-101,0.9041794,0.03912287,0.8355717,22,Breast (including 12 TNBC),473
salinomycin,0.9043806,0.039137833,0.83548445,22,Breast (including 12 TNBC),474
methoxyflurane,0.9046345,0.039131355,0.8359814,22,Breast (including 12 TNBC),475
sulconazole,0.9049316,0.03914309,0.8360681,22,Breast (including 12 TNBC),476
tedizolid,0.90507454,0.0391435,0.8361904,22,Breast (including 12 TNBC),477
IOWH032,0.90590566,0.03914544,0.83713526,22,Breast (including 12 TNBC),478
XL388,0.90644246,0.039143976,0.837691,22,Breast (including 12 TNBC),479
BVT-948,0.90712094,0.03909775,0.838509,22,Breast (including 12 TNBC),480
AM-580,0.9071291,0.039143793,0.8383925,22,Breast (including 12 TNBC),481
everolimus,0.9077934,0.03915903,0.83895916,22,Breast (including 12 TNBC),482
WZ-4002,0.9079205,0.03918084,0.8389755,22,Breast (including 12 TNBC),483
spermidine,0.9084787,0.039184436,0.8395201,22,Breast (including 12 TNBC),484
MEK1-2-inhibitor,0.9085516,0.039164774,0.8397142,22,Breast (including 12 TNBC),485
oxaliplatin,0.9098353,0.03919733,0.8407178,22,Breast (including 12 TNBC),486
MK-2206,0.9099362,0.039206624,0.8408775,22,Breast (including 12 TNBC),487
AZD2014,0.91000575,0.03919313,0.8409751,22,Breast (including 12 TNBC),488
motesanib,0.910216,0.039200492,0.84121066,22,Breast (including 12 TNBC),489
AP26113,0.91109127,0.039241154,0.84189457,22,Breast (including 12 TNBC),490
adaprev,0.9113131,0.039201424,0.8422918,22,Breast (including 12 TNBC),491
BMS-754807,0.9118313,0.039218854,0.84271634,22,Breast (including 12 TNBC),492
tivozanib,0.91273516,0.03924672,0.8435139,22,Breast (including 12 TNBC),493
dequalinium,0.9128366,0.03922239,0.84369546,22,Breast (including 12 TNBC),494
cyclovirobuxin-d,0.912898,0.039233834,0.84359986,22,Breast (including 12 TNBC),495
crizotinib,0.9129978,0.03925026,0.8437249,22,Breast (including 12 TNBC),496
menadione,0.9133012,0.03927109,0.8438718,22,Breast (including 12 TNBC),497
darapladib,0.9133901,0.0392167,0.8444738,22,Breast (including 12 TNBC),498
niclosamide,0.9134071,0.03924384,0.84419626,22,Breast (including 12 TNBC),499
tamibarotene,0.9137011,0.039256997,0.844431,22,Breast (including 12 TNBC),500
CHIR-98014,0.91435504,0.03922989,0.8452309,22,Breast (including 12 TNBC),501
lonafarnib,0.914533,0.03917636,0.84557945,22,Breast (including 12 TNBC),502
fluticasone-propionate,0.9154623,0.03928402,0.8460315,22,Breast (including 12 TNBC),503
thiamine,0.9158947,0.039254267,0.8466984,22,Breast (including 12 TNBC),504
navitoclax,0.9162296,0.039291564,0.8468215,22,Breast (including 12 TNBC),505
odanacatib,0.9163687,0.039302696,0.846886,22,Breast (including 12 TNBC),506
NMS-873,0.9167327,0.03926023,0.8474758,22,Breast (including 12 TNBC),507
alpelisib,0.91676766,0.03930246,0.84730226,22,Breast (including 12 TNBC),508
cyt387,0.91691935,0.039300602,0.84744453,22,Breast (including 12 TNBC),509
AMG-232,0.91714877,0.039287604,0.8477864,22,Breast (including 12 TNBC),510
linsitinib,0.91725194,0.03929235,0.847879,22,Breast (including 12 TNBC),511
hexachlorophene,0.91731036,0.03927127,0.84796375,22,Breast (including 12 TNBC),512
pyroxamide,0.9174519,0.039207965,0.8483126,22,Breast (including 12 TNBC),513
AVN-944,0.91747415,0.03921904,0.8484735,22,Breast (including 12 TNBC),514
AZD4547,0.91771376,0.039298892,0.8482762,22,Breast (including 12 TNBC),515
LY2090314,0.9180942,0.039292715,0.84861964,22,Breast (including 12 TNBC),516
oltipraz,0.9181526,0.03931325,0.8486547,22,Breast (including 12 TNBC),517
cytochlor,0.91867256,0.039295398,0.84907705,22,Breast (including 12 TNBC),518
toremifene,0.9187958,0.03931313,0.8493212,22,Breast (including 12 TNBC),519
noretynodrel,0.91880834,0.039347664,0.84908515,22,Breast (including 12 TNBC),520
MGCD-265,0.9189493,0.039250493,0.84961593,22,Breast (including 12 TNBC),521
parthenolide-(-),0.9191218,0.039287873,0.84973884,22,Breast (including 12 TNBC),522
hexaminolevulinate,0.91914076,0.039312966,0.84953696,22,Breast (including 12 TNBC),523
GDC-0980,0.9204622,0.039335325,0.85080624,22,Breast (including 12 TNBC),524
NMS-1286937,0.9209025,0.03931353,0.8514288,22,Breast (including 12 TNBC),525
vatalanib,0.9211611,0.039358035,0.8514059,22,Breast (including 12 TNBC),526
estramustine,0.9215667,0.039366413,0.8517495,22,Breast (including 12 TNBC),527
tioguanine,0.921697,0.03933603,0.8518973,22,Breast (including 12 TNBC),528
cariporide,0.9219852,0.039362647,0.8521571,22,Breast (including 12 TNBC),529
TG-101348,0.92242104,0.039361477,0.8526704,22,Breast (including 12 TNBC),530
teriflunomide,0.92258817,0.03929534,0.853138,22,Breast (including 12 TNBC),531
PIK-75,0.9225966,0.039340436,0.85286945,22,Breast (including 12 TNBC),532
ruxolitinib,0.9235653,0.039369777,0.8537566,22,Breast (including 12 TNBC),533
5-fluorouracil,0.92408043,0.039352868,0.8543687,22,Breast (including 12 TNBC),534
defactinib,0.9246929,0.039358538,0.8549101,22,Breast (including 12 TNBC),535
chlorhexidine,0.9249306,0.039394315,0.8547828,22,Breast (including 12 TNBC),536
idelalisib,0.92505324,0.03939155,0.85509545,22,Breast (including 12 TNBC),537
theophylline,0.9253904,0.03938254,0.8553118,22,Breast (including 12 TNBC),538
gefitinib,0.9257812,0.039386053,0.85587376,22,Breast (including 12 TNBC),539
tacedinaline,0.9257902,0.039367914,0.85594946,22,Breast (including 12 TNBC),540
calcitriol,0.9259406,0.0394075,0.8558997,22,Breast (including 12 TNBC),541
norepinephrine,0.9261641,0.039400227,0.8561315,22,Breast (including 12 TNBC),542
merimepodib,0.92650276,0.039313126,0.8570828,22,Breast (including 12 TNBC),543
lenvatinib,0.92744786,0.039422315,0.85734785,22,Breast (including 12 TNBC),544
digoxigenin,0.9275331,0.039400827,0.85738796,22,Breast (including 12 TNBC),545
GSK1904529A,0.9276415,0.039425116,0.8575233,22,Breast (including 12 TNBC),546
batimastat,0.9277707,0.039432976,0.8576326,22,Breast (including 12 TNBC),547
domiphen,0.9280941,0.039431907,0.85776263,22,Breast (including 12 TNBC),548
CP-724714,0.92864573,0.039429225,0.85851973,22,Breast (including 12 TNBC),549
doxifluridine,0.92878646,0.03937708,0.8589345,22,Breast (including 12 TNBC),550
2-methoxyestradiol,0.9290152,0.039418094,0.8589303,22,Breast (including 12 TNBC),551
baricitinib,0.9300112,0.03944793,0.859763,22,Breast (including 12 TNBC),552
hexylresorcinol,0.93011916,0.039471034,0.8598249,22,Breast (including 12 TNBC),553
fenoprofen,0.93038136,0.039469156,0.8600795,22,Breast (including 12 TNBC),554
ONX-0914,0.9304684,0.039437227,0.86009526,22,Breast (including 12 TNBC),555
PD-0325901,0.9305103,0.039437637,0.8603526,22,Breast (including 12 TNBC),556
bitopertin,0.9310936,0.039458413,0.8608583,22,Breast (including 12 TNBC),557
ibrutinib,0.93178123,0.03947282,0.86134547,22,Breast (including 12 TNBC),558
MRS-1220,0.93204135,0.039470818,0.86166894,22,Breast (including 12 TNBC),559
AMG900,0.9321634,0.03941683,0.8620508,22,Breast (including 12 TNBC),560
pepstatin,0.9330889,0.03947414,0.86274207,22,Breast (including 12 TNBC),561
pyrimethamine,0.93358874,0.039486203,0.86313015,22,Breast (including 12 TNBC),562
temazepam,0.9340588,0.039491642,0.8637209,22,Breast (including 12 TNBC),563
TMC-353121,0.9343933,0.039495707,0.8637971,22,Breast (including 12 TNBC),564
pterostilbene,0.93443054,0.03951357,0.8639675,22,Breast (including 12 TNBC),565
bisacodyl,0.9346258,0.03951483,0.86395437,22,Breast (including 12 TNBC),566
R406,0.93485034,0.03950841,0.8643941,22,Breast (including 12 TNBC),567
bexarotene,0.93494964,0.039518885,0.8644522,22,Breast (including 12 TNBC),568
semaxanib,0.9363535,0.039522413,0.8657965,22,Breast (including 12 TNBC),569
TAK-715,0.9367237,0.03950736,0.8662752,22,Breast (including 12 TNBC),570
vismodegib,0.9373877,0.039542373,0.8667744,22,Breast (including 12 TNBC),571
dovitinib,0.9380219,0.039530408,0.86743444,22,Breast (including 12 TNBC),572
E7449,0.9381956,0.039509438,0.8677346,22,Breast (including 12 TNBC),573
PD-168393,0.9384363,0.03952379,0.8679282,22,Breast (including 12 TNBC),574
tanaproget,0.93855613,0.039546948,0.8679459,22,Breast (including 12 TNBC),575
indirubin,0.9385825,0.039523486,0.8680343,22,Breast (including 12 TNBC),576
SB-505124,0.93873423,0.03953959,0.86816823,22,Breast (including 12 TNBC),577
AM-404,0.9391913,0.039545655,0.8686127,22,Breast (including 12 TNBC),578
AS-703026,0.9393701,0.039525084,0.8688179,22,Breast (including 12 TNBC),579
CNX-2006,0.9395393,0.039537314,0.8688882,22,Breast (including 12 TNBC),580
pheniramine,0.93964404,0.03955249,0.8690012,22,Breast (including 12 TNBC),581
SB-242235,0.9412903,0.03953457,0.8706195,22,Breast (including 12 TNBC),582
AEE788,0.94129205,0.039553847,0.87062424,22,Breast (including 12 TNBC),583
"2,3-DCPE",0.941413,0.0395507,0.870869,22,Breast (including 12 TNBC),584
lapatinib,0.9414425,0.039530173,0.87077516,22,Breast (including 12 TNBC),585
amfenac,0.9416675,0.039555762,0.8710362,22,Breast (including 12 TNBC),586
MK-8245,0.9417341,0.03955432,0.8710417,22,Breast (including 12 TNBC),587
ARRY-334543,0.94198686,0.039551307,0.87125355,22,Breast (including 12 TNBC),588
resiquimod,0.94242764,0.039561044,0.8716927,22,Breast (including 12 TNBC),589
simvastatin,0.9425018,0.039560687,0.8718154,22,Breast (including 12 TNBC),590
nitarsone,0.9425894,0.039586477,0.8718994,22,Breast (including 12 TNBC),591
darifenacin,0.9428036,0.039566103,0.87216896,22,Breast (including 12 TNBC),592
R547,0.94372314,0.039551634,0.8730707,22,Breast (including 12 TNBC),593
azilsartan,0.94383585,0.03956905,0.8732451,22,Breast (including 12 TNBC),594
NMS-E973,0.94390845,0.03960363,0.8731443,22,Breast (including 12 TNBC),595
arctigenin,0.94498706,0.039570317,0.8742841,22,Breast (including 12 TNBC),596
MLN0128,0.9450689,0.039567903,0.874389,22,Breast (including 12 TNBC),597
UNC2250,0.9451342,0.039573647,0.87456983,22,Breast (including 12 TNBC),598
NVP-TAE684,0.9452414,0.03958443,0.8745677,22,Breast (including 12 TNBC),599
GSK1292263,0.9452841,0.039571766,0.87464935,22,Breast (including 12 TNBC),600
trovafloxacin,0.9457225,0.03955481,0.8750245,22,Breast (including 12 TNBC),601
tideglusib,0.9459227,0.03957093,0.8752993,22,Breast (including 12 TNBC),602
sertindole,0.9459786,0.039581172,0.87544197,22,Breast (including 12 TNBC),603
bafetinib,0.9461021,0.0395795,0.8754408,22,Breast (including 12 TNBC),604
telotristat-ethyl,0.94706744,0.039595515,0.87649935,22,Breast (including 12 TNBC),605
nonoxynol-9,0.9474375,0.03963408,0.8767016,22,Breast (including 12 TNBC),606
tyrphostin-AG-494,0.94765013,0.039583344,0.8768975,22,Breast (including 12 TNBC),607
ciprofibrate,0.9478453,0.0395834,0.87726027,22,Breast (including 12 TNBC),608
SB-2343,0.9482189,0.03959214,0.8775237,22,Breast (including 12 TNBC),609
SB-218795,0.9487797,0.03962012,0.87823904,22,Breast (including 12 TNBC),610
mycophenolate-mofetil,0.948821,0.03957592,0.87826055,22,Breast (including 12 TNBC),611
HA14-1,0.9489375,0.03961988,0.8782942,22,Breast (including 12 TNBC),612
oxyquinoline,0.94897366,0.03959658,0.87831193,22,Breast (including 12 TNBC),613
bentazepam,0.9490532,0.039649636,0.8783284,22,Breast (including 12 TNBC),614
clomifene,0.9493571,0.039607164,0.8788049,22,Breast (including 12 TNBC),615
BAY-11-7085,0.95015806,0.039573744,0.87930447,22,Breast (including 12 TNBC),616
thioguanine,0.95047456,0.039586008,0.8799272,22,Breast (including 12 TNBC),617
deflazacort,0.95049864,0.03961399,0.8798449,22,Breast (including 12 TNBC),618
xilobam,0.9505026,0.039665863,0.879749,22,Breast (including 12 TNBC),619
NSC-663284,0.9505657,0.039581075,0.87972385,22,Breast (including 12 TNBC),620
FERb-033,0.9507309,0.039602324,0.8799794,22,Breast (including 12 TNBC),621
RG108,0.9510889,0.03960427,0.8803963,22,Breast (including 12 TNBC),622
bis(maltolato)oxovanadium(IV),0.95155376,0.03960687,0.88074636,22,Breast (including 12 TNBC),623
OTX015,0.95171267,0.039596837,0.88094467,22,Breast (including 12 TNBC),624
betulinic-acid,0.9517893,0.039626714,0.88146937,22,Breast (including 12 TNBC),625
BI-78D3,0.9519381,0.03960479,0.8812215,22,Breast (including 12 TNBC),626
gastrodin,0.9519695,0.03967524,0.88121665,22,Breast (including 12 TNBC),627
IDRA-21,0.9528664,0.039639574,0.8824463,22,Breast (including 12 TNBC),628
lucitanib,0.9531286,0.03965125,0.88249904,22,Breast (including 12 TNBC),629
licochalcone-a,0.953174,0.03961064,0.88233936,22,Breast (including 12 TNBC),630
temoporfin,0.95333505,0.039683357,0.88263077,22,Breast (including 12 TNBC),631
birinapant,0.9539621,0.039608356,0.8831704,22,Breast (including 12 TNBC),632
A-674563,0.95396745,0.039633494,0.88327473,22,Breast (including 12 TNBC),633
ethacridine-lactate-monohydrate,0.9542701,0.039688617,0.8835594,22,Breast (including 12 TNBC),634
PR-619,0.95550466,0.039703686,0.88476175,22,Breast (including 12 TNBC),635
golgicide-a,0.9565872,0.039651174,0.8860054,22,Breast (including 12 TNBC),636
icotinib,0.9570305,0.039666846,0.8863501,22,Breast (including 12 TNBC),637
oxprenolol,0.95731986,0.039685946,0.8866894,22,Breast (including 12 TNBC),638
sonidegib,0.9573443,0.03969033,0.88668424,22,Breast (including 12 TNBC),639
imiquimod,0.95742583,0.03970887,0.88683975,22,Breast (including 12 TNBC),640
imatinib,0.958015,0.039689682,0.887412,22,Breast (including 12 TNBC),641
linifanib,0.95867234,0.039706357,0.88806057,22,Breast (including 12 TNBC),642
teprenone,0.95960546,0.039713465,0.8889635,22,Breast (including 12 TNBC),643
PSI-7976,0.95961756,0.03972232,0.8889625,22,Breast (including 12 TNBC),644
butylscopolamine-bromide,0.9599295,0.039729025,0.8892694,22,Breast (including 12 TNBC),645
drospirenone,0.96087927,0.039723262,0.8902966,22,Breast (including 12 TNBC),646
PHA-793887,0.9611563,0.039658353,0.8901852,22,Breast (including 12 TNBC),647
BMS-345541,0.9612564,0.03970516,0.8906532,22,Breast (including 12 TNBC),648
repsox,0.96137923,0.039720494,0.89074975,22,Breast (including 12 TNBC),649
VS-4718,0.9615208,0.039737828,0.890814,22,Breast (including 12 TNBC),650
carvedilol,0.96196645,0.03972687,0.8913903,22,Breast (including 12 TNBC),651
TC1,0.9621058,0.03973311,0.8914098,22,Breast (including 12 TNBC),652
idazoxan,0.9625005,0.03972335,0.8919005,22,Breast (including 12 TNBC),653
SNS-314,0.9625814,0.03970386,0.8918217,22,Breast (including 12 TNBC),654
norfloxacin,0.9626829,0.039687473,0.8919795,22,Breast (including 12 TNBC),655
alfacalcidol,0.96334994,0.03973406,0.8927731,22,Breast (including 12 TNBC),656
saxagliptin,0.9634238,0.03973619,0.8928693,22,Breast (including 12 TNBC),657
zaleplon,0.9638083,0.039738573,0.8931923,22,Breast (including 12 TNBC),658
Y-39983,0.9641662,0.039733447,0.89354986,22,Breast (including 12 TNBC),659
idronoxil,0.9647483,0.0397398,0.894032,22,Breast (including 12 TNBC),660
FR-139317,0.9648346,0.039754268,0.8941528,22,Breast (including 12 TNBC),661
daclatasvir,0.9648369,0.039770875,0.89415395,22,Breast (including 12 TNBC),662
ETP-46464,0.9652634,0.03977316,0.8945063,22,Breast (including 12 TNBC),663
GDC-0068,0.96532196,0.039756894,0.89471924,22,Breast (including 12 TNBC),664
embelin,0.96574026,0.039715957,0.8948706,22,Breast (including 12 TNBC),665
WP1066,0.96595293,0.039739132,0.89517564,22,Breast (including 12 TNBC),666
resminostat,0.9660395,0.039719354,0.89522,22,Breast (including 12 TNBC),667
erdafitinib,0.96606183,0.039750967,0.8954134,22,Breast (including 12 TNBC),668
sparfloxacin,0.9663028,0.039702006,0.8954978,22,Breast (including 12 TNBC),669
evacetrapib,0.96691114,0.039728045,0.89647865,22,Breast (including 12 TNBC),670
ENMD-2076,0.96737427,0.039759867,0.8966288,22,Breast (including 12 TNBC),671
VE-822,0.96741885,0.03976849,0.89680535,22,Breast (including 12 TNBC),672
doxycycline,0.9679689,0.03978488,0.89744836,22,Breast (including 12 TNBC),673
endo-IWR-1,0.9679979,0.03976486,0.8973358,22,Breast (including 12 TNBC),674
WZ8040,0.96825033,0.039720833,0.89730877,22,Breast (including 12 TNBC),675
sunitinib,0.96826917,0.039778817,0.8976533,22,Breast (including 12 TNBC),676
TG100-115,0.968426,0.03974757,0.8976554,22,Breast (including 12 TNBC),677
brequinar,0.96854764,0.039772466,0.89791816,22,Breast (including 12 TNBC),678
dacarbazine,0.9685942,0.03975666,0.8978513,22,Breast (including 12 TNBC),679
novobiocin,0.968604,0.039797764,0.8978266,22,Breast (including 12 TNBC),680
PLX-4720,0.9686501,0.039783463,0.89800733,22,Breast (including 12 TNBC),681
oxazepam,0.96873474,0.03978017,0.89836794,22,Breast (including 12 TNBC),682
AZD3463,0.96891534,0.039774843,0.89835066,22,Breast (including 12 TNBC),683
sodium-stibogluconate,0.9691198,0.03971735,0.8979656,22,Breast (including 12 TNBC),684
erlotinib,0.96949196,0.03978857,0.8988804,22,Breast (including 12 TNBC),685
trans-4-Hydroxycrotonic-acid,0.9695734,0.039796263,0.8988322,22,Breast (including 12 TNBC),686
lenalidomide,0.9699558,0.039781265,0.89934295,22,Breast (including 12 TNBC),687
TG-100572,0.97007024,0.039779708,0.89929354,22,Breast (including 12 TNBC),688
AM-251,0.97036594,0.039797872,0.89994067,22,Breast (including 12 TNBC),689
satraplatin,0.970577,0.03980808,0.89979964,22,Breast (including 12 TNBC),690
levonorgestrel,0.9713882,0.039804935,0.9007551,22,Breast (including 12 TNBC),691
sulfanilamide,0.9716202,0.039805125,0.90106666,22,Breast (including 12 TNBC),692
AVL-292,0.97197014,0.039808013,0.90130836,22,Breast (including 12 TNBC),693
spermine,0.97211075,0.03979752,0.90150964,22,Breast (including 12 TNBC),694
OTS167,0.9728604,0.039769925,0.9020774,22,Breast (including 12 TNBC),695
AZ960,0.9733883,0.0398011,0.9026999,22,Breast (including 12 TNBC),696
YM-201636,0.9742025,0.03979995,0.9031029,22,Breast (including 12 TNBC),697
eltrombopag,0.9750952,0.03982652,0.9044808,22,Breast (including 12 TNBC),698
omeprazole,0.9757483,0.03982793,0.90520775,22,Breast (including 12 TNBC),699
D-Serine,0.9757834,0.039816312,0.905081,22,Breast (including 12 TNBC),700
BTS-54505,0.9759068,0.03983001,0.90515614,22,Breast (including 12 TNBC),701
methacycline,0.9764685,0.03983941,0.9055951,22,Breast (including 12 TNBC),702
PFK-015,0.9765072,0.039818924,0.90581435,22,Breast (including 12 TNBC),703
PD-407824,0.9765195,0.03981406,0.90586317,22,Breast (including 12 TNBC),704
fludroxycortide,0.9765902,0.03982396,0.90607053,22,Breast (including 12 TNBC),705
fludarabine,0.9767691,0.039783828,0.905755,22,Breast (including 12 TNBC),706
CGP-52411,0.9769245,0.039829988,0.90630287,22,Breast (including 12 TNBC),707
elacridar,0.9772871,0.039835602,0.90663415,22,Breast (including 12 TNBC),708
SGI-1776,0.9773218,0.039832626,0.90663093,22,Breast (including 12 TNBC),709
epinephrine,0.9773414,0.039832514,0.90671545,22,Breast (including 12 TNBC),710
tasisulam,0.9774248,0.039847974,0.90667635,22,Breast (including 12 TNBC),711
PP-1,0.97774297,0.039842892,0.9070526,22,Breast (including 12 TNBC),712
TG-100713,0.97888964,0.03984184,0.9080417,22,Breast (including 12 TNBC),713
AS-1949490,0.9789992,0.039848696,0.90834236,22,Breast (including 12 TNBC),714
nimorazole,0.9797783,0.03986109,0.90893656,22,Breast (including 12 TNBC),715
cimetidine,0.97989184,0.039846662,0.9093719,22,Breast (including 12 TNBC),716
terfenadine,0.9806796,0.039849102,0.90994865,22,Breast (including 12 TNBC),717
ercalcitriol,0.9808037,0.039849248,0.91010517,22,Breast (including 12 TNBC),718
AR-42,0.9809967,0.039818227,0.91006607,22,Breast (including 12 TNBC),719
RI-1,0.9810433,0.039843407,0.9103125,22,Breast (including 12 TNBC),720
MK-5108,0.9812979,0.039837357,0.9105279,22,Breast (including 12 TNBC),721
ABT-702,0.9815616,0.03983349,0.91097575,22,Breast (including 12 TNBC),722
brigatinib,0.9820547,0.03986216,0.91129994,22,Breast (including 12 TNBC),723
alectinib,0.9822222,0.03985424,0.9114825,22,Breast (including 12 TNBC),724
EMD-53998,0.9828703,0.03985279,0.91221803,22,Breast (including 12 TNBC),725
LB42708,0.98293185,0.0398644,0.9121357,22,Breast (including 12 TNBC),726
beclomethasone-dipropionate,0.9833719,0.039854743,0.91276515,22,Breast (including 12 TNBC),727
levocetirizine,0.98341405,0.03987132,0.91274995,22,Breast (including 12 TNBC),728
rifampin,0.9843659,0.03987325,0.9137194,22,Breast (including 12 TNBC),729
LE-135,0.9850008,0.039873257,0.9143124,22,Breast (including 12 TNBC),730
carboxyamidotriazole,0.9850824,0.039867934,0.91434747,22,Breast (including 12 TNBC),731
ebastine,0.9851191,0.0398776,0.91444933,22,Breast (including 12 TNBC),732
pilaralisib,0.9855208,0.039889015,0.9146414,22,Breast (including 12 TNBC),733
LY2109761,0.98563653,0.03987281,0.9148007,22,Breast (including 12 TNBC),734
penicillamine-(D),0.9862201,0.039896302,0.9153055,22,Breast (including 12 TNBC),735
paricalcitol,0.9863357,0.039881647,0.915677,22,Breast (including 12 TNBC),736
GDC-0349,0.98656714,0.03986757,0.91572505,22,Breast (including 12 TNBC),737
PF-04691502,0.9866068,0.039871797,0.9157296,22,Breast (including 12 TNBC),738
acetophenazine,0.986619,0.039883755,0.91591436,22,Breast (including 12 TNBC),739
tipranavir,0.9867003,0.039896853,0.91576153,22,Breast (including 12 TNBC),740
rheochrysidin,0.98681563,0.039867092,0.9159741,22,Breast (including 12 TNBC),741
cefditoren-pivoxil,0.9868988,0.039899457,0.91599697,22,Breast (including 12 TNBC),742
Ro-4987655,0.9871666,0.039861817,0.9162927,22,Breast (including 12 TNBC),743
TAK-733,0.9873503,0.039872997,0.916555,22,Breast (including 12 TNBC),744
SR-57227A,0.9875233,0.039881893,0.9171367,22,Breast (including 12 TNBC),745
Y-320,0.98760706,0.039891936,0.91694134,22,Breast (including 12 TNBC),746
trimebutine,0.9878374,0.03988623,0.91703695,22,Breast (including 12 TNBC),747
tazemetostat,0.9884745,0.039882477,0.9176527,22,Breast (including 12 TNBC),748
efonidipine-monoethanolate,0.98876554,0.039894212,0.9178966,22,Breast (including 12 TNBC),749
BAY-87-2243,0.9889797,0.03989446,0.9182295,22,Breast (including 12 TNBC),750
AZD2858,0.9890489,0.039887533,0.91830367,22,Breast (including 12 TNBC),751
GTP-14564,0.98986346,0.039898425,0.9190708,22,Breast (including 12 TNBC),752
atenolol-(+/-),0.99034315,0.039895702,0.9195414,22,Breast (including 12 TNBC),753
dichloroacetate,0.9907433,0.039896995,0.91996795,22,Breast (including 12 TNBC),754
WP1130,0.99144673,0.03989865,0.9203618,22,Breast (including 12 TNBC),755
melphalan,0.9916459,0.039919853,0.9207203,22,Breast (including 12 TNBC),756
XL-647,0.99225026,0.039891914,0.9211604,22,Breast (including 12 TNBC),757
PAC-1,0.992296,0.0398795,0.92127186,22,Breast (including 12 TNBC),758
SR-27897,0.9923723,0.039917123,0.92150664,22,Breast (including 12 TNBC),759
cromakalim,0.99241346,0.039909028,0.92172617,22,Breast (including 12 TNBC),760
"MNS-(3,4-Methylenedioxy-nitrostyrene)",0.99272656,0.039908376,0.9218879,22,Breast (including 12 TNBC),761
PETCM,0.9934414,0.039912418,0.9226441,22,Breast (including 12 TNBC),762
PD-153035,0.99373555,0.03992004,0.92281497,22,Breast (including 12 TNBC),763
3-amino-benzamide,0.99392986,0.03989297,0.92291373,22,Breast (including 12 TNBC),764
mechlorethamine,0.9946121,0.039938767,0.9236503,22,Breast (including 12 TNBC),765
GDC-0879,0.99535376,0.03992669,0.9244708,22,Breast (including 12 TNBC),766
phenylbutazone,0.99544984,0.039921697,0.9246842,22,Breast (including 12 TNBC),767
fludarabine-phosphate,0.995834,0.039915565,0.9248592,22,Breast (including 12 TNBC),768
etoposide-phosphate,0.9961834,0.039898,0.9250179,22,Breast (including 12 TNBC),769
SGI-1027,0.9967537,0.039931633,0.92581433,22,Breast (including 12 TNBC),770
dihydromyricetin,0.9970007,0.039955717,0.92598337,22,Breast (including 12 TNBC),771
GSK2126458,0.99700683,0.039930783,0.92604905,22,Breast (including 12 TNBC),772
GSK-3-inhibitor-IX,0.9971939,0.039930664,0.9262918,22,Breast (including 12 TNBC),773
ZK811752,0.9975422,0.039946124,0.9267593,22,Breast (including 12 TNBC),774
CGS-20625,0.9975788,0.03993452,0.92694587,22,Breast (including 12 TNBC),775
sulfabenzamide,0.99772817,0.0399623,0.9266498,22,Breast (including 12 TNBC),776
MK-2461,0.9982811,0.03994258,0.9273754,22,Breast (including 12 TNBC),777
PF-04217903,0.99847585,0.039930448,0.9274814,22,Breast (including 12 TNBC),778
mifepristone,0.99882835,0.03995094,0.9279249,22,Breast (including 12 TNBC),779
bucladesine,0.99918824,0.039934464,0.9281783,22,Breast (including 12 TNBC),780
sevoflurane,0.99947757,0.039944146,0.928783,22,Breast (including 12 TNBC),781
ibutilide,1.0006032,0.039943665,0.93002826,22,Breast (including 12 TNBC),782
midodrine,1.0008011,0.03995817,0.9299294,22,Breast (including 12 TNBC),783
tyrphostin-AG-1478,1.0009037,0.039945893,0.92990434,22,Breast (including 12 TNBC),784
florfenicol,1.0010921,0.039973512,0.93003964,22,Breast (including 12 TNBC),785
SU014813,1.0013049,0.039964672,0.93033785,22,Breast (including 12 TNBC),786
JNJ-7706621,1.0015446,0.03991899,0.93021506,22,Breast (including 12 TNBC),787
SDZ-WAG-994,1.0016173,0.039957725,0.9306913,22,Breast (including 12 TNBC),788
1-phenylbiguanide,1.0017396,0.03994627,0.93128526,22,Breast (including 12 TNBC),789
GW-441756,1.0021493,0.039956927,0.931315,22,Breast (including 12 TNBC),790
BIIB021,1.002357,0.03992017,0.931132,22,Breast (including 12 TNBC),791
istradefylline,1.0023955,0.03996158,0.931505,22,Breast (including 12 TNBC),792
aripiprazole,1.0027312,0.039965328,0.93190163,22,Breast (including 12 TNBC),793
MPI-0479605,1.0029387,0.039925605,0.93178004,22,Breast (including 12 TNBC),794
levobunolol,1.0037671,0.03996725,0.9329894,22,Breast (including 12 TNBC),795
dienogest,1.0040549,0.039975725,0.9331214,22,Breast (including 12 TNBC),796
voxtalisib,1.0041479,0.039963525,0.93307024,22,Breast (including 12 TNBC),797
tepoxalin,1.0042439,0.039972533,0.9334368,22,Breast (including 12 TNBC),798
ecamsule-triethanolamine,1.004284,0.03999417,0.93308634,22,Breast (including 12 TNBC),799
captamine,1.0043479,0.03999403,0.93320745,22,Breast (including 12 TNBC),800
SCH-58261,1.0048063,0.039975867,0.9338301,22,Breast (including 12 TNBC),801
ranitidine,1.005608,0.039971843,0.9347941,22,Breast (including 12 TNBC),802
PF-04136309,1.0060166,0.039997004,0.9348721,22,Breast (including 12 TNBC),803
cabozantinib,1.0064843,0.03998815,0.9354645,22,Breast (including 12 TNBC),804
SNX-2112,1.0069864,0.04000205,0.9357435,22,Breast (including 12 TNBC),805
zolantidine,1.0074697,0.039998386,0.93629533,22,Breast (including 12 TNBC),806
FLI-06,1.0074872,0.039999247,0.9362137,22,Breast (including 12 TNBC),807
1-azakenpaullone,1.0076652,0.039972395,0.93663794,22,Breast (including 12 TNBC),808
nilotinib,1.0080173,0.039987892,0.9368874,22,Breast (including 12 TNBC),809
indiplon,1.0088817,0.03999361,0.9379564,22,Breast (including 12 TNBC),810
ginkgolide-a,1.0093448,0.03999652,0.93817496,22,Breast (including 12 TNBC),811
busulfan,1.0093488,0.040018402,0.9380251,22,Breast (including 12 TNBC),812
vidarabine,1.0095528,0.039994407,0.9382872,22,Breast (including 12 TNBC),813
baicalin,1.010365,0.039991416,0.9395606,22,Breast (including 12 TNBC),814
chlorogenic-acid,1.0113716,0.03999826,0.94040924,22,Breast (including 12 TNBC),815
PSB-1115,1.0114273,0.040002476,0.9402377,22,Breast (including 12 TNBC),816
SB-216641,1.0122498,0.040006362,0.9413548,22,Breast (including 12 TNBC),817
butamben,1.0123454,0.040032562,0.9410462,22,Breast (including 12 TNBC),818
ketoconazole,1.0131766,0.04000777,0.9423428,22,Breast (including 12 TNBC),819
TMS,1.0134544,0.04002901,0.94219595,22,Breast (including 12 TNBC),820
talmapimod,1.014342,0.04001236,0.9432992,22,Breast (including 12 TNBC),821
tyrphostin-AG-99,1.0150107,0.04001624,0.9438308,22,Breast (including 12 TNBC),822
AP1903,1.0151547,0.040032756,0.943821,22,Breast (including 12 TNBC),823
atipamezole,1.0160155,0.04004504,0.94466966,22,Breast (including 12 TNBC),824
imiloxan,1.016163,0.0400249,0.94500023,22,Breast (including 12 TNBC),825
CEP-37440,1.016331,0.040022545,0.94529396,22,Breast (including 12 TNBC),826
regorafenib,1.0163352,0.04002261,0.9452657,22,Breast (including 12 TNBC),827
cisplatin,1.0171943,0.04002131,0.9461953,22,Breast (including 12 TNBC),828
ZSTK-474,1.0177249,0.040032614,0.94655037,22,Breast (including 12 TNBC),829
TW-37,1.0177559,0.04002383,0.9466096,22,Breast (including 12 TNBC),830
phlorizin,1.017842,0.040028304,0.9465005,22,Breast (including 12 TNBC),831
AZ-628,1.0179806,0.040029507,0.9467644,22,Breast (including 12 TNBC),832
AZD2461,1.0185357,0.04005284,0.94715935,22,Breast (including 12 TNBC),833
monobenzone,1.0186402,0.04003497,0.9475626,22,Breast (including 12 TNBC),834
cyclosporine,1.018816,0.040035367,0.94763523,22,Breast (including 12 TNBC),835
BNTX,1.0188384,0.040036377,0.94758385,22,Breast (including 12 TNBC),836
AZ20,1.0188787,0.040035393,0.94757074,22,Breast (including 12 TNBC),837
chlorambucil,1.0195774,0.040061675,0.948178,22,Breast (including 12 TNBC),838
carboxypyridine-disulfide,1.0195845,0.040064245,0.9481936,22,Breast (including 12 TNBC),839
benzyldimethylhexadecylammonium,1.0196005,0.040058665,0.9481862,22,Breast (including 12 TNBC),840
arcyriaflavin-a,1.0197736,0.04003255,0.9485144,22,Breast (including 12 TNBC),841
UH-232-(+),1.0201845,0.04004318,0.9490738,22,Breast (including 12 TNBC),842
balapiravir,1.0202583,0.040064,0.9489062,22,Breast (including 12 TNBC),843
posaconazole,1.0206985,0.04004977,0.9495499,22,Breast (including 12 TNBC),844
LY2784544,1.0208331,0.040046312,0.94961804,22,Breast (including 12 TNBC),845
fudosteine,1.0209537,0.040074036,0.9495078,22,Breast (including 12 TNBC),846
KI-8751,1.0210459,0.0400483,0.94976,22,Breast (including 12 TNBC),847
taltirelin,1.0217086,0.04005393,0.9505728,22,Breast (including 12 TNBC),848
equol,1.0220056,0.040049013,0.95093995,22,Breast (including 12 TNBC),849
ipsapirone,1.023457,0.040052157,0.95238453,22,Breast (including 12 TNBC),850
suxibuzone,1.0235019,0.04007937,0.95208615,22,Breast (including 12 TNBC),851
WAY-170523,1.0240543,0.040050022,0.9527356,22,Breast (including 12 TNBC),852
lidamidine,1.0240624,0.04008409,0.9525645,22,Breast (including 12 TNBC),853
LY2334737,1.0242093,0.040082425,0.95272976,22,Breast (including 12 TNBC),854
CEP-33779,1.0242776,0.040054128,0.95305043,22,Breast (including 12 TNBC),855
gilteritinib,1.0243913,0.040062934,0.9531888,22,Breast (including 12 TNBC),856
azacitidine,1.0247592,0.040059384,0.95347375,22,Breast (including 12 TNBC),857
meglitinide,1.0249721,0.040068958,0.9539332,22,Breast (including 12 TNBC),858
PD-98059,1.026567,0.04006206,0.9552005,22,Breast (including 12 TNBC),859
hydroxyurea,1.026904,0.04006855,0.95528436,22,Breast (including 12 TNBC),860
MTPG,1.0273808,0.040072467,0.9563095,22,Breast (including 12 TNBC),861
ketoprofen,1.0278691,0.040073216,0.9567005,22,Breast (including 12 TNBC),862
latrepirdine,1.0280343,0.04007536,0.9568595,22,Breast (including 12 TNBC),863
SKI-II,1.0285761,0.040077966,0.95740503,22,Breast (including 12 TNBC),864
mesna,1.0301929,0.040111724,0.958666,22,Breast (including 12 TNBC),865
aztreonam,1.0304025,0.040117785,0.9588451,22,Breast (including 12 TNBC),866
secnidazole,1.0305941,0.040114727,0.9590442,22,Breast (including 12 TNBC),867
apatinib,1.0306935,0.04008781,0.95917624,22,Breast (including 12 TNBC),868
JNJ-16259685,1.0308276,0.040088516,0.9595533,22,Breast (including 12 TNBC),869
CGS-15943,1.0310017,0.04009207,0.9596674,22,Breast (including 12 TNBC),870
BIX-01294,1.0311245,0.040083304,0.95965475,22,Breast (including 12 TNBC),871
tiotidine,1.0312228,0.040088695,0.96007204,22,Breast (including 12 TNBC),872
VTP-27999,1.0312436,0.040095814,0.9599177,22,Breast (including 12 TNBC),873
cilostamide,1.0313311,0.040089633,0.9597743,22,Breast (including 12 TNBC),874
enocitabine,1.0313783,0.040080544,0.95991725,22,Breast (including 12 TNBC),875
chlorquinaldol,1.031419,0.04011628,0.95989126,22,Breast (including 12 TNBC),876
lorlatinib,1.0315129,0.04009279,0.9602759,22,Breast (including 12 TNBC),877
SB-200646,1.0315704,0.040084396,0.96014124,22,Breast (including 12 TNBC),878
sorafenib,1.0319492,0.040095598,0.96058893,22,Breast (including 12 TNBC),879
artemisinin,1.0320486,0.04009813,0.9609102,22,Breast (including 12 TNBC),880
cidofovir,1.0321336,0.04012548,0.9605505,22,Breast (including 12 TNBC),881
idoxuridine,1.0327712,0.040128205,0.96117705,22,Breast (including 12 TNBC),882
RS-67506,1.0328817,0.040095255,0.9617724,22,Breast (including 12 TNBC),883
3-deazaneplanocin-A,1.033475,0.04009452,0.96219295,22,Breast (including 12 TNBC),884
paliperidone,1.0335838,0.040105417,0.9622793,22,Breast (including 12 TNBC),885
chlorpropamide,1.0339187,0.04009835,0.9628113,22,Breast (including 12 TNBC),886
RITA,1.0339779,0.04009846,0.9625245,22,Breast (including 12 TNBC),887
CNX-774,1.0341681,0.04011152,0.9627902,22,Breast (including 12 TNBC),888
GDC-0941,1.0346602,0.040102463,0.96321446,22,Breast (including 12 TNBC),889
JZL-184,1.0346767,0.040102903,0.96348834,22,Breast (including 12 TNBC),890
raclopride,1.0349323,0.040109772,0.9636504,22,Breast (including 12 TNBC),891
ajmaline,1.0352707,0.040106323,0.9640296,22,Breast (including 12 TNBC),892
TG-101209,1.0354122,0.04011162,0.9640526,22,Breast (including 12 TNBC),893
trapidil,1.0354656,0.040116265,0.9641139,22,Breast (including 12 TNBC),894
prazosin,1.0356772,0.040107954,0.96442753,22,Breast (including 12 TNBC),895
P276-00,1.0357648,0.040102564,0.9641435,22,Breast (including 12 TNBC),896
olaparib,1.0365096,0.040104218,0.96518296,22,Breast (including 12 TNBC),897
maxacalcitol,1.0365372,0.04011769,0.9652031,22,Breast (including 12 TNBC),898
N-acetylmannosamine,1.0367923,0.040089488,0.96584505,22,Breast (including 12 TNBC),899
azathioprine,1.0368237,0.040109325,0.9654712,22,Breast (including 12 TNBC),900
tofogliflozin,1.0368917,0.040116776,0.965549,22,Breast (including 12 TNBC),901
CD-437,1.0369732,0.04011639,0.9655618,22,Breast (including 12 TNBC),902
rabeprazole,1.037222,0.04010995,0.96605355,22,Breast (including 12 TNBC),903
piperazine,1.0377446,0.040115923,0.9664938,22,Breast (including 12 TNBC),904
CID-5458317,1.037999,0.040118285,0.96643,22,Breast (including 12 TNBC),905
zaldaride,1.0382441,0.04011275,0.9666629,22,Breast (including 12 TNBC),906
beta-naphthol,1.0384138,0.040139563,0.96677285,22,Breast (including 12 TNBC),907
bosutinib,1.0387462,0.040123098,0.96737415,22,Breast (including 12 TNBC),908
oleanolic-acid,1.0390117,0.04010896,0.9678745,22,Breast (including 12 TNBC),909
aspirin,1.0393053,0.04012268,0.9679759,22,Breast (including 12 TNBC),910
RU-58841,1.0396857,0.04013143,0.96820223,22,Breast (including 12 TNBC),911
NSC-23766,1.0399703,0.04014705,0.9682751,22,Breast (including 12 TNBC),912
GZD824,1.0399917,0.04012346,0.968494,22,Breast (including 12 TNBC),913
GSK256066,1.0405082,0.04012312,0.96904784,22,Breast (including 12 TNBC),914
palbociclib,1.0415492,0.040130347,0.9700421,22,Breast (including 12 TNBC),915
roquinimex,1.0419527,0.040156394,0.9701893,22,Breast (including 12 TNBC),916
GSK1070916,1.0422549,0.040134892,0.9707803,22,Breast (including 12 TNBC),917
dofetilide,1.0423335,0.04013634,0.97089666,22,Breast (including 12 TNBC),918
ingenol-mebutate,1.0423476,0.040142097,0.97078973,22,Breast (including 12 TNBC),919
DCEBIO,1.0423781,0.04013817,0.97086555,22,Breast (including 12 TNBC),920
ribitol,1.042587,0.040160485,0.970782,22,Breast (including 12 TNBC),921
PF-3845,1.042881,0.040128365,0.971523,22,Breast (including 12 TNBC),922
SMI-4a,1.0428863,0.040136516,0.97142214,22,Breast (including 12 TNBC),923
isofloxythepin,1.0430641,0.04015966,0.9712831,22,Breast (including 12 TNBC),924
TAME,1.0437983,0.040156886,0.9720709,22,Breast (including 12 TNBC),925
oleoylethanolamide,1.0440476,0.04014463,0.9724882,22,Breast (including 12 TNBC),926
dabrafenib,1.0442907,0.040142722,0.97280246,22,Breast (including 12 TNBC),927
IKK-16,1.0443383,0.04014322,0.9727558,22,Breast (including 12 TNBC),928
temocapril,1.0450581,0.040142443,0.97357374,22,Breast (including 12 TNBC),929
RS-17053,1.045123,0.040142696,0.9736102,22,Breast (including 12 TNBC),930
FPH1-(BRD-6125),1.0453227,0.04016278,0.97338676,22,Breast (including 12 TNBC),931
trequinsin,1.0454749,0.04013874,0.97404,22,Breast (including 12 TNBC),932
GW-501516,1.0456437,0.040140547,0.9741822,22,Breast (including 12 TNBC),933
YM-976,1.0458913,0.04014593,0.97435504,22,Breast (including 12 TNBC),934
PKI-179,1.0465049,0.040149126,0.9748768,22,Breast (including 12 TNBC),935
chlorpyrifos,1.0465298,0.040144403,0.9751062,22,Breast (including 12 TNBC),936
eprinomectin,1.0467268,0.040174294,0.97486186,22,Breast (including 12 TNBC),937
NVP-AEW541,1.0476124,0.04015899,0.97590476,22,Breast (including 12 TNBC),938
betamethasone-dipropionate,1.0493064,0.040177878,0.9774347,22,Breast (including 12 TNBC),939
PRT062070,1.0502895,0.040158786,0.9786971,22,Breast (including 12 TNBC),940
GS-39783,1.0503273,0.040155113,0.9788247,22,Breast (including 12 TNBC),941
RS-504393,1.0504035,0.040159583,0.9788519,22,Breast (including 12 TNBC),942
acipimox,1.0504749,0.040147193,0.97911066,22,Breast (including 12 TNBC),943
eptifibatide,1.0504798,0.040159628,0.9789198,22,Breast (including 12 TNBC),944
orotic-acid,1.0514165,0.04017493,0.9797203,22,Breast (including 12 TNBC),945
BVD-523,1.0518084,0.040183477,0.9799301,22,Breast (including 12 TNBC),946
dicycloverine,1.0519943,0.040168498,0.9802583,22,Breast (including 12 TNBC),947
3'-fluorobenzylspiperone,1.0523914,0.04016077,0.9808525,22,Breast (including 12 TNBC),948
VU0238429,1.052889,0.040177677,0.9809953,22,Breast (including 12 TNBC),949
fexinidazole,1.0532092,0.040194422,0.9812038,22,Breast (including 12 TNBC),950
GSK1838705A,1.0533704,0.040168498,0.98164123,22,Breast (including 12 TNBC),951
flumethasone-pivalate,1.054401,0.040162876,0.98287857,22,Breast (including 12 TNBC),952
cinalukast,1.0544817,0.040169712,0.98283213,22,Breast (including 12 TNBC),953
triamterene,1.0546936,0.040168468,0.9830777,22,Breast (including 12 TNBC),954
dorzolamide,1.0547044,0.040160034,0.9833061,22,Breast (including 12 TNBC),955
CCT128930,1.0555264,0.04018236,0.9835629,22,Breast (including 12 TNBC),956
cobicistat,1.0561966,0.040171128,0.9846289,22,Breast (including 12 TNBC),957
flumethasone,1.0562518,0.040172737,0.9846528,22,Breast (including 12 TNBC),958
ZLN005,1.0565969,0.040199287,0.9845813,22,Breast (including 12 TNBC),959
MK-1775,1.0577985,0.040176764,0.9860611,22,Breast (including 12 TNBC),960
hypericin,1.0581172,0.04020966,0.9860474,22,Breast (including 12 TNBC),961
VX-702,1.0587658,0.04018431,0.9869869,22,Breast (including 12 TNBC),962
SU3327,1.0587685,0.040187106,0.98687696,22,Breast (including 12 TNBC),963
uracil,1.0599358,0.040193643,0.98796874,22,Breast (including 12 TNBC),964
vincamine,1.0599778,0.04018978,0.9881967,22,Breast (including 12 TNBC),965
fenretinide,1.0601717,0.040186066,0.98837775,22,Breast (including 12 TNBC),966
PHA-767491,1.0606462,0.040192023,0.988774,22,Breast (including 12 TNBC),967
BGT226,1.0608182,0.04019486,0.9889263,22,Breast (including 12 TNBC),968
clindamycin-phosphate,1.0609598,0.040216606,0.9888349,22,Breast (including 12 TNBC),969
SB-366791,1.0610877,0.0401852,0.9893718,22,Breast (including 12 TNBC),970
ciclesonide,1.0610989,0.040187836,0.98939437,22,Breast (including 12 TNBC),971
AZD6482,1.0612637,0.040193528,0.98941445,22,Breast (including 12 TNBC),972
INC-280,1.0614413,0.040198356,0.98945373,22,Breast (including 12 TNBC),973
lacitol,1.0621166,0.040219773,0.98999256,22,Breast (including 12 TNBC),974
piperine,1.062118,0.04019278,0.99035066,22,Breast (including 12 TNBC),975
pazopanib,1.062769,0.04019464,0.99097115,22,Breast (including 12 TNBC),976
tacrolimus,1.0632758,0.040200904,0.991293,22,Breast (including 12 TNBC),977
12-O-tetradecanoylphorbol-13-acetate,1.063549,0.04019131,0.99182326,22,Breast (including 12 TNBC),978
A61603,1.0638944,0.040198576,0.99205166,22,Breast (including 12 TNBC),979
ziprasidone,1.065033,0.040204104,0.99315065,22,Breast (including 12 TNBC),980
bendamustine,1.0661169,0.040229555,0.9939125,22,Breast (including 12 TNBC),981
bosentan,1.0661778,0.040215876,0.99421746,22,Breast (including 12 TNBC),982
ICI-162846,1.0667759,0.04020262,0.9950208,22,Breast (including 12 TNBC),983
KD-023,1.0671521,0.04023182,0.9948626,22,Breast (including 12 TNBC),984
cyclophosphamide,1.0678656,0.040209938,0.99605036,22,Breast (including 12 TNBC),985
crizotinib-(S),1.0688609,0.04020812,0.99704146,22,Breast (including 12 TNBC),986
desonide,1.0691086,0.0402152,0.9972586,22,Breast (including 12 TNBC),987
acetylsalicylsalicylic-acid,1.0697579,0.040235605,0.99745846,22,Breast (including 12 TNBC),988
ZK-93423,1.0698096,0.040211055,0.99800843,22,Breast (including 12 TNBC),989
imidapril,1.0698413,0.040217724,0.9979237,22,Breast (including 12 TNBC),990
colfosceril-palmitate,1.0700963,0.04023528,0.9978517,22,Breast (including 12 TNBC),991
lanoconazole,1.0705746,0.040234417,0.9982602,22,Breast (including 12 TNBC),992
SAR131675,1.0705975,0.040220216,0.9986882,22,Breast (including 12 TNBC),993
primaquine,1.0707264,0.040224183,0.99866253,22,Breast (including 12 TNBC),994
S26948,1.0710626,0.040223256,0.9990643,22,Breast (including 12 TNBC),995
terbutaline,1.0714403,0.04022262,0.99942213,22,Breast (including 12 TNBC),996
avanafil,1.0714675,0.040216036,0.9995937,22,Breast (including 12 TNBC),997
PF-04457845,1.0715504,0.040220924,0.99966854,22,Breast (including 12 TNBC),998
CGM097,1.0718968,0.040223334,0.99984926,22,Breast (including 12 TNBC),999
ACDPP,1.0721182,0.040221773,1.0001943,22,Breast (including 12 TNBC),1000
ubenimex,1.0722867,0.040220883,1.0003481,22,Breast (including 12 TNBC),1001
KY02111,1.07231,0.040227324,1.0001884,22,Breast (including 12 TNBC),1002
naftifine,1.0726352,0.040213656,1.000879,22,Breast (including 12 TNBC),1003
riluzole,1.0728147,0.040224843,1.0008929,22,Breast (including 12 TNBC),1004
PRT062607,1.0743833,0.04022632,1.0023851,22,Breast (including 12 TNBC),1005
amonafide,1.0745755,0.040228516,1.0023048,22,Breast (including 12 TNBC),1006
AST-1306,1.0749387,0.040234882,1.0027604,22,Breast (including 12 TNBC),1007
propranolol,1.0749958,0.04023988,1.0025784,22,Breast (including 12 TNBC),1008
erteberel,1.0750912,0.040234078,1.0029895,22,Breast (including 12 TNBC),1009
WZ-3146,1.0751188,0.04022663,1.0029788,22,Breast (including 12 TNBC),1010
zolmitriptan,1.075143,0.040231247,1.0031971,22,Breast (including 12 TNBC),1011
SKF-96365,1.0752497,0.040232833,1.0032561,22,Breast (including 12 TNBC),1012
ER-27319,1.0756639,0.040232528,1.003609,22,Breast (including 12 TNBC),1013
phenazone,1.0757083,0.040231705,1.0037258,22,Breast (including 12 TNBC),1014
tiagabine,1.0758969,0.040231824,1.0039294,22,Breast (including 12 TNBC),1015
D-4476,1.0759711,0.04022844,1.0039613,22,Breast (including 12 TNBC),1016
GSK429286A,1.0760108,0.040233057,1.0039191,22,Breast (including 12 TNBC),1017
naproxen,1.0760884,0.040233575,1.0039771,22,Breast (including 12 TNBC),1018
clocortolone-pivalate,1.076287,0.040230226,1.0043263,22,Breast (including 12 TNBC),1019
YO-01027,1.0764316,0.040243335,1.0040426,22,Breast (including 12 TNBC),1020
propoxycaine,1.076756,0.040241495,1.0043252,22,Breast (including 12 TNBC),1021
lerisetron,1.0772532,0.040236868,1.0052832,22,Breast (including 12 TNBC),1022
tioxolone,1.0787116,0.0402352,1.0066836,22,Breast (including 12 TNBC),1023
foscarnet,1.0789177,0.0402442,1.006453,22,Breast (including 12 TNBC),1024
CMPD-1,1.0791274,0.040242657,1.0069499,22,Breast (including 12 TNBC),1025
cyproheptadine,1.0792696,0.04023996,1.0071304,22,Breast (including 12 TNBC),1026
"L-798,106",1.0808614,0.040245447,1.0085993,22,Breast (including 12 TNBC),1027
tyrphostin-AG-1296,1.0810779,0.040245343,1.0087492,22,Breast (including 12 TNBC),1028
resatorvid,1.0811497,0.040245935,1.0088661,22,Breast (including 12 TNBC),1029
SB-228357,1.0811733,0.0402491,1.0089128,22,Breast (including 12 TNBC),1030
fenaclon,1.0813588,0.040252164,1.0087502,22,Breast (including 12 TNBC),1031
combretastatin-A-4,1.0820042,0.04024902,1.0094221,22,Breast (including 12 TNBC),1032
carboplatin,1.0821677,0.040252306,1.009588,22,Breast (including 12 TNBC),1033
lovastatin,1.0824176,0.040253483,1.0100088,22,Breast (including 12 TNBC),1034
UNC0631,1.0827788,0.04024539,1.0105724,22,Breast (including 12 TNBC),1035
cyclosporin-a,1.0828428,0.040246606,1.0105832,22,Breast (including 12 TNBC),1036
EPZ-5676,1.0831,0.04024897,1.0108399,22,Breast (including 12 TNBC),1037
BMS-986020,1.0835923,0.040244877,1.011436,22,Breast (including 12 TNBC),1038
MK-0812,1.0838962,0.040250175,1.0116351,22,Breast (including 12 TNBC),1039
JTC-801,1.0843211,0.040247716,1.0121002,22,Breast (including 12 TNBC),1040
TAK-285,1.0843421,0.040249128,1.0120308,22,Breast (including 12 TNBC),1041
halobetasol-propionate,1.084462,0.040251598,1.012162,22,Breast (including 12 TNBC),1042
mibefradil,1.0851194,0.040250983,1.0129128,22,Breast (including 12 TNBC),1043
warfarin,1.085538,0.04024621,1.0134375,22,Breast (including 12 TNBC),1044
clenbuterol,1.086012,0.040248442,1.0136594,22,Breast (including 12 TNBC),1045
streptozotocin,1.0864619,0.040249296,1.0141487,22,Breast (including 12 TNBC),1046
AEG3482,1.0870075,0.040254258,1.0142503,22,Breast (including 12 TNBC),1047
bifemelane,1.0871948,0.040249866,1.0149422,22,Breast (including 12 TNBC),1048
LDN-57444,1.0889324,0.040253226,1.016211,22,Breast (including 12 TNBC),1049
CCG-50014,1.0900197,0.040248346,1.0178144,22,Breast (including 12 TNBC),1050
deferasirox,1.0907454,0.04026166,1.018173,22,Breast (including 12 TNBC),1051
obidoxime,1.0907801,0.04025337,1.0184295,22,Breast (including 12 TNBC),1052
A-803467,1.0916753,0.040255312,1.01917,22,Breast (including 12 TNBC),1053
mesoridazine,1.0917366,0.04026055,1.0191699,22,Breast (including 12 TNBC),1054
PD-198306,1.0922363,0.04025388,1.01977,22,Breast (including 12 TNBC),1055
ulipristal,1.0926973,0.040262897,1.0200422,22,Breast (including 12 TNBC),1056
telatinib,1.093202,0.040258635,1.0206242,22,Breast (including 12 TNBC),1057
acesulfame-potassium,1.0935858,0.040271495,1.0205966,22,Breast (including 12 TNBC),1058
eprobemide,1.0940154,0.04025493,1.0215752,22,Breast (including 12 TNBC),1059
tyloxapol,1.0945632,0.04025298,1.022146,22,Breast (including 12 TNBC),1060
TU-2100,1.0945907,0.04027286,1.0215456,22,Breast (including 12 TNBC),1061
CH5132799,1.0946753,0.040253945,1.0221193,22,Breast (including 12 TNBC),1062
gestrinone,1.0948609,0.040263277,1.0222034,22,Breast (including 12 TNBC),1063
bindarit,1.0953286,0.04026822,1.0226407,22,Breast (including 12 TNBC),1064
S-methylcysteine,1.0956413,0.04025511,1.0231066,22,Breast (including 12 TNBC),1065
salvinorin-a,1.0958829,0.040269997,1.023016,22,Breast (including 12 TNBC),1066
kifunensine,1.0959471,0.040263936,1.0234494,22,Breast (including 12 TNBC),1067
methscopolamine,1.0959727,0.04026827,1.0231681,22,Breast (including 12 TNBC),1068
FK-3311,1.0973046,0.040257,1.0247571,22,Breast (including 12 TNBC),1069
TWS-119,1.0973296,0.040263377,1.0246811,22,Breast (including 12 TNBC),1070
LCL-161,1.0974476,0.04025551,1.0248955,22,Breast (including 12 TNBC),1071
torasemide,1.0978556,0.04027203,1.0251892,22,Breast (including 12 TNBC),1072
mercaptopurine,1.0980653,0.040258534,1.0254838,22,Breast (including 12 TNBC),1073
tagatose,1.0984899,0.040266197,1.0259011,22,Breast (including 12 TNBC),1074
PP-2,1.0986245,0.04025775,1.0260098,22,Breast (including 12 TNBC),1075
doxercalciferol,1.098859,0.040263955,1.0261514,22,Breast (including 12 TNBC),1076
BMS-690514,1.0989047,0.04026327,1.0261395,22,Breast (including 12 TNBC),1077
domperidone,1.1001472,0.040277578,1.027189,22,Breast (including 12 TNBC),1078
forskolin,1.1001711,0.040269017,1.0273991,22,Breast (including 12 TNBC),1079
PHA-680632,1.1005936,0.040259905,1.0278592,22,Breast (including 12 TNBC),1080
methyldopa,1.1009711,0.040275894,1.0280778,22,Breast (including 12 TNBC),1081
SIB-1757,1.1009834,0.040280007,1.0280647,22,Breast (including 12 TNBC),1082
TG-02,1.1010805,0.040259715,1.0283618,22,Breast (including 12 TNBC),1083
hyodeoxycholic-acid,1.1013441,0.04028262,1.0280907,22,Breast (including 12 TNBC),1084
NVP-BHG712,1.1013614,0.040258292,1.0287294,22,Breast (including 12 TNBC),1085
fendiline,1.1021409,0.040281337,1.0292325,22,Breast (including 12 TNBC),1086
DPI-201106,1.1021862,0.040264368,1.0294684,22,Breast (including 12 TNBC),1087
betamethasone,1.1022949,0.040272474,1.0294735,22,Breast (including 12 TNBC),1088
triamcinolone,1.1030972,0.0402786,1.0302155,22,Breast (including 12 TNBC),1089
clofazimine,1.1031045,0.040284578,1.0298035,22,Breast (including 12 TNBC),1090
JQ1-(+),1.1034524,0.040259838,1.0308299,22,Breast (including 12 TNBC),1091
AV-412,1.1034762,0.04026888,1.0306375,22,Breast (including 12 TNBC),1092
metyrapone,1.1037898,0.04027793,1.0309267,22,Breast (including 12 TNBC),1093
bromosporine,1.1044872,0.040288564,1.031131,22,Breast (including 12 TNBC),1094
8-hydroxy-PIPAT,1.1046418,0.040278744,1.031636,22,Breast (including 12 TNBC),1095
PF-4981517,1.1052407,0.040283196,1.0322542,22,Breast (including 12 TNBC),1096
clobetasol-propionate,1.1066613,0.04028223,1.0336168,22,Breast (including 12 TNBC),1097
FR-122047,1.1066775,0.040277284,1.0333874,22,Breast (including 12 TNBC),1098
lorazepam,1.1076053,0.04028201,1.0345945,22,Breast (including 12 TNBC),1099
ramatroban,1.1089073,0.040287457,1.0357835,22,Breast (including 12 TNBC),1100
M-344,1.109069,0.04029776,1.0355048,22,Breast (including 12 TNBC),1101
tiludronate,1.1095716,0.0402813,1.0365584,22,Breast (including 12 TNBC),1102
tirapazamine,1.1097751,0.040298726,1.0361995,22,Breast (including 12 TNBC),1103
KI-16425,1.1100861,0.040280696,1.0371444,22,Breast (including 12 TNBC),1104
SB-225002,1.1102484,0.040288404,1.036972,22,Breast (including 12 TNBC),1105
chlorindanol,1.110392,0.04030033,1.0367757,22,Breast (including 12 TNBC),1106
RKI-1447,1.1108018,0.040285405,1.037723,22,Breast (including 12 TNBC),1107
AT7867,1.1109794,0.04027918,1.037916,22,Breast (including 12 TNBC),1108
CCMI,1.111186,0.040284876,1.0380511,22,Breast (including 12 TNBC),1109
tropisetron,1.1118362,0.040291153,1.0385964,22,Breast (including 12 TNBC),1110
piretanide,1.1124467,0.04029147,1.0392945,22,Breast (including 12 TNBC),1111
SID-7969543,1.1125499,0.040293965,1.0393045,22,Breast (including 12 TNBC),1112
ambazone,1.1126844,0.04030148,1.0390346,22,Breast (including 12 TNBC),1113
Ro-10-5824,1.1129031,0.040293448,1.0396693,22,Breast (including 12 TNBC),1114
CS-110266,1.1135164,0.040293217,1.0401386,22,Breast (including 12 TNBC),1115
nobiletin,1.1137643,0.040270597,1.0407498,22,Breast (including 12 TNBC),1116
RN-1734,1.1138244,0.040297586,1.0405269,22,Breast (including 12 TNBC),1117
nadide,1.115301,0.040291302,1.0421398,22,Breast (including 12 TNBC),1118
CP-673451,1.1155183,0.040293273,1.0422108,22,Breast (including 12 TNBC),1119
atorvastatin,1.1157393,0.040291786,1.0425379,22,Breast (including 12 TNBC),1120
dihydroergocristine,1.1160245,0.04030093,1.0426276,22,Breast (including 12 TNBC),1121
2'-MeCCPA,1.1164241,0.040293463,1.0431111,22,Breast (including 12 TNBC),1122
adapalene,1.1167712,0.04029491,1.0433941,22,Breast (including 12 TNBC),1123
vemurafenib,1.118834,0.040287174,1.045494,22,Breast (including 12 TNBC),1124
U-18666A,1.1189257,0.0403075,1.0450664,22,Breast (including 12 TNBC),1125
cibenzoline,1.1190336,0.040312152,1.0451452,22,Breast (including 12 TNBC),1126
selamectin,1.1191494,0.040311947,1.0453098,22,Breast (including 12 TNBC),1127
cinromide,1.1196681,0.04031352,1.0457505,22,Breast (including 12 TNBC),1128
abiraterone-acetate,1.1202178,0.040305268,1.0467589,22,Breast (including 12 TNBC),1129
halofantrine,1.1208235,0.040297803,1.0474305,22,Breast (including 12 TNBC),1130
methocarbamol,1.1211143,0.040304296,1.0477104,22,Breast (including 12 TNBC),1131
bicalutamide,1.1212666,0.04030707,1.0477028,22,Breast (including 12 TNBC),1132
danazol,1.1216193,0.040306795,1.0480713,22,Breast (including 12 TNBC),1133
clopamide,1.122128,0.04031563,1.0481039,22,Breast (including 12 TNBC),1134
sulfasalazine,1.1221722,0.040304042,1.0486958,22,Breast (including 12 TNBC),1135
enoximone,1.1222148,0.04031015,1.0484822,22,Breast (including 12 TNBC),1136
lurasidone,1.1228303,0.040308274,1.0491998,22,Breast (including 12 TNBC),1137
KF-38789,1.123767,0.04030873,1.0501127,22,Breast (including 12 TNBC),1138
isoxsuprine,1.1241317,0.040306814,1.0505846,22,Breast (including 12 TNBC),1139
WHI-P154,1.124697,0.040306397,1.051097,22,Breast (including 12 TNBC),1140
4-(4-fluorobenzoyl)-1-(4-phenylbutyl)-piperidine,1.1249447,0.040311035,1.0511632,22,Breast (including 12 TNBC),1141
forodesine,1.1264118,0.040307518,1.0528231,22,Breast (including 12 TNBC),1142
astemizole,1.1264485,0.04031068,1.0526843,22,Breast (including 12 TNBC),1143
Y-27632,1.1265838,0.04030194,1.0530629,22,Breast (including 12 TNBC),1144
amoxicillin,1.1266514,0.040310323,1.0529083,22,Breast (including 12 TNBC),1145
PI-103,1.126919,0.040298376,1.0533957,22,Breast (including 12 TNBC),1146
OSI-930,1.1271966,0.040310748,1.0534286,22,Breast (including 12 TNBC),1147
LY456236,1.1277099,0.04031271,1.0538377,22,Breast (including 12 TNBC),1148
raloxifene,1.1280812,0.040309172,1.0544012,22,Breast (including 12 TNBC),1149
diphemanil,1.1286079,0.040311094,1.0548234,22,Breast (including 12 TNBC),1150
R306465,1.1287144,0.04031962,1.0544884,22,Breast (including 12 TNBC),1151
PPT,1.1289918,0.04031178,1.0551696,22,Breast (including 12 TNBC),1152
nithiamide,1.1291369,0.040319692,1.0549088,22,Breast (including 12 TNBC),1153
iobenguane,1.1299391,0.040320385,1.0556767,22,Breast (including 12 TNBC),1154
minocycline,1.1304108,0.040310323,1.0566676,22,Breast (including 12 TNBC),1155
azomycin-(2-nitroimidazole),1.13059,0.040320754,1.0563102,22,Breast (including 12 TNBC),1156
VX-765,1.1306802,0.04031015,1.0569468,22,Breast (including 12 TNBC),1157
SC-12267,1.1313341,0.040313914,1.0573986,22,Breast (including 12 TNBC),1158
amisulpride,1.1315448,0.04031478,1.0575647,22,Breast (including 12 TNBC),1159
riociguat,1.1315999,0.04031144,1.0577948,22,Breast (including 12 TNBC),1160
4-pyrimidinecarbonitrile,1.1319863,0.040321644,1.0576618,22,Breast (including 12 TNBC),1161
GSK-J4,1.1320577,0.04031127,1.058264,22,Breast (including 12 TNBC),1162
ICG-001,1.1326092,0.040312275,1.0587609,22,Breast (including 12 TNBC),1163
tandutinib,1.1329656,0.04031309,1.0590742,22,Breast (including 12 TNBC),1164
lomitapide,1.1332608,0.04031497,1.0592701,22,Breast (including 12 TNBC),1165
pibenzimol,1.1336592,0.04032299,1.0592704,22,Breast (including 12 TNBC),1166
nizatidine,1.1339984,0.040313426,1.0600896,22,Breast (including 12 TNBC),1167
ritodrine,1.1341981,0.04030502,1.0604566,22,Breast (including 12 TNBC),1168
altretamine,1.1355989,0.040324327,1.0611463,22,Breast (including 12 TNBC),1169
latanoprost,1.136444,0.04031654,1.0623727,22,Breast (including 12 TNBC),1170
artesunate,1.1376584,0.04032599,1.0631278,22,Breast (including 12 TNBC),1171
temozolomide,1.1383208,0.040315446,1.0643058,22,Breast (including 12 TNBC),1172
quizartinib,1.1385196,0.04031828,1.064362,22,Breast (including 12 TNBC),1173
mephenytoin,1.1387783,0.04031796,1.0646355,22,Breast (including 12 TNBC),1174
baicalein,1.1390519,0.040317096,1.0649529,22,Breast (including 12 TNBC),1175
ADL5859,1.1392735,0.040318932,1.0650833,22,Breast (including 12 TNBC),1176
kenpaullone,1.1397815,0.040311135,1.0658956,22,Breast (including 12 TNBC),1177
nitisinone,1.1398377,0.04032059,1.0655663,22,Breast (including 12 TNBC),1178
gidazepam,1.1399735,0.040328197,1.0653398,22,Breast (including 12 TNBC),1179
racecadotril,1.1399821,0.04031528,1.0659771,22,Breast (including 12 TNBC),1180
etomoxir,1.1400943,0.040317696,1.065965,22,Breast (including 12 TNBC),1181
pindolol,1.1405559,0.04031953,1.066334,22,Breast (including 12 TNBC),1182
pentostatin,1.141726,0.04031824,1.0675704,22,Breast (including 12 TNBC),1183
AZ3146,1.1417683,0.04032774,1.0671564,22,Breast (including 12 TNBC),1184
norethindrone,1.1418025,0.040321454,1.0674872,22,Breast (including 12 TNBC),1185
SB-205384,1.1418561,0.04031933,1.0676453,22,Breast (including 12 TNBC),1186
thioproperazine,1.1425735,0.040321738,1.068244,22,Breast (including 12 TNBC),1187
BNC105,1.1438451,0.040330134,1.0691242,22,Breast (including 12 TNBC),1188
tacalcitol,1.1447543,0.04032139,1.0704432,22,Breast (including 12 TNBC),1189
BW-180C,1.1447656,0.040323053,1.070375,22,Breast (including 12 TNBC),1190
fluoromethylcholine,1.1462575,0.0403326,1.0714266,22,Breast (including 12 TNBC),1191
rimexolone,1.1465126,0.040322274,1.0721586,22,Breast (including 12 TNBC),1192
ftorafur,1.1473716,0.040311653,1.0732956,22,Breast (including 12 TNBC),1193
4-hydroxy-phenazone,1.1474252,0.040333603,1.0725498,22,Breast (including 12 TNBC),1194
VU0361737,1.147703,0.040322945,1.0733156,22,Breast (including 12 TNBC),1195
benzydamine,1.1479716,0.04033382,1.0730875,22,Breast (including 12 TNBC),1196
nitrocaramiphen,1.1480247,0.0403308,1.0732734,22,Breast (including 12 TNBC),1197
GS-9973,1.1480362,0.04032057,1.0737655,22,Breast (including 12 TNBC),1198
costunolide,1.1484517,0.04033373,1.0735703,22,Breast (including 12 TNBC),1199
piperacetazine,1.149755,0.04033445,1.0748432,22,Breast (including 12 TNBC),1200
filgotinib,1.1502148,0.040326323,1.0756688,22,Breast (including 12 TNBC),1201
tetrahydropapaverine,1.1510335,0.040335476,1.076076,22,Breast (including 12 TNBC),1202
niacin,1.1510392,0.040324487,1.0765787,22,Breast (including 12 TNBC),1203
salvianolic-acid-B,1.1513903,0.04032412,1.0769479,22,Breast (including 12 TNBC),1204
nefiracetam,1.1514813,0.04033274,1.076644,22,Breast (including 12 TNBC),1205
ramifenazone,1.1515527,0.04033516,1.0766094,22,Breast (including 12 TNBC),1206
repaglinide,1.1515961,0.04032764,1.0769885,22,Breast (including 12 TNBC),1207
BF2.649,1.1518912,0.040325373,1.07739,22,Breast (including 12 TNBC),1208
GSK2656157,1.1527588,0.04033745,1.0777168,22,Breast (including 12 TNBC),1209
Ro-04-5595,1.1535743,0.04032932,1.0788908,22,Breast (including 12 TNBC),1210
ethinyl-estradiol,1.1539274,0.04033016,1.0792061,22,Breast (including 12 TNBC),1211
finafloxacin,1.1540253,0.040336702,1.0789723,22,Breast (including 12 TNBC),1212
desoxycortone,1.1548748,0.040330026,1.0801597,22,Breast (including 12 TNBC),1213
LY2608204,1.1552502,0.04033138,1.080472,22,Breast (including 12 TNBC),1214
KP-1212,1.1555251,0.04033387,1.0806389,22,Breast (including 12 TNBC),1215
GW-788388,1.1559703,0.04032983,1.0812628,22,Breast (including 12 TNBC),1216
isoflupredone-acetate,1.1562122,0.0403298,1.081507,22,Breast (including 12 TNBC),1217
YM-155,1.1571056,0.04032733,1.0825119,22,Breast (including 12 TNBC),1218
ilomastat,1.1574901,0.040330835,1.0827382,22,Breast (including 12 TNBC),1219
triamcinolone-acetonide,1.159671,0.040330302,1.0849414,22,Breast (including 12 TNBC),1220
aminoglutethimide,1.1597097,0.040332705,1.084873,22,Breast (including 12 TNBC),1221
ZM-306416,1.1597232,0.040333286,1.0848618,22,Breast (including 12 TNBC),1222
CI-844,1.1605422,0.0403256,1.0854998,22,Breast (including 12 TNBC),1223
fluroxene,1.1607661,0.04031961,1.0857282,22,Breast (including 12 TNBC),1224
IEM1754,1.1616523,0.040336587,1.0866475,22,Breast (including 12 TNBC),1225
nintedanib,1.162042,0.04033469,1.0871189,22,Breast (including 12 TNBC),1226
afobazole,1.1621202,0.040320117,1.0870819,22,Breast (including 12 TNBC),1227
palomid-529,1.1622219,0.04033307,1.0873693,22,Breast (including 12 TNBC),1228
NH125,1.1626782,0.04031686,1.0876421,22,Breast (including 12 TNBC),1229
mexeneone,1.1626812,0.040316246,1.0876455,22,Breast (including 12 TNBC),1230
usniacin-(+),1.1632861,0.04033378,1.0884017,22,Breast (including 12 TNBC),1231
tezacaftor,1.163342,0.040313438,1.0883086,22,Breast (including 12 TNBC),1232
nicorandil,1.1638333,0.04033398,1.088784,22,Breast (including 12 TNBC),1233
lafutidine,1.163869,0.04033768,1.0888169,22,Breast (including 12 TNBC),1234
nexturastat-a,1.1647763,0.04033491,1.089844,22,Breast (including 12 TNBC),1235
UNBS-5162,1.1651081,0.040308286,1.0900784,22,Breast (including 12 TNBC),1236
buphenine,1.1656142,0.040337708,1.0905612,22,Breast (including 12 TNBC),1237
"CP-945,598",1.1656529,0.04032702,1.0906096,22,Breast (including 12 TNBC),1238
4-chlorophenylguanidine,1.1660054,0.040336523,1.0910034,22,Breast (including 12 TNBC),1239
thiocolchicoside,1.1667185,0.04033116,1.0916722,22,Breast (including 12 TNBC),1240
erythritol,1.1669277,0.04030755,1.0918983,22,Breast (including 12 TNBC),1241
AZD5438,1.1672843,0.040337097,1.092258,22,Breast (including 12 TNBC),1242
nadifloxacin,1.1677105,0.040301256,1.0926857,22,Breast (including 12 TNBC),1243
ZK-93426,1.1677525,0.040334623,1.0927024,22,Breast (including 12 TNBC),1244
diazooxonorleucine,1.1678329,0.04030256,1.092807,22,Breast (including 12 TNBC),1245
prednisolone-hemisuccinate,1.1682458,0.040330812,1.0931997,22,Breast (including 12 TNBC),1246
clofibrate,1.1682488,0.04033501,1.0931981,22,Breast (including 12 TNBC),1247
iododexetimide,1.168338,0.040299468,1.0933144,22,Breast (including 12 TNBC),1248
picolinic-acid,1.16965,0.040296897,1.0946281,22,Breast (including 12 TNBC),1249
exemestane,1.1698345,0.04032362,1.0947936,22,Breast (including 12 TNBC),1250
clofoctol,1.1712264,0.040293735,1.0962069,22,Breast (including 12 TNBC),1251
norgestrel,1.1721288,0.040314097,1.0970948,22,Breast (including 12 TNBC),1252
Ro-106-9920,1.1722478,0.040291317,1.09723,22,Breast (including 12 TNBC),1253
ifosfamide,1.1730847,0.04031749,1.0980482,22,Breast (including 12 TNBC),1254
tamoxifen,1.1732987,0.040321257,1.0982596,22,Breast (including 12 TNBC),1255
flutamide,1.1736245,0.040316593,1.0985887,22,Breast (including 12 TNBC),1256
nizofenone,1.1741964,0.040287677,1.0991812,22,Breast (including 12 TNBC),1257
estradiol-benzoate,1.1746801,0.04031304,1.0996467,22,Breast (including 12 TNBC),1258
CL-218872,1.1748201,0.04031426,1.0997858,22,Breast (including 12 TNBC),1259
nutlin-3,1.1756473,0.04032021,1.1006088,22,Breast (including 12 TNBC),1260
felbamate,1.1757268,0.04031121,1.1006949,22,Breast (including 12 TNBC),1261
estradiol,1.1777709,0.040304456,1.1027436,22,Breast (including 12 TNBC),1262
blebbistatin-(-),1.1777844,0.040277302,1.1027768,22,Breast (including 12 TNBC),1263
josamycin,1.1789953,0.040275693,1.1039886,22,Breast (including 12 TNBC),1264
STA-5326,1.1792336,0.04031664,1.1041975,22,Breast (including 12 TNBC),1265
tecastemizole,1.1795678,0.04030047,1.1045434,22,Breast (including 12 TNBC),1266
nicotine,1.1799232,0.040299762,1.1048992,22,Breast (including 12 TNBC),1267
clebopride,1.1800388,0.0402971,1.105017,22,Breast (including 12 TNBC),1268
chromocarb,1.1802888,0.040272385,1.1052845,22,Breast (including 12 TNBC),1269
flumatinib,1.1804699,0.04030239,1.1054442,22,Breast (including 12 TNBC),1270
melengestrol-acetate,1.1810122,0.040272295,1.1060083,22,Breast (including 12 TNBC),1271
prednisolone,1.1810317,0.040292967,1.1060128,22,Breast (including 12 TNBC),1272
stemregenin-1,1.1817065,0.04029901,1.1066833,22,Breast (including 12 TNBC),1273
chloramphenicol-palmitate,1.1821421,0.040268898,1.1071405,22,Breast (including 12 TNBC),1274
bephenium-hydroxynaphthoate,1.1821494,0.04026917,1.1071476,22,Breast (including 12 TNBC),1275
piroxicam,1.1830981,0.0403015,1.108073,22,Breast (including 12 TNBC),1276
GW-405833,1.1833509,0.040288042,1.1083355,22,Breast (including 12 TNBC),1277
diaveridine,1.1837243,0.040265303,1.1087251,22,Breast (including 12 TNBC),1278
AZD8931,1.1840855,0.040295184,1.109065,22,Breast (including 12 TNBC),1279
"hydroxytacrine-maleate-(r,s)",1.185465,0.040284347,1.1104522,22,Breast (including 12 TNBC),1280
alogliptin,1.1869022,0.04027985,1.1118927,22,Breast (including 12 TNBC),1281
mepivacaine,1.187019,0.040276986,1.1120117,22,Breast (including 12 TNBC),1282
estramustine-phosphate,1.1883887,0.040277537,1.1133809,22,Breast (including 12 TNBC),1283
mericitabine,1.1889797,0.040252063,1.1139905,22,Breast (including 12 TNBC),1284
bekanamycin,1.1893725,0.04025343,1.1143821,22,Breast (including 12 TNBC),1285
nisoxetine,1.1916054,0.040267218,1.116605,22,Breast (including 12 TNBC),1286
venetoclax,1.1916159,0.040265415,1.116617,22,Breast (including 12 TNBC),1287
PD-173074,1.1918387,0.040266577,1.1168387,22,Breast (including 12 TNBC),1288
hydrocortisone,1.1922368,0.040243965,1.1172533,22,Breast (including 12 TNBC),1289
linalool,1.192244,0.04024578,1.117259,22,Breast (including 12 TNBC),1290
fulvestrant,1.1926129,0.0402693,1.1176109,22,Breast (including 12 TNBC),1291
meloxicam,1.1927356,0.04026836,1.1177342,22,Breast (including 12 TNBC),1292
oxymetazoline,1.193197,0.040261734,1.1182007,22,Breast (including 12 TNBC),1293
LY2183240,1.1937838,0.040267564,1.118783,22,Breast (including 12 TNBC),1294
dimethisoquin,1.1943723,0.0402427,1.1193897,22,Breast (including 12 TNBC),1295
camylofine-chlorhydrate,1.1946102,0.04023976,1.1196299,22,Breast (including 12 TNBC),1296
cefpiramide,1.1957188,0.04023876,1.1207392,22,Breast (including 12 TNBC),1297
nilutamide,1.1957706,0.040254135,1.1207796,22,Breast (including 12 TNBC),1298
uridine,1.1976578,0.040266227,1.1226583,22,Breast (including 12 TNBC),1299
capsaicin,1.1977693,0.040253248,1.1227789,22,Breast (including 12 TNBC),1300
fenofibrate,1.2014257,0.04024773,1.1264396,22,Breast (including 12 TNBC),1301
benzocaine,1.2029148,0.040240187,1.127934,22,Breast (including 12 TNBC),1302
acetylcysteine,1.2029259,0.040253375,1.1279356,22,Breast (including 12 TNBC),1303
sevelamer,1.2032642,0.04022369,1.1282954,22,Breast (including 12 TNBC),1304
nomegestrol-acetate,1.2033516,0.0402357,1.1283743,22,Breast (including 12 TNBC),1305
skepinone-l,1.2044269,0.04024101,1.1294456,22,Breast (including 12 TNBC),1306
tetrahydrouridine,1.2048484,0.04024704,1.1298627,22,Breast (including 12 TNBC),1307
caffeic-acid,1.205141,0.040243473,1.130158,22,Breast (including 12 TNBC),1308
flufenamic-acid,1.20531,0.040243484,1.130327,22,Breast (including 12 TNBC),1309
7-aminocephalosporanic-acid,1.2053913,0.040219255,1.1304259,22,Breast (including 12 TNBC),1310
maprotiline,1.2054155,0.040230647,1.1304417,22,Breast (including 12 TNBC),1311
BIX-02188,1.2058853,0.040242944,1.1309025,22,Breast (including 12 TNBC),1312
FK-888,1.2059588,0.04023152,1.1309843,22,Breast (including 12 TNBC),1313
naltrexone,1.205996,0.040230688,1.131022,22,Breast (including 12 TNBC),1314
SB-657510,1.2062253,0.040231157,1.1312511,22,Breast (including 12 TNBC),1315
CPP,1.206667,0.040236205,1.1316893,22,Breast (including 12 TNBC),1316
4-iodo-6-phenylpyrimidine,1.2090063,0.04025132,1.1340175,22,Breast (including 12 TNBC),1317
azodicarbonamide,1.210439,0.040209565,1.1354808,22,Breast (including 12 TNBC),1318
bumetanide,1.2108436,0.040227417,1.1358721,22,Breast (including 12 TNBC),1319
NAN-190,1.211011,0.040222734,1.1360431,22,Breast (including 12 TNBC),1320
carmustine,1.2117132,0.040227257,1.1367419,22,Breast (including 12 TNBC),1321
ornithine,1.2132137,0.04023246,1.1382387,22,Breast (including 12 TNBC),1322
famotidine,1.21382,0.040219285,1.1388545,22,Breast (including 12 TNBC),1323
OLDA,1.2138886,0.040227838,1.138917,22,Breast (including 12 TNBC),1324
pyritinol,1.214275,0.04019986,1.139324,22,Breast (including 12 TNBC),1325
guanidine,1.2153995,0.040214323,1.1404376,22,Breast (including 12 TNBC),1326
formestane,1.2155653,0.040217105,1.1406014,22,Breast (including 12 TNBC),1327
famciclovir,1.2165958,0.040196687,1.141647,22,Breast (including 12 TNBC),1328
se-methylselenocysteine,1.216704,0.040194776,1.1417565,22,Breast (including 12 TNBC),1329
uric-acid,1.2168889,0.040217727,1.1419246,22,Breast (including 12 TNBC),1330
7-nitroindazole,1.218431,0.040207077,1.1434743,22,Breast (including 12 TNBC),1331
chicago-sky-blue-6b,1.2186885,0.04021587,1.1437255,22,Breast (including 12 TNBC),1332
acetazolamide,1.2189264,0.040212426,1.143966,22,Breast (including 12 TNBC),1333
isometheptene-mucate,1.2191578,0.040197156,1.1442087,22,Breast (including 12 TNBC),1334
fleroxacin,1.2208248,0.040188342,1.1458821,22,Breast (including 12 TNBC),1335
rucinol,1.2214478,0.040199433,1.146497,22,Breast (including 12 TNBC),1336
clotrimazole,1.2223493,0.040195677,1.1474011,22,Breast (including 12 TNBC),1337
eprosartan,1.2227277,0.040197097,1.1477784,22,Breast (including 12 TNBC),1338
remoxipride,1.2240777,0.040192593,1.149132,22,Breast (including 12 TNBC),1339
palmitoylethanolamide,1.224752,0.040194478,1.1498046,22,Breast (including 12 TNBC),1340
NSC-319726,1.224805,0.040178634,1.1498694,22,Breast (including 12 TNBC),1341
GSK650394,1.2248317,0.040200483,1.1498799,22,Breast (including 12 TNBC),1342
palmatine-chloride,1.2255945,0.040185746,1.1506538,22,Breast (including 12 TNBC),1343
taurine,1.2258066,0.040178828,1.150871,22,Breast (including 12 TNBC),1344
CPI-1189,1.2260623,0.04019014,1.1511183,22,Breast (including 12 TNBC),1345
pranidipine,1.2283221,0.040179502,1.1533859,22,Breast (including 12 TNBC),1346
loxistatin-acid,1.2290565,0.040193465,1.1541102,22,Breast (including 12 TNBC),1347
carbachol,1.2291621,0.04017986,1.1542255,22,Breast (including 12 TNBC),1348
ribavirin,1.22931,0.040183652,1.1543708,22,Breast (including 12 TNBC),1349
nafcillin,1.2301313,0.040183,1.1551924,22,Breast (including 12 TNBC),1350
epiandrosterone,1.2311962,0.040182136,1.1562581,22,Breast (including 12 TNBC),1351
nemonapride,1.2316496,0.04017483,1.1567171,22,Breast (including 12 TNBC),1352
demecarium,1.2320021,0.04018078,1.1570649,22,Breast (including 12 TNBC),1353
anastrozole,1.2327224,0.040179055,1.1577864,22,Breast (including 12 TNBC),1354
homoquinolinic-acid,1.2333205,0.04017483,1.1583879,22,Breast (including 12 TNBC),1355
colforsin-daproate,1.234549,0.04015846,1.1596284,22,Breast (including 12 TNBC),1356
fluocinolone-acetonide,1.2360117,0.040169887,1.1610827,22,Breast (including 12 TNBC),1357
dichlorisone-acetate,1.2368556,0.04015505,1.1619377,22,Breast (including 12 TNBC),1358
orantinib,1.2370884,0.040164355,1.1621635,22,Breast (including 12 TNBC),1359
prednisolone-tebutate,1.2375412,0.040150385,1.1626266,22,Breast (including 12 TNBC),1360
securinine,1.2380666,0.040161893,1.1631434,22,Breast (including 12 TNBC),1361
homosalate,1.2396699,0.040146705,1.1647582,22,Breast (including 12 TNBC),1362
caffeic-acid-phenethyl-ester,1.2401402,0.040164895,1.165215,22,Breast (including 12 TNBC),1363
metronidazole,1.2402527,0.040159702,1.1653311,22,Breast (including 12 TNBC),1364
prednisolone-acetate,1.2412857,0.040156074,1.1663668,22,Breast (including 12 TNBC),1365
8-bromo-cGMP,1.2419087,0.040155392,1.1669905,22,Breast (including 12 TNBC),1366
dalcetrapib,1.243449,0.040164676,1.1685238,22,Breast (including 12 TNBC),1367
sobetirome,1.2436835,0.04016289,1.1687596,22,Breast (including 12 TNBC),1368
cytarabine,1.2439193,0.04015368,1.1690023,22,Breast (including 12 TNBC),1369
protirelin,1.2440995,0.04014834,1.1691866,22,Breast (including 12 TNBC),1370
clobutinol,1.2458508,0.04013576,1.1709471,22,Breast (including 12 TNBC),1371
cebranopadol,1.2460914,0.040147856,1.1711788,22,Breast (including 12 TNBC),1372
lidocaine,1.2463301,0.040148567,1.171417,22,Breast (including 12 TNBC),1373
enzalutamide,1.2481595,0.040142003,1.1732512,22,Breast (including 12 TNBC),1374
letrozole,1.250223,0.040142514,1.1753144,22,Breast (including 12 TNBC),1375
oseltamivir-phosphate,1.2510493,0.040150497,1.1761346,22,Breast (including 12 TNBC),1376
favipiravir,1.2511636,0.040122986,1.1762695,22,Breast (including 12 TNBC),1377
terconazole,1.2519414,0.04012032,1.1770494,22,Breast (including 12 TNBC),1378
trolox,1.253317,0.04012071,1.1784248,22,Breast (including 12 TNBC),1379
candesartan,1.2541547,0.04013103,1.1792545,22,Breast (including 12 TNBC),1380
tilmicosin,1.2554908,0.040116932,1.1806014,22,Breast (including 12 TNBC),1381
kynurenic-acid,1.2558992,0.040127844,1.1810014,22,Breast (including 12 TNBC),1382
methylphenidate,1.2564079,0.040121213,1.181515,22,Breast (including 12 TNBC),1383
ammonium-lactate,1.2564924,0.040139172,1.1815861,22,Breast (including 12 TNBC),1384
sufentanil,1.2566943,0.040119983,1.1818027,22,Breast (including 12 TNBC),1385
VU0364770,1.2580044,0.040124398,1.1831093,22,Breast (including 12 TNBC),1386
itraconazole,1.2584409,0.040132042,1.1835401,22,Breast (including 12 TNBC),1387
canrenone,1.2587233,0.040119767,1.1838317,22,Breast (including 12 TNBC),1388
norethindrone-acetate,1.2593384,0.04010896,1.1844547,22,Breast (including 12 TNBC),1389
cinnarazine,1.2597449,0.040105592,1.184864,22,Breast (including 12 TNBC),1390
narlaprevir,1.2597774,0.04010657,1.1848956,22,Breast (including 12 TNBC),1391
salidroside,1.2601565,0.04011952,1.185265,22,Breast (including 12 TNBC),1392
dexamethasone-acetate,1.2602401,0.040104747,1.1853597,22,Breast (including 12 TNBC),1393
sodium-glucoheptonate,1.2621673,0.040101275,1.1872897,22,Breast (including 12 TNBC),1394
oxonic-acid,1.2624358,0.040101614,1.1875577,22,Breast (including 12 TNBC),1395
gimeracil,1.2635276,0.04011376,1.1886406,22,Breast (including 12 TNBC),1396
sclareol,1.2650892,0.040095393,1.1902161,22,Breast (including 12 TNBC),1397
estradiol-cypionate,1.2658168,0.04010968,1.1909329,22,Breast (including 12 TNBC),1398
methylprednisolone,1.2710397,0.040097702,1.1961646,22,Breast (including 12 TNBC),1399
cyromazine,1.2733749,0.04007959,1.1985137,22,Breast (including 12 TNBC),1400
4-methylgenistein,1.2736143,0.040098093,1.1987389,22,Breast (including 12 TNBC),1401
sulmazole,1.2739823,0.04007894,1.1991217,22,Breast (including 12 TNBC),1402
dirithromycin,1.2742776,0.040077444,1.199418,22,Breast (including 12 TNBC),1403
epinastine,1.2763118,0.04008291,1.2014478,22,Breast (including 12 TNBC),1404
cefdinir,1.2767792,0.040095422,1.2019058,22,Breast (including 12 TNBC),1405
almorexant,1.2770337,0.04009504,1.2021607,22,Breast (including 12 TNBC),1406
phenelzine,1.2771649,0.040086716,1.2022982,22,Breast (including 12 TNBC),1407
quinidine,1.277364,0.04008495,1.2024987,22,Breast (including 12 TNBC),1408
buthionine-sulfoximine,1.2787049,0.040087067,1.2038381,22,Breast (including 12 TNBC),1409
metoprolol,1.2800479,0.040076643,1.2051888,22,Breast (including 12 TNBC),1410
estrone,1.2836533,0.040071465,1.2087982,22,Breast (including 12 TNBC),1411
tiletamine,1.2840396,0.040062197,1.2091914,22,Breast (including 12 TNBC),1412
dihydroartemisinin,1.2859769,0.04006217,1.211129,22,Breast (including 12 TNBC),1413
oxcarbazepine,1.290472,0.04006218,1.2156241,22,Breast (including 12 TNBC),1414
naftidrofuryl,1.2920299,0.040062178,1.2171817,22,Breast (including 12 TNBC),1415
creatine,1.2922128,0.040066782,1.2173612,22,Breast (including 12 TNBC),1416
oxymatrine,1.2956388,0.040062167,1.2207909,22,Breast (including 12 TNBC),1417
etofylline-clofibrate,1.2961265,0.040062167,1.2212784,22,Breast (including 12 TNBC),1418
riboflavin,1.2970394,0.0400622,1.2221913,22,Breast (including 12 TNBC),1419
niridazole,1.2989221,0.04006219,1.2240739,22,Breast (including 12 TNBC),1420
masitinib,1.2996528,0.04006219,1.2248046,22,Breast (including 12 TNBC),1421
isoetharine,1.3031194,0.04006218,1.2282712,22,Breast (including 12 TNBC),1422
gamma-aminobutyric-acid,1.3035854,0.04006221,1.2287375,22,Breast (including 12 TNBC),1423
leucovorin,1.3078259,0.040062167,1.2329776,22,Breast (including 12 TNBC),1424
parachlorophenol,1.3095721,0.040062193,1.234724,22,Breast (including 12 TNBC),1425
xylazine,1.31158,0.040062185,1.236732,22,Breast (including 12 TNBC),1426
trometamol,1.3115827,0.04006219,1.2367349,22,Breast (including 12 TNBC),1427
metoxibutropate,1.3148971,0.040062193,1.2400491,22,Breast (including 12 TNBC),1428
bendroflumethiazide,1.3150897,0.040062174,1.2402418,22,Breast (including 12 TNBC),1429
morin,1.3159084,0.040062156,1.2410605,22,Breast (including 12 TNBC),1430
octopamine,1.3160197,0.040062167,1.2411716,22,Breast (including 12 TNBC),1431
pilocarpine,1.3174169,0.040062163,1.242569,22,Breast (including 12 TNBC),1432
benfotiamine,1.3190709,0.04006219,1.2442231,22,Breast (including 12 TNBC),1433
dehydrocholate-acid,1.3200526,0.04006216,1.2452047,22,Breast (including 12 TNBC),1434
levocarnitine,1.3223088,0.040062197,1.2474608,22,Breast (including 12 TNBC),1435
colistin-b-sulfate,1.3251945,0.04006219,1.2503464,22,Breast (including 12 TNBC),1436
abiraterone,1.3254962,0.040062215,1.250648,22,Breast (including 12 TNBC),1437
sodium-tanshinone-ii-a-sulfonate,1.3268006,0.040062163,1.2519526,22,Breast (including 12 TNBC),1438
4-methylhistamine,1.3292356,0.040062197,1.2543876,22,Breast (including 12 TNBC),1439
sulfamethazine,1.3301164,0.040062197,1.2552686,22,Breast (including 12 TNBC),1440
amprolium,1.3301536,0.040062193,1.2553055,22,Breast (including 12 TNBC),1441
halcinonide,1.3335595,0.04006219,1.2587116,22,Breast (including 12 TNBC),1442
pomalidomide,1.3389705,0.04006217,1.2641225,22,Breast (including 12 TNBC),1443
nelarabine,1.3538884,0.040062197,1.2790403,22,Breast (including 12 TNBC),1444
iproniazid,1.3656284,0.040062185,1.2907803,22,Breast (including 12 TNBC),1445
quinethazone,1.36968,0.040062193,1.2948322,22,Breast (including 12 TNBC),1446
torcetrapib,1.3781942,0.040062178,1.3033462,22,Breast (including 12 TNBC),1447
atenolol-(-),1.3787146,0.040062178,1.3038664,22,Breast (including 12 TNBC),1448
