,gnn_cell_0,gnn_cell_1,gnn_cell_2,gnn_cell_3,gnn_cell_4,gnn_cell_5,gnn_cell_6,gnn_cell_7,gnn_cell_8,gnn_cell_9,gnn_cell_10,gnn_cell_11,gnn_cell_12,gnn_cell_13,gnn_cell_14,gnn_cell_15,gnn_cell_16,gnn_cell_17,gnn_cell_18,gnn_cell_19,gnn_cell_20,gnn_cell_21,gnn_cell_22,gnn_cell_23,gnn_cell_24,gnn_cell_25,gnn_cell_26,gnn_cell_27,gnn_cell_28,gnn_cell_29,gnn_cell_30,gnn_cell_31,gnn_cell_32,gnn_cell_33,gnn_cell_34,gnn_cell_35,gnn_cell_36,gnn_cell_37,gnn_cell_38,gnn_cell_39,gnn_cell_40,gnn_cell_41,gnn_cell_42,gnn_cell_43,gnn_cell_44,gnn_cell_45,gnn_cell_46,gnn_cell_47,gnn_cell_48,gnn_cell_49,gnn_cell_50,gnn_cell_51,gnn_cell_52,gnn_cell_53,gnn_cell_54,gnn_cell_55,gnn_cell_56,gnn_cell_57,gnn_cell_58,gnn_cell_59,gnn_cell_60,gnn_cell_61,gnn_cell_62,gnn_cell_63,gnn_cell_64,gnn_cell_65,gnn_cell_66,gnn_cell_67,gnn_cell_68,gnn_cell_69,gnn_cell_70,gnn_cell_71,gnn_cell_72,gnn_cell_73,gnn_cell_74,gnn_cell_75,gnn_cell_76,gnn_cell_77,gnn_cell_78,gnn_cell_79,gnn_cell_80,gnn_cell_81,gnn_cell_82,gnn_cell_83,gnn_cell_84,gnn_cell_85,gnn_cell_86,gnn_cell_87,gnn_cell_88,gnn_cell_89,gnn_cell_90,gnn_cell_91,gnn_cell_92,gnn_cell_93,gnn_cell_94,gnn_cell_95,gnn_cell_96,gnn_cell_97,gnn_cell_98,gnn_cell_99,gnn_cell_100,gnn_cell_101,gnn_cell_102,gnn_cell_103,gnn_cell_104,gnn_cell_105,gnn_cell_106,gnn_cell_107,gnn_cell_108,gnn_cell_109,gnn_cell_110,gnn_cell_111,gnn_cell_112,gnn_cell_113,gnn_cell_114,gnn_cell_115,gnn_cell_116,gnn_cell_117,gnn_cell_118,gnn_cell_119,gnn_cell_120,gnn_cell_121,gnn_cell_122,gnn_cell_123,gnn_cell_124,gnn_cell_125,gnn_cell_126,gnn_cell_127
ACH-000007,0.0,0.0,6.1244555,2.871793,0.0,3.7037535,2.9985862,0.0,5.4846444,0.0,0.0,3.0648453,0.0,0.0,0.0,0.0,0.0,0.19703682,0.0,0.0,0.0,0.0,0.0,0.0,0.0,4.658228,0.0,0.0,0.9828937,0.0,7.3814993,4.868866,0.0,0.0,0.0,0.0,0.0,0.0,0.0,5.410538,0.0,0.0,0.0,0.0,1.7581677,0.0,0.0,3.2067873,0.0,0.0,0.0,0.0,0.0,0.0,0.0,1.0774103,0.0,0.0,2.0261555,0.0,0.0,0.0,0.0,0.0,1.8598258,5.7741694,5.9617205,0.0,0.0,0.0,0.0,0.0,0.0,0.0,0.0,0.0,0.0,0.0,2.8662663,0.0,0.0,0.0,5.991664,4.3906474,3.4819198,0.0,3.4012923,0.0,0.0,0.0,0.24277978,0.0,2.5544095,0.0,0.0,0.0,0.0,0.0,0.0,0.0,3.7748232,0.0,0.0,0.0,0.0,0.0,0.0,0.0,0.0,0.0,0.0,1.0801944,0.0,0.0,0.0,0.0,10.905527,0.0,0.0,1.8821412,0.0,0.0,6.1366963,6.176065,0.0,1.0054092,2.7609308,5.59228
ACH-000008,0.0,0.0,5.161926,3.309233,0.0,4.6811438,2.216396,0.0,6.12448,0.0,0.0,3.9521234,0.0,0.0,0.0,0.0,0.0,0.0,0.0,0.0,0.0,0.0,0.0,0.0,0.0,5.128341,0.0,0.0,0.0,0.0,7.9369135,4.7923374,0.0,0.0,0.0,0.0,0.0,0.3346875,0.0,5.4476748,0.0,0.0,0.0,0.0,1.0361675,0.0,0.0,3.4483244,0.0,0.0,0.0,0.0,0.0,0.0,0.0,0.0,0.0,0.0,0.0,0.0,0.0,0.0,0.0,0.0,1.953618,6.407007,6.5416327,0.0,0.0,0.0,0.0,0.0,0.0,0.0,0.0,0.0,0.0,0.0,2.4386723,0.0,0.0,0.0,6.5556235,6.0882926,2.2228036,0.0,4.3552694,0.0,0.0,0.0,0.0,0.0,3.1258848,0.0,0.0,0.0,0.0,0.0,0.0,0.0,4.6661587,0.0,0.0,0.0,0.0,0.0,0.0,0.0,0.0,0.0,0.16401652,0.0,0.0,0.0,0.0,0.0,12.06281,0.0,0.0,2.1603286,0.0,0.0,7.15003,7.0269504,0.0,1.2944086,2.9581902,5.9611998
ACH-000011,0.0,0.0,5.1298084,3.2014167,0.0,3.9221852,2.6446495,0.0,5.401325,0.0,0.0,3.145394,0.0,0.0,0.0,0.0,0.0,0.19858249,0.0,0.0,0.0,0.0,0.0,0.0,0.0,4.003528,0.0,0.0,0.0,0.0,8.852786,4.1528673,0.0,0.0,0.0,0.0,0.0,0.14206152,0.0,5.7496457,0.0,0.0,0.0,0.0,1.548704,0.0,0.0,3.3611388,0.0,0.0,0.0,0.0,0.0,0.0,0.0,0.0,0.0,0.0,0.0,0.0,0.0,0.0,0.0,0.0,1.290227,5.839045,6.1490602,0.0,0.0,0.0,0.0,0.0,0.0,0.0,0.0,0.0,0.0,0.0,2.8272507,0.0,0.0,0.0,7.2823853,5.184965,1.5805744,0.0,3.9133155,0.0,0.0,0.0,0.0,0.0,3.893943,0.0,0.0,0.0,0.0,0.0,0.0,0.0,4.001809,0.0,0.0,0.0,0.0,0.0,0.0,0.0,0.0,0.0,0.0,0.0,0.0,0.0,0.0,0.5691745,11.082265,0.0,0.0,2.5595934,0.0,0.0,7.2620234,6.6852727,0.0,0.8607115,3.2274995,5.6956735
ACH-000012,0.0,0.0,6.164035,2.949799,0.0,4.774161,2.7650156,0.0,4.7906017,0.0,0.0,3.956385,0.0,0.0,0.0,0.0,0.0,0.0,0.0,0.0,0.0,0.0,0.0,0.0,0.0,4.3142414,0.0,0.0,0.06368307,0.0,7.6346865,4.5371537,0.0,0.0,0.0,0.0,0.0,0.32923526,0.0,5.662094,0.0,0.0,0.0,0.0,2.2392313,0.0,0.0,3.7893298,0.0,0.0,0.0,0.0,0.0,0.0,0.0,0.01428072,0.0,0.0,0.0,0.0,0.0,0.0,0.0,0.0,0.77597696,5.8827114,6.3624077,0.0,0.0,0.0,0.0,0.0,0.0,0.0,0.0,0.0,0.0,0.0,2.74595,0.0,0.0,0.0,7.3811383,4.341694,2.7334058,0.0,5.460096,0.0,0.0,0.0,0.0,0.0,3.2324026,0.0,0.0,0.0,0.0,0.0,0.0,0.0,4.735344,0.0,0.0,0.0,0.0,0.0,0.0,0.0,0.0,0.0,0.0,0.0,0.0,0.0,0.0,0.0,12.281189,0.0,0.0,1.3327299,0.0,0.0,7.1740546,6.505731,0.0,1.2599545,3.053029,4.954947
ACH-000013,0.0,0.0,4.9510384,2.3586047,0.0,5.298039,2.540484,0.0,5.9957643,0.0,0.0,3.4177098,0.0,0.0,0.0,0.0,0.0,0.0,0.0,0.0,0.0,0.0,0.0,0.0,0.0,4.3301644,0.0,0.0,0.0,0.0,8.836939,4.965446,0.0,0.0,0.0,0.0,0.0,0.3258853,0.0,5.9989185,0.0,0.0,0.0,0.0,2.0163784,0.0,0.0,2.9884748,0.0,0.0,0.0,0.0,0.0,0.0,0.0,0.0,0.0,0.0,0.0,0.0,0.0,0.0,0.0,0.0,0.96738213,6.3727593,7.221136,0.0,0.0,0.0,0.0,0.0,0.0,0.0,0.0,0.0,0.0,0.0,3.3811195,0.0,0.0,0.0,6.864659,5.8300014,4.3490067,0.0,4.71556,0.0,0.0,0.0,0.0,0.0,2.579635,0.0,0.0,0.0,0.0,0.0,0.0,0.0,4.6355076,0.0,0.0,0.0,0.0,0.0,0.0,0.0,0.0,0.0,0.0,0.0,0.0,0.0,0.0,0.0,12.724017,0.0,0.0,2.7605855,0.0,0.0,8.695609,7.49006,0.0,0.76729125,3.357819,5.996945
ACH-000014,0.0,0.0,5.7171526,3.479564,0.0,4.486268,2.1943903,0.0,5.84567,0.0,0.0,3.6085787,0.0,0.0,0.0,0.0,0.0,0.0,0.0,0.0,0.0,0.0,0.0,0.0,0.0,5.7884746,0.0,0.0,0.0,0.0,8.282748,4.576019,0.0,0.0,0.0,0.0,0.0,0.9065112,0.0,6.1909423,0.0,0.0,0.0,0.0,1.5074388,0.0,0.0,3.1040447,0.0,0.0,0.0,0.0,0.0,0.0,0.0,0.0,0.0,0.0,0.0,0.0,0.0,0.0,0.0,0.0,1.9096732,6.628739,6.398676,0.0,0.0,0.0,0.0,0.0,0.0,0.0,0.0,0.0,0.0,0.0,3.1441028,0.0,0.0,0.0,6.795833,6.7670536,2.4505737,0.0,4.688675,0.0,0.0,0.0,0.27930716,0.0,3.1154606,0.0,0.0,0.0,0.0,0.0,0.0,0.0,4.628993,0.0,0.0,0.0,0.0,0.0,0.0,0.0,0.0,0.0,0.0,0.0,0.0,0.0,0.0,0.0,12.662744,0.0,0.0,2.5338783,0.0,0.0,7.515967,6.96186,0.0,0.97002983,3.1078937,6.3634877
ACH-000015,0.0,0.0,5.5287876,2.062093,0.0,4.278907,2.3681576,0.0,3.6230898,0.0,0.0,3.4379418,0.0,0.0,0.0,0.0,0.0,1.4020178,0.0,0.0,0.0,0.0,0.0,0.0,0.0,4.3796897,0.0,0.0,0.0,0.0,6.726673,3.0097895,0.0,0.0,0.0,0.0,0.0,0.0,0.8301282,3.7849238,0.0,0.0,0.0,0.0,1.2477437,0.0,0.0,2.4640617,0.0,0.0,0.0,0.0,0.0,0.0,0.0,0.5626866,0.0,0.0,0.2645833,0.0,0.0,0.0,0.0,0.0,1.9219003,6.525368,5.6518865,0.0,0.0,0.0,0.0,0.0,0.0,0.0,0.0,0.0,0.0,0.0,3.5928671,0.0,0.0,0.0,6.2430196,5.0652275,2.2039025,0.0,4.478236,0.0,0.0,0.0,0.0,0.0,2.9554577,0.0,0.0,0.0,0.0,0.0,0.0,0.0,3.7714446,0.0,0.0,0.0,0.0,0.0,0.0,0.0,0.0,0.0,0.0,0.797172,0.0,0.0,0.0,0.09006514,11.102668,0.0,0.0,1.0915456,0.0,0.0,6.7081084,6.4754024,0.0,0.5713149,2.3244216,5.008514
ACH-000018,0.0,0.0,5.6901875,3.0368617,0.0,4.395186,2.1707747,0.0,6.089976,0.0,0.0,4.2898245,0.0,0.0,0.0,0.0,0.0,0.0,0.0,0.0,0.0,0.0,0.0,0.0,0.0,5.860627,0.0,0.0,0.0,0.0,8.041987,4.801894,0.0,0.0,0.0,0.0,0.0,0.0,0.0,6.4916162,0.0,0.0,0.0,0.0,2.2625084,0.0,0.0,3.2050269,0.0,0.0,0.0,0.0,0.0,0.0,0.0,0.0,0.0,0.0,0.0,0.0,0.0,0.0,0.0,0.0,0.3866622,6.1437035,6.199877,0.0,0.0,0.0,0.0,0.0,0.0,0.0,0.0,0.0,0.0,0.0,2.7797875,0.0,0.0,0.0,6.811582,5.745904,2.6383386,0.0,4.1052413,0.0,0.0,0.0,0.0,0.0,3.0795264,0.0,0.0,0.0,0.0,0.0,0.0,0.0,4.912043,0.0,0.0,0.0,0.0,0.0,0.0,0.0,0.0,0.0,0.0,0.0,0.0,0.0,0.0,0.0,12.528,0.0,0.0,1.4297737,0.0,0.0,7.2875433,6.8190894,0.0,1.690827,2.6108894,5.947625
ACH-000019,0.0,0.0,5.355624,2.0209332,0.0,3.8579154,2.5700786,0.0,4.433081,0.0,0.0,4.349849,0.0,0.0,0.0,0.0,0.0,0.0,0.0,0.0,0.0,0.0,0.0,0.0,0.0,3.9076827,0.0,0.0,0.08494709,0.0,7.5174246,3.244316,0.0,0.0,0.0,0.0,0.0,0.0,0.0,4.4197683,0.0,0.0,0.0,0.0,1.7055818,0.0,0.0,3.9209144,0.0,0.0,0.0,0.0,0.0,0.0,0.0,0.0,0.0,0.0,0.4530003,0.0,0.0,0.0,0.0,0.0,2.0540159,4.9475236,6.070055,0.0,0.0,0.0,0.0,0.0,0.0,0.0,0.0,0.0,0.0,0.0,3.0267642,0.0,0.0,0.0,5.8612843,4.503635,3.658663,0.0,4.2052813,0.0,0.0,0.0,0.65506375,0.0,3.7754285,0.0,0.0,0.0,0.0,0.0,0.0,0.0,3.3832185,0.0,0.0,0.0,0.0,0.0,0.0,0.0,0.0,0.0,0.0,0.31226113,0.0,0.0,0.0,0.0,10.318341,0.0,0.0,0.3899715,0.0,0.0,7.0779696,6.4555144,0.0,1.5856179,3.1120355,5.8144474
ACH-000021,0.0,0.0,5.7725058,2.4576433,0.0,4.502392,3.2118552,0.0,6.174756,0.0,0.0,3.4259763,0.0,0.0,0.0,0.0,0.0,0.0,0.0,0.0,0.0,0.0,0.0,0.0,0.0,4.2519717,0.0,0.0,0.0,0.0,6.5307264,3.5916777,0.0,0.0,0.0,0.0,0.0,0.0,0.0,4.492604,0.0,0.0,0.0,0.0,1.175462,0.0,0.0,3.8983653,0.0,0.0,0.0,0.0,0.0,0.0,0.0,0.15951417,0.0,0.0,0.0,0.0,0.0,0.0,0.0,0.0,1.3935015,6.434874,5.9124746,0.0,0.0,0.0,0.0,0.0,0.0,0.0,0.0,0.0,0.0,0.0,3.821055,0.0,0.0,0.0,6.216109,5.5681586,2.5269947,0.0,4.6187987,0.0,0.0,0.0,1.2169567,0.0,2.248526,0.0,0.0,0.0,0.0,0.0,0.0,0.0,3.5690439,0.0,0.0,0.0,0.0,0.0,0.0,0.0,0.0,0.0,0.0,0.0,0.0,0.0,0.0,0.0,10.87041,0.0,0.0,1.4469085,0.0,0.0,7.355539,6.5200725,0.0,1.5324655,2.5644732,5.2223105
ACH-000022,0.0,0.0,6.5324354,2.9315388,0.0,4.1924033,3.2978108,0.0,5.8425717,0.0,0.0,2.9572234,0.0,0.0,0.0,0.0,0.0,0.0,0.0,0.0,0.0,0.0,0.0,0.0,0.0,5.5901704,0.0,0.0,0.0,0.0,7.13237,4.6121974,0.0,0.0,0.0,0.0,0.0,0.0,0.0,5.328852,0.0,0.0,0.0,0.0,1.9234878,0.0,0.0,3.214283,0.0,0.0,0.0,0.0,0.0,0.0,0.0,1.0823497,0.0,0.0,1.100887,0.0,0.0,0.0,0.0,0.0,1.5824068,6.8787885,6.778215,0.0,0.0,0.0,0.0,0.0,0.0,0.0,0.0,0.0,0.0,0.0,3.444617,0.0,0.0,0.0,6.643542,5.462696,2.7731369,0.0,3.5685863,0.0,0.0,0.0,0.48924598,0.0,2.3070261,0.0,0.0,0.0,0.0,0.0,0.0,0.0,3.665036,0.0,0.0,0.0,0.0,0.0,0.0,0.0,0.0,0.0,0.0,0.0,0.0,0.0,0.0,0.0,11.265515,0.0,0.0,1.5778099,0.0,0.0,6.638039,6.35773,0.0,1.3699595,3.5284321,5.0750966
ACH-000023,0.0,0.0,6.010236,2.6627352,0.0,4.428671,4.381319,0.0,5.7293224,0.0,0.0,2.6787493,0.0,0.0,0.0,0.0,0.0,1.9920379,0.0,0.0,0.0,0.0,0.0,0.0,0.0,5.328593,0.0,0.0,0.0,0.0,5.7774005,4.5307646,0.0,0.0,0.0,0.0,0.0,0.0,0.0,6.5621643,0.0,0.0,0.0,0.0,1.3288155,0.0,0.0,2.6809382,0.0,0.0,0.0,0.0,0.0,0.0,0.0,0.5895048,0.0,0.0,0.0,0.0,0.0,0.0,0.0,0.0,0.9122676,6.515816,6.722377,0.0,0.0,0.0,0.0,0.0,0.0,0.0,0.0,0.0,0.0,0.0,2.8336813,0.0,0.0,0.0,6.1382565,3.9098063,2.8367627,0.0,2.9755027,0.0,0.0,0.0,0.11232857,0.0,2.3266675,0.0,0.0,0.0,0.0,0.0,0.0,0.0,3.7119083,0.0,0.0,0.0,0.0,0.0,0.0,0.0,0.0,0.0,0.0,0.0,0.0,0.0,0.0,0.0,10.3594885,0.0,0.0,0.6245214,0.0,0.0,5.947804,5.57219,0.0,1.1215419,3.0305946,3.974274
ACH-000026,0.0,0.0,5.5167007,3.1924565,0.0,4.1616216,2.7332082,0.0,5.452101,0.0,0.0,3.1284657,0.0,0.0,0.0,0.0,0.0,0.59022635,0.0,0.0,0.0,0.0,0.0,0.0,0.0,4.3255424,0.0,0.0,0.18395537,0.0,8.45065,4.6416326,0.0,0.0,0.0,0.0,0.0,0.1871141,0.0,6.27588,0.0,0.0,0.0,0.0,1.6409549,0.0,0.0,3.0681424,0.0,0.0,0.0,0.0,0.0,0.0,0.0,0.0,0.0,0.0,0.0,0.0,0.0,0.0,0.0,0.0,1.1463662,5.609793,6.668079,0.0,0.0,0.0,0.0,0.0,0.0,0.0,0.0,0.14606388,0.0,0.0,2.4751222,0.0,0.0,0.0,7.689878,4.3300314,1.969612,0.0,4.40213,0.0,0.0,0.0,0.6021888,0.0,4.181495,0.0,0.0,0.0,0.0,0.0,0.0,0.0,4.6591225,0.0,0.0,0.0,0.0,0.0,0.0,0.0,0.0,0.0,0.0,0.0,0.0,0.0,0.0,0.13200389,10.849843,0.0,0.0,2.1691868,0.0,0.0,7.24558,6.27903,0.0,0.8232625,3.0998945,5.7238035
ACH-000027,0.0,0.0,5.839609,3.0656762,0.0,5.0837026,2.4180706,0.0,5.3503833,0.0,0.0,3.6638267,0.0,0.0,0.0,0.0,0.0,0.0,0.0,0.0,0.0,0.0,0.0,0.0,0.0,5.264515,0.0,0.0,0.0,0.0,8.054867,4.787218,0.0,0.0,0.0,0.0,0.0,1.7089498,0.0,5.9823866,0.0,0.0,0.0,0.0,1.7924078,0.0,0.0,3.1123633,0.0,0.0,0.0,0.0,0.0,0.0,0.0,0.0,0.0,0.0,0.0,0.0,0.0,0.0,0.0,0.0,1.8472507,6.48379,5.560652,0.0,0.0,0.0,0.0,0.0,0.0,0.0,0.0,0.49693474,0.0,0.0,3.2776587,0.0,0.0,0.0,5.054382,6.256833,3.170532,0.0,5.4920006,0.0,0.0,0.0,0.0,0.0,2.6548438,0.0,0.0,0.0,0.0,0.0,0.0,0.0,5.0742197,0.0,0.0,0.0,0.0,0.0,0.0,0.0,0.0,0.0,0.0,0.0,0.0,0.0,0.0,0.0,12.083375,0.0,0.0,2.6061654,0.0,0.0,8.306344,5.951941,0.0,1.3139802,3.7644083,5.5785046
ACH-000030,0.0,0.0,5.0748935,3.5188353,0.0,4.643614,2.0116198,0.0,5.7451906,0.0,0.0,4.320605,0.0,0.0,0.0,0.0,0.0,0.0,0.0,0.0,0.0,0.0,0.0,0.0,0.0,5.027965,0.0,0.0,0.0,0.0,8.691561,3.808155,0.0,0.0,0.0,0.0,0.0,0.691334,0.0,5.7139964,0.0,0.0,0.0,0.0,1.4834055,0.0,0.0,2.934897,0.0,0.0,0.0,0.0,0.0,0.0,0.0,0.0,0.0,0.0,0.0,0.0,0.0,0.0,0.0,0.0,1.2399205,6.657011,6.1011705,0.0,0.0,0.0,0.0,0.0,0.0,0.0,0.0,0.0,0.0,0.0,2.5771813,0.0,0.0,0.0,7.1616507,7.2102513,1.968613,0.0,5.103349,0.0,0.0,0.0,0.0,0.0,3.3288438,0.0,0.0,0.0,0.0,0.0,0.0,0.0,5.83437,0.0,0.0,0.0,0.0,0.0,0.0,0.0,0.0,0.0,0.0,0.0,0.0,0.0,0.0,0.0,13.088059,0.0,0.0,2.222399,0.0,0.0,7.7603602,7.162535,0.0,1.1486114,2.9318755,6.063357
ACH-000035,0.0,0.0,5.6901965,2.5884178,0.0,4.9304304,1.6981522,0.0,5.3435674,0.0,0.0,4.3057475,0.0,0.0,0.0,0.0,0.0,0.0,0.0,0.0,0.0,0.0,0.0,0.0,0.0,5.2375355,0.0,0.0,0.0,0.0,8.082209,4.660661,0.0,0.0,0.0,0.0,0.0,0.19970044,0.0,4.973046,0.0,0.0,0.0,0.0,2.5346987,0.0,0.0,4.457275,0.0,0.0,0.0,0.0,0.0,0.0,0.0,0.0,0.0,0.0,0.0,0.0,0.0,0.0,0.0,0.0,1.4637467,6.720165,7.8370366,0.0,0.0,0.0,0.0,0.0,0.0,0.0,0.0,0.0,0.0,0.0,3.7285082,0.0,0.0,0.0,7.71246,6.6327763,2.8756745,0.0,5.714364,0.0,0.0,0.0,0.0,0.0,3.7810438,0.0,0.0,0.0,0.0,0.0,0.0,0.0,5.180294,0.0,0.0,0.0,0.0,0.0,0.0,0.0,0.0,0.0,0.0,0.0,0.0,0.0,0.0,0.0,12.607223,0.0,0.0,2.2301755,0.0,0.0,8.847405,7.3553243,0.0,0.8446723,3.4049015,6.3578506
ACH-000037,0.0,0.0,5.0065393,2.92641,0.0,4.707035,2.690995,0.0,6.20958,0.0,0.0,3.8518794,0.0,0.0,0.0,0.0,0.0,0.0,0.0,0.0,0.0,0.0,0.0,0.0,0.0,5.9843183,0.0,0.0,0.0,0.0,8.563251,5.7206764,0.0,0.0,0.0,0.0,0.0,1.0937213,0.0,5.9848895,0.0,0.0,0.0,0.0,2.301746,0.0,0.0,3.3400683,0.0,0.0,0.0,0.0,0.0,0.0,0.0,0.0,0.0,0.0,0.0,0.0,0.0,0.0,0.0,0.0,1.5338583,6.9354544,7.731103,0.0,0.0,0.0,0.0,0.0,0.0,0.0,0.0,0.0,0.0,0.0,2.7363713,0.0,0.0,0.0,8.545382,6.3408594,2.4678862,0.0,4.8754683,0.0,0.0,0.0,0.0,0.0,2.1331413,0.0,0.0,0.0,0.0,0.0,0.0,0.0,4.3215265,0.0,0.0,0.0,0.0,0.0,0.0,0.0,0.0,0.0,0.0,0.0,0.0,0.0,0.0,0.0,12.377187,0.0,0.0,2.2293687,0.0,0.0,7.2663426,7.0243196,0.0,0.47870097,2.1056056,6.0909514
ACH-000040,0.0,0.0,6.2647967,2.8237088,0.0,5.090177,3.3528907,0.0,4.532991,0.0,0.0,4.0440474,0.0,0.0,0.0,0.0,0.0,0.0,0.0,0.0,0.0,0.0,0.0,0.0,0.0,5.560631,0.0,0.0,0.0,0.0,8.231887,4.150888,0.0,0.0,0.0,0.0,0.0,0.36581337,0.0,4.866262,0.0,0.0,0.0,0.0,0.68445843,0.0,0.0,3.4315023,0.0,0.0,0.0,0.0,0.0,0.0,0.0,0.0,0.0,0.0,0.0,0.0,0.0,0.0,0.0,0.0,0.81843156,5.8306136,7.109948,0.0,0.0,0.0,0.0,0.0,0.0,0.0,0.0,0.0,0.0,0.0,3.1935637,0.0,0.0,0.0,6.218586,6.5499935,1.995187,0.0,5.304691,0.0,0.0,0.0,1.5964545,0.0,2.6253216,0.0,0.0,0.0,0.0,0.0,0.0,0.0,4.436144,0.0,0.0,0.0,0.0,0.0,0.0,0.0,0.0,0.0,0.0,0.0,0.0,0.0,0.0,0.0,12.909427,0.0,0.0,2.5222206,0.0,0.0,7.822,7.350615,0.0,0.3813735,3.4539545,5.51851
ACH-000042,0.0,0.0,5.979603,2.5258448,0.0,3.832702,3.472806,0.0,5.0879683,0.0,0.0,3.2565427,0.0,0.0,0.0,0.0,0.0,0.47395355,0.0,0.0,0.0,0.0,0.0,0.0,0.0,5.5582156,0.0,0.0,0.0,0.0,7.988982,4.3510995,0.0,0.0,0.0,0.0,0.0,0.6111209,0.0,5.764714,0.0,0.0,0.0,0.0,1.5844935,0.0,0.0,2.6605139,0.0,0.0,0.0,0.0,0.0,0.0,0.0,0.0,0.0,0.0,0.0,0.0,0.0,0.0,0.0,0.0,1.130837,6.3277664,6.3076615,0.0,0.0,0.0,0.0,0.0,0.0,0.0,0.0,0.0,0.0,0.0,3.5436385,0.0,0.0,0.0,6.70824,5.7149944,2.9965024,0.0,4.1810412,0.0,0.0,0.0,0.97946143,0.0,3.1900048,0.0,0.0,0.0,0.0,0.0,0.0,0.0,4.114234,0.0,0.0,0.0,0.0,0.0,0.0,0.0,0.0,0.0,0.0,0.0,0.0,0.0,0.0,0.0,12.113935,0.0,0.0,1.6294304,0.0,0.0,7.5710163,6.452889,0.0,1.2685851,2.5410042,4.7138057
ACH-000046,0.0,0.0,3.7848501,3.3763325,0.0,5.52652,1.9312623,0.0,5.6747813,0.0,0.0,4.8253202,0.0,0.0,0.0,0.0,0.0,0.0,0.0,0.0,0.0,0.0,0.0,0.0,0.0,5.3896,0.0,0.0,0.04308448,0.0,8.41041,4.035868,0.0,0.0,0.0,0.0,0.0,0.0,0.0,6.1727357,0.0,0.0,0.0,0.0,2.0255535,0.0,0.0,3.1628866,0.0,0.0,0.0,0.0,0.0,0.0,0.0,0.0,0.0,0.0,0.0,0.0,0.0,0.0,0.0,0.0,1.3033482,6.3099465,6.069978,0.0,0.0,0.0,0.0,0.0,0.0,0.0,0.0,0.0,0.0,0.0,3.2234004,0.0,0.0,0.0,7.059476,6.0074987,1.850707,0.0,4.364398,0.0,0.0,0.0,0.0,0.0,4.1455107,0.0,0.0,0.0,0.0,0.0,0.0,0.0,4.592068,0.0,0.0,0.0,0.0,0.0,0.0,0.0,0.0,0.0,0.0,0.0,0.0,0.0,0.0,0.0,12.735783,0.0,0.0,1.8813177,0.0,0.0,7.6152244,8.075111,0.0,1.3538465,2.2122538,6.826592
ACH-000048,0.0,0.0,5.0555964,1.7503773,0.0,3.8215559,2.2768342,0.0,4.7453866,0.0,0.0,2.8354852,0.0,0.0,0.0,0.0,0.0,0.0,0.0,0.0,0.0,0.0,0.0,0.0,0.0,4.478138,0.0,0.0,0.0,0.0,6.321049,3.6612391,0.0,0.0,0.0,0.0,0.0,0.0,0.0,3.9909368,0.0,0.0,0.0,0.0,1.2976756,0.0,0.0,2.2928228,0.0,0.0,0.0,0.0,0.0,0.0,0.0,1.1834255,0.0,0.0,0.0,0.0,0.0,0.0,0.0,0.0,1.7800999,6.660446,4.8836336,0.0,0.0,0.0,0.0,0.0,0.0,0.0,0.0,0.0,0.0,0.0,3.1939695,0.0,0.0,0.0,5.7558293,5.276063,1.9534386,0.0,5.0773735,0.0,0.0,0.0,0.6998818,0.0,2.154935,0.0,0.0,0.0,0.0,0.0,0.0,0.0,3.2855232,0.0,0.0,0.0,0.0,0.0,0.0,0.0,0.0,0.0,0.0,0.0,0.0,0.0,0.0,0.0,10.918767,0.0,0.0,1.6935734,0.0,0.0,6.80337,6.421637,0.0,1.3593315,2.4503427,4.65043
ACH-000052,0.0,0.0,5.9488344,2.333864,0.0,4.3694916,2.1018422,0.0,6.1347756,0.0,0.0,2.901022,0.0,0.0,0.0,0.0,0.0,0.0,0.0,0.0,0.0,0.0,0.0,0.0,0.0,5.6682215,0.0,0.0,0.0,0.0,7.498084,5.3613434,0.0,0.0,0.0,0.0,0.0,0.0,0.0,5.409063,0.0,0.0,0.0,0.0,1.9553568,0.0,0.0,3.1328528,0.0,0.0,0.0,0.0,0.0,0.0,0.0,0.28315642,0.0,0.0,0.0,0.0,0.0,0.0,0.0,0.0,0.6630324,7.099536,6.455689,0.0,0.0,0.0,0.0,0.0,0.0,0.0,0.0,0.6518106,0.0,0.0,2.7430813,0.0,0.0,0.0,6.6316996,6.196496,3.092604,0.0,4.4905014,0.0,0.0,0.0,0.0,0.0,2.3536232,0.0,0.0,0.0,0.0,0.0,0.0,0.0,4.803872,0.0,0.0,0.0,0.0,0.0,0.0,0.0,0.0,0.0,0.0,0.0,0.0,0.0,0.0,0.91557825,11.581722,0.0,0.0,1.6741318,0.0,0.0,6.3842654,6.6919627,0.0,1.1533843,2.7097726,5.249831
ACH-000054,0.0,0.0,5.2802978,2.9142764,0.0,4.4438214,1.860298,0.0,5.5553784,0.0,0.0,3.6893609,0.0,0.0,0.0,0.0,0.0,0.0,0.0,0.0,0.0,0.0,0.0,0.0,0.0,5.97219,0.0,0.0,0.0,0.0,7.545904,4.7644157,0.0,0.0,0.0,0.0,0.0,0.5288182,0.0,6.1465564,0.0,0.0,0.0,0.0,1.8551174,0.0,0.0,2.4668765,0.0,0.0,0.0,0.0,0.0,0.0,0.0,0.0,0.0,0.0,0.0,0.0,0.0,0.0,0.0,0.0,0.35032624,6.3512435,6.649908,0.0,0.0,0.0,0.0,0.0,0.0,0.0,0.0,0.0,0.0,0.0,3.0536535,0.0,0.0,0.0,6.1088214,5.1829715,3.712944,0.0,4.492511,0.0,0.0,0.0,0.0,0.0,2.2878394,0.0,0.0,0.0,0.0,0.0,0.0,0.0,4.190179,0.0,0.0,0.0,0.0,0.0,0.0,0.0,0.0,0.0,0.0,0.0,0.0,0.0,0.0,0.7570063,11.193488,0.0,0.0,2.755875,0.0,0.0,6.6685853,6.809685,0.0,1.2025574,3.1758583,5.3736057
ACH-000060,0.0,0.0,5.988634,3.4326832,0.0,4.718109,3.333611,0.0,4.8637595,0.0,0.0,3.5889354,0.0,0.0,0.0,0.0,0.0,0.92849135,0.0,0.0,0.0,0.0,0.0,0.0,0.0,5.7143006,0.0,0.0,0.0,0.0,7.5868974,3.9827409,0.0,0.0,0.0,0.0,0.0,0.8346907,0.0,5.071821,0.0,0.0,0.0,0.0,1.7028607,0.0,0.0,2.1735463,0.0,0.0,0.0,0.0,0.0,0.0,0.0,0.0,0.0,0.0,0.0,0.0,0.0,0.0,0.0,0.0,1.4848701,6.027748,6.198063,0.0,0.0,0.0,0.0,0.0,0.0,0.0,0.0,0.0,0.0,0.0,3.2314298,0.0,0.0,0.0,7.297259,5.82613,1.8961995,0.0,4.2290874,0.0,0.0,0.0,0.0,0.0,3.6780708,0.0,0.0,0.0,0.0,0.0,0.0,0.0,4.4190965,0.0,0.0,0.0,0.0,0.0,0.0,0.0,0.0,0.0,0.0,0.5725444,0.0,0.0,0.0,0.0,11.889393,0.0,0.0,1.3004111,0.0,0.0,7.2662444,6.528451,0.0,0.42211476,3.2294698,4.3781624
ACH-000062,0.0,0.0,5.273151,3.3228955,0.0,5.8541183,2.0669188,0.0,6.2183642,0.0,0.0,4.1197343,0.0,0.0,0.0,0.0,0.0,0.0,0.0,0.0,0.0,0.0,0.0,0.0,0.0,4.866275,0.0,0.0,0.0,0.0,8.606181,4.5693808,0.0,0.0,0.0,0.0,0.0,0.46897635,0.0,5.917864,0.0,0.0,0.0,0.0,2.1476316,0.0,0.0,3.2741218,0.0,0.0,0.0,0.0,0.0,0.0,0.0,0.0,0.0,0.0,0.0,0.0,0.0,0.0,0.0,0.0,1.0272336,8.245014,7.063077,0.0,0.0,0.0,0.0,0.0,0.0,0.0,0.0,0.0,0.0,0.0,3.9003315,0.0,0.0,0.0,7.328962,6.61994,2.289738,0.0,5.4737244,0.0,0.0,0.0,0.10000991,0.0,3.6426551,0.0,0.0,0.0,0.0,0.0,0.0,0.0,5.5977917,0.0,0.0,0.0,0.0,0.0,0.0,0.0,0.0,0.0,0.0,0.0,0.0,0.0,0.0,0.0,13.927146,0.0,0.0,2.2650418,0.0,0.0,7.0899177,7.0546694,0.0,1.3877013,2.5877078,6.2234697
ACH-000066,0.0,0.0,6.2033386,3.5395758,0.0,5.767025,2.3408556,0.0,6.5361886,0.0,0.0,4.7306576,0.0,0.0,0.0,0.0,0.0,0.0,0.0,0.0,0.0,0.0,0.0,0.0,0.0,5.0886254,0.0,0.0,0.0,0.0,9.048519,4.2672787,0.0,0.0,0.0,0.0,0.0,0.4352791,0.0,5.527733,0.0,0.0,0.0,0.0,1.7825354,0.0,0.0,4.0157266,0.0,0.0,0.0,0.0,0.0,0.0,0.0,0.0,0.0,0.0,0.0,0.0,0.0,0.0,0.0,0.0,0.5252871,6.7169394,7.706744,0.0,0.0,0.0,0.0,0.0,0.0,0.0,0.0,0.0,0.0,0.0,3.5346115,0.0,0.0,0.0,8.385927,6.3510485,3.1819932,0.0,5.57956,0.0,0.0,0.0,0.0,0.0,2.6648192,0.0,0.0,0.0,0.0,0.0,0.0,0.0,4.487071,0.0,0.0,0.0,0.0,0.0,0.0,0.0,0.0,0.0,0.0,0.0,0.0,0.0,0.0,0.0,13.421428,0.0,0.0,1.955772,0.0,0.0,8.516189,7.505501,0.0,0.92435867,3.3806953,6.4636745
ACH-000082,0.0,0.0,6.4772515,2.854744,0.0,4.773684,3.4095724,0.0,5.9561534,0.0,0.0,3.0318916,0.0,0.0,0.0,0.0,0.0,0.0,0.0,0.0,0.0,0.0,0.0,0.0,0.0,5.4392476,0.0,0.0,0.0,0.0,7.214688,4.1337814,0.0,0.0,0.0,0.0,0.0,0.2670517,0.0,5.305473,0.0,0.0,0.0,0.0,1.6467043,0.0,0.0,3.406324,0.0,0.0,0.0,0.0,0.0,0.0,0.0,0.34419355,0.0,0.0,0.0,0.0,0.0,0.0,0.0,0.0,1.3480048,6.839982,6.727996,0.0,0.0,0.0,0.0,0.0,0.0,0.0,0.0,0.0,0.0,0.0,3.2506735,0.0,0.0,0.0,6.398087,5.8560114,1.9913533,0.0,4.9584055,0.0,0.0,0.0,1.1216348,0.0,2.5849037,0.0,0.0,0.0,0.0,0.0,0.0,0.0,4.6276026,0.0,0.0,0.0,0.0,0.0,0.0,0.0,0.0,0.0,0.0035836382,0.0,0.0,0.0,0.0,0.0,12.183357,0.0,0.0,2.300452,0.0,0.0,8.340449,6.8509097,0.0,1.3497927,3.7650542,5.498582
ACH-000086,0.0,0.0,5.57949,2.920217,0.0,4.7051277,1.7433347,0.0,4.957495,0.0,0.0,3.7996275,0.0,0.0,0.0,0.0,0.0,0.0,0.0,0.0,0.0,0.0,0.0,0.0,0.0,4.451642,0.0,0.0,0.0,0.0,7.4096937,4.4862437,0.0,0.0,0.0,0.0,0.0,0.05090429,0.0,5.811848,0.0,0.0,0.0,0.0,2.117222,0.0,0.0,3.2643778,0.0,0.0,0.0,0.0,0.0,0.0,0.0,0.0,0.0,0.0,0.0,0.0,0.0,0.0,0.0,0.0,1.2090122,5.700019,6.1662445,0.0,0.0,0.0,0.0,0.0,0.0,0.0,0.0,0.20372374,0.0,0.0,2.7885294,0.0,0.0,0.0,6.77847,6.2085414,3.5412529,0.0,4.669698,0.0,0.0,0.0,0.09359536,0.0,3.1821678,0.0,0.0,0.0,0.0,0.0,0.0,0.0,4.1453295,0.0,0.0,0.0,0.0,0.0,0.0,0.0,0.0,0.0,0.0,0.0,0.0,0.0,0.0,0.0,10.960807,0.0,0.0,0.708676,0.0,0.0,6.327049,6.4856563,0.0,1.629324,3.313158,5.270457
ACH-000087,0.0,0.0,4.9506865,1.9559615,0.0,4.3125734,1.7298872,0.0,4.965272,0.0,0.0,2.9037426,0.0,0.0,0.0,0.0,0.0,0.0,0.0,0.0,0.0,0.0,0.0,0.0,0.0,4.6885643,0.0,0.0,0.0,0.0,6.127607,4.628581,0.0,0.0,0.0,0.0,0.0,0.0,0.0,4.6195807,0.0,0.0,0.0,0.0,1.7430094,0.0,0.0,3.5489194,0.0,0.0,0.0,0.0,0.0,0.0,0.0,0.23621063,0.0,0.0,0.0,0.0,0.0,0.0,0.0,0.0,1.2028766,6.192102,6.1630206,0.0,0.0,0.0,0.0,0.0,0.0,0.0,0.0,0.0,0.0,0.0,1.8022648,0.0,0.0,0.0,5.1695504,5.489394,2.3190248,0.0,5.4811277,0.0,0.0,0.0,0.0,0.0,2.589687,0.0,0.0,0.0,0.0,0.0,0.0,0.0,4.6579046,0.0,0.0,0.0,0.0,0.0,0.0,0.0,0.0,0.0,0.0,0.0,0.0,0.0,0.0,0.16678722,10.982096,0.0,0.0,1.6948612,0.0,0.0,6.6889815,6.026465,0.0,1.2299913,2.8790376,4.3766637
ACH-000090,0.0,0.0,5.3332863,2.5920012,0.0,4.9408464,2.9710038,0.0,6.699369,0.0,0.0,3.116987,0.0,0.0,0.0,0.0,0.0,0.0,0.0,0.0,0.0,0.0,0.0,0.0,0.0,4.890087,0.0,0.0,0.0,0.0,8.090394,4.5907755,0.0,0.0,0.0,0.0,0.0,0.10475415,0.0,5.9238257,0.0,0.0,0.0,0.0,1.6662194,0.0,0.0,1.8858252,0.0,0.0,0.0,0.0,0.0,0.0,0.0,0.52247375,0.0,0.0,0.0,0.0,0.0,0.0,0.0,0.0,1.4357365,6.3829465,6.3382277,0.0,0.0,0.0,0.0,0.0,0.0,0.0,0.0,0.0,0.0,0.0,2.8993204,0.0,0.0,0.0,7.302664,5.5091743,2.491306,0.0,5.017414,0.0,0.0,0.0,0.0,0.0,2.4680014,0.0,0.0,0.0,0.0,0.0,0.0,0.0,5.7577505,0.0,0.0,0.0,0.0,0.0,0.0,0.0,0.0,0.0,0.0,0.0,0.0,0.0,0.0,0.0,12.1442175,0.0,0.0,1.8520092,0.0,0.0,7.7901697,7.134583,0.0,1.2413359,2.9660504,5.9720283
ACH-000091,0.0,0.0,5.303207,3.3349068,0.0,4.463512,2.2495944,0.0,5.6162257,0.0,0.0,3.8491042,0.0,0.0,0.0,0.0,0.0,0.48087025,0.0,0.0,0.0,0.0,0.0,0.0,0.0,6.2364306,0.0,0.0,0.0,0.0,8.769347,3.576942,0.0,0.0,0.0,0.0,0.0,0.37021422,0.0,6.0421104,0.0,0.0,0.0,0.0,1.422365,0.0,0.0,3.714019,0.0,0.0,0.0,0.0,0.0,0.0,0.0,0.07371871,0.0,0.0,0.0,0.0,0.0,0.0,0.0,0.0,2.4069593,7.576172,7.258336,0.0,0.0,0.0,0.0,0.0,0.0,0.0,0.0,0.33550382,0.0,0.0,3.7440138,0.0,0.0,0.0,6.6964116,6.915095,3.2880728,0.0,5.0283914,0.0,0.0,0.0,0.0,0.0,2.9943352,0.0,0.0,0.0,0.0,0.0,0.0,0.0,4.2083583,0.0,0.0,0.0,0.0,0.0,0.0,0.0,0.0,0.0,0.0,0.0,0.0,0.0,0.0,0.0,13.219602,0.0,0.0,2.145536,0.0,0.0,8.022735,6.9939494,0.0,1.0039741,3.7303622,5.423338
ACH-000092,0.0,0.0,5.5017443,4.092272,0.0,4.808082,1.5916885,0.0,5.542436,0.0,0.0,4.7752843,0.0,0.0,0.0,0.0,0.0,0.0,0.0,0.0,0.0,0.0,0.0,0.0,0.0,5.646242,0.0,0.0,0.0,0.0,8.170085,3.6548443,0.0,0.0,0.0,0.0,0.0,0.6369099,0.0,6.463395,0.0,0.0,0.0,0.0,2.3376446,0.0,0.0,4.0266128,0.0,0.0,0.0,0.0,0.0,0.0,0.0,0.0,0.0,0.0,0.0,0.0,0.0,0.0,0.0,0.0,1.3244855,6.349535,7.302907,0.0,0.0,0.0,0.0,0.0,0.0,0.0,0.0,1.4211024,0.0,0.0,2.7033384,0.0,0.0,0.0,8.103434,7.081764,2.277723,0.0,5.1890936,0.0,0.0,0.0,0.0,0.0,4.633551,0.0,0.0,0.0,0.0,0.0,0.0,0.0,4.2149963,0.0,0.0,0.0,0.0,0.0,0.0,0.0,0.0,0.0,0.0,0.0,0.0,0.0,0.0,0.0,12.726235,0.0,0.0,1.854639,0.0,0.0,7.1895375,7.1085668,0.0,2.60279,3.3653133,6.4992924
ACH-000096,0.0,0.0,6.1230397,1.965604,0.0,4.4120646,2.7918828,0.0,4.833476,0.0,0.0,3.652671,0.0,0.0,0.0,0.0,0.0,0.0,0.0,0.0,0.0,0.0,0.0,0.0,0.0,4.8317213,0.0,0.0,0.0,0.0,7.292747,3.4110446,0.0,0.0,0.0,0.0,0.0,0.0,0.74448025,4.386804,0.0,0.0,0.0,0.0,0.7449015,0.0,0.0,3.1723218,0.0,0.0,0.0,0.0,0.0,0.0,0.0,0.4767048,0.0,0.0,0.0,0.0,0.0,0.0,0.0,0.0,1.7458701,6.9682117,5.915518,0.0,0.0,0.0,0.0,0.0,0.0,0.0,0.0,0.0,0.0,0.0,3.2044728,0.0,0.0,0.0,6.64409,6.0547028,3.7253256,0.0,4.5242324,0.0,0.0,0.0,0.0,0.0,3.4599228,0.0,0.0,0.0,0.0,0.0,0.0,0.0,4.316679,0.0,0.0,0.0,0.0,0.0,0.0,0.0,0.0,0.0,0.0,0.39909434,0.0,0.0,0.0,0.0,11.237628,0.0,0.0,1.3668592,0.0,0.0,6.1066117,6.9293675,0.0,1.4106807,2.4615147,5.1066794
ACH-000097,0.0,0.0,5.7602806,3.5928214,0.0,4.35882,2.1139476,0.0,6.3787713,0.0,0.0,4.0014105,0.0,0.0,0.0,0.0,0.0,0.0,0.0,0.0,0.0,0.0,0.0,0.0,0.0,5.2441316,0.0,0.0,0.0,0.0,7.9387035,4.655304,0.0,0.0,0.0,0.0,0.0,0.0,0.0,4.974651,0.0,0.0,0.0,0.0,1.7919687,0.0,0.0,3.8766763,0.0,0.0,0.0,0.0,0.0,0.0,0.0,0.0,0.0,0.0,0.20229119,0.0,0.0,0.0,0.0,0.0,1.463897,6.5977516,5.6236057,0.0,0.0,0.0,0.0,0.0,0.0,0.0,0.0,0.0,0.0,0.0,3.1386435,0.0,0.0,0.0,6.8934274,5.300062,3.5599577,0.0,4.6983485,0.0,0.0,0.0,0.0,0.0,3.693538,0.0,0.0,0.0,0.0,0.0,0.0,0.0,4.5921526,0.0,0.0,0.0,0.0,0.0,0.0,0.0,0.0,0.0,0.0,0.0,0.0,0.0,0.0,0.0,11.905085,0.0,0.0,1.741872,0.0,0.0,7.4135513,7.312173,0.0,1.724353,3.0445182,6.1963115
ACH-000098,0.0,0.0,5.521825,3.0118911,0.0,5.0108485,2.9097834,0.0,5.8061595,0.0,0.0,3.9977534,0.0,0.0,0.0,0.0,0.0,0.0,0.0,0.0,0.0,0.0,0.0,0.0,0.0,5.784882,0.0,0.0,0.0,0.0,8.237168,4.48163,0.0,0.0,0.0,0.0,0.0,0.0,0.0,5.721825,0.0,0.0,0.0,0.0,1.1377,0.0,0.0,3.8952584,0.0,0.0,0.0,0.0,0.0,0.0,0.0,0.0,0.0,0.0,0.0,0.0,0.0,0.0,0.0,0.0,1.7472057,6.647387,6.810939,0.0,0.0,0.0,0.0,0.0,0.0,0.0,0.0,0.0,0.0,0.0,3.015959,0.0,0.0,0.0,6.66371,6.020135,3.294017,0.0,4.675736,0.0,0.0,0.0,0.4800542,0.0,2.9684026,0.0,0.0,0.0,0.0,0.0,0.0,0.0,4.4860697,0.0,0.0,0.0,0.0,0.0,0.0,0.0,0.0,0.0,0.0,0.0,0.0,0.0,0.0,0.13796112,12.618909,0.0,0.0,2.0813897,0.0,0.0,7.573463,7.3471875,0.0,0.5578299,3.2009609,5.518744
ACH-000099,0.0,0.0,4.3069925,2.811577,0.0,3.0182664,1.4515302,0.0,3.4511728,0.0,0.0,3.0975432,0.0,0.0,0.0,0.0,0.0,0.0,0.0,0.0,0.0,0.0,0.0,0.0,0.0,4.1488304,0.0,0.0,0.13242099,0.0,6.521845,4.1189213,0.0,0.0,0.0,0.0,0.0,0.0,0.6403307,4.785811,0.0,0.0,0.0,0.0,1.619133,0.0,0.0,3.1111016,0.0,0.0,0.0,0.0,0.0,0.0,0.0,0.16737835,0.0,0.0,0.0,0.0,0.0,0.0,0.0,0.0,1.9102378,5.5075564,6.595483,0.0,0.0,0.0,0.0,0.0,0.0,0.0,0.0,0.004758198,0.0,0.0,3.0413375,0.0,0.0,0.0,4.7705593,5.715165,3.852982,0.0,3.1870441,0.0,0.0,0.0,0.0,0.0,1.9363745,0.0,0.0,0.0,0.0,0.0,0.0,0.0,3.6771028,0.0,0.0,0.0,0.0,0.0,0.0,0.0,0.0,0.0,0.0,0.8536786,0.0,0.0,0.0,0.6942674,10.019439,0.0,0.0,1.4436678,0.0,0.0,6.6032634,5.275808,0.0,1.4669327,3.3603792,4.730081
ACH-000102,0.0,0.0,5.424633,2.7885153,0.0,5.321542,2.6544747,0.0,5.763086,0.0,0.0,3.8525639,0.0,0.0,0.0,0.0,0.0,0.0,0.0,0.0,0.0,0.0,0.0,0.0,0.0,5.9287066,0.0,0.0,0.0,0.0,9.056568,5.1668277,0.0,0.0,0.0,0.0,0.0,0.87857586,0.0,6.243744,0.0,0.0,0.0,0.0,1.6761429,0.0,0.0,3.4226205,0.0,0.0,0.0,0.0,0.0,0.0,0.0,0.0,0.0,0.0,0.0,0.0,0.0,0.0,0.0,0.0,0.93438023,7.707229,7.6679974,0.0,0.0,0.0,0.0,0.0,0.0,0.0,0.0,0.0,0.0,0.0,3.7000384,0.0,0.0,0.0,7.510796,6.5725284,2.507605,0.0,5.022121,0.0,0.0,0.0,0.0,0.0,2.0724263,0.0,0.0,0.0,0.0,0.0,0.0,0.0,5.20955,0.0,0.0,0.0,0.0,0.0,0.0,0.0,0.0,0.0,0.0,0.0,0.0,0.0,0.0,0.0,13.724133,0.0,0.0,1.8063266,0.0,0.0,8.223098,7.04968,0.0,0.12741666,3.5868337,5.959302
ACH-000107,0.0,0.0,5.6302066,3.3455994,0.0,4.660959,2.363446,0.0,5.694522,0.0,0.0,4.2479606,0.0,0.0,0.0,0.0,0.0,1.143606,0.0,0.0,0.0,0.0,0.0,0.0,0.0,4.6604333,0.0,0.0,0.0,0.0,8.43856,4.4169374,0.0,0.0,0.0,0.0,0.0,0.7400962,0.0,6.1683006,0.0,0.0,0.0,0.0,2.2909522,0.0,0.0,2.9898324,0.0,0.0,0.0,0.0,0.0,0.0,0.0,0.0,0.0,0.0,0.0,0.0,0.0,0.0,0.0,0.0,0.6357761,7.1795335,6.444028,0.0,0.0,0.0,0.0,0.0,0.0,0.0,0.0,0.0,0.0,0.0,3.7498384,0.0,0.0,0.0,7.522529,6.5034156,2.75405,0.0,4.8519516,0.0,0.0,0.0,0.0,0.0,3.3526113,0.0,0.0,0.0,0.0,0.0,0.0,0.0,4.406049,0.0,0.0,0.0,0.0,0.0,0.0,0.0,0.0,0.0,0.0,0.0,0.0,0.0,0.0,0.0,13.169333,0.0,0.0,1.6560091,0.0,0.0,7.6384377,6.4769835,0.0,1.1462154,3.0439236,5.8155317
ACH-000108,0.0,0.0,5.8819256,3.7305145,0.0,4.029935,1.8992232,0.0,5.5109105,0.0,0.0,3.9070027,0.0,0.0,0.0,0.0,0.0,1.5116304,0.0,0.0,0.0,0.0,0.0,0.0,0.0,4.688553,0.0,0.0,0.0,0.0,8.109803,3.6465216,0.0,0.0,0.0,0.0,0.0,0.0,0.0,5.7373443,0.0,0.0,0.0,0.0,1.9330662,0.0,0.0,3.3313694,0.0,0.0,0.0,0.0,0.0,0.0,0.0,0.0,0.0,0.0,0.0,0.0,0.0,0.0,0.0,0.0,0.79567003,5.946654,6.095132,0.0,0.0,0.0,0.0,0.0,0.0,0.0,0.0,0.0,0.0,0.0,2.4683144,0.0,0.0,0.0,8.050858,5.259017,2.145755,0.0,4.916506,0.0,0.0,0.0,0.031984784,0.0,4.140095,0.0,0.0,0.0,0.0,0.0,0.0,0.0,4.4583054,0.0,0.0,0.0,0.0,0.0,0.0,0.0,0.0,0.0,0.0,0.0,0.0,0.0,0.0,0.0,11.794932,0.0,0.0,2.0165415,0.0,0.0,6.744306,5.6317964,0.0,1.0827806,3.565081,5.6464815
ACH-000117,0.0,0.0,5.2189426,2.7982733,0.0,4.5053473,2.6302404,0.0,6.182096,0.0,0.0,3.5195315,0.0,0.0,0.0,0.0,0.0,0.0,0.0,0.0,0.0,0.0,0.0,0.0,0.0,5.0042987,0.0,0.0,0.0,0.0,7.284893,3.3714633,0.0,0.0,0.0,0.0,0.0,0.0,0.0,4.839683,0.0,0.0,0.0,0.0,1.6068281,0.0,0.0,3.2626202,0.0,0.0,0.0,0.0,0.0,0.0,0.0,0.0,0.0,0.0,0.0,0.0,0.0,0.0,0.0,0.0,1.319779,6.41237,5.822403,0.0,0.0,0.0,0.0,0.0,0.0,0.0,0.0,0.0,0.0,0.0,3.0566566,0.0,0.0,0.0,6.4039555,5.5298786,3.5450785,0.0,3.9407969,0.0,0.0,0.0,0.0,0.0,3.5613182,0.0,0.0,0.0,0.0,0.0,0.0,0.0,4.6274095,0.0,0.0,0.0,0.0,0.0,0.0,0.0,0.0,0.0,0.0,0.6958806,0.0,0.0,0.0,0.0,11.775123,0.0,0.0,0.6942608,0.0,0.0,6.9445224,6.169398,0.0,1.5620273,2.9154575,5.2890925
ACH-000118,0.0,0.0,6.191085,3.30087,0.0,4.535497,3.021083,0.0,4.822105,0.0,0.0,4.2242045,0.0,0.0,0.0,0.0,0.0,0.0,0.0,0.0,0.0,0.0,0.0,0.0,0.0,5.530917,0.0,0.0,0.124590196,0.0,8.088637,3.0793314,0.0,0.0,0.0,0.0,0.0,0.44723412,0.0,5.599409,0.0,0.0,0.0,0.0,1.370102,0.0,0.0,2.8627949,0.0,0.0,0.0,0.0,0.0,0.0,0.0,0.16598056,0.0,0.0,0.0,0.0,0.0,0.0,0.0,0.0,1.2235845,6.281668,6.2644324,0.0,0.0,0.0,0.0,0.0,0.0,0.0,0.0,0.0,0.0,0.0,3.0645983,0.0,0.0,0.0,6.5150957,6.385878,3.1960793,0.0,4.8313913,0.0,0.0,0.0,0.0,0.0,3.2928357,0.0,0.0,0.0,0.0,0.0,0.0,0.0,4.558452,0.0,0.0,0.0,0.0,0.0,0.0,0.0,0.0,0.0,0.0,0.0,0.0,0.0,0.0,0.0,12.647535,0.0,0.0,1.7573191,0.0,0.0,7.620937,7.0062366,0.0,1.2469676,3.386153,4.4174676
ACH-000123,0.0,0.0,5.4446487,1.5972041,0.0,3.119921,2.9843166,0.0,4.114767,0.0,0.0,2.1493719,0.0,0.0,0.0,0.0,0.0,0.3898161,0.0,0.0,0.0,0.0,0.0,0.0,0.0,3.7804835,0.0,0.0,0.14225098,0.0,6.08278,3.573463,0.0,0.0,0.0,0.0,0.0,0.18769215,0.5486505,4.058134,0.0,0.0,0.0,0.0,1.1170877,0.0,0.0,2.0213294,0.0,0.0,0.0,0.0,0.0,0.0,0.0,1.0454453,0.0,0.0,0.25120026,0.0,0.0,0.0,0.0,0.0,1.9671772,5.1249757,5.108736,0.0,0.0,0.0,0.0,0.0,0.0,0.0,0.0,0.0,0.0,0.0,2.9569256,0.0,0.0,0.0,5.1689606,4.2642426,1.4323796,0.0,4.131423,0.0,0.0,0.0,0.44473973,0.0,2.6936595,0.0,0.0,0.0,0.0,0.0,0.0,0.0,3.495805,0.0,0.0,0.0,0.0,0.0,0.0,0.0,0.0,0.0,0.024367897,0.0,0.0,0.0,0.0,0.15661277,8.897132,0.0,0.0,1.4788104,0.0,0.0,5.6161723,5.1178403,0.0,0.49622467,2.2896147,4.787191
ACH-000132,0.0,0.0,4.8340826,3.6647465,0.0,5.341295,2.5340078,0.0,5.8615966,0.0,0.0,4.122386,0.0,0.0,0.0,0.0,0.0,0.0,0.0,0.0,0.0,0.0,0.0,0.0,0.0,5.877353,0.0,0.0,0.0,0.0,8.327739,3.6561809,0.0,0.0,0.0,0.0,0.0,0.14386185,0.0,5.4208183,0.0,0.0,0.0,0.0,2.1933625,0.0,0.0,3.0556,0.0,0.0,0.0,0.0,0.0,0.0,0.0,0.0,0.0,0.0,0.0,0.0,0.0,0.0,0.0,0.0,1.3315398,6.39901,6.2174416,0.0,0.0,0.0,0.0,0.0,0.0,0.0,0.0,0.0,0.0,0.0,3.2272704,0.0,0.0,0.0,7.305336,5.5574956,2.9093952,0.0,3.7790246,0.0,0.0,0.0,0.0,0.0,3.5774913,0.0,0.0,0.0,0.0,0.0,0.0,0.0,4.6610084,0.0,0.0,0.0,0.0,0.0,0.0,0.0,0.0,0.0,0.0,0.0,0.0,0.0,0.0,0.0,12.460879,0.0,0.0,2.3289075,0.0,0.0,7.2088857,6.564876,0.0,1.2683595,3.199511,5.841483
ACH-000133,0.0,0.0,6.241532,3.5511281,0.0,5.4974813,2.575201,0.0,7.0447326,0.0,0.0,4.100805,0.0,0.0,0.0,0.0,0.0,0.0,0.0,0.0,0.0,0.0,0.0,0.0,0.0,5.9998136,0.0,0.0,0.0,0.0,8.135859,5.021453,0.0,0.0,0.0,0.0,0.0,0.4864578,0.0,6.911035,0.0,0.0,0.0,0.0,1.5626966,0.0,0.0,3.8293722,0.0,0.0,0.0,0.0,0.0,0.0,0.0,0.0,0.0,0.0,0.0,0.0,0.0,0.0,0.0,0.0,1.302199,7.583363,6.4208956,0.0,0.0,0.0,0.0,0.0,0.0,0.0,0.0,0.0,0.0,0.0,3.8773458,0.0,0.0,0.0,8.318895,7.4070253,2.3596206,0.0,5.132058,0.0,0.0,0.0,0.0,0.0,2.9297514,0.0,0.0,0.0,0.0,0.0,0.0,0.0,5.9562035,0.0,0.0,0.0,0.0,0.0,0.0,0.0,0.0,0.0,0.0,0.0,0.0,0.0,0.0,0.0,14.505456,0.0,0.0,3.097435,0.0,0.0,8.435571,7.4841223,0.0,0.98137176,4.057122,6.193891
ACH-000137,0.0,0.0,5.51445,2.62359,0.0,4.8670087,2.463782,0.0,6.30871,0.0,0.0,4.535621,0.0,0.0,0.0,0.0,0.0,0.0,0.0,0.0,0.0,0.0,0.0,0.0,0.0,4.8463025,0.0,0.0,0.0,0.0,7.6840334,4.760413,0.0,0.0,0.0,0.0,0.0,0.24011502,0.0,5.1764426,0.0,0.0,0.0,0.0,2.2544084,0.0,0.0,3.8820016,0.0,0.0,0.0,0.0,0.0,0.0,0.0,0.0,0.0,0.0,0.0,0.0,0.0,0.0,0.0,0.0,1.588474,7.1344686,7.3324,0.0,0.0,0.0,0.0,0.0,0.0,0.0,0.0,0.0,0.0,0.0,3.6278179,0.0,0.0,0.0,6.9575305,6.4833827,2.3253722,0.0,5.6511393,0.0,0.0,0.0,0.0,0.0,2.0826724,0.0,0.0,0.0,0.0,0.0,0.0,0.0,5.1764417,0.0,0.0,0.0,0.0,0.0,0.0,0.0,0.0,0.0,0.0,0.0,0.0,0.0,0.0,0.0,12.75118,0.0,0.0,2.057128,0.0,0.0,8.502642,6.781449,0.0,0.39811993,3.0677135,6.2381935
ACH-000138,0.0,0.0,5.34184,4.2522254,0.0,5.101549,2.0027683,0.0,5.5996394,0.0,0.0,4.551236,0.0,0.0,0.0,0.0,0.0,0.0,0.0,0.0,0.0,0.0,0.0,0.0,0.0,4.9448037,0.0,0.0,0.54509664,0.0,8.661772,4.196548,0.0,0.0,0.0,0.0,0.0,0.0,0.0,5.98039,0.0,0.0,0.0,0.0,1.7832259,0.0,0.0,4.0449,0.0,0.0,0.0,0.0,0.0,0.0,0.0,0.0,0.0,0.0,0.0,0.0,0.0,0.0,0.0,0.0,0.65243727,6.773195,5.9139347,0.0,0.0,0.0,0.0,0.0,0.0,0.0,0.0,0.0,0.0,0.0,3.068373,0.0,0.0,0.0,7.4873147,5.540637,1.8514564,0.0,4.2617073,0.0,0.0,0.0,0.068931945,0.0,3.8103065,0.0,0.0,0.0,0.0,0.0,0.0,0.0,4.899317,0.0,0.0,0.0,0.0,0.0,0.0,0.0,0.0,0.0,0.0,0.0,0.0,0.0,0.0,0.0,13.5311575,0.0,0.0,1.5262133,0.0,0.0,7.664848,6.8696427,0.0,0.93377036,3.2955103,5.6764064
ACH-000139,0.0,0.0,5.7548323,3.1260011,0.0,4.608083,2.6211188,0.0,5.7150593,0.0,0.0,3.957087,0.0,0.0,0.0,0.0,0.0,0.2950583,0.0,0.0,0.0,0.0,0.0,0.0,0.0,5.238192,0.0,0.0,0.2699943,0.0,8.20554,3.8552876,0.0,0.0,0.0,0.0,0.0,0.6951837,0.0,5.8112216,0.0,0.0,0.0,0.0,1.542575,0.0,0.0,3.5474825,0.0,0.0,0.0,0.0,0.0,0.0,0.0,0.0,0.0,0.0,0.0,0.0,0.0,0.0,0.0,0.0,1.5964372,6.89043,6.2366295,0.0,0.0,0.0,0.0,0.0,0.0,0.0,0.0,0.0,0.0,0.0,3.665899,0.0,0.0,0.0,6.7706056,5.580696,2.6642227,0.0,4.8603997,0.0,0.0,0.0,0.1851486,0.0,2.762407,0.0,0.0,0.0,0.0,0.0,0.0,0.0,4.4128695,0.0,0.0,0.0,0.0,0.0,0.0,0.0,0.0,0.0,0.0,0.0,0.0,0.0,0.0,0.0,12.304675,0.0,0.0,1.9130167,0.0,0.0,7.173391,6.3430786,0.0,0.6613539,2.781455,5.8622303
ACH-000141,0.0,0.0,6.0324936,2.7879882,0.0,4.962615,3.0573761,0.0,7.1593976,0.0,0.0,2.9545388,0.0,0.0,0.0,0.0,0.0,0.0,0.0,0.0,0.0,0.0,0.0,0.0,0.0,5.5849757,0.0,0.0,0.0,0.0,8.753828,4.110341,0.0,0.0,0.0,0.0,0.0,1.0685028,0.0,5.560531,0.0,0.0,0.0,0.0,1.0953072,0.0,0.0,2.999649,0.0,0.0,0.0,0.0,0.0,0.0,0.0,0.08414559,0.0,0.0,0.0,0.0,0.0,0.0,0.0,0.0,1.5924374,7.827966,7.074119,0.0,0.0,0.0,0.0,0.0,0.0,0.0,0.0,0.0,0.0,0.0,4.3851323,0.0,0.0,0.0,7.327146,7.6930113,1.6609056,0.0,4.8306746,0.0,0.0,0.0,0.8684492,0.0,1.8100756,0.0,0.0,0.0,0.0,0.0,0.0,0.0,5.278593,0.0,0.0,0.0,0.0,0.0,0.0,0.0,0.0,0.0,0.0,0.0,0.0,0.0,0.0,0.0,12.994163,0.0,0.0,2.6321855,0.0,0.0,8.680828,6.8873334,0.0,1.1951693,3.0349615,6.059588
ACH-000142,0.0,0.0,5.53646,3.1429334,0.0,5.988412,2.5366335,0.0,6.3175225,0.0,0.0,3.7117105,0.0,0.0,0.0,0.0,0.0,0.32502508,0.0,0.0,0.0,0.0,0.0,0.0,0.0,4.417996,0.0,0.0,0.0,0.0,8.081313,4.739592,0.0,0.0,0.0,0.0,0.0,0.8712068,0.0,5.44694,0.0,0.0,0.0,0.0,1.9800674,0.0,0.0,2.997465,0.0,0.0,0.0,0.0,0.0,0.0,0.0,0.0,0.0,0.0,0.0,0.0,0.0,0.0,0.0,0.0,0.52079874,7.1933703,6.809354,0.0,0.0,0.0,0.0,0.0,0.0,0.0,0.0,0.0,0.0,0.0,2.6191466,0.0,0.0,0.0,7.5178843,5.957981,2.0908053,0.0,5.953896,0.0,0.0,0.0,0.0,0.0,3.5396967,0.0,0.0,0.0,0.0,0.0,0.0,0.0,6.492129,0.0,0.0,0.0,0.0,0.0,0.0,0.0,0.0,0.0,0.0,0.0,0.0,0.0,0.0,0.0,13.079759,0.0,0.0,1.8988551,0.0,0.0,7.02469,6.7086368,0.0,0.93736345,2.7147524,5.8424788
ACH-000147,0.0,0.0,4.919663,2.9839752,0.0,4.0241013,2.5505478,0.0,4.359755,0.0,0.0,3.4524186,0.0,0.0,0.0,0.0,0.0,0.0,0.0,0.0,0.0,0.0,0.0,0.0,0.0,4.7217593,0.0,0.0,0.0,0.0,6.921192,4.347984,0.0,0.0,0.0,0.0,0.0,0.25442135,0.0,5.8712854,0.0,0.0,0.0,0.0,1.5314521,0.0,0.0,3.0615623,0.0,0.0,0.0,0.0,0.0,0.0,0.0,0.0,0.0,0.0,0.0,0.0,0.0,0.0,0.0,0.0,2.3063762,5.48846,6.162357,0.0,0.0,0.0,0.0,0.0,0.0,0.0,0.0,0.0,0.0,0.0,3.0974226,0.0,0.0,0.0,6.133426,5.2125473,3.6942933,0.0,4.6861887,0.0,0.0,0.0,0.0,0.0,3.6286762,0.0,0.0,0.0,0.0,0.0,0.0,0.0,3.7263215,0.0,0.0,0.0,0.0,0.0,0.0,0.0,0.0,0.0,0.0,1.2413472,0.0,0.0,0.0,0.0,10.845508,0.0,0.0,0.99489367,0.0,0.0,7.8684883,6.698129,0.0,1.6886789,2.5679963,5.9499373
ACH-000153,0.0,0.0,5.7293634,3.51367,0.0,5.042946,2.0715556,0.0,6.614978,0.0,0.0,3.7648294,0.0,0.0,0.0,0.0,0.0,0.0,0.0,0.0,0.0,0.0,0.0,0.0,0.0,5.0338345,0.0,0.0,0.0,0.0,8.6536,4.3337812,0.0,0.0,0.0,0.0,0.0,0.0,0.0,5.551374,0.0,0.0,0.0,0.0,2.4794683,0.0,0.0,4.457612,0.0,0.0,0.0,0.0,0.0,0.0,0.0,0.0,0.0,0.0,0.0,0.0,0.0,0.0,0.0,0.0,1.3828919,7.076687,6.063654,0.0,0.0,0.0,0.0,0.0,0.0,0.0,0.0,1.1284057,0.0,0.0,3.5129113,0.0,0.0,0.0,7.5118785,6.0195646,3.2139015,0.0,4.4470606,0.0,0.0,0.0,0.7103081,0.0,3.9275038,0.0,0.0,0.0,0.0,0.0,0.0,0.0,5.388582,0.0,0.0,0.0,0.0,0.0,0.0,0.0,0.0,0.0,0.0,0.0,0.0,0.0,0.0,0.0,12.963529,0.0,0.0,1.7499801,0.0,0.0,7.1730714,7.0104485,0.0,2.041228,3.8890784,6.3189282
ACH-000155,0.0,0.0,6.291347,2.8517883,0.0,4.695861,1.9119695,0.0,5.535386,0.0,0.0,3.2685134,0.0,0.0,0.0,0.0,0.0,0.0,0.0,0.0,0.0,0.0,0.0,0.0,0.0,4.9682174,0.0,0.0,0.0,0.0,8.374194,4.6135683,0.0,0.0,0.0,0.0,0.0,0.0,0.0,5.9781513,0.0,0.0,0.0,0.0,0.67556036,0.0,0.0,3.8090909,0.0,0.0,0.0,0.0,0.0,0.0,0.0,0.0,0.0,0.0,0.0,0.0,0.0,0.0,0.0,0.0,1.3420947,6.644162,5.6169186,0.0,0.0,0.0,0.0,0.0,0.0,0.0,0.0,0.0,0.0,0.0,2.5620902,0.0,0.0,0.0,6.698838,5.561804,3.2137573,0.0,4.750076,0.0,0.0,0.0,0.3665798,0.0,2.942263,0.0,0.0,0.0,0.0,0.0,0.0,0.0,4.1583047,0.0,0.0,0.0,0.0,0.0,0.0,0.0,0.0,0.0,0.0,0.0,0.0,0.0,0.0,0.0,12.336501,0.0,0.0,0.63074064,0.0,0.0,6.7864585,6.555116,0.0,1.9723471,3.0871303,5.519638
ACH-000159,0.0,0.0,4.81824,4.381436,0.0,4.895659,2.118818,0.0,5.892641,0.0,0.0,4.845551,0.0,0.0,0.0,0.0,0.0,0.0,0.0,0.0,0.0,0.0,0.0,0.0,0.0,5.057751,0.0,0.0,1.952284,0.0,8.357084,4.888788,0.0,0.0,0.0,0.0,0.0,1.0870754,0.0,5.999685,0.0,0.0,0.0,0.0,1.111786,0.0,0.0,3.8271658,0.0,0.0,0.0,0.0,0.0,0.0,0.0,0.0,0.0,0.0,0.0,0.0,0.0,0.0,0.0,0.0,1.423494,6.7662153,6.718712,0.0,0.0,0.0,0.0,0.0,0.0,0.0,0.0,0.023796339,0.0,0.0,2.9462054,0.0,0.0,0.0,7.2360296,5.7902584,2.2643328,0.0,5.1575174,0.0,0.0,0.0,0.9313009,0.0,3.9689918,0.0,0.0,0.0,0.0,0.0,0.0,0.0,6.1255145,0.0,0.0,0.0,0.0,0.0,0.0,0.0,0.0,0.0,0.0,0.0,0.0,0.0,0.0,0.0,13.209151,0.0,0.0,0.93717754,0.0,0.0,7.137591,6.4743257,0.0,1.818803,2.8552628,5.9993825
ACH-000161,0.0,0.0,5.551438,3.059407,0.0,4.4596367,2.5503194,0.0,5.218556,0.0,0.0,3.5657156,0.0,0.0,0.0,0.0,0.0,0.5376397,0.0,0.0,0.0,0.0,0.0,0.0,0.0,4.46286,0.0,0.0,0.4648254,0.0,8.089283,3.9191093,0.0,0.0,0.0,0.0,0.0,0.88736385,0.0,5.036988,0.0,0.0,0.0,0.0,1.3162993,0.0,0.0,3.349484,0.0,0.0,0.0,0.0,0.0,0.0,0.0,0.23887406,0.0,0.0,0.0,0.0,0.0,0.0,0.0,0.0,1.6773386,5.808654,5.784956,0.0,0.0,0.0,0.0,0.0,0.0,0.0,0.0,0.0,0.0,0.0,2.6485674,0.0,0.0,0.0,5.3184166,5.9600563,1.6746399,0.0,5.339245,0.0,0.0,0.0,1.6859354,0.0,3.4228642,0.0,0.0,0.0,0.0,0.0,0.0,0.0,3.92055,0.0,0.0,0.0,0.0,0.0,0.0,0.0,0.0,0.0,0.0,0.0,0.0,0.0,0.0,0.0,11.973486,0.0,0.0,0.90098935,0.0,0.0,6.9344983,6.045601,0.0,0.6505019,2.62783,5.8955956
ACH-000163,0.0,0.0,5.468753,3.5498507,0.0,4.544531,2.3741972,0.0,5.768514,0.0,0.0,4.275832,0.0,0.0,0.0,0.0,0.0,0.0,0.0,0.0,0.0,0.0,0.0,0.0,0.0,5.5132375,0.0,0.0,0.0,0.0,7.5561376,3.7974248,0.0,0.0,0.0,0.0,0.0,0.3111357,0.0,5.492061,0.0,0.0,0.0,0.0,1.7138339,0.0,0.0,3.0624514,0.0,0.0,0.0,0.0,0.0,0.0,0.0,0.0,0.0,0.0,0.0,0.0,0.0,0.0,0.0,0.0,1.3410509,6.8188815,6.7276926,0.0,0.0,0.0,0.0,0.0,0.0,0.0,0.0,0.0,0.0,0.0,2.9230998,0.0,0.0,0.0,6.70423,6.500885,2.4968655,0.0,5.113855,0.0,0.0,0.0,0.12281529,0.0,3.2810957,0.0,0.0,0.0,0.0,0.0,0.0,0.0,4.811227,0.0,0.0,0.0,0.0,0.0,0.0,0.0,0.0,0.0,0.0,0.0,0.0,0.0,0.0,0.0,12.676128,0.0,0.0,3.1966257,0.0,0.0,7.991758,7.2413735,0.0,1.3662084,3.161541,6.03801
ACH-000164,0.0,0.0,4.5240784,3.422834,0.0,5.006439,2.5523763,0.0,5.250251,0.0,0.0,3.2584646,0.0,0.0,0.0,0.0,0.0,0.8015005,0.0,0.0,0.0,0.0,0.0,0.0,0.0,5.1483383,0.0,0.0,0.0,0.0,8.274131,5.4295073,0.0,0.0,0.0,0.0,0.0,0.0,0.0,5.955215,0.0,0.0,0.0,0.0,0.85668176,0.0,0.0,3.7635336,0.0,0.0,0.0,0.0,0.0,0.0,0.0,0.17436074,0.0,0.0,0.0,0.0,0.0,0.0,0.0,0.0,1.7812998,5.8240747,6.6567106,0.0,0.0,0.0,0.0,0.0,0.0,0.0,0.0,0.0,0.0,0.0,3.4179785,0.0,0.0,0.0,7.110584,4.967005,3.7416484,0.0,5.3638835,0.0,0.0,0.0,0.0,0.0,2.253898,0.0,0.0,0.0,0.0,0.0,0.0,0.0,4.0069985,0.0,0.0,0.0,0.0,0.0,0.0,0.0,0.0,0.0,0.0,0.0,0.0,0.0,0.0,0.0,12.254803,0.0,0.0,1.1213013,0.0,0.0,7.317478,6.3368154,0.0,0.8273632,3.071225,4.6769567
ACH-000169,0.0,0.0,5.7853007,1.6934371,0.0,5.022549,3.2781098,0.0,5.794392,0.0,0.0,3.5796597,0.0,0.0,0.0,0.0,0.0,0.0,0.0,0.0,0.0,0.0,0.0,0.0,0.0,5.4418225,0.0,0.0,0.0,0.0,7.3310814,3.8732913,0.0,0.0,0.0,0.0,0.0,0.0,0.0,5.9900107,0.0,0.0,0.0,0.0,1.9752771,0.0,0.0,2.9349852,0.0,0.0,0.0,0.0,0.0,0.0,0.0,0.47740588,0.0,0.0,0.0,0.0,0.0,0.0,0.0,0.0,2.6995554,7.118572,7.8649063,0.0,0.0,0.0,0.0,0.0,0.0,0.0,0.0,0.0,0.0,0.0,3.4517326,0.0,0.0,0.0,6.1670666,6.8758907,2.4275084,0.0,5.264891,0.0,0.0,0.0,0.15705267,0.0,2.9127119,0.0,0.0,0.0,0.0,0.0,0.0,0.0,2.9598734,0.0,0.0,0.0,0.0,0.0,0.0,0.0,0.0,0.0,0.0,0.0,0.0,0.0,0.0,0.0,11.862487,0.0,0.0,1.7446455,0.0,0.0,7.282006,7.390915,0.0,1.7895857,2.7524164,5.790603
ACH-000171,0.0,0.0,4.2573724,4.0155582,0.0,5.6070886,1.217214,0.0,4.733871,0.0,0.0,4.351829,0.0,0.0,0.0,0.0,0.0,0.0,0.0,0.0,0.0,0.0,0.0,0.0,0.0,5.7603793,0.0,0.0,0.06770078,0.0,7.909797,4.002191,0.0,0.0,0.0,0.0,0.0,0.0,0.0,6.3925223,0.0,0.0,0.0,0.0,1.8898202,0.0,0.0,3.2005033,0.0,0.0,0.0,0.0,0.0,0.0,0.0,0.0,0.0,0.0,0.0,0.0,0.0,0.0,0.0,0.0,1.2498227,6.590805,6.8058453,0.0,0.0,0.0,0.0,0.0,0.0,0.0,0.0,0.0,0.0,0.0,3.1692467,0.0,0.0,0.0,7.062481,5.243816,2.1293602,0.0,4.8156357,0.0,0.0,0.0,0.41062737,0.0,4.023701,0.0,0.0,0.0,0.0,0.0,0.0,0.0,4.4462776,0.0,0.0,0.0,0.0,0.0,0.0,0.0,0.0,0.0,0.0,0.0,0.0,0.0,0.0,1.3937799,11.573279,0.0,0.0,1.9700459,0.0,0.0,7.911329,6.4988036,0.0,1.7398759,3.3993201,4.7988095
ACH-000172,0.0,0.0,6.8565006,2.5447686,0.0,4.1425605,2.5390623,0.0,4.243887,0.0,0.0,2.1361394,0.0,0.0,0.0,0.0,0.0,0.0,0.0,0.0,0.0,0.0,0.0,0.0,0.0,4.528953,0.0,0.0,0.0,0.0,7.2082233,3.658987,0.0,0.0,0.0,0.0,0.0,0.65721,1.3224769,4.4441113,0.0,0.0,0.0,0.0,0.95558524,0.0,0.0,3.188651,0.0,0.0,0.0,0.0,0.0,0.0,0.0,0.6447969,0.0,0.0,0.0,0.0,0.0,0.0,0.0,0.0,0.16690673,6.6515164,5.719426,0.0,0.0,0.0,0.0,0.0,0.0,0.0,0.0,0.46443,0.0,0.0,4.1170073,0.0,0.0,0.0,4.923697,4.5609202,2.2569103,0.0,4.5303617,0.0,0.0,0.0,0.2378116,0.0,2.307585,0.0,0.0,0.0,0.0,0.0,0.0,0.0,4.4952097,0.0,0.0,0.0,0.0,0.0,0.0,0.0,0.0,0.0,0.0,1.154741,0.0,0.0,0.0,0.37101302,11.153738,0.0,0.0,1.6557764,0.0,0.0,7.312589,6.1907926,0.0,0.91742736,2.7842479,4.8402543
ACH-000174,0.0,0.0,5.235076,3.432408,0.0,3.9334407,3.02057,0.0,4.8075223,0.0,0.0,3.8408117,0.0,0.0,0.0,0.0,0.0,0.0,0.0,0.0,0.0,0.0,0.0,0.0,0.0,5.363153,0.0,0.0,0.0,0.0,7.1022778,3.784284,0.0,0.0,0.0,0.0,0.0,0.0,0.0,4.82095,0.0,0.0,0.0,0.0,0.33763504,0.0,0.0,2.5911176,0.0,0.0,0.0,0.0,0.0,0.0,0.0,0.1787496,0.0,0.0,0.0,0.0,0.0,0.0,0.0,0.0,0.9983464,5.8936048,6.4011335,0.0,0.0,0.0,0.0,0.0,0.0,0.0,0.0,0.0,0.0,0.0,2.5997171,0.0,0.0,0.0,7.082231,5.3908567,3.0882175,0.0,3.946467,0.0,0.0,0.0,0.0,0.0,3.300873,0.0,0.0,0.0,0.0,0.0,0.0,0.0,5.0204444,0.0,0.0,0.0,0.0,0.0,0.0,0.0,0.0,0.0,0.0,0.0,0.0,0.0,0.0,0.0,10.961094,0.0,0.0,1.717151,0.0,0.0,6.7949433,7.144532,0.0,1.6368655,3.0124042,5.194281
ACH-000176,0.0,0.0,5.539609,3.0234954,0.0,4.2565556,2.0671115,0.0,4.4933944,0.0,0.0,3.7755873,0.0,0.0,0.0,0.0,0.0,0.0,0.0,0.0,0.0,0.0,0.0,0.0,0.0,5.5700827,0.0,0.0,0.0,0.0,6.8588123,4.226698,0.0,0.0,0.0,0.0,0.0,0.3549226,0.0,6.4098253,0.0,0.0,0.0,0.0,1.4670326,0.0,0.0,2.737215,0.0,0.0,0.0,0.0,0.0,0.0,0.0,0.0,0.0,0.0,0.0,0.0,0.0,0.0,0.0,0.0,1.1820709,6.391807,6.4172554,0.0,0.0,0.0,0.0,0.0,0.0,0.0,0.0,0.93975407,0.0,0.0,3.2205641,0.0,0.0,0.0,7.0111165,6.108354,2.343213,0.0,5.06765,0.0,0.0,0.0,0.5511786,0.0,3.105179,0.0,0.0,0.0,0.0,0.0,0.0,0.0,4.030673,0.0,0.0,0.0,0.0,0.0,0.0,0.0,0.0,0.0,0.0,0.0,0.0,0.0,0.0,1.3562866,12.136832,0.0,0.0,1.3792694,0.0,0.0,6.7416005,7.187645,0.0,1.3441678,3.713495,5.188412
ACH-000178,0.0,0.0,6.451886,3.1297615,0.0,4.8576174,2.5740752,0.0,6.999359,0.0,0.0,2.7908223,0.0,0.0,0.0,0.0,0.0,0.15366541,0.0,0.0,0.0,0.0,0.0,0.0,0.0,5.3437123,0.0,0.0,0.0,0.0,7.845931,4.8493958,0.0,0.0,0.0,0.0,0.0,0.7868809,0.0,6.4433017,0.0,0.0,0.0,0.0,1.0896943,0.0,0.0,3.9163873,0.0,0.0,0.0,0.0,0.0,0.0,0.0,0.0,0.0,0.0,0.0,0.0,0.0,0.0,0.0,0.0,1.0798918,7.4179378,7.36493,0.0,0.0,0.0,0.0,0.0,0.0,0.0,0.0,0.0,0.0,0.0,3.8189468,0.0,0.0,0.0,7.17018,7.373319,2.456707,0.0,4.05703,0.0,0.0,0.0,0.15899307,0.0,3.2920883,0.0,0.0,0.0,0.0,0.0,0.0,0.0,5.6796737,0.0,0.0,0.0,0.0,0.0,0.0,0.0,0.0,0.0,0.0,0.0,0.0,0.0,0.0,0.0,13.352817,0.0,0.0,2.5750809,0.0,0.0,8.040019,6.7968354,0.0,1.5078392,3.6593235,6.302232
ACH-000182,0.0,0.0,4.9107456,3.2537835,0.0,4.5222054,2.3129687,0.0,5.506637,0.0,0.0,4.7508707,0.0,0.0,0.0,0.0,0.0,1.1952848,0.0,0.0,0.0,0.0,0.0,0.0,0.0,5.5418363,0.0,0.0,0.0,0.0,8.58645,4.705142,0.0,0.0,0.0,0.0,0.0,0.0,0.0,5.6850114,0.0,0.0,0.0,0.0,2.3062754,0.0,0.0,4.0035996,0.0,0.0,0.0,0.0,0.0,0.0,0.0,0.0,0.0,0.0,0.0,0.0,0.0,0.0,0.0,0.0,1.195058,6.673205,6.9125853,0.0,0.0,0.0,0.0,0.0,0.0,0.0,0.0,0.0,0.0,0.0,2.8232014,0.0,0.0,0.0,8.293306,6.486876,3.3061845,0.0,5.532275,0.0,0.0,0.0,0.0,0.0,3.9596417,0.0,0.0,0.0,0.0,0.0,0.0,0.0,4.144789,0.0,0.0,0.0,0.0,0.0,0.0,0.0,0.0,0.0,0.0,0.0,0.0,0.0,0.0,0.0,13.579217,0.0,0.0,1.4638559,0.0,0.0,7.69239,7.165027,0.0,0.08996948,3.0630114,6.7104034
ACH-000186,0.0,0.0,5.3582106,2.5567262,0.0,4.7524357,2.309751,0.0,5.3191733,0.0,0.0,3.6271574,0.0,0.0,0.0,0.0,0.0,0.0,0.0,0.0,0.0,0.0,0.0,0.0,0.0,5.5027986,0.0,0.0,0.0,0.0,8.440128,5.356337,0.0,0.0,0.0,0.0,0.0,0.0,0.0,5.7664433,0.0,0.0,0.0,0.0,2.3546288,0.0,0.0,3.6229057,0.0,0.0,0.0,0.0,0.0,0.0,0.0,0.11701934,0.0,0.0,0.0,0.0,0.0,0.0,0.0,0.0,1.4200569,6.8244023,7.348251,0.0,0.0,0.0,0.0,0.0,0.0,0.0,0.0,0.0,0.0,0.0,3.0779407,0.0,0.0,0.0,6.516181,6.3729544,3.5650136,0.0,6.069887,0.0,0.0,0.0,0.0,0.0,2.4625084,0.0,0.0,0.0,0.0,0.0,0.0,0.0,5.0783734,0.0,0.0,0.0,0.0,0.0,0.0,0.0,0.0,0.0,0.0,0.0,0.0,0.0,0.0,0.0,12.208723,0.0,0.0,2.0294518,0.0,0.0,8.696242,6.555591,0.0,0.6788893,3.6048293,5.9647
ACH-000188,0.0,0.0,5.3301888,2.902548,0.0,4.7191777,2.630161,0.0,6.514691,0.0,0.0,3.5803661,0.0,0.0,0.0,0.0,0.0,0.0,0.0,0.0,0.0,0.0,0.0,0.0,0.0,5.2598023,0.0,0.0,0.0,0.0,7.4171343,5.007448,0.0,0.0,0.0,0.0,0.0,0.84573734,0.0,5.192621,0.0,0.0,0.0,0.0,1.9352335,0.0,0.0,2.964654,0.0,0.0,0.0,0.0,0.0,0.0,0.0,0.21629481,0.0,0.0,0.0,0.0,0.0,0.0,0.0,0.0,1.4607971,6.6498313,6.9068527,0.0,0.0,0.0,0.0,0.0,0.0,0.0,0.0,0.0,0.0,0.0,2.80573,0.0,0.0,0.0,6.712121,6.495004,2.4794056,0.0,4.835845,0.0,0.0,0.0,0.0,0.0,2.842079,0.0,0.0,0.0,0.0,0.0,0.0,0.0,4.4981923,0.0,0.0,0.0,0.0,0.0,0.0,0.0,0.0,0.0,0.0,0.0,0.0,0.0,0.0,0.0,12.166202,0.0,0.0,2.2056427,0.0,0.0,6.5629463,6.4258647,0.0,0.8117279,3.444922,5.549719
ACH-000189,0.0,0.0,5.9907675,4.414139,0.0,5.7002125,1.9001983,0.0,5.8194833,0.0,0.0,5.332929,0.0,0.0,0.0,0.0,0.0,0.0,0.0,0.0,0.0,0.0,0.0,0.0,0.0,4.9082503,0.0,0.0,0.9703795,0.0,8.455897,4.6829386,0.0,0.0,0.0,0.0,0.0,0.0730302,0.0,6.628138,0.0,0.0,0.0,0.0,1.8927051,0.0,0.0,3.7588646,0.0,0.0,0.0,0.0,0.0,0.0,0.0,0.0,0.0,0.0,0.0,0.0,0.0,0.0,0.0,0.0,1.1525155,6.943258,6.475462,0.0,0.0,0.0,0.0,0.0,0.0,0.0,0.0,0.0,0.0,0.0,3.1787436,0.0,0.0,0.0,7.726127,5.781567,2.1664684,0.0,4.7728853,0.0,0.0,0.0,0.17922881,0.0,3.7614412,0.0,0.0,0.0,0.0,0.0,0.0,0.0,4.618527,0.0,0.0,0.0,0.0,0.0,0.0,0.0,0.0,0.0,0.0,0.0,0.0,0.0,0.0,0.0,12.917496,0.0,0.0,1.0791332,0.0,0.0,6.8284717,6.7530646,0.0,2.0862548,3.7455027,5.8006043
ACH-000191,0.0,0.0,5.3330793,2.7489789,0.0,5.9006047,2.099637,0.0,5.0428233,0.0,0.0,4.6455526,0.0,0.0,0.0,0.0,0.0,0.0,0.0,0.0,0.0,0.0,0.0,0.0,0.0,4.96475,0.0,0.0,0.0,0.0,8.193044,4.254333,0.0,0.0,0.0,0.0,0.0,0.0,0.0,5.414025,0.0,0.0,0.0,0.0,1.1456811,0.0,0.0,3.4723623,0.0,0.0,0.0,0.0,0.0,0.0,0.0,0.0,0.0,0.0,0.0,0.0,0.0,0.0,0.0,0.0,1.7437818,6.1411605,6.980991,0.0,0.0,0.0,0.0,0.0,0.0,0.0,0.0,0.029262055,0.0,0.0,3.6632698,0.0,0.0,0.0,7.2920976,5.710752,2.6414456,0.0,5.341351,0.0,0.0,0.0,0.0,0.0,2.898192,0.0,0.0,0.0,0.0,0.0,0.0,0.0,4.582955,0.0,0.0,0.0,0.0,0.0,0.0,0.0,0.0,0.0,0.0,0.0,0.0,0.0,0.0,0.0,13.220449,0.0,0.0,2.9543636,0.0,0.0,8.563846,7.568786,0.0,0.8195128,3.210821,6.52028
ACH-000192,0.0,0.0,5.4326305,2.442414,0.0,4.7121973,1.4722582,0.0,5.693461,0.0,0.0,4.0961156,0.0,0.0,0.0,0.0,0.0,0.14296211,0.0,0.0,0.0,0.0,0.0,0.0,0.0,4.716929,0.0,0.0,0.0,0.0,8.044389,4.356023,0.0,0.0,0.0,0.0,0.0,0.59187144,0.0,5.429803,0.0,0.0,0.0,0.0,1.8426282,0.0,0.0,3.8300176,0.0,0.0,0.0,0.0,0.0,0.0,0.0,0.0,0.0,0.0,0.0,0.0,0.0,0.0,0.0,0.0,2.0214994,7.603128,6.3824024,0.0,0.0,0.0,0.0,0.0,0.0,0.0,0.0,0.0,0.0,0.0,2.9376938,0.0,0.0,0.0,6.39173,4.788738,3.570914,0.0,5.0179935,0.0,0.0,0.0,0.0,0.0,2.7135818,0.0,0.0,0.0,0.0,0.0,0.0,0.0,4.188839,0.0,0.0,0.0,0.0,0.0,0.0,0.0,0.0,0.0,0.0,0.0,0.0,0.0,0.0,0.0,12.983886,0.0,0.0,1.6001912,0.0,0.0,8.250587,7.2004027,0.0,0.81443375,2.6166835,5.999949
ACH-000201,0.0,0.0,5.261282,2.1308825,0.0,4.7169824,2.0530405,0.0,3.4664915,0.0,0.0,3.6522014,0.0,0.0,0.0,0.0,0.0,0.0,0.0,0.0,0.0,0.0,0.0,0.0,0.0,3.5251834,0.0,0.0,0.0,0.0,6.8510523,1.5754132,0.0,0.0,0.0,0.0,0.0,0.0,0.0,4.0342636,0.0,0.0,0.0,0.0,1.1252505,0.0,0.0,2.914484,0.0,0.0,0.0,0.0,0.0,0.0,0.0,0.4066833,0.0,0.0,0.0,0.0,0.0,0.0,0.0,0.0,0.8042958,6.3258286,7.0814886,0.0,0.0,0.0,0.0,0.0,0.0,0.0,0.0,0.0,0.0,0.0,2.7996943,0.0,0.0,0.0,5.640575,6.1393433,3.106425,0.0,5.2504854,0.0,0.0,0.0,0.0,0.0,3.0823307,0.0,0.0,0.0,0.0,0.0,0.0,0.0,4.1592426,0.0,0.0,0.0,0.0,0.0,0.0,0.0,0.0,0.0,0.0,0.0,0.0,0.0,0.0,0.0,11.00843,0.0,0.0,1.0486321,0.0,0.0,6.6202583,6.1299715,0.0,1.630095,2.459738,6.331339
ACH-000205,0.0,0.0,5.9782386,3.9730804,0.0,4.9082804,2.583,0.0,4.799673,0.0,0.0,3.1049407,0.0,0.0,0.0,0.0,0.0,0.0,0.0,0.0,0.0,0.0,0.0,0.0,0.0,5.5253935,0.0,0.0,0.0,0.0,8.025878,4.4490886,0.0,0.0,0.0,0.0,0.0,0.58736014,0.0,5.6364965,0.0,0.0,0.0,0.0,1.5004745,0.0,0.0,2.6339638,0.0,0.0,0.0,0.0,0.0,0.0,0.0,0.22778736,0.0,0.0,0.0,0.0,0.0,0.0,0.0,0.0,1.1556476,6.8485003,5.891885,0.0,0.0,0.0,0.0,0.0,0.0,0.0,0.0,0.0,0.0,0.0,3.6515448,0.0,0.0,0.0,6.6865067,5.661708,3.2106373,0.0,3.9934673,0.0,0.0,0.0,0.21401894,0.0,3.222532,0.0,0.0,0.0,0.0,0.0,0.0,0.0,4.323824,0.0,0.0,0.0,0.0,0.0,0.0,0.0,0.0,0.0,0.0,0.0,0.0,0.0,0.0,0.0,12.12163,0.0,0.0,1.3367634,0.0,0.0,6.410562,6.409088,0.0,1.4473742,2.9349067,4.637115
ACH-000207,0.0,0.0,4.8532696,2.4956276,0.0,5.0071306,2.4600024,0.0,6.340691,0.0,0.0,4.280493,0.0,0.0,0.0,0.0,0.0,0.0,0.0,0.0,0.0,0.0,0.0,0.0,0.0,4.8557205,0.0,0.0,0.0,0.0,7.3127556,3.7110875,0.0,0.0,0.0,0.0,0.0,0.9204108,0.0,5.465894,0.0,0.0,0.0,0.0,1.2989609,0.0,0.0,2.7829385,0.0,0.0,0.0,0.0,0.0,0.0,0.0,0.2430024,0.0,0.0,0.0,0.0,0.0,0.0,0.0,0.0,0.87954164,6.6185837,6.4893775,0.0,0.0,0.0,0.0,0.0,0.0,0.0,0.0,0.0,0.0,0.0,2.8136752,0.0,0.0,0.0,7.051631,6.391339,1.334544,0.0,5.517378,0.0,0.0,0.0,0.12350909,0.0,3.4725256,0.0,0.0,0.0,0.0,0.0,0.0,0.0,5.1985464,0.0,0.0,0.0,0.0,0.0,0.0,0.0,0.0,0.0,0.0,0.0,0.0,0.0,0.0,0.0,11.614676,0.0,0.0,1.1097397,0.0,0.0,7.6555486,6.1856146,0.0,1.1745223,2.4927258,5.9135814
ACH-000209,0.0,0.0,5.4646463,3.8109443,0.0,4.5164447,2.0939355,0.0,4.8688025,0.0,0.0,3.6239176,0.0,0.0,0.0,0.0,0.0,1.022792,0.0,0.0,0.0,0.0,0.0,0.0,0.0,5.4050627,0.0,0.0,0.41121235,0.0,7.448023,5.019435,0.0,0.0,0.0,0.0,0.0,0.5160262,0.0,5.8615766,0.0,0.0,0.0,0.0,1.4870558,0.0,0.0,3.100287,0.0,0.0,0.0,0.0,0.0,0.0,0.0,0.0,0.0,0.0,0.0,0.0,0.0,0.0,0.0,0.0,1.4793564,5.0701942,6.0240536,0.0,0.0,0.0,0.0,0.0,0.0,0.0,0.0,0.23673333,0.0,0.0,2.25602,0.0,0.0,0.0,6.373629,5.1982803,2.124059,0.0,4.543601,0.0,0.0,0.0,0.17818901,0.0,4.1565166,0.0,0.0,0.0,0.0,0.0,0.0,0.0,4.7413926,0.0,0.0,0.0,0.0,0.0,0.0,0.0,0.0,0.0,0.0,0.0,0.0,0.0,0.0,0.0,11.51154,0.0,0.0,1.6692462,0.0,0.0,6.6494927,6.0144277,0.0,0.51296854,3.76081,5.2099295
ACH-000210,0.0,0.0,4.389533,2.239405,0.0,3.886277,2.6592674,0.0,5.158401,0.0,0.0,3.0214193,0.0,0.0,0.0,0.0,0.0,0.0,0.0,0.0,0.0,0.0,0.0,0.0,0.0,3.7024076,0.0,0.0,0.4045938,0.0,6.5876694,3.3236227,0.0,0.0,0.0,0.0,0.0,0.0,0.0,4.6100335,0.0,0.0,0.0,0.0,1.8867902,0.0,0.0,2.4579124,0.0,0.0,0.0,0.0,0.0,0.0,0.0,0.67853695,0.0,0.0,0.0,0.0,0.0,0.0,0.0,0.0,1.3095784,5.1479344,5.219686,0.0,0.0,0.0,0.0,0.0,0.0,0.0,0.0,0.0,0.0,0.0,1.8733734,0.0,0.0,0.0,5.97236,4.818304,3.700816,0.0,4.2899685,0.0,0.0,0.0,1.180324,0.0,2.629166,0.0,0.0,0.0,0.0,0.0,0.0,0.0,3.9899747,0.0,0.0,0.0,0.0,0.0,0.0,0.0,0.0,0.0,0.0,0.0,0.0,0.0,0.0,1.317477,11.700526,0.0,0.0,1.8063692,0.0,0.0,7.1081643,6.1142178,0.0,1.4247553,2.0232828,4.201166
ACH-000211,0.0,0.0,6.4473076,3.2006667,0.0,4.7865353,3.0211408,0.0,6.4990344,0.0,0.0,3.5730698,0.0,0.0,0.0,0.0,0.0,0.0,0.0,0.0,0.0,0.0,0.0,0.0,0.0,5.486551,0.0,0.0,0.0,0.0,7.9608507,5.685899,0.0,0.0,0.0,0.0,0.0,0.52383244,0.0,5.6322083,0.0,0.0,0.0,0.0,2.3163106,0.0,0.0,3.78308,0.0,0.0,0.0,0.0,0.0,0.0,0.0,0.0,0.0,0.0,0.0,0.0,0.0,0.0,0.0,0.0,1.2388331,7.053099,6.5823574,0.0,0.0,0.0,0.0,0.0,0.0,0.0,0.0,0.0,0.0,0.0,3.421303,0.0,0.0,0.0,6.875391,5.7259293,3.878391,0.0,5.1124725,0.0,0.0,0.0,0.14422235,0.0,2.167456,0.0,0.0,0.0,0.0,0.0,0.0,0.0,4.8028145,0.0,0.0,0.0,0.0,0.0,0.0,0.0,0.0,0.0,0.0,0.0,0.0,0.0,0.0,0.0,12.905624,0.0,0.0,2.3836608,0.0,0.0,8.592813,6.868098,0.0,1.0750841,3.3244748,5.666218
ACH-000212,0.0,0.0,6.237078,2.9948635,0.0,3.6657183,2.0576644,0.0,6.070646,0.0,0.0,4.0203795,0.0,0.0,0.0,0.0,0.0,0.0,0.0,0.0,0.0,0.0,0.0,0.0,0.0,4.9036374,0.0,0.0,0.0,0.0,7.871558,3.2475154,0.0,0.0,0.0,0.0,0.0,0.0,0.0,6.9008465,0.0,0.0,0.0,0.0,2.6626668,0.0,0.0,4.2023454,0.0,0.0,0.0,0.0,0.0,0.0,0.0,0.0,0.0,0.0,0.0,0.0,0.0,0.0,0.0,0.0,0.34909266,7.4127507,7.3864427,0.0,0.0,0.0,0.0,0.0,0.0,0.0,0.0,0.0,0.0,0.0,3.1512108,0.0,0.0,0.0,7.5117145,5.4802685,2.6506367,0.0,5.1140523,0.0,0.0,0.0,0.0,0.0,3.438608,0.0,0.0,0.0,0.0,0.0,0.0,0.0,4.6678314,0.0,0.0,0.0,0.0,0.0,0.0,0.0,0.0,0.0,0.0,0.0,0.0,0.0,0.0,0.0,11.88029,0.0,0.0,1.7235229,0.0,0.0,7.0940413,6.658029,0.0,1.9428455,2.8656569,5.0837817
ACH-000217,0.0,0.0,5.7515354,3.4451926,0.0,4.7510605,2.172857,0.0,6.4907117,0.0,0.0,3.476794,0.0,0.0,0.0,0.0,0.0,0.0,0.0,0.0,0.0,0.0,0.0,0.0,0.0,6.648294,0.0,0.0,0.040209986,0.0,7.7949567,5.1120176,0.0,0.0,0.0,0.0,0.0,0.76701975,0.0,5.428531,0.0,0.0,0.0,0.0,1.1748327,0.0,0.0,3.6540709,0.0,0.0,0.0,0.0,0.0,0.0,0.0,0.4971539,0.0,0.0,0.0,0.0,0.0,0.0,0.0,0.0,1.1661178,6.7244954,6.586851,0.0,0.0,0.0,0.0,0.0,0.0,0.0,0.0,0.0,0.0,0.0,3.0670192,0.0,0.0,0.0,5.4987645,7.0068107,2.6334655,0.0,4.4423695,0.0,0.0,0.0,0.8407318,0.0,2.0459516,0.0,0.0,0.0,0.0,0.0,0.0,0.0,4.6234994,0.0,0.0,0.0,0.0,0.0,0.0,0.0,0.0,0.0,0.0,0.0,0.0,0.0,0.0,0.0,12.816884,0.0,0.0,1.2953335,0.0,0.0,7.088588,6.4676867,0.0,1.9257852,3.3817284,5.919546
ACH-000219,0.0,0.0,5.628953,2.5773523,0.0,5.11169,3.1076398,0.0,5.8282332,0.0,0.0,2.5962858,0.0,0.0,0.0,0.0,0.0,0.0,0.0,0.0,0.0,0.0,0.0,0.0,0.0,4.0455956,0.0,0.0,0.0,0.0,7.528777,3.8386993,0.0,0.0,0.0,0.0,0.0,0.5951394,0.0,4.6830516,0.0,0.0,0.0,0.0,1.546711,0.0,0.0,2.9243126,0.0,0.0,0.0,0.0,0.0,0.0,0.0,0.0,0.0,0.0,0.0,0.0,0.0,0.0,0.0,0.0,2.6183167,5.553861,6.3759975,0.0,0.0,0.0,0.0,0.0,0.0,0.0,0.0,0.0,0.0,0.0,2.9789102,0.0,0.0,0.0,5.499592,5.987569,3.3762875,0.0,4.414795,0.0,0.0,0.0,0.0,0.0,3.1733942,0.0,0.0,0.0,0.0,0.0,0.0,0.0,3.8203287,0.0,0.0,0.0,0.0,0.0,0.0,0.0,0.0,0.0,0.0,0.0,0.0,0.0,0.0,0.0,10.68563,0.0,0.0,2.214761,0.0,0.0,7.6717978,5.945338,0.0,1.5831245,3.0352762,4.393848
ACH-000221,0.0,0.0,5.8778086,1.5304223,0.0,3.3604524,2.7578027,0.0,5.320418,0.0,0.0,2.2644725,0.0,0.0,0.0,0.0,0.0,0.0,0.0,0.0,0.0,0.0,0.0,0.0,0.0,4.521954,0.0,0.0,0.0,0.0,6.167485,3.8906655,0.0,0.0,0.0,0.0,0.0,0.0,0.0,4.28415,0.0,0.0,0.0,0.0,1.7572559,0.0,0.0,2.8411355,0.0,0.0,0.0,0.0,0.0,0.0,0.0,1.0273407,0.0,0.0,0.0,0.0,0.0,0.0,0.0,0.0,1.2284627,5.738766,6.381115,0.0,0.0,0.0,0.0,0.0,0.0,0.0,0.0,0.0,0.0,0.0,3.4175024,0.0,0.0,0.0,4.877868,4.653569,2.5403695,0.0,3.682303,0.0,0.0,0.0,0.84232783,0.0,1.7482383,0.0,0.0,0.0,0.0,0.0,0.0,0.0,3.0737255,0.0,0.0,0.0,0.0,0.0,0.0,0.0,0.0,0.0,0.0,0.0,0.0,0.0,0.0,0.78905314,10.21624,0.0,0.0,1.4390031,0.0,0.0,5.7309394,5.879975,0.0,0.63163066,2.6621807,4.4699187
ACH-000222,0.0,0.0,5.4556437,3.8838613,0.0,4.346612,2.783716,0.0,5.677243,0.0,0.0,3.648334,0.0,0.0,0.0,0.0,0.0,0.7444625,0.0,0.0,0.0,0.0,0.0,0.0,0.0,4.7413907,0.0,0.0,0.78169936,0.0,7.491244,4.9214525,0.0,0.0,0.0,0.0,0.0,0.41942266,0.0,5.051787,0.0,0.0,0.0,0.0,1.13299,0.0,0.0,2.6278653,0.0,0.0,0.0,0.0,0.0,0.0,0.0,0.46080604,0.0,0.0,0.0,0.0,0.0,0.0,0.0,0.0,0.9838961,6.0589514,5.5942564,0.0,0.0,0.0,0.0,0.0,0.0,0.0,0.0,0.0,0.0,0.0,2.5194902,0.0,0.0,0.0,7.4683146,5.364068,2.859474,0.0,4.1648726,0.0,0.0,0.0,0.54461616,0.0,2.3891644,0.0,0.0,0.0,0.0,0.0,0.0,0.0,5.0834618,0.0,0.0,0.0,0.0,0.0,0.0,0.0,0.0,0.0,0.0,0.0,0.0,0.0,0.0,0.0,11.853934,0.0,0.0,1.2011092,0.0,0.0,5.9270267,6.5101943,0.0,1.7513884,2.352902,4.914748
ACH-000223,0.0,0.0,5.9124603,2.7214181,0.0,5.3262606,1.1649216,0.0,6.114402,0.0,0.0,5.022098,0.0,0.0,0.0,0.0,0.0,0.0,0.0,0.0,0.0,0.0,0.0,0.0,0.0,5.940779,0.0,0.0,0.0,0.0,7.42515,4.033454,0.0,0.0,0.0,0.0,0.0,0.0,0.0,5.085959,0.0,0.0,0.0,0.0,0.5558696,0.0,0.0,3.6236238,0.0,0.0,0.0,0.0,0.0,0.0,0.0,0.0,0.0,0.0,0.0,0.0,0.0,0.0,0.0,0.0,1.3759329,7.842406,7.8722,0.0,0.0,0.0,0.0,0.0,0.0,0.0,0.0,0.0,0.0,0.0,3.6899827,0.0,0.0,0.0,7.6909294,7.3242154,2.8932092,0.0,5.621859,0.0,0.0,0.0,0.0,0.0,4.709469,0.0,0.0,0.0,0.0,0.0,0.0,0.0,5.4095254,0.0,0.0,0.0,0.0,0.0,0.0,0.0,0.0,0.0,0.0,0.0,0.0,0.0,0.0,0.0,12.769473,0.0,0.0,1.332466,0.0,0.0,8.443505,6.786453,0.0,1.3514801,3.0708058,5.4547386
ACH-000228,0.0,0.0,6.4469876,3.1246626,0.0,5.0799866,2.2511554,0.0,6.6268363,0.0,0.0,4.396459,0.0,0.0,0.0,0.0,0.0,0.0,0.0,0.0,0.0,0.0,0.0,0.0,0.0,6.1309175,0.0,0.0,0.0,0.0,8.675791,4.0805264,0.0,0.0,0.0,0.0,0.0,1.4155037,0.0,5.785546,0.0,0.0,0.0,0.0,2.0410817,0.0,0.0,2.8767073,0.0,0.0,0.0,0.0,0.0,0.0,0.0,0.0,0.0,0.0,0.0,0.0,0.0,0.0,0.0,0.0,0.79764503,7.8839383,6.269367,0.0,0.0,0.0,0.0,0.0,0.0,0.0,0.0,0.0,0.0,0.0,3.8263943,0.0,0.0,0.0,7.754222,5.8004208,2.5126407,0.0,5.617058,0.0,0.0,0.0,0.0,0.0,2.6614678,0.0,0.0,0.0,0.0,0.0,0.0,0.0,5.5033784,0.0,0.0,0.0,0.0,0.0,0.0,0.0,0.0,0.0,0.0,0.0,0.0,0.0,0.0,0.0,13.427913,0.0,0.0,2.5156212,0.0,0.0,7.9549584,7.379112,0.0,1.2640595,3.1494794,5.8993483
ACH-000231,0.0,0.0,5.8286176,2.6325126,0.0,5.496959,2.2335424,0.0,6.249603,0.0,0.0,3.2878163,0.0,0.0,0.0,0.0,0.0,0.0,0.0,0.0,0.0,0.0,0.0,0.0,0.0,5.361404,0.0,0.0,0.0,0.0,7.872878,4.5786858,0.0,0.0,0.0,0.0,0.0,0.0722449,0.0,6.1459036,0.0,0.0,0.0,0.0,2.860977,0.0,0.0,3.0766313,0.0,0.0,0.0,0.0,0.0,0.0,0.0,0.0,0.0,0.0,0.0,0.0,0.0,0.0,0.0,0.0,0.4310078,8.008764,7.3425493,0.0,0.0,0.0,0.0,0.0,0.0,0.0,0.0,0.0,0.0,0.0,3.6487815,0.0,0.0,0.0,7.9527125,6.067785,2.3735383,0.0,5.193971,0.0,0.0,0.0,0.0,0.0,3.2717175,0.0,0.0,0.0,0.0,0.0,0.0,0.0,5.4816585,0.0,0.0,0.0,0.0,0.0,0.0,0.0,0.0,0.0,0.0,0.0,0.0,0.0,0.0,0.0,12.919988,0.0,0.0,2.6728141,0.0,0.0,7.571318,6.6802144,0.0,1.207616,3.11628,5.6117206
ACH-000232,0.0,0.0,4.919794,3.2427108,0.0,4.8669,1.5507089,0.0,4.8935685,0.0,0.0,3.6773713,0.0,0.0,0.0,0.0,0.0,0.0,0.0,0.0,0.0,0.0,0.0,0.0,0.0,4.6105504,0.0,0.0,0.0,0.0,7.6121025,3.6843653,0.0,0.0,0.0,0.0,0.0,0.25224668,0.0,6.397718,0.0,0.0,0.0,0.0,1.4740914,0.0,0.0,2.5093908,0.0,0.0,0.0,0.0,0.0,0.0,0.0,0.0,0.0,0.0,0.0,0.0,0.0,0.0,0.0,0.0,1.3394594,6.6011367,6.1315784,0.0,0.0,0.0,0.0,0.0,0.0,0.0,0.0,0.4535438,0.0,0.0,2.7590919,0.0,0.0,0.0,6.7069325,5.6368074,3.4862864,0.0,3.4544547,0.0,0.0,0.0,0.0,0.0,3.2600842,0.0,0.0,0.0,0.0,0.0,0.0,0.0,5.580018,0.0,0.0,0.0,0.0,0.0,0.0,0.0,0.0,0.0,0.0,0.0,0.0,0.0,0.0,0.0,12.065598,0.0,0.0,1.3213595,0.0,0.0,7.1332307,6.7212873,0.0,1.4404298,3.2734022,5.44281
ACH-000235,0.0,0.0,5.011821,2.8396988,0.0,5.0761395,3.0845017,0.0,6.163811,0.0,0.0,3.7412677,0.0,0.0,0.0,0.0,0.0,0.5701604,0.0,0.0,0.0,0.0,0.0,0.0,0.0,5.6239057,0.0,0.0,0.0,0.0,8.691762,4.5228343,0.0,0.0,0.0,0.0,0.0,0.3281319,0.0,6.0223746,0.0,0.0,0.0,0.0,1.5002539,0.0,0.0,3.2603548,0.0,0.0,0.0,0.0,0.0,0.0,0.0,0.13413183,0.0,0.0,0.0,0.0,0.0,0.0,0.0,0.0,0.7699707,6.9101577,6.7750254,0.0,0.0,0.0,0.0,0.0,0.0,0.0,0.0,0.0,0.0,0.0,2.2278874,0.0,0.0,0.0,7.4279337,6.668253,2.3525722,0.0,4.92512,0.0,0.0,0.0,0.0,0.0,2.915484,0.0,0.0,0.0,0.0,0.0,0.0,0.0,5.2109146,0.0,0.0,0.0,0.0,0.0,0.0,0.0,0.0,0.0,0.0,0.0,0.0,0.0,0.0,0.0,12.866715,0.0,0.0,2.2256715,0.0,0.0,7.150022,6.493283,0.0,1.0113698,3.6132505,5.7573795
ACH-000237,0.0,0.0,5.602395,3.6426604,0.0,4.8419952,2.445488,0.0,5.345114,0.0,0.0,3.7877576,0.0,0.0,0.0,0.0,0.0,0.0,0.0,0.0,0.0,0.0,0.0,0.0,0.0,5.9993825,0.0,0.0,0.0,0.0,8.045362,3.4624128,0.0,0.0,0.0,0.0,0.0,0.87790555,0.0,5.6559134,0.0,0.0,0.0,0.0,1.9121786,0.0,0.0,3.6389256,0.0,0.0,0.0,0.0,0.0,0.0,0.0,0.0,0.0,0.0,0.0,0.0,0.0,0.0,0.0,0.0,1.6323159,7.37778,7.055289,0.0,0.0,0.0,0.0,0.0,0.0,0.0,0.0,0.010732133,0.0,0.0,3.0494914,0.0,0.0,0.0,7.4686375,6.543069,2.8155258,0.0,5.9479437,0.0,0.0,0.0,0.0,0.0,3.4374614,0.0,0.0,0.0,0.0,0.0,0.0,0.0,6.5069585,0.0,0.0,0.0,0.0,0.0,0.0,0.0,0.0,0.0,0.0,0.0,0.0,0.0,0.0,0.0,13.341444,0.0,0.0,1.7151978,0.0,0.0,7.547654,6.8592772,0.0,1.0551287,2.9621956,6.9844875
ACH-000242,0.0,0.0,5.8890347,3.280336,0.0,5.6774626,1.8153917,0.0,4.8169284,0.0,0.0,3.1283553,0.0,0.0,0.0,0.0,0.0,1.6963499,0.0,0.0,0.0,0.0,0.0,0.0,0.0,3.7487648,0.0,0.0,0.0,0.0,7.290207,3.6251183,0.0,0.0,0.0,0.0,0.0,0.66800714,0.0,4.0748715,0.0,0.0,0.0,0.0,1.4338098,0.0,0.0,3.2767787,0.0,0.0,0.0,0.0,0.0,0.0,0.0,0.0,0.0,0.0,0.0,0.0,0.0,0.0,0.0,0.0,1.7331116,6.7015195,6.1464024,0.0,0.0,0.0,0.0,0.0,0.0,0.0,0.0,0.0,0.0,0.0,4.3511095,0.0,0.0,0.0,5.6367283,7.084163,3.7128994,0.0,5.480409,0.0,0.0,0.0,1.1721383,0.0,3.6291127,0.0,0.0,0.0,0.0,0.0,0.0,0.0,4.444108,0.0,0.0,0.0,0.0,0.0,0.0,0.0,0.0,0.0,0.0,1.0398175,0.0,0.0,0.0,0.0,11.708095,0.0,0.0,1.633209,0.0,0.0,7.4321547,5.954433,0.0,1.2575552,2.3838603,5.412071
ACH-000243,0.0,0.0,5.9382286,1.834223,0.0,4.986008,2.564459,0.0,5.0655026,0.0,0.0,3.4958897,0.0,0.0,0.0,0.0,0.0,0.0,0.0,0.0,0.0,0.0,0.0,0.0,0.0,5.086263,0.0,0.0,0.0,0.0,7.9609375,3.9610465,0.0,0.0,0.0,0.0,0.0,0.0,0.0,5.0640936,0.0,0.0,0.0,0.0,1.3822724,0.0,0.0,3.3284004,0.0,0.0,0.0,0.0,0.0,0.0,0.0,0.34427312,0.0,0.0,0.0,0.0,0.0,0.0,0.0,0.0,1.3975947,7.0963907,6.090649,0.0,0.0,0.0,0.0,0.0,0.0,0.0,0.0,0.0,0.0,0.0,3.2816546,0.0,0.0,0.0,6.548941,6.5421357,3.1636465,0.0,5.242612,0.0,0.0,0.0,0.0,0.0,3.2856588,0.0,0.0,0.0,0.0,0.0,0.0,0.0,6.034153,0.0,0.0,0.0,0.0,0.0,0.0,0.0,0.0,0.0,0.0,0.0,0.0,0.0,0.0,0.0,12.146568,0.0,0.0,2.0684936,0.0,0.0,7.525007,7.1167846,0.0,1.3573258,3.4613595,6.318436
ACH-000244,0.0,0.0,6.0467453,3.6309514,0.0,5.12484,2.5782456,0.0,6.433699,0.0,0.0,3.9080014,0.0,0.0,0.0,0.0,0.0,0.0,0.0,0.0,0.0,0.0,0.0,0.0,0.0,5.0750422,0.0,0.0,0.0,0.0,8.115458,3.9501672,0.0,0.0,0.0,0.0,0.0,0.9337557,0.0,6.0472302,0.0,0.0,0.0,0.0,1.3492485,0.0,0.0,2.6512136,0.0,0.0,0.0,0.0,0.0,0.0,0.0,0.0,0.0,0.0,0.0,0.0,0.0,0.0,0.0,0.0,1.1126944,7.627645,6.2592225,0.0,0.0,0.0,0.0,0.0,0.0,0.0,0.0,0.0,0.0,0.0,4.089081,0.0,0.0,0.0,6.3137,5.8966994,2.2202108,0.0,5.018053,0.0,0.0,0.0,0.19331464,0.0,2.6571393,0.0,0.0,0.0,0.0,0.0,0.0,0.0,4.9769864,0.0,0.0,0.0,0.0,0.0,0.0,0.0,0.0,0.0,0.0,0.0,0.0,0.0,0.0,0.0,12.520366,0.0,0.0,2.3200717,0.0,0.0,8.216374,7.1573224,0.0,0.83518696,3.5133154,6.4332156
ACH-000250,0.0,0.0,3.9205985,4.0674534,0.0,6.1087546,1.3730223,0.0,5.1948466,0.0,0.0,4.617351,0.0,0.0,0.0,0.0,0.0,0.0,0.0,0.0,0.0,0.0,0.0,0.0,0.0,5.8256717,0.0,0.0,0.9779079,0.0,7.615879,4.406859,0.0,0.0,0.0,0.0,0.0,0.11061699,0.0,5.544386,0.0,0.0,0.0,0.0,0.4560273,0.0,0.0,3.1778798,0.0,0.0,0.0,0.0,0.0,0.0,0.0,0.0,0.0,0.0,0.0,0.0,0.0,0.0,0.0,0.0,1.9461346,6.7932644,6.1227064,0.0,0.0,0.0,0.0,0.0,0.0,0.0,0.0,0.0,0.0,0.0,2.7705622,0.0,0.0,0.0,7.125907,6.3957806,1.9877844,0.0,5.6099763,0.0,0.0,0.0,0.28182468,0.0,4.6488075,0.0,0.0,0.0,0.0,0.0,0.0,0.0,4.9285636,0.0,0.0,0.0,0.0,0.0,0.0,0.0,0.0,0.0,0.0,0.0,0.0,0.0,0.0,0.0,13.026937,0.0,0.0,1.4373692,0.0,0.0,8.064297,6.414036,0.0,1.7803332,3.0105288,5.4693727
ACH-000252,0.0,0.0,6.4118214,2.567274,0.0,4.055727,2.9843097,0.0,5.916276,0.0,0.0,3.2834368,0.0,0.0,0.0,0.0,0.0,0.2500133,0.0,0.0,0.0,0.0,0.0,0.0,0.0,4.8982306,0.0,0.0,0.17463326,0.0,7.251142,4.2630157,0.0,0.0,0.0,0.0,0.0,0.16098319,0.0,5.624181,0.0,0.0,0.0,0.0,1.7174836,0.0,0.0,3.784477,0.0,0.0,0.0,0.0,0.0,0.0,0.0,0.29307434,0.0,0.0,0.65561837,0.0,0.0,0.0,0.0,0.0,1.7361866,6.1118364,6.5851984,0.0,0.0,0.0,0.0,0.0,0.0,0.0,0.0,0.0,0.0,0.0,3.6069896,0.0,0.0,0.0,5.6127505,4.793462,2.6218317,0.0,3.6452518,0.0,0.0,0.0,0.15564883,0.0,2.7300863,0.0,0.0,0.0,0.0,0.0,0.0,0.0,3.6511025,0.0,0.0,0.0,0.0,0.0,0.0,0.0,0.0,0.0,0.0,0.5383834,0.0,0.0,0.0,0.0,11.03325,0.0,0.0,2.1006737,0.0,0.0,7.3227744,6.4046445,0.0,0.61542296,3.7285955,5.2426696
ACH-000255,0.0,0.0,5.466322,3.1397955,0.0,4.904972,1.7271425,0.0,5.354761,0.0,0.0,4.07117,0.0,0.0,0.0,0.0,0.0,0.0,0.0,0.0,0.0,0.0,0.0,0.0,0.0,4.8791556,0.0,0.0,0.0,0.0,8.023118,3.3756094,0.0,0.0,0.0,0.0,0.0,0.040383354,0.0,4.7493653,0.0,0.0,0.0,0.0,1.7299736,0.0,0.0,2.9466085,0.0,0.0,0.0,0.0,0.0,0.0,0.0,0.42842004,0.0,0.0,0.0,0.0,0.0,0.0,0.0,0.0,0.7612396,6.0219364,6.3495493,0.0,0.0,0.0,0.0,0.0,0.0,0.0,0.0,0.0,0.0,0.0,2.713557,0.0,0.0,0.0,6.885961,5.5450068,1.9419932,0.0,4.773521,0.0,0.0,0.0,1.0787444,0.0,3.3968787,0.0,0.0,0.0,0.0,0.0,0.0,0.0,4.8919716,0.0,0.0,0.0,0.0,0.0,0.0,0.0,0.0,0.0,0.0,0.0,0.0,0.0,0.0,0.0,11.973714,0.0,0.0,1.0624877,0.0,0.0,7.240102,6.3574557,0.0,1.2924734,3.3827372,5.7970505
ACH-000259,0.0,0.0,4.5068874,2.3380902,0.0,3.895428,1.7763565,0.0,5.2153687,0.0,0.0,2.8166215,0.0,0.0,0.0,0.0,0.0,0.0,0.0,0.0,0.0,0.0,0.0,0.0,0.0,4.2436733,0.0,0.0,0.0,0.0,6.3666515,3.820978,0.0,0.0,0.0,0.0,0.0,0.0,0.6572338,4.584571,0.0,0.0,0.0,0.0,1.3700286,0.0,0.0,3.7670288,0.0,0.0,0.0,0.0,0.0,0.0,0.0,0.07794027,0.0,0.0,0.0,0.0,0.0,0.0,0.0,0.0,1.5329462,5.481545,6.26863,0.0,0.0,0.0,0.0,0.0,0.0,0.0,0.0,0.0,0.0,0.0,3.4111764,0.0,0.0,0.0,5.075194,5.366705,3.6321185,0.0,3.7589967,0.0,0.0,0.0,0.25719967,0.0,1.0498399,0.0,0.0,0.0,0.0,0.0,0.0,0.0,2.9421828,0.0,0.0,0.0,0.0,0.0,0.0,0.0,0.0,0.0,0.0,0.5840392,0.0,0.0,0.0,0.8919455,9.267667,0.0,0.0,2.115651,0.0,0.0,7.0033956,5.486975,0.0,1.2074567,3.1141376,4.9451547
ACH-000260,0.0,0.0,4.687976,2.4316547,0.0,4.3477006,1.3835831,0.0,5.2213807,0.0,0.0,3.6393597,0.0,0.0,0.0,0.0,0.0,0.0,0.0,0.0,0.0,0.0,0.0,0.0,0.0,4.635543,0.0,0.0,0.0,0.0,7.52205,4.00518,0.0,0.0,0.0,0.0,0.0,0.0,0.0,5.391881,0.0,0.0,0.0,0.0,1.3058325,0.0,0.0,3.8805735,0.0,0.0,0.0,0.0,0.0,0.0,0.0,0.0,0.0,0.0,0.0,0.0,0.0,0.0,0.0,0.0,2.2841628,6.2851143,5.9911976,0.0,0.0,0.0,0.0,0.0,0.0,0.0,0.0,0.0,0.0,0.0,3.230732,0.0,0.0,0.0,5.790479,6.5208344,3.1613452,0.0,4.394293,0.0,0.0,0.0,0.0,0.0,2.499503,0.0,0.0,0.0,0.0,0.0,0.0,0.0,4.3538046,0.0,0.0,0.0,0.0,0.0,0.0,0.0,0.0,0.0,0.0,0.0,0.0,0.0,0.0,0.0,11.034101,0.0,0.0,2.2866285,0.0,0.0,8.032686,6.7812057,0.0,1.5229603,3.1416762,6.2950406
ACH-000261,0.0,0.0,5.182947,3.3273742,0.0,4.3156314,2.8483634,0.0,6.0152,0.0,0.0,5.0065775,0.0,0.0,0.0,0.0,0.0,0.43134034,0.0,0.0,0.0,0.0,0.0,0.0,0.0,5.603043,0.0,0.0,0.0,0.0,8.215547,3.9598851,0.0,0.0,0.0,0.0,0.0,0.0,0.0,6.3424873,0.0,0.0,0.0,0.0,1.903828,0.0,0.0,2.8159783,0.0,0.0,0.0,0.0,0.0,0.0,0.0,0.5118296,0.0,0.0,0.0,0.0,0.0,0.0,0.0,0.0,1.870591,7.0293636,6.676941,0.0,0.0,0.0,0.0,0.0,0.0,0.0,0.0,0.0,0.0,0.0,3.175011,0.0,0.0,0.0,7.243351,6.5286503,3.2199924,0.0,4.6671257,0.0,0.0,0.0,0.0,0.0,1.9138709,0.0,0.0,0.0,0.0,0.0,0.0,0.0,5.00841,0.0,0.0,0.0,0.0,0.0,0.0,0.0,0.0,0.0,0.0,0.0,0.0,0.0,0.0,0.0,12.469543,0.0,0.0,2.2739906,0.0,0.0,7.7743087,7.094977,0.0,1.6013728,3.728958,5.566048
ACH-000264,0.0,0.0,5.404911,2.361566,0.0,4.5343432,2.9928708,0.0,5.1501594,0.0,0.0,3.8235033,0.0,0.0,0.0,0.0,0.0,0.33179927,0.0,0.0,0.0,0.0,0.0,0.0,0.0,5.3429675,0.0,0.0,0.0,0.0,7.3370514,3.5184984,0.0,0.0,0.0,0.0,0.0,0.0,0.0,4.8700104,0.0,0.0,0.0,0.0,1.559565,0.0,0.0,2.9635842,0.0,0.0,0.0,0.0,0.0,0.0,0.0,0.27781883,0.0,0.0,0.0,0.0,0.0,0.0,0.0,0.0,1.5586784,6.061234,6.0394044,0.0,0.0,0.0,0.0,0.0,0.0,0.0,0.0,0.0,0.0,0.0,3.7216425,0.0,0.0,0.0,6.4422727,5.782995,2.7800548,0.0,5.156413,0.0,0.0,0.0,0.0,0.0,2.4138858,0.0,0.0,0.0,0.0,0.0,0.0,0.0,4.848695,0.0,0.0,0.0,0.0,0.0,0.0,0.0,0.0,0.0,0.0,0.0,0.0,0.0,0.0,0.0,11.114434,0.0,0.0,1.729904,0.0,0.0,7.1290927,6.2013025,0.0,1.3532757,2.6506588,6.4358416
ACH-000265,0.0,0.0,5.4754076,2.3541756,0.0,4.7278385,2.2277584,0.0,4.820545,0.0,0.0,3.1102197,0.0,0.0,0.0,0.0,0.0,0.3326282,0.0,0.0,0.0,0.0,0.0,0.0,0.0,5.3122406,0.0,0.0,0.0,0.0,7.700201,4.2860165,0.0,0.0,0.0,0.0,0.0,0.0,0.0,4.531853,0.0,0.0,0.0,0.0,1.125326,0.0,0.0,3.64773,0.0,0.0,0.0,0.0,0.0,0.0,0.0,0.28285137,0.0,0.0,0.0,0.0,0.0,0.0,0.0,0.0,1.2532865,6.556603,5.5586624,0.0,0.0,0.0,0.0,0.0,0.0,0.0,0.0,0.0,0.0,0.0,3.345809,0.0,0.0,0.0,5.8611984,5.0989084,3.430278,0.0,4.639554,0.0,0.0,0.0,1.0965973,0.0,2.8641932,0.0,0.0,0.0,0.0,0.0,0.0,0.0,3.4875174,0.0,0.0,0.0,0.0,0.0,0.0,0.0,0.0,0.0,0.0,0.0,0.0,0.0,0.0,0.0,11.57713,0.0,0.0,0.7617855,0.0,0.0,6.852163,6.386849,0.0,0.91840607,2.3942811,4.1807246
ACH-000266,0.0,0.0,5.5354357,3.3917625,0.0,5.103323,2.9768493,0.0,5.572317,0.0,0.0,3.6966085,0.0,0.0,0.0,0.0,0.0,1.7730181,0.0,0.0,0.0,0.0,0.0,0.0,0.0,5.180511,0.0,0.0,0.0,0.0,7.996434,4.2741737,0.0,0.0,0.0,0.0,0.0,0.030951677,0.0,6.605841,0.0,0.0,0.0,0.0,1.8847114,0.0,0.0,3.0307229,0.0,0.0,0.0,0.0,0.0,0.0,0.0,0.0,0.0,0.0,0.0,0.0,0.0,0.0,0.0,0.0,1.1797332,7.5852833,7.1040435,0.0,0.0,0.0,0.0,0.0,0.0,0.0,0.0,0.0,0.0,0.0,4.4829135,0.0,0.0,0.0,7.991838,5.6425395,2.9955294,0.0,5.2837973,0.0,0.0,0.0,0.6364085,0.0,3.4777708,0.0,0.0,0.0,0.0,0.0,0.0,0.0,4.654576,0.0,0.0,0.0,0.0,0.0,0.0,0.0,0.0,0.0,0.0,0.0,0.0,0.0,0.0,0.0,13.267943,0.0,0.0,1.4944144,0.0,0.0,7.6180735,6.794099,0.0,1.0042872,3.265125,5.2738113
ACH-000268,0.0,0.0,5.900817,2.0699692,0.0,3.7375042,3.2434652,0.0,5.486008,0.0,0.0,2.6535313,0.0,0.0,0.0,0.0,0.0,0.0,0.0,0.0,0.0,0.0,0.0,0.0,0.0,5.196938,0.0,0.0,0.6337328,0.0,8.206765,4.119026,0.0,0.0,0.0,0.0,0.0,0.0,0.0,5.3116446,0.0,0.0,0.0,0.0,2.4664464,0.0,0.0,2.7744806,0.0,0.0,0.0,0.0,0.0,0.0,0.0,0.85776854,0.0,0.0,1.5283655,0.0,0.0,0.0,0.0,0.0,1.8637094,6.2774014,6.387417,0.0,0.0,0.0,0.0,0.0,0.0,0.0,0.0,0.0,0.0,0.0,2.9715123,0.0,0.0,0.0,6.802241,5.8403044,3.325909,0.0,4.0716867,0.0,0.0,0.0,1.2211039,0.0,2.8854058,0.0,0.0,0.0,0.0,0.0,0.0,0.0,3.7001941,0.0,0.0,0.0,0.0,0.0,0.0,0.0,0.0,0.0,0.0,1.8224543,0.0,0.0,0.0,0.0,11.513759,0.0,0.0,1.4904538,0.0,0.0,6.9950533,5.9977775,0.0,1.2483652,3.0028427,4.773131
ACH-000270,0.0,0.0,6.2589893,2.8356297,0.0,4.1818247,2.9253495,0.0,4.702726,0.0,0.0,2.5047917,0.0,0.0,0.0,0.0,0.0,0.9230675,0.0,0.0,0.0,0.0,0.0,0.0,0.0,6.0263715,0.0,0.0,0.0,0.0,7.643298,4.5487175,0.0,0.0,0.0,0.0,0.0,0.98558754,0.0,5.221626,0.0,0.0,0.0,0.0,2.016926,0.0,0.0,2.9203935,0.0,0.0,0.0,0.0,0.0,0.0,0.0,0.3968363,0.0,0.0,0.0,0.0,0.0,0.0,0.0,0.0,1.2620271,6.3964953,6.2048087,0.0,0.0,0.0,0.0,0.0,0.0,0.0,0.0,0.0,0.0,0.0,3.4051437,0.0,0.0,0.0,6.5316043,6.8973007,2.6533709,0.0,3.5351248,0.0,0.0,0.0,1.2891911,0.0,2.9657238,0.0,0.0,0.0,0.0,0.0,0.0,0.0,4.1051745,0.0,0.0,0.0,0.0,0.0,0.0,0.0,0.0,0.0,0.0,0.0,0.0,0.0,0.0,0.0,11.193488,0.0,0.0,1.3316619,0.0,0.0,6.710875,5.6772294,0.0,1.1263069,3.2993853,3.7302697
ACH-000273,0.0,0.0,5.8657675,2.0446332,0.0,4.690697,2.5095756,0.0,5.7518725,0.0,0.0,3.5110395,0.0,0.0,0.0,0.0,0.0,0.0,0.0,0.0,0.0,0.0,0.0,0.0,0.0,4.992751,0.0,0.0,0.0,0.0,6.6156855,4.5953817,0.0,0.0,0.0,0.0,0.0,1.1045465,0.0,5.259804,0.0,0.0,0.0,0.0,2.7862592,0.0,0.0,3.1530159,0.0,0.0,0.0,0.0,0.0,0.0,0.0,0.17856382,0.0,0.0,0.0,0.0,0.0,0.0,0.0,0.0,1.616481,6.8740983,6.7761993,0.0,0.0,0.0,0.0,0.0,0.0,0.0,0.0,0.0,0.0,0.0,3.0740528,0.0,0.0,0.0,7.133858,6.4011836,1.5938349,0.0,5.034493,0.0,0.0,0.0,0.0,0.0,2.474223,0.0,0.0,0.0,0.0,0.0,0.0,0.0,4.859275,0.0,0.0,0.0,0.0,0.0,0.0,0.0,0.0,0.0,0.0,0.0,0.0,0.0,0.0,0.0,12.351426,0.0,0.0,3.0307648,0.0,0.0,8.081958,6.466888,0.0,0.869943,3.5818932,5.7482276
ACH-000274,0.0,0.0,5.5932517,3.206482,0.0,3.5810215,3.7720664,0.0,3.8512084,0.0,0.0,2.6206775,0.0,0.0,0.0,0.0,0.0,0.0,0.0,0.0,0.0,0.0,0.0,0.0,0.0,4.8722143,0.0,0.0,0.0,0.0,8.507431,4.5697494,0.0,0.0,0.0,0.0,0.0,2.5114076,0.0,5.5890393,0.0,0.0,0.0,0.0,2.3627264,0.0,0.0,3.6194026,0.0,0.0,0.0,0.0,0.0,0.0,0.0,0.27403447,0.0,0.0,0.0,0.0,0.0,0.0,0.0,0.0,3.126985,5.7434473,6.622736,0.0,0.0,0.0,0.0,0.0,0.0,0.0,0.0,1.5047151,0.0,0.0,3.6534085,0.0,0.0,0.0,6.305367,6.93674,2.7618313,0.0,4.7805996,0.0,0.0,0.0,0.12640175,0.0,2.1184099,0.0,0.0,0.0,0.0,0.0,0.0,0.0,2.7523286,0.0,0.0,0.0,0.0,0.0,0.0,0.0,0.0,0.0,0.20666131,0.0,0.0,0.0,0.0,1.307974,12.262342,0.0,0.0,1.4711901,0.0,0.0,7.5378213,6.487246,0.0,1.051463,3.687177,4.3512745
ACH-000276,0.0,0.0,5.2185035,2.8917084,0.0,5.742943,2.2654586,0.0,6.1979284,0.0,0.0,5.0457735,0.0,0.0,0.0,0.0,0.0,0.0,0.0,0.0,0.0,0.0,0.0,0.0,0.0,5.767958,0.0,0.0,0.0,0.0,8.456833,4.308824,0.0,0.0,0.0,0.0,0.0,0.099362284,0.0,5.45426,0.0,0.0,0.0,0.0,1.0596501,0.0,0.0,3.8416615,0.0,0.0,0.0,0.0,0.0,0.0,0.0,0.0,0.0,0.0,0.0,0.0,0.0,0.0,0.0,0.0,0.47610742,7.296123,7.665653,0.0,0.0,0.0,0.0,0.0,0.0,0.0,0.0,0.0,0.0,0.0,4.15115,0.0,0.0,0.0,7.5142245,6.1578655,3.3187933,0.0,5.7585254,0.0,0.0,0.0,0.0,0.0,4.1403394,0.0,0.0,0.0,0.0,0.0,0.0,0.0,5.9347773,0.0,0.0,0.0,0.0,0.0,0.0,0.0,0.0,0.0,0.0,0.0,0.0,0.0,0.0,0.0,13.343825,0.0,0.0,2.5325174,0.0,0.0,9.384751,7.5638413,0.0,1.0060655,3.225282,4.9817834
ACH-000277,0.0,0.0,5.295963,2.280594,0.0,4.026758,2.6263258,0.0,4.787152,0.0,0.0,3.3426301,0.0,0.0,0.0,0.0,0.0,0.0,0.0,0.0,0.0,0.0,0.0,0.0,0.0,4.716497,0.0,0.0,0.0,0.0,8.16321,4.2087474,0.0,0.0,0.0,0.0,0.0,0.0,0.0,4.3759813,0.0,0.0,0.0,0.0,1.1731902,0.0,0.0,4.0603075,0.0,0.0,0.0,0.0,0.0,0.0,0.0,0.0,0.0,0.0,0.7193644,0.0,0.0,0.0,0.0,0.0,2.056588,5.984383,4.930685,0.0,0.0,0.0,0.0,0.0,0.0,0.0,0.0,0.0,0.0,0.0,2.823387,0.0,0.0,0.0,6.589072,6.14753,4.1945753,0.0,4.207173,0.0,0.0,0.0,0.0,0.0,3.0933473,0.0,0.0,0.0,0.0,0.0,0.0,0.0,4.1093884,0.0,0.0,0.0,0.0,0.0,0.0,0.0,0.0,0.0,0.0,0.9113493,0.0,0.0,0.0,0.0,11.737721,0.0,0.0,0.31607577,0.0,0.0,7.0565057,6.5455365,0.0,0.9991052,2.2443318,4.901708
ACH-000278,0.0,0.0,4.9447794,4.0024285,0.0,6.0862045,2.636375,0.0,6.13779,0.0,0.0,3.9693468,0.0,0.0,0.0,0.0,0.0,0.0,0.0,0.0,0.0,0.0,0.0,0.0,0.0,5.757586,0.0,0.0,0.0,0.0,9.300568,3.4087944,0.0,0.0,0.0,0.0,0.0,0.63433605,0.0,6.06455,0.0,0.0,0.0,0.0,1.7144165,0.0,0.0,3.4510503,0.0,0.0,0.0,0.0,0.0,0.0,0.0,0.0,0.0,0.0,0.0,0.0,0.0,0.0,0.0,0.0,1.9578702,6.8207,7.3721957,0.0,0.0,0.0,0.0,0.0,0.0,0.0,0.0,0.0,0.0,0.0,3.4953887,0.0,0.0,0.0,7.531982,7.26635,2.6384833,0.0,5.056735,0.0,0.0,0.0,0.0,0.0,4.235849,0.0,0.0,0.0,0.0,0.0,0.0,0.0,5.2985077,0.0,0.0,0.0,0.0,0.0,0.0,0.0,0.0,0.0,0.0,0.0,0.0,0.0,0.0,0.0,13.730702,0.0,0.0,2.438844,0.0,0.0,8.142269,7.234807,0.0,1.6184268,2.4259603,6.045021
ACH-000279,0.0,0.0,5.494956,2.0252845,0.0,4.4323835,2.0100818,0.0,5.414394,0.0,0.0,2.2038684,0.0,0.0,0.0,0.0,0.0,0.6554566,0.0,0.0,0.0,0.0,0.0,0.0,0.0,3.487636,0.0,0.0,0.0,0.0,6.4788074,3.6811996,0.0,0.0,0.0,0.0,0.0,0.0,0.0,4.7985272,0.0,0.0,0.0,0.0,1.6781157,0.0,0.0,3.0936203,0.0,0.0,0.0,0.0,0.0,0.0,0.0,0.5857003,0.0,0.0,0.0,0.0,0.0,0.0,0.0,0.0,0.958126,6.388937,5.9927545,0.0,0.0,0.0,0.0,0.0,0.0,0.0,0.0,0.0,0.0,0.0,1.6092762,0.0,0.0,0.0,6.088557,5.916036,3.2806427,0.0,6.107829,0.0,0.0,0.0,0.0,0.0,3.3221247,0.0,0.0,0.0,0.0,0.0,0.0,0.0,4.2496133,0.0,0.0,0.0,0.0,0.0,0.0,0.0,0.0,0.0,0.0,0.0,0.0,0.0,0.0,0.6586987,10.2365265,0.0,0.0,1.8309829,0.0,0.0,6.180172,6.5731454,0.0,1.8462056,2.4893835,4.248306
ACH-000280,0.0,0.0,6.0189147,2.829144,0.0,6.074734,2.2519221,0.0,5.526933,0.0,0.0,4.477695,0.0,0.0,0.0,0.0,0.0,0.0,0.0,0.0,0.0,0.0,0.0,0.0,0.0,5.0286183,0.0,0.0,0.0,0.0,8.277228,4.106541,0.0,0.0,0.0,0.0,0.0,1.1086774,0.0,5.6802773,0.0,0.0,0.0,0.0,2.4879863,0.0,0.0,3.949558,0.0,0.0,0.0,0.0,0.0,0.0,0.0,0.0,0.0,0.0,0.0,0.0,0.0,0.0,0.0,0.0,0.49371535,7.3463697,6.219468,0.0,0.0,0.0,0.0,0.0,0.0,0.0,0.0,0.0,0.0,0.0,3.0667603,0.0,0.0,0.0,8.050674,6.0612364,2.5786383,0.0,6.243092,0.0,0.0,0.0,0.0,0.0,4.623651,0.0,0.0,0.0,0.0,0.0,0.0,0.0,6.2546835,0.0,0.0,0.0,0.0,0.0,0.0,0.0,0.0,0.0,0.0,0.0,0.0,0.0,0.0,0.0,12.992177,0.0,0.0,1.8779657,0.0,0.0,7.4686613,7.0003057,0.0,1.4958776,2.8644009,6.48356
ACH-000281,0.0,0.0,5.6639643,3.2971225,0.0,3.2891135,1.924765,0.0,4.4278064,0.0,0.0,3.0639646,0.0,0.0,0.0,0.0,0.0,0.9244775,0.0,0.0,0.0,0.0,0.0,0.0,0.0,5.156445,0.0,0.0,0.0,0.0,7.519902,3.419596,0.0,0.0,0.0,0.0,0.0,0.25202867,0.0,6.0656123,0.0,0.0,0.0,0.0,1.91479,0.0,0.0,2.555872,0.0,0.0,0.0,0.0,0.0,0.0,0.0,0.0,0.0,0.0,0.0,0.0,0.0,0.0,0.0,0.0,2.5124016,6.4501877,5.4370027,0.0,0.0,0.0,0.0,0.0,0.0,0.0,0.0,0.0,0.0,0.0,3.154143,0.0,0.0,0.0,6.133474,6.354183,3.1253703,0.0,4.6653438,0.0,0.0,0.0,0.0,0.0,3.2943249,0.0,0.0,0.0,0.0,0.0,0.0,0.0,4.0490947,0.0,0.0,0.0,0.0,0.0,0.0,0.0,0.0,0.0,0.0,0.41545394,0.0,0.0,0.0,0.0,11.7227125,0.0,0.0,1.222759,0.0,0.0,7.888062,6.243452,0.0,1.1126717,3.3868837,5.22242
ACH-000288,0.0,0.0,5.429229,2.3521242,0.0,4.6856766,3.0295942,0.0,6.373984,0.0,0.0,3.723562,0.0,0.0,0.0,0.0,0.0,0.0,0.0,0.0,0.0,0.0,0.0,0.0,0.0,4.8685336,0.0,0.0,0.0,0.0,7.1981134,4.2188563,0.0,0.0,0.0,0.0,0.0,0.6857975,0.0,5.63895,0.0,0.0,0.0,0.0,2.3507228,0.0,0.0,3.4982233,0.0,0.0,0.0,0.0,0.0,0.0,0.0,0.25554326,0.0,0.0,0.0,0.0,0.0,0.0,0.0,0.0,1.4766586,7.2884088,6.963034,0.0,0.0,0.0,0.0,0.0,0.0,0.0,0.0,0.0,0.0,0.0,3.752545,0.0,0.0,0.0,7.1788692,5.0662823,1.6561632,0.0,4.986007,0.0,0.0,0.0,0.13499132,0.0,4.0892344,0.0,0.0,0.0,0.0,0.0,0.0,0.0,4.7619467,0.0,0.0,0.0,0.0,0.0,0.0,0.0,0.0,0.0,0.0,0.0,0.0,0.0,0.0,0.0,11.952363,0.0,0.0,2.3193035,0.0,0.0,7.458162,5.88675,0.0,0.76704705,3.6512716,4.830883
ACH-000289,0.0,0.0,4.742175,3.2219796,0.0,3.8843246,2.1752567,0.0,5.399218,0.0,0.0,3.2016675,0.0,0.0,0.0,0.0,0.0,0.0,0.0,0.0,0.0,0.0,0.0,0.0,0.0,5.0781927,0.0,0.0,0.0,0.0,8.55275,4.8023577,0.0,0.0,0.0,0.0,0.0,0.78226674,0.0,6.447185,0.0,0.0,0.0,0.0,1.8387667,0.0,0.0,3.4877772,0.0,0.0,0.0,0.0,0.0,0.0,0.0,0.0,0.0,0.0,0.0,0.0,0.0,0.0,0.0,0.0,1.7044737,5.473612,7.0499754,0.0,0.0,0.0,0.0,0.0,0.0,0.0,0.0,1.1180756,0.0,0.0,2.4114685,0.0,0.0,0.0,7.029495,5.5020995,2.8897629,0.0,3.9982553,0.0,0.0,0.0,0.25385723,0.0,1.9845988,0.0,0.0,0.0,0.0,0.0,0.0,0.0,3.8221686,0.0,0.0,0.0,0.0,0.0,0.0,0.0,0.0,0.0,0.0,0.0,0.0,0.0,0.0,0.0,11.699016,0.0,0.0,2.5944512,0.0,0.0,7.396466,5.8360534,0.0,0.6746594,3.0657747,4.780103
ACH-000292,0.0,0.0,6.2704864,2.1895914,0.0,4.4502544,2.1617007,0.0,4.9094267,0.0,0.0,2.608017,0.0,0.0,0.0,0.0,0.0,0.3704214,0.0,0.0,0.0,0.0,0.0,0.0,0.0,4.170475,0.0,0.0,0.18052039,0.0,6.2340784,2.9879649,0.0,0.0,0.0,0.0,0.0,0.0,0.0,4.822036,0.0,0.0,0.0,0.0,1.4869796,0.0,0.0,2.4980507,0.0,0.0,0.0,0.0,0.0,0.0,0.0,0.6986947,0.0,0.0,0.0,0.4925259,0.0,0.0,0.0,0.0,1.3333106,6.267336,5.4429383,0.0,0.0,0.0,0.0,0.0,0.0,0.0,0.0,0.0,0.0,0.0,2.784783,0.0,0.0,0.0,5.09435,4.8553095,2.0000627,0.0,4.839445,0.0,0.0,0.0,0.0,0.0,3.7999325,0.0,0.0,0.0,0.0,0.0,0.0,0.0,4.5157766,0.0,0.0,0.0,0.0,0.0,0.0,0.0,0.0,0.0,0.0,0.350229,0.0,0.0,0.0,1.0917435,10.81433,0.0,0.0,1.1852384,0.0,0.0,7.0767097,6.483914,0.0,1.718114,2.660291,5.0204015
ACH-000296,0.0,0.0,6.333544,2.795407,0.0,3.114065,2.467907,0.0,4.7396035,0.0,0.0,3.87008,0.0,0.0,0.0,0.0,0.0,0.0,0.0,0.0,0.0,0.0,0.0,0.0,0.0,5.2084584,0.0,0.0,0.0,0.0,8.668915,4.730464,0.0,0.0,0.0,0.0,0.0,0.4975505,0.0,5.038941,0.0,0.0,0.0,0.0,2.3095098,0.0,0.0,3.2935667,0.0,0.0,0.0,0.0,0.0,0.0,0.0,0.0,0.0,0.0,0.0,0.0,0.0,0.0,0.0,0.0,1.1409982,6.655724,6.9168406,0.0,0.0,0.0,0.0,0.0,0.0,0.0,0.0,0.0,0.0,0.0,3.4785655,0.0,0.0,0.0,6.6244063,6.3566685,2.7974167,0.0,5.1471972,0.0,0.0,0.0,0.0,0.0,3.7688766,0.0,0.0,0.0,0.0,0.0,0.0,0.0,4.920211,0.0,0.0,0.0,0.0,0.0,0.0,0.0,0.0,0.0,0.0,0.0,0.0,0.0,0.0,0.0,12.0285845,0.0,0.0,1.7683707,0.0,0.0,6.8125997,6.3710513,0.0,1.5133638,3.2376664,6.2239738
ACH-000302,0.0,0.0,6.006194,2.455494,0.0,5.0699816,3.3045857,0.0,5.7846713,0.0,0.0,3.5333972,0.0,0.0,0.0,0.0,0.0,1.9376199,0.0,0.0,0.0,0.0,0.0,0.0,0.0,5.3424296,0.0,0.0,0.0,0.0,7.9059515,3.786519,0.0,0.0,0.0,0.0,0.0,1.4028054,0.0,6.2355037,0.0,0.0,0.0,0.0,1.990641,0.0,0.0,3.8194785,0.0,0.0,0.0,0.0,0.0,0.0,0.0,0.0,0.0,0.0,0.0,0.0,0.0,0.0,0.0,0.0,0.64092135,7.232993,7.1757407,0.0,0.0,0.0,0.0,0.0,0.0,0.0,0.0,0.0,0.0,0.0,3.2403815,0.0,0.0,0.0,6.4021044,6.471488,2.788986,0.0,4.847981,0.0,0.0,0.0,0.0,0.0,2.57143,0.0,0.0,0.0,0.0,0.0,0.0,0.0,4.140086,0.0,0.0,0.0,0.0,0.0,0.0,0.0,0.0,0.0,0.0,0.0,0.0,0.0,0.0,0.0,12.139265,0.0,0.0,2.4342177,0.0,0.0,7.803079,6.5179095,0.0,0.98350316,3.8560297,5.009599
ACH-000305,0.0,0.0,5.1160445,3.208676,0.0,4.8559527,2.131375,0.0,5.1384835,0.0,0.0,3.5614648,0.0,0.0,0.0,0.0,0.0,0.0,0.0,0.0,0.0,0.0,0.0,0.0,0.0,5.234215,0.0,0.0,0.0,0.0,7.8882194,4.1489215,0.0,0.0,0.0,0.0,0.0,0.24232006,0.0,5.540425,0.0,0.0,0.0,0.0,1.6674501,0.0,0.0,2.9205394,0.0,0.0,0.0,0.0,0.0,0.0,0.0,0.71533144,0.0,0.0,0.0,0.0,0.0,0.0,0.0,0.0,1.6760077,6.177084,6.534606,0.0,0.0,0.0,0.0,0.0,0.0,0.0,0.0,0.0,0.0,0.0,2.9372852,0.0,0.0,0.0,6.8713202,6.4830027,2.195927,0.0,5.199731,0.0,0.0,0.0,0.0,0.0,3.169147,0.0,0.0,0.0,0.0,0.0,0.0,0.0,4.7081203,0.0,0.0,0.0,0.0,0.0,0.0,0.0,0.0,0.0,0.0,0.0,0.0,0.0,0.0,0.0,11.577226,0.0,0.0,3.025163,0.0,0.0,7.0567617,6.458877,0.0,1.6757163,3.1005228,4.822779
ACH-000307,0.0,0.0,5.5741878,2.6386313,0.0,4.5098248,2.335965,0.0,4.6843247,0.0,0.0,3.0937526,0.0,0.0,0.0,0.0,0.0,1.2571535,0.0,0.0,0.0,0.0,0.0,0.0,0.0,5.360389,0.0,0.0,0.0,0.0,7.632251,3.630176,0.0,0.0,0.0,0.0,0.0,0.34182495,0.0,4.8442817,0.0,0.0,0.0,0.0,1.4778754,0.0,0.0,2.321635,0.0,0.0,0.0,0.0,0.0,0.0,0.0,0.0,0.0,0.0,0.0,0.0,0.0,0.0,0.0,0.0,2.4557583,6.685227,5.1400485,0.0,0.0,0.0,0.0,0.0,0.0,0.0,0.0,0.0,0.0,0.0,2.904654,0.0,0.0,0.0,6.896653,5.6342654,2.3006637,0.0,5.5043297,0.0,0.0,0.0,1.1707371,0.0,4.088285,0.0,0.0,0.0,0.0,0.0,0.0,0.0,4.694162,0.0,0.0,0.0,0.0,0.0,0.0,0.0,0.0,0.0,0.0,0.22680826,0.0,0.0,0.0,0.0,12.4098425,0.0,0.0,1.2080095,0.0,0.0,7.7105,5.981975,0.0,0.7999852,2.870235,4.7899003
ACH-000308,0.0,0.0,5.8752646,3.9075723,0.0,4.3527403,1.7550277,0.0,6.4730997,0.0,0.0,4.3558626,0.0,0.0,0.0,0.0,0.0,0.0,0.0,0.0,0.0,0.0,0.0,0.0,0.0,5.409161,0.0,0.0,0.31131724,0.0,7.9119406,4.7472296,0.0,0.0,0.0,0.0,0.0,0.0,0.0,6.0789447,0.0,0.0,0.0,0.0,1.7840432,0.0,0.0,3.8573105,0.0,0.0,0.0,0.0,0.0,0.0,0.0,0.0,0.0,0.0,0.0,0.0,0.0,0.0,0.0,0.0,1.441381,6.5829,6.8433433,0.0,0.0,0.0,0.0,0.0,0.0,0.0,0.0,0.0,0.0,0.0,3.2195432,0.0,0.0,0.0,7.4810247,5.762991,2.790521,0.0,5.344696,0.0,0.0,0.0,0.56216234,0.0,2.7752726,0.0,0.0,0.0,0.0,0.0,0.0,0.0,5.598463,0.0,0.0,0.0,0.0,0.0,0.0,0.0,0.0,0.0,0.0,0.0,0.0,0.0,0.0,0.0,12.430018,0.0,0.0,2.0872903,0.0,0.0,7.689128,7.0957623,0.0,1.6239291,3.4371264,6.438932
ACH-000311,0.0,0.0,5.2495494,2.8648255,0.0,5.3425407,1.8957025,0.0,5.8525605,0.0,0.0,4.2090693,0.0,0.0,0.0,0.0,0.0,0.0,0.0,0.0,0.0,0.0,0.0,0.0,0.0,4.962747,0.0,0.0,0.0,0.0,7.281582,4.20249,0.0,0.0,0.0,0.0,0.0,0.0,0.0,4.9160924,0.0,0.0,0.0,0.0,0.9110182,0.0,0.0,2.8513155,0.0,0.0,0.0,0.0,0.0,0.0,0.0,0.48843727,0.0,0.0,0.0,0.0,0.0,0.0,0.0,0.0,0.8034144,6.09084,5.414696,0.0,0.0,0.0,0.0,0.0,0.0,0.0,0.0,0.0,0.0,0.0,2.4993498,0.0,0.0,0.0,5.993609,5.877335,1.4883351,0.0,5.1322436,0.0,0.0,0.0,0.35480258,0.0,2.994377,0.0,0.0,0.0,0.0,0.0,0.0,0.0,5.1606236,0.0,0.0,0.0,0.0,0.0,0.0,0.0,0.0,0.0,0.0,0.0,0.0,0.0,0.0,0.0,11.935782,0.0,0.0,2.1593657,0.0,0.0,7.066791,6.810243,0.0,1.2029997,2.9617875,5.3633256
ACH-000312,0.0,0.0,4.5517387,3.356615,0.0,4.05477,1.6740601,0.0,3.9986794,0.0,0.0,2.774761,0.0,0.0,0.0,0.0,0.0,0.0,0.0,0.0,0.0,0.0,0.0,0.0,0.0,3.6153295,0.0,0.0,0.0,0.0,6.8184786,4.0716643,0.0,0.0,0.0,0.0,0.0,0.0,0.11837493,5.2075553,0.0,0.0,0.0,0.0,1.7281859,0.0,0.0,3.5427346,0.0,0.0,0.0,0.0,0.0,0.0,0.0,0.0,0.0,0.0,0.0,0.0,0.0,0.0,0.0,0.0,1.6436957,5.329004,5.471318,0.0,0.0,0.0,0.0,0.0,0.0,0.0,0.0,0.1504686,0.0,0.0,2.890473,0.0,0.0,0.0,4.6938767,5.1322813,3.4301527,0.0,4.3869424,0.0,0.0,0.0,0.32650724,0.0,2.6825988,0.0,0.0,0.0,0.0,0.0,0.0,0.0,4.2364855,0.0,0.0,0.0,0.0,0.0,0.0,0.0,0.0,0.0,0.0,0.53932595,0.0,0.0,0.0,0.4853289,9.776218,0.0,0.0,1.6802459,0.0,0.0,7.1309586,5.5985117,0.0,1.3794662,3.343795,4.7815185
ACH-000313,0.0,0.0,5.4936876,4.87227,0.0,5.531548,2.4101398,0.0,6.4646583,0.0,0.0,4.50068,0.0,0.0,0.0,0.0,0.0,0.0,0.0,0.0,0.0,0.0,0.0,0.0,0.0,5.8733497,0.0,0.0,0.73048854,0.0,8.5751,4.7497683,0.0,0.0,0.0,0.0,0.0,0.47227764,0.0,6.4940863,0.0,0.0,0.0,0.0,0.97968155,0.0,0.0,3.6780999,0.0,0.0,0.0,0.0,0.0,0.0,0.0,0.0,0.0,0.0,0.0,0.0,0.0,0.0,0.0,0.0,0.24846436,6.810292,5.8625507,0.0,0.0,0.0,0.0,0.0,0.0,0.0,0.0,0.0,0.0,0.0,2.6208756,0.0,0.0,0.0,7.4023,6.4120474,1.6280072,0.0,5.2407775,0.0,0.0,0.0,0.0,0.0,4.6797824,0.0,0.0,0.0,0.0,0.0,0.0,0.0,5.356329,0.0,0.0,0.0,0.0,0.0,0.0,0.0,0.0,0.0,0.0,0.0,0.0,0.0,0.0,0.0,13.717574,0.0,0.0,1.455383,0.0,0.0,8.060088,6.7292,0.0,1.5804793,3.4984238,5.0691543
ACH-000316,0.0,0.0,4.718133,3.9987433,0.0,5.308118,1.5171474,0.0,5.785562,0.0,0.0,5.097151,0.0,0.0,0.0,0.0,0.0,0.0,0.0,0.0,0.0,0.0,0.0,0.0,0.0,6.145758,0.0,0.0,0.18315741,0.0,8.494149,4.526389,0.0,0.0,0.0,0.0,0.0,0.37027186,0.0,6.1658983,0.0,0.0,0.0,0.0,1.7391417,0.0,0.0,3.338166,0.0,0.0,0.0,0.0,0.0,0.0,0.0,0.0,0.0,0.0,0.0,0.0,0.0,0.0,0.0,0.0,1.5869205,7.2870603,6.495071,0.0,0.0,0.0,0.0,0.0,0.0,0.0,0.0,0.0,0.0,0.0,3.7670295,0.0,0.0,0.0,6.4242096,6.820035,1.8779144,0.0,4.7209435,0.0,0.0,0.0,0.0,0.0,3.2121353,0.0,0.0,0.0,0.0,0.0,0.0,0.0,5.7114496,0.0,0.0,0.0,0.0,0.0,0.0,0.0,0.0,0.0,0.0,0.0,0.0,0.0,0.0,0.0,13.137341,0.0,0.0,1.9825361,0.0,0.0,7.82494,6.65076,0.0,0.76744753,3.3357239,6.348148
ACH-000318,0.0,0.0,5.8380184,3.0588598,0.0,4.391508,2.902164,0.0,5.5374737,0.0,0.0,2.889919,0.0,0.0,0.0,0.0,0.0,0.0,0.0,0.0,0.0,0.0,0.0,0.0,0.0,5.873177,0.0,0.0,0.0,0.0,7.428219,4.6375365,0.0,0.0,0.0,0.0,0.0,0.17950526,0.0,5.863296,0.0,0.0,0.0,0.0,1.2747968,0.0,0.0,3.644076,0.0,0.0,0.0,0.0,0.0,0.0,0.0,0.18367366,0.0,0.0,0.0,0.0,0.0,0.0,0.0,0.0,1.4127637,6.3193083,6.7602153,0.0,0.0,0.0,0.0,0.0,0.0,0.0,0.0,0.0,0.0,0.0,3.0841994,0.0,0.0,0.0,6.4478,5.892648,2.1573875,0.0,5.3172703,0.0,0.0,0.0,0.1982058,0.0,2.417259,0.0,0.0,0.0,0.0,0.0,0.0,0.0,4.085189,0.0,0.0,0.0,0.0,0.0,0.0,0.0,0.0,0.0,0.0,0.0,0.0,0.0,0.0,0.0,12.094141,0.0,0.0,1.9193455,0.0,0.0,7.6020975,6.5671105,0.0,0.82379043,3.216013,5.7464495
ACH-000319,0.0,0.0,6.5417356,3.171796,0.0,5.2623124,1.3568231,0.0,6.726185,0.0,0.0,4.515245,0.0,0.0,0.0,0.0,0.0,0.0,0.0,0.0,0.0,0.0,0.0,0.0,0.0,5.007174,0.0,0.0,0.0,0.0,8.66034,5.138893,0.0,0.0,0.0,0.0,0.0,0.6630391,0.0,7.821485,0.0,0.0,0.0,0.0,2.1895616,0.0,0.0,3.4563732,0.0,0.0,0.0,0.0,0.0,0.0,0.0,0.0,0.0,0.0,0.0,0.0,0.0,0.0,0.0,0.0,0.87654847,8.276718,6.1206517,0.0,0.0,0.0,0.0,0.0,0.0,0.0,0.0,1.7010951,0.0,0.0,3.5241416,0.0,0.0,0.0,7.1724877,7.5090714,2.818055,0.0,5.5290184,0.0,0.0,0.0,0.0,0.0,2.935728,0.0,0.0,0.0,0.0,0.0,0.0,0.0,5.324407,0.0,0.0,0.0,0.0,0.0,0.0,0.0,0.0,0.0,0.0,0.0,0.0,0.0,0.0,0.0,13.851989,0.0,0.0,2.379158,0.0,0.0,7.9490194,6.9081244,0.0,2.3920238,4.752866,6.722594
ACH-000320,0.0,0.0,6.064947,2.4539986,0.0,4.862862,2.48831,0.0,5.7262807,0.0,0.0,3.8834112,0.0,0.0,0.0,0.0,0.0,1.0681276,0.0,0.0,0.0,0.0,0.0,0.0,0.0,5.452229,0.0,0.0,0.21471938,0.0,7.414837,4.4193745,0.0,0.0,0.0,0.0,0.0,0.0,0.0,5.329122,0.0,0.0,0.0,0.0,1.511308,0.0,0.0,2.723892,0.0,0.0,0.0,0.0,0.0,0.0,0.0,0.7639478,0.0,0.0,0.0,0.0,0.0,0.0,0.0,0.0,1.1287218,7.1458545,6.330399,0.0,0.0,0.0,0.0,0.0,0.0,0.0,0.0,0.0,0.0,0.0,2.7760947,0.0,0.0,0.0,5.5219274,5.6958055,3.0551524,0.0,5.0670285,0.0,0.0,0.0,0.318817,0.0,2.8322082,0.0,0.0,0.0,0.0,0.0,0.0,0.0,4.952388,0.0,0.0,0.0,0.0,0.0,0.0,0.0,0.0,0.0,0.0,0.0,0.0,0.0,0.0,0.0,12.278415,0.0,0.0,1.0344574,0.0,0.0,7.241185,6.6195817,0.0,1.4352301,2.6335356,5.7280736
ACH-000322,0.0,0.0,5.595642,3.6954455,0.0,4.5446186,2.594476,0.0,5.573728,0.0,0.0,4.2391434,0.0,0.0,0.0,0.0,0.0,0.0,0.0,0.0,0.0,0.0,0.0,0.0,0.0,4.9070024,0.0,0.0,0.0,0.0,7.9764075,4.1867304,0.0,0.0,0.0,0.0,0.0,0.32562333,0.0,5.7761807,0.0,0.0,0.0,0.0,1.598616,0.0,0.0,3.2406492,0.0,0.0,0.0,0.0,0.0,0.0,0.0,0.0,0.0,0.0,0.0,0.0,0.0,0.0,0.0,0.0,1.7616999,6.0154967,6.399234,0.0,0.0,0.0,0.0,0.0,0.0,0.0,0.0,0.0,0.0,0.0,2.6292639,0.0,0.0,0.0,6.5553374,5.9483747,2.2400327,0.0,4.2900796,0.0,0.0,0.0,0.0,0.0,3.4561882,0.0,0.0,0.0,0.0,0.0,0.0,0.0,4.077821,0.0,0.0,0.0,0.0,0.0,0.0,0.0,0.0,0.0,0.7434937,0.0,0.0,0.0,0.0,0.0,12.178309,0.0,0.0,1.9323264,0.0,0.0,7.3897767,6.852982,0.0,0.92199796,3.4242594,4.9540057
ACH-000323,0.0,0.0,5.1898513,2.3840702,0.0,5.0779757,2.2870626,0.0,5.5327015,0.0,0.0,4.1981416,0.0,0.0,0.0,0.0,0.0,0.0,0.0,0.0,0.0,0.0,0.0,0.0,0.0,5.104832,0.0,0.0,0.0,0.0,7.5861287,4.9846954,0.0,0.0,0.0,0.0,0.0,0.0,0.0,5.077468,0.0,0.0,0.0,0.0,1.2980065,0.0,0.0,3.1313946,0.0,0.0,0.0,0.0,0.0,0.0,0.0,0.1556636,0.0,0.0,0.0,0.0,0.0,0.0,0.0,0.0,1.3494397,6.2831955,6.0160065,0.0,0.0,0.0,0.0,0.0,0.0,0.0,0.0,0.0,0.0,0.0,2.9745133,0.0,0.0,0.0,6.549007,5.986,1.5329063,0.0,4.6238875,0.0,0.0,0.0,0.0,0.0,2.1884463,0.0,0.0,0.0,0.0,0.0,0.0,0.0,4.350906,0.0,0.0,0.0,0.0,0.0,0.0,0.0,0.0,0.0,0.0,0.0,0.0,0.0,0.0,0.0,12.237453,0.0,0.0,2.0649893,0.0,0.0,7.2452254,6.8705754,0.0,0.7383315,2.9877784,5.808218
ACH-000324,0.0,0.0,5.9216375,3.3080828,0.0,4.1388226,3.431484,0.0,6.11733,0.0,0.0,3.5485203,0.0,0.0,0.0,0.0,0.0,0.0,0.0,0.0,0.0,0.0,0.0,0.0,0.0,5.616529,0.0,0.0,0.0,0.0,7.371606,4.28196,0.0,0.0,0.0,0.0,0.0,0.0,0.0,5.7128577,0.0,0.0,0.0,0.0,1.7518789,0.0,0.0,3.1199374,0.0,0.0,0.0,0.0,0.0,0.0,0.0,0.0,0.0,0.0,0.0,0.0,0.0,0.0,0.0,0.0,1.465692,6.2588215,5.5618396,0.0,0.0,0.0,0.0,0.0,0.0,0.0,0.0,0.0,0.0,0.0,2.9416444,0.0,0.0,0.0,7.314589,5.1423836,3.7148488,0.0,3.4202487,0.0,0.0,0.0,0.0,0.0,4.0462894,0.0,0.0,0.0,0.0,0.0,0.0,0.0,4.5270486,0.0,0.0,0.0,0.0,0.0,0.0,0.0,0.0,0.0,0.0,0.0,0.0,0.0,0.0,0.0,11.940854,0.0,0.0,1.3873588,0.0,0.0,6.667629,6.6436315,0.0,1.0026318,3.3111508,5.223477
ACH-000329,0.0,0.0,6.329458,2.6777263,0.0,5.3597665,3.050108,0.0,6.515591,0.0,0.0,3.6996992,0.0,0.0,0.0,0.0,0.0,0.0,0.0,0.0,0.0,0.0,0.0,0.0,0.0,5.470817,0.0,0.0,0.0,0.0,7.9212065,4.3539605,0.0,0.0,0.0,0.0,0.0,1.2371918,0.0,5.8506002,0.0,0.0,0.0,0.0,1.2384211,0.0,0.0,3.0053859,0.0,0.0,0.0,0.0,0.0,0.0,0.0,0.37812033,0.0,0.0,0.0,0.0,0.0,0.0,0.0,0.0,1.2576227,7.266059,7.092085,0.0,0.0,0.0,0.0,0.0,0.0,0.0,0.0,0.0,0.0,0.0,3.1258159,0.0,0.0,0.0,6.5350966,6.902941,2.1452563,0.0,4.7555566,0.0,0.0,0.0,1.2037879,0.0,2.7010043,0.0,0.0,0.0,0.0,0.0,0.0,0.0,5.6339664,0.0,0.0,0.0,0.0,0.0,0.0,0.0,0.0,0.0,0.0,0.0,0.0,0.0,0.0,0.0,12.6939745,0.0,0.0,2.1909857,0.0,0.0,8.200855,6.7727923,0.0,1.3460025,3.0670006,5.346356
ACH-000331,0.0,0.0,5.541934,4.1932926,0.0,4.449503,1.6516522,0.0,5.213327,0.0,0.0,4.088831,0.0,0.0,0.0,0.0,0.0,0.34136948,0.0,0.0,0.0,0.0,0.0,0.0,0.0,5.6634917,0.0,0.0,0.0,0.0,8.244794,4.985033,0.0,0.0,0.0,0.0,0.0,1.0095911,0.0,5.780437,0.0,0.0,0.0,0.0,2.3229187,0.0,0.0,3.1833646,0.0,0.0,0.0,0.0,0.0,0.0,0.0,0.0,0.0,0.0,0.0,0.0,0.0,0.0,0.0,0.0,0.8761741,6.32754,6.5699415,0.0,0.0,0.0,0.0,0.0,0.0,0.0,0.0,0.7272507,0.0,0.0,2.4857938,0.0,0.0,0.0,7.051361,5.429188,3.5576293,0.0,4.6706333,0.0,0.0,0.0,0.32690337,0.0,3.7956548,0.0,0.0,0.0,0.0,0.0,0.0,0.0,4.8988624,0.0,0.0,0.0,0.0,0.0,0.0,0.0,0.0,0.0,0.0,0.0,0.0,0.0,0.0,0.0,11.65435,0.0,0.0,1.838961,0.0,0.0,6.8904853,6.5780077,0.0,1.7575079,4.289486,5.4484544
ACH-000332,0.0,0.0,6.027399,3.3437173,0.0,5.414321,2.681781,0.0,5.7817497,0.0,0.0,4.106819,0.0,0.0,0.0,0.0,0.0,0.0,0.0,0.0,0.0,0.0,0.0,0.0,0.0,5.1736073,0.0,0.0,0.0651475,0.0,8.6747875,4.5462093,0.0,0.0,0.0,0.0,0.0,0.40096253,0.0,6.8906097,0.0,0.0,0.0,0.0,1.5631952,0.0,0.0,3.7683542,0.0,0.0,0.0,0.0,0.0,0.0,0.0,0.0,0.0,0.0,0.0,0.0,0.0,0.0,0.0,0.0,2.1451654,7.8712873,6.6774797,0.0,0.0,0.0,0.0,0.0,0.0,0.0,0.0,0.0,0.0,0.0,3.450031,0.0,0.0,0.0,6.618428,5.950829,2.5615318,0.0,5.086334,0.0,0.0,0.0,0.0,0.0,3.8576398,0.0,0.0,0.0,0.0,0.0,0.0,0.0,5.0716734,0.0,0.0,0.0,0.0,0.0,0.0,0.0,0.0,0.0,0.0,0.0,0.0,0.0,0.0,0.0,13.626716,0.0,0.0,1.9216067,0.0,0.0,8.290871,7.403686,0.0,1.3122797,3.1309354,5.6597195
ACH-000335,0.0,0.0,5.4183664,2.2498033,0.0,4.6007085,2.32388,0.0,5.6287007,0.0,0.0,4.3693123,0.0,0.0,0.0,0.0,0.0,0.0,0.0,0.0,0.0,0.0,0.0,0.0,0.0,4.6174135,0.0,0.0,0.0,0.0,6.9036865,4.295877,0.0,0.0,0.0,0.0,0.0,0.0,0.0,5.3541665,0.0,0.0,0.0,0.0,1.4925321,0.0,0.0,2.388307,0.0,0.0,0.0,0.0,0.0,0.0,0.0,0.31111935,0.0,0.0,0.0,0.0,0.0,0.0,0.0,0.0,1.9616961,6.4365706,5.572384,0.0,0.0,0.0,0.0,0.0,0.0,0.0,0.0,0.64812,0.0,0.0,2.8683567,0.0,0.0,0.0,5.4801245,5.3150206,2.2212045,0.0,4.165154,0.0,0.0,0.0,0.0,0.0,3.7381513,0.0,0.0,0.0,0.0,0.0,0.0,0.0,5.093461,0.0,0.0,0.0,0.0,0.0,0.0,0.0,0.0,0.0,0.0,0.0,0.0,0.0,0.0,0.0,11.51637,0.0,0.0,1.927398,0.0,0.0,6.152159,6.3473077,0.0,1.8174878,2.4248807,5.0845675
ACH-000343,0.0,0.0,5.611498,1.7393712,0.0,3.0605385,2.3740733,0.0,5.0482697,0.0,0.0,2.5483673,0.0,0.0,0.0,0.0,0.0,0.676644,0.0,0.0,0.0,0.0,0.0,0.0,0.0,4.7224383,0.0,0.0,0.0,0.0,6.847997,3.8185444,0.0,0.0,0.0,0.0,0.0,0.0,1.2831624,4.5866966,0.0,0.0,0.0,0.0,1.4111558,0.0,0.0,2.750277,0.0,0.0,0.0,0.0,0.0,0.0,0.0,0.4789145,0.0,0.0,0.75791585,0.0,0.0,0.0,0.0,0.0,1.7715702,6.536743,5.072743,0.0,0.0,0.0,0.0,0.0,0.0,0.0,0.0,0.0,0.0,0.0,2.9108617,0.0,0.0,0.0,7.0353465,5.3398514,3.9319007,0.0,4.530446,0.0,0.0,0.0,0.0,0.0,2.9620612,0.0,0.0,0.0,0.0,0.0,0.0,0.0,3.6540582,0.0,0.0,0.0,0.0,0.0,0.0,0.0,0.0,0.0,0.0,0.66150117,0.0,0.0,0.0,0.5671818,10.649962,0.0,0.0,1.4608781,0.0,0.0,7.219194,6.6572957,0.0,1.2366114,2.3834162,5.356689
ACH-000344,0.0,0.0,5.7329707,2.2041688,0.0,5.8994603,3.0450876,0.0,5.122809,0.0,0.0,5.0898924,0.0,0.0,0.0,0.0,0.0,0.002079734,0.0,0.0,0.0,0.0,0.0,0.0,0.0,4.945191,0.0,0.0,0.0,0.0,8.541472,3.1357436,0.0,0.0,0.0,0.0,0.0,0.0,0.0,6.1212106,0.0,0.0,0.0,0.0,1.6548392,0.0,0.0,2.7292705,0.0,0.0,0.0,0.0,0.0,0.0,0.0,0.57882833,0.0,0.0,0.0,0.0,0.0,0.0,0.0,0.0,2.219879,6.4610677,6.395758,0.0,0.0,0.0,0.0,0.0,0.0,0.0,0.0,0.0,0.0,0.0,3.2701392,0.0,0.0,0.0,6.683738,5.652078,2.550132,0.0,5.430487,0.0,0.0,0.0,1.3139358,0.0,2.7282166,0.0,0.0,0.0,0.0,0.0,0.0,0.0,3.8061883,0.0,0.0,0.0,0.0,0.0,0.0,0.0,0.0,0.0,0.0,0.0,0.0,0.0,0.0,0.0,12.356566,0.0,0.0,0.7077553,0.0,0.0,7.4187145,6.9849334,0.0,1.4367548,2.2476978,5.734523
ACH-000347,0.0,0.0,4.708885,3.3704162,0.0,4.166893,2.8861697,0.0,4.6980777,0.0,0.0,2.8956943,0.0,0.0,0.0,0.0,0.0,0.0,0.0,0.0,0.0,0.0,0.0,0.0,0.0,4.8893456,0.0,0.0,0.0,0.0,6.6294193,3.1116695,0.0,0.0,0.0,0.0,0.0,1.2032765,0.34947985,4.6959653,0.0,0.0,0.0,0.0,1.7453957,0.0,0.0,3.4055128,0.0,0.0,0.0,0.0,0.0,0.0,0.0,0.0,0.0,0.0,0.9201958,0.0,0.0,0.0,0.0,0.0,2.8996568,5.4448905,6.533267,0.0,0.0,0.0,0.0,0.0,0.0,0.0,0.0,0.0,0.0,0.0,2.637676,0.0,0.0,0.0,5.3230205,6.1237946,3.3425274,0.0,4.563922,0.0,0.0,0.0,0.0,0.0,2.33998,0.0,0.0,0.0,0.0,0.0,0.0,0.0,2.8576198,0.0,0.0,0.0,0.0,0.0,0.0,0.0,0.0,0.0,0.0,0.54295844,0.0,0.0,0.0,0.0,10.150421,0.0,0.0,2.4190571,0.0,0.0,7.5553737,6.541244,0.0,1.6968602,2.9484057,5.51856
ACH-000351,0.0,0.0,5.1939044,3.4859774,0.0,5.375399,1.5122248,0.0,6.6021185,0.0,0.0,4.6996846,0.0,0.0,0.0,0.0,0.0,0.0,0.0,0.0,0.0,0.0,0.0,0.0,0.0,4.9175167,0.0,0.0,0.0,0.0,8.441084,5.089446,0.0,0.0,0.0,0.0,0.0,0.44236195,0.0,6.179818,0.0,0.0,0.0,0.0,2.041278,0.0,0.0,3.9122946,0.0,0.0,0.0,0.0,0.0,0.0,0.0,0.0,0.0,0.0,0.0,0.0,0.0,0.0,0.0,0.0,1.2505047,7.730419,7.4310317,0.0,0.0,0.0,0.0,0.0,0.0,0.0,0.0,0.0,0.0,0.0,3.42854,0.0,0.0,0.0,7.3067145,6.7397633,2.8216982,0.0,4.6446743,0.0,0.0,0.0,0.0,0.0,3.0692625,0.0,0.0,0.0,0.0,0.0,0.0,0.0,4.9878464,0.0,0.0,0.0,0.0,0.0,0.0,0.0,0.0,0.0,0.0,0.0,0.0,0.0,0.0,0.0,13.821628,0.0,0.0,2.5197093,0.0,0.0,8.419466,6.780928,0.0,0.6425964,3.5195854,5.7293434
ACH-000352,0.0,0.0,5.8069057,2.7044115,0.0,4.2860365,2.792115,0.0,4.0444746,0.0,0.0,3.9056509,0.0,0.0,0.0,0.0,0.0,0.0,0.0,0.0,0.0,0.0,0.0,0.0,0.0,5.2935777,0.0,0.0,0.0,0.0,7.676117,4.0275755,0.0,0.0,0.0,0.0,0.0,0.0,0.0,5.191406,0.0,0.0,0.0,0.0,1.5774951,0.0,0.0,3.2232463,0.0,0.0,0.0,0.0,0.0,0.0,0.0,0.0,0.0,0.0,0.0,0.0,0.0,0.0,0.0,0.0,1.3899726,6.4690437,7.449439,0.0,0.0,0.0,0.0,0.0,0.0,0.0,0.0,0.0,0.0,0.0,2.74145,0.0,0.0,0.0,7.0583696,5.852312,3.5443723,0.0,4.2827053,0.0,0.0,0.0,0.0,0.0,4.5572023,0.0,0.0,0.0,0.0,0.0,0.0,0.0,3.444092,0.0,0.0,0.0,0.0,0.0,0.0,0.0,0.0,0.0,0.0,0.017967751,0.0,0.0,0.0,0.0,11.699253,0.0,0.0,1.097384,0.0,0.0,7.3755603,8.099696,0.0,2.3613768,4.114054,6.227144
ACH-000356,0.0,0.0,6.61753,2.2711265,0.0,4.13191,1.9270703,0.0,5.6936545,0.0,0.0,3.2486618,0.0,0.0,0.0,0.0,0.0,0.0,0.0,0.0,0.0,0.0,0.0,0.0,0.0,5.4876122,0.0,0.0,0.0,0.0,7.49877,4.066329,0.0,0.0,0.0,0.0,0.0,0.0,0.0,4.9271283,0.0,0.0,0.0,0.0,1.9248321,0.0,0.0,3.1332097,0.0,0.0,0.0,0.0,0.0,0.0,0.0,1.1469553,0.0,0.0,0.87537605,0.0,0.0,0.0,0.0,0.0,1.7390149,7.0103073,6.3223414,0.0,0.0,0.0,0.0,0.0,0.0,0.0,0.0,0.0,0.0,0.0,3.4255576,0.0,0.0,0.0,6.9010577,5.36102,3.130652,0.0,4.7323284,0.0,0.0,0.0,1.1374311,0.0,3.1293013,0.0,0.0,0.0,0.0,0.0,0.0,0.0,4.622848,0.0,0.0,0.0,0.0,0.0,0.0,0.0,0.0,0.0,0.0,0.0,0.0,0.0,0.0,0.0,11.895489,0.0,0.0,1.5519129,0.0,0.0,6.5449004,6.529164,0.0,1.5525092,3.01942,5.638717
ACH-000359,0.0,0.0,5.136756,3.398437,0.0,5.437112,2.6273246,0.0,4.7227073,0.0,0.0,5.171797,0.0,0.0,0.0,0.0,0.0,0.0,0.0,0.0,0.0,0.0,0.0,0.0,0.0,4.067956,0.0,0.0,0.0,0.0,7.723489,3.4578235,0.0,0.0,0.0,0.0,0.0,0.0,0.0,5.575254,0.0,0.0,0.0,0.0,0.8653207,0.0,0.0,3.2456625,0.0,0.0,0.0,0.0,0.0,0.0,0.0,0.0,0.0,0.0,0.0,0.0,0.0,0.0,0.0,0.0,0.75285417,6.6095815,5.4275427,0.0,0.0,0.0,0.0,0.0,0.0,0.0,0.0,0.0,0.0,0.0,2.0184348,0.0,0.0,0.0,6.463713,5.4197664,1.7486666,0.0,5.551584,0.0,0.0,0.0,0.0,0.0,4.0055556,0.0,0.0,0.0,0.0,0.0,0.0,0.0,5.355146,0.0,0.0,0.0,0.0,0.0,0.0,0.0,0.0,0.0,0.0,0.0,0.0,0.0,0.0,0.0,12.406388,0.0,0.0,1.8813238,0.0,0.0,7.183931,6.69772,0.0,1.148994,3.274319,6.009743
ACH-000361,0.0,0.0,5.3404503,2.304277,0.0,4.4046707,2.690218,0.0,6.1519723,0.0,0.0,3.9334219,0.0,0.0,0.0,0.0,0.0,0.0,0.0,0.0,0.0,0.0,0.0,0.0,0.0,4.6012955,0.0,0.0,0.0,0.0,8.0972595,4.1381903,0.0,0.0,0.0,0.0,0.0,0.0,0.0,5.722449,0.0,0.0,0.0,0.0,1.8682048,0.0,0.0,3.1953506,0.0,0.0,0.0,0.0,0.0,0.0,0.0,0.24788217,0.0,0.0,0.0,0.0,0.0,0.0,0.0,0.0,2.0699956,6.387029,5.827976,0.0,0.0,0.0,0.0,0.0,0.0,0.0,0.0,0.0,0.0,0.0,2.740942,0.0,0.0,0.0,5.3597865,5.0924845,2.4218535,0.0,5.299079,0.0,0.0,0.0,0.0,0.0,2.9372237,0.0,0.0,0.0,0.0,0.0,0.0,0.0,4.8453317,0.0,0.0,0.0,0.0,0.0,0.0,0.0,0.0,0.0,0.0,0.0,0.0,0.0,0.0,0.0,11.116989,0.0,0.0,1.2682849,0.0,0.0,5.548042,6.471419,0.0,1.4952458,2.706311,5.307015
ACH-000364,0.0,0.0,5.62611,2.4133804,0.0,4.226038,1.9902892,0.0,6.277866,0.0,0.0,3.7197056,0.0,0.0,0.0,0.0,0.0,0.0,0.0,0.0,0.0,0.0,0.0,0.0,0.0,5.889501,0.0,0.0,0.0,0.0,7.978879,4.280696,0.0,0.0,0.0,0.0,0.0,0.49872857,0.0,6.944016,0.0,0.0,0.0,0.0,1.9699718,0.0,0.0,2.365798,0.0,0.0,0.0,0.0,0.0,0.0,0.0,0.0,0.0,0.0,0.0,0.0,0.0,0.0,0.0,0.0,1.0668502,7.3436985,6.3722363,0.0,0.0,0.0,0.0,0.0,0.0,0.0,0.0,0.0,0.0,0.0,3.4018948,0.0,0.0,0.0,6.352858,5.306142,3.1721232,0.0,5.1199875,0.0,0.0,0.0,0.08996347,0.0,2.9682634,0.0,0.0,0.0,0.0,0.0,0.0,0.0,4.3047614,0.0,0.0,0.0,0.0,0.0,0.0,0.0,0.0,0.0,0.0,0.0,0.0,0.0,0.0,0.0,12.120581,0.0,0.0,2.7623165,0.0,0.0,7.501414,7.0141683,0.0,1.3203181,4.5465136,6.4918795
ACH-000367,0.0,0.0,5.500755,3.498051,0.0,4.758869,1.1804386,0.0,5.6603675,0.0,0.0,4.452004,0.0,0.0,0.0,0.0,0.0,0.34720683,0.0,0.0,0.0,0.0,0.0,0.0,0.0,5.23676,0.0,0.0,0.0,0.0,8.182864,4.2293634,0.0,0.0,0.0,0.0,0.0,0.24725758,0.0,5.666209,0.0,0.0,0.0,0.0,1.4684244,0.0,0.0,3.8473656,0.0,0.0,0.0,0.0,0.0,0.0,0.0,0.09701948,0.0,0.0,0.0,0.0,0.0,0.0,0.0,0.0,1.6290867,6.287142,5.9717712,0.0,0.0,0.0,0.0,0.0,0.0,0.0,0.0,1.0235311,0.0,0.0,2.0903013,0.0,0.0,0.0,7.2611465,5.3743396,4.2714057,0.0,4.482374,0.0,0.0,0.0,0.0,0.0,4.093666,0.0,0.0,0.0,0.0,0.0,0.0,0.0,4.4930077,0.0,0.0,0.0,0.0,0.0,0.0,0.0,0.0,0.0,0.0,0.0,0.0,0.0,0.0,0.0,11.669325,0.0,0.0,1.1667427,0.0,0.0,6.753759,7.1135697,0.0,2.4287164,3.2628474,5.882606
ACH-000368,0.0,0.0,5.503853,3.237447,0.0,5.1334314,2.585586,0.0,5.7108026,0.0,0.0,3.4282534,0.0,0.0,0.0,0.0,0.0,0.0,0.0,0.0,0.0,0.0,0.0,0.0,0.0,5.5133023,0.0,0.0,0.0,0.0,7.8011465,4.903098,0.0,0.0,0.0,0.0,0.0,0.85639566,0.0,5.8816752,0.0,0.0,0.0,0.0,1.70923,0.0,0.0,3.4394789,0.0,0.0,0.0,0.0,0.0,0.0,0.0,0.0,0.0,0.0,0.0,0.0,0.0,0.0,0.0,0.0,0.8499701,7.013942,6.2547245,0.0,0.0,0.0,0.0,0.0,0.0,0.0,0.0,0.0,0.0,0.0,3.1884272,0.0,0.0,0.0,7.003793,6.278475,2.879857,0.0,4.929287,0.0,0.0,0.0,0.0,0.0,2.5480478,0.0,0.0,0.0,0.0,0.0,0.0,0.0,5.686015,0.0,0.0,0.0,0.0,0.0,0.0,0.0,0.0,0.0,0.0,0.0,0.0,0.0,0.0,0.0,12.654395,0.0,0.0,2.6980472,0.0,0.0,7.7481456,6.3857303,0.0,1.0992732,3.4123604,5.8731933
ACH-000374,0.0,0.0,4.9800406,3.46961,0.0,4.843065,2.5088408,0.0,5.9404616,0.0,0.0,4.5822697,0.0,0.0,0.0,0.0,0.0,0.0,0.0,0.0,0.0,0.0,0.0,0.0,0.0,4.5113044,0.0,0.0,0.0,0.0,7.7310534,5.1925125,0.0,0.0,0.0,0.0,0.0,0.9457441,0.0,5.969773,0.0,0.0,0.0,0.0,1.390175,0.0,0.0,2.4386382,0.0,0.0,0.0,0.0,0.0,0.0,0.0,0.0,0.0,0.0,0.0,0.0,0.0,0.0,0.0,0.0,1.4435155,6.677739,7.318755,0.0,0.0,0.0,0.0,0.0,0.0,0.0,0.0,0.0,0.0,0.0,4.0953274,0.0,0.0,0.0,7.211107,5.00947,3.5971062,0.0,5.795992,0.0,0.0,0.0,0.0,0.0,3.5717828,0.0,0.0,0.0,0.0,0.0,0.0,0.0,3.809532,0.0,0.0,0.0,0.0,0.0,0.0,0.0,0.0,0.0,0.0,0.0,0.0,0.0,0.0,0.0,12.982831,0.0,0.0,3.131004,0.0,0.0,8.207927,6.859286,0.0,1.1120938,3.2463672,4.491539
ACH-000375,0.0,0.0,4.658993,2.6327453,0.0,3.565268,2.3336992,0.0,4.965596,0.0,0.0,2.5992787,0.0,0.0,0.0,0.0,0.0,0.0,0.0,0.0,0.0,0.0,0.0,0.0,0.0,5.4712462,0.0,0.0,0.0,0.0,5.4732256,4.206479,0.0,0.0,0.0,0.0,0.0,0.76962644,0.0,4.3233094,0.0,0.0,0.0,0.0,1.161514,0.0,0.0,1.8103194,0.0,0.0,0.0,0.0,0.0,0.0,0.0,0.69317895,0.0,0.0,0.0,0.0,0.0,0.0,0.0,0.0,2.203234,5.8839326,5.547298,0.0,0.0,0.0,0.0,0.0,0.0,0.0,0.0,0.0,0.0,0.0,3.0235264,0.0,0.0,0.0,5.1234016,4.5828295,2.695887,0.0,3.7065468,0.0,0.0,0.0,0.0,0.0,3.0593073,0.0,0.0,0.0,0.0,0.0,0.0,0.0,4.402274,0.0,0.0,0.0,0.0,0.0,0.0,0.0,0.0,0.0,0.0,0.0,0.0,0.0,0.0,0.0,9.740577,0.0,0.0,1.3009118,0.0,0.0,5.120044,5.36556,0.0,1.299218,2.4737272,3.3609488
ACH-000376,0.0,0.0,5.561387,3.7305295,0.0,5.0343056,2.47611,0.0,5.5005784,0.0,0.0,3.42617,0.0,0.0,0.0,0.0,0.0,0.0,0.0,0.0,0.0,0.0,0.0,0.0,0.0,6.031281,0.0,0.0,0.0,0.0,8.63152,4.8899126,0.0,0.0,0.0,0.0,0.0,0.30759802,0.0,5.4127364,0.0,0.0,0.0,0.0,1.2741803,0.0,0.0,3.0555403,0.0,0.0,0.0,0.0,0.0,0.0,0.0,0.0,0.0,0.0,0.0,0.0,0.0,0.0,0.0,0.0,1.4417787,6.82952,6.574895,0.0,0.0,0.0,0.0,0.0,0.0,0.0,0.0,0.86189365,0.0,0.0,3.1854043,0.0,0.0,0.0,6.9317937,6.92246,3.4617298,0.0,4.9548836,0.0,0.0,0.0,1.3942043,0.0,2.822334,0.0,0.0,0.0,0.0,0.0,0.0,0.0,4.140362,0.0,0.0,0.0,0.0,0.0,0.0,0.0,0.0,0.0,0.0,0.0,0.0,0.0,0.0,0.0,12.627288,0.0,0.0,2.4520006,0.0,0.0,6.9370914,7.083236,0.0,1.1780354,2.701769,5.3903995
ACH-000383,0.0,0.0,5.356636,3.5125406,0.0,5.3716526,2.9015746,0.0,5.3029647,0.0,0.0,4.1399746,0.0,0.0,0.0,0.0,0.0,0.5894403,0.0,0.0,0.0,0.0,0.0,0.0,0.0,4.7420344,0.0,0.0,0.17198747,0.0,8.97695,4.2823873,0.0,0.0,0.0,0.0,0.0,0.0,0.0,4.825981,0.0,0.0,0.0,0.0,1.6834759,0.0,0.0,3.9060235,0.0,0.0,0.0,0.0,0.0,0.0,0.0,0.0,0.0,0.0,0.0,0.0,0.0,0.0,0.0,0.0,0.29073578,5.9861617,6.68616,0.0,0.0,0.0,0.0,0.0,0.0,0.0,0.0,0.0,0.0,0.0,2.8558497,0.0,0.0,0.0,7.0693054,6.597956,2.4094498,0.0,4.361594,0.0,0.0,0.0,0.0,0.0,3.4146893,0.0,0.0,0.0,0.0,0.0,0.0,0.0,5.208559,0.0,0.0,0.0,0.0,0.0,0.0,0.0,0.0,0.0,0.0,0.0,0.0,0.0,0.0,0.0,12.753745,0.0,0.0,1.201803,0.0,0.0,6.8115773,6.0097513,0.0,0.3219345,3.1969879,4.0920687
ACH-000384,0.0,0.0,6.607111,2.777107,0.0,4.698541,2.1651437,0.0,5.167709,0.0,0.0,3.2715597,0.0,0.0,0.0,0.0,0.0,1.7247301,0.0,0.0,0.0,0.0,0.0,0.0,0.0,4.573,0.0,0.0,0.0,0.0,7.389806,4.3070292,0.0,0.0,0.0,0.0,0.0,0.6323305,0.0,5.3028655,0.0,0.0,0.0,0.0,1.5812343,0.0,0.0,3.4698372,0.0,0.0,0.0,0.0,0.0,0.0,0.0,0.0,0.0,0.0,0.0,0.0,0.0,0.0,0.0,0.0,1.4886687,6.756752,6.72077,0.0,0.0,0.0,0.0,0.0,0.0,0.0,0.0,0.0,0.0,0.0,4.535329,0.0,0.0,0.0,6.7464542,6.5635743,3.2846653,0.0,5.742097,0.0,0.0,0.0,0.33255073,0.0,3.2867305,0.0,0.0,0.0,0.0,0.0,0.0,0.0,4.856772,0.0,0.0,0.0,0.0,0.0,0.0,0.0,0.0,0.0,0.0,0.0,0.0,0.0,0.0,0.0,12.090383,0.0,0.0,1.6497456,0.0,0.0,7.75345,6.431336,0.0,0.95056003,2.346262,6.131037
ACH-000389,0.0,0.0,5.3758793,3.0600095,0.0,5.642073,2.8706899,0.0,5.69241,0.0,0.0,3.5608516,0.0,0.0,0.0,0.0,0.0,0.0,0.0,0.0,0.0,0.0,0.0,0.0,0.0,5.8050466,0.0,0.0,0.0,0.0,7.349107,4.6743727,0.0,0.0,0.0,0.0,0.0,1.3439072,0.0,5.4725356,0.0,0.0,0.0,0.0,1.197867,0.0,0.0,3.590437,0.0,0.0,0.0,0.0,0.0,0.0,0.0,0.0,0.0,0.0,0.0,0.0,0.0,0.0,0.0,0.0,1.474458,7.5594125,7.190007,0.0,0.0,0.0,0.0,0.0,0.0,0.0,0.0,1.0996331,0.0,0.0,3.8431938,0.0,0.0,0.0,5.906685,7.0809016,1.7936224,0.0,5.2328796,0.0,0.0,0.0,2.1539297,0.0,3.2586696,0.0,0.0,0.0,0.0,0.0,0.0,0.0,4.6219797,0.0,0.0,0.0,0.0,0.0,0.0,0.0,0.0,0.0,0.0,0.0,0.0,0.0,0.0,0.0,12.361525,0.0,0.0,2.1287096,0.0,0.0,8.382498,6.445796,0.0,0.8332274,3.4819748,5.3297133
ACH-000390,0.0,0.0,5.614294,3.1309798,0.0,5.9525595,2.836717,0.0,6.067712,0.0,0.0,3.641814,0.0,0.0,0.0,0.0,0.0,0.0,0.0,0.0,0.0,0.0,0.0,0.0,0.0,4.9932504,0.0,0.0,0.0,0.0,7.7149954,4.2061186,0.0,0.0,0.0,0.0,0.0,1.0907761,0.0,5.030737,0.0,0.0,0.0,0.0,1.668309,0.0,0.0,3.4962747,0.0,0.0,0.0,0.0,0.0,0.0,0.0,0.47858635,0.0,0.0,0.0,0.0,0.0,0.0,0.0,0.0,1.4343374,7.2937922,6.722974,0.0,0.0,0.0,0.0,0.0,0.0,0.0,0.0,0.0,0.0,0.0,3.72843,0.0,0.0,0.0,5.7922516,6.323951,2.5062041,0.0,5.283255,0.0,0.0,0.0,0.7575325,0.0,2.5947776,0.0,0.0,0.0,0.0,0.0,0.0,0.0,5.357731,0.0,0.0,0.0,0.0,0.0,0.0,0.0,0.0,0.0,0.0,0.0,0.0,0.0,0.0,0.0,12.452712,0.0,0.0,2.1252356,0.0,0.0,7.5061784,6.332127,0.0,1.4510318,2.4757357,6.074513
ACH-000391,0.0,0.0,5.961233,2.1492047,0.0,4.385481,2.7395375,0.0,5.3986044,0.0,0.0,2.376808,0.0,0.0,0.0,0.0,0.0,0.86181223,0.0,0.0,0.0,0.0,0.0,0.0,0.0,4.883524,0.0,0.0,0.0,0.0,7.405766,5.092437,0.0,0.0,0.0,0.0,0.0,0.0,0.0,4.6685395,0.0,0.0,0.0,0.0,2.2483714,0.0,0.0,2.8384566,0.0,0.0,0.0,0.0,0.0,0.0,0.0,0.381691,0.0,0.0,0.0,0.0,0.0,0.0,0.0,0.0,1.299913,6.969407,6.159917,0.0,0.0,0.0,0.0,0.0,0.0,0.0,0.0,0.0,0.0,0.0,2.8923864,0.0,0.0,0.0,6.2971215,6.3466616,3.4676082,0.0,5.3837576,0.0,0.0,0.0,0.0,0.0,2.1081588,0.0,0.0,0.0,0.0,0.0,0.0,0.0,4.1166263,0.0,0.0,0.0,0.0,0.0,0.0,0.0,0.0,0.0,0.003807841,0.0,0.0,0.0,0.0,0.54220724,11.670712,0.0,0.0,1.7981615,0.0,0.0,6.8237214,6.8503604,0.0,1.2370002,2.9679067,4.8936124
ACH-000393,0.0,0.0,5.7157145,2.23732,0.0,3.6987813,3.3363144,0.0,6.4886847,0.0,0.0,3.169237,0.0,0.0,0.0,0.0,0.0,0.71463794,0.0,0.0,0.0,0.0,0.0,0.0,0.0,4.8501153,0.0,0.0,0.0,0.0,7.080762,4.2498817,0.0,0.0,0.0,0.0,0.0,0.54864717,0.0,4.617306,0.0,0.0,0.0,0.0,2.0382211,0.0,0.0,3.707091,0.0,0.0,0.0,0.0,0.0,0.0,0.0,0.0,0.0,0.0,0.0,0.0,0.0,0.0,0.0,0.0,1.5493772,5.74932,6.5351496,0.0,0.0,0.0,0.0,0.0,0.0,0.0,0.0,0.0,0.0,0.0,2.880472,0.0,0.0,0.0,6.243756,5.9637604,3.337416,0.0,3.9701266,0.0,0.0,0.0,0.7215389,0.0,2.1292355,0.0,0.0,0.0,0.0,0.0,0.0,0.0,4.1749916,0.0,0.0,0.0,0.0,0.0,0.0,0.0,0.0,0.0,0.0,0.0,0.0,0.0,0.0,0.7995522,10.894158,0.0,0.0,1.837377,0.0,0.0,6.8390613,6.827948,0.0,0.8122274,3.4028738,5.39949
ACH-000395,0.0,0.0,5.623413,2.728744,0.0,3.7465446,1.4866425,0.0,5.022824,0.0,0.0,3.0740554,0.0,0.0,0.0,0.0,0.0,0.0,0.0,0.0,0.0,0.0,0.0,0.0,0.0,4.6196523,0.0,0.0,0.0,0.0,6.618142,3.7458825,0.0,0.0,0.0,0.0,0.0,0.0,0.0,5.3608594,0.0,0.0,0.0,0.0,1.5990307,0.0,0.0,4.0491805,0.0,0.0,0.0,0.0,0.0,0.0,0.0,0.26785985,0.0,0.0,1.090717,0.0,0.0,0.0,0.0,0.0,1.8873539,5.5412908,6.8612323,0.0,0.0,0.0,0.0,0.0,0.0,0.0,0.0,0.0,0.0,0.0,2.8930337,0.0,0.0,0.0,6.370737,6.6873684,3.7044327,0.0,3.9716747,0.0,0.0,0.0,0.5827473,0.0,2.2002742,0.0,0.0,0.0,0.0,0.0,0.0,0.0,4.209762,0.0,0.0,0.0,0.0,0.0,0.0,0.0,0.0,0.0,0.0,0.04397046,0.0,0.0,0.0,0.0,10.561599,0.0,0.0,1.7791973,0.0,0.0,6.0050945,6.2135344,0.0,1.6264795,3.4155953,5.1074195
ACH-000396,0.0,0.0,5.761014,3.312588,0.0,5.395254,2.1266167,0.0,5.5804133,0.0,0.0,3.547515,0.0,0.0,0.0,0.0,0.0,0.0,0.0,0.0,0.0,0.0,0.0,0.0,0.0,5.6211023,0.0,0.0,0.0,0.0,7.3908663,4.64125,0.0,0.0,0.0,0.0,0.0,0.25756943,0.0,5.740962,0.0,0.0,0.0,0.0,1.8643621,0.0,0.0,3.4300628,0.0,0.0,0.0,0.0,0.0,0.0,0.0,0.34135607,0.0,0.0,0.0,0.0,0.0,0.0,0.0,0.0,1.6748116,6.8709826,6.220928,0.0,0.0,0.0,0.0,0.0,0.0,0.0,0.0,0.15036853,0.0,0.0,3.2636664,0.0,0.0,0.0,6.8890395,6.5405073,2.2212095,0.0,4.315502,0.0,0.0,0.0,0.0,0.0,3.5734653,0.0,0.0,0.0,0.0,0.0,0.0,0.0,5.165949,0.0,0.0,0.0,0.0,0.0,0.0,0.0,0.0,0.0,0.0,0.0,0.0,0.0,0.0,0.0,12.307733,0.0,0.0,1.8259517,0.0,0.0,7.4272165,6.3879952,0.0,1.5515136,3.3159108,6.051104
ACH-000397,0.0,0.0,5.813404,2.9921532,0.0,4.3090873,2.9829636,0.0,6.358772,0.0,0.0,3.5996168,0.0,0.0,0.0,0.0,0.0,1.0244569,0.0,0.0,0.0,0.0,0.0,0.0,0.0,5.0811653,0.0,0.0,0.0,0.0,7.577052,4.37,0.0,0.0,0.0,0.0,0.0,0.13141166,0.0,5.370849,0.0,0.0,0.0,0.0,1.2502737,0.0,0.0,3.530407,0.0,0.0,0.0,0.0,0.0,0.0,0.0,0.0,0.0,0.0,0.0,0.5079518,0.0,0.0,0.0,0.0,0.99226564,6.8746,6.8765345,0.0,0.0,0.0,0.0,0.0,0.0,0.0,0.0,0.0,0.0,0.0,3.658065,0.0,0.0,0.0,6.3981752,6.3790445,4.0008817,0.0,5.1112933,0.0,0.0,0.0,0.047921486,0.0,2.624316,0.0,0.0,0.0,0.0,0.0,0.0,0.0,3.9756734,0.0,0.0,0.0,0.0,0.0,0.0,0.0,0.0,0.0,0.0,0.0,0.0,0.0,0.0,0.0,12.266695,0.0,0.0,1.4014007,0.0,0.0,7.6554203,7.318916,0.0,1.1774143,3.15642,6.003658
ACH-000401,0.0,0.0,4.8923492,3.4563477,0.0,4.87733,1.9705762,0.0,4.6550503,0.0,0.0,3.957668,0.0,0.0,0.0,0.0,0.0,0.0,0.0,0.0,0.0,0.0,0.0,0.0,0.0,5.3804593,0.0,0.0,0.0,0.0,7.7725,4.0816803,0.0,0.0,0.0,0.0,0.0,0.92657727,0.0,6.049046,0.0,0.0,0.0,0.0,1.276271,0.0,0.0,3.1278563,0.0,0.0,0.0,0.0,0.0,0.0,0.0,0.0,0.0,0.0,0.0,0.0,0.0,0.0,0.0,0.0,2.015757,6.0444093,5.6814556,0.0,0.0,0.0,0.0,0.0,0.0,0.0,0.0,0.0,0.0,0.0,2.6266353,0.0,0.0,0.0,6.460769,5.7787733,3.1544073,0.0,4.4180913,0.0,0.0,0.0,0.0,0.0,3.0575283,0.0,0.0,0.0,0.0,0.0,0.0,0.0,4.5013723,0.0,0.0,0.0,0.0,0.0,0.0,0.0,0.0,0.0,0.019699601,0.0,0.0,0.0,0.0,0.41855755,11.580585,0.0,0.0,1.9804368,0.0,0.0,6.7212467,6.4738965,0.0,1.5183362,2.7737284,5.4734898
ACH-000403,0.0,0.0,4.833499,3.611272,0.0,5.0323305,1.8567386,0.0,4.375731,0.0,0.0,3.511145,0.0,0.0,0.0,0.0,0.0,0.6752551,0.0,0.0,0.0,0.0,0.0,0.0,0.0,5.2081656,0.0,0.0,0.0,0.0,7.7565274,4.1519957,0.0,0.0,0.0,0.0,0.0,0.49705064,0.0,6.26804,0.0,0.0,0.0,0.0,1.9878696,0.0,0.0,3.7261345,0.0,0.0,0.0,0.0,0.0,0.0,0.0,0.0,0.0,0.0,0.0,0.0,0.0,0.0,0.0,0.0,1.228008,6.0866594,7.2242107,0.0,0.0,0.0,0.0,0.0,0.0,0.0,0.0,0.0,0.0,0.0,3.2581422,0.0,0.0,0.0,6.94087,6.1764183,2.7243567,0.0,4.5524697,0.0,0.0,0.0,0.0,0.0,3.0993845,0.0,0.0,0.0,0.0,0.0,0.0,0.0,4.7445087,0.0,0.0,0.0,0.0,0.0,0.0,0.0,0.0,0.0,0.0,0.0,0.0,0.0,0.0,0.0,12.001829,0.0,0.0,1.5879904,0.0,0.0,7.9807487,5.9153657,0.0,0.875053,2.5655649,5.9867625
ACH-000404,0.0,0.0,4.7563105,2.7306826,0.0,3.7550108,1.9671415,0.0,4.1946855,0.0,0.0,3.94608,0.0,0.0,0.0,0.0,0.0,0.0162899,0.0,0.0,0.0,0.0,0.0,0.0,0.0,4.438005,0.0,0.0,0.0,0.0,7.684078,4.945305,0.0,0.0,0.0,0.0,0.0,0.7222974,0.0,5.2597194,0.0,0.0,0.0,0.0,1.690236,0.0,0.0,2.3733077,0.0,0.0,0.0,0.0,0.0,0.0,0.0,0.20813338,0.0,0.0,0.0,0.0,0.0,0.0,0.0,0.0,1.8973396,5.406524,6.0076904,0.0,0.0,0.0,0.0,0.0,0.0,0.0,0.0,0.0,0.0,0.0,3.1899374,0.0,0.0,0.0,6.4863496,5.6403685,3.957884,0.0,4.6554866,0.0,0.0,0.0,0.0,0.0,3.2731173,0.0,0.0,0.0,0.0,0.0,0.0,0.0,4.2521167,0.0,0.0,0.0,0.0,0.0,0.0,0.0,0.0,0.0,0.18991926,0.0,0.0,0.0,0.0,0.76444703,11.326787,0.0,0.0,1.57183,0.0,0.0,6.3876767,6.687384,0.0,1.6186005,3.5787709,5.9168267
ACH-000407,0.0,0.0,5.491297,3.267081,0.0,4.2657886,3.15708,0.0,6.2666497,0.0,0.0,3.6899116,0.0,0.0,0.0,0.0,0.0,0.0,0.0,0.0,0.0,0.0,0.0,0.0,0.0,4.9802356,0.0,0.0,0.0,0.0,8.226125,3.6803465,0.0,0.0,0.0,0.0,0.0,0.0,0.0,5.4763184,0.0,0.0,0.0,0.0,2.2079985,0.0,0.0,3.1646717,0.0,0.0,0.0,0.0,0.0,0.0,0.0,0.0,0.0,0.0,0.0,0.0,0.0,0.0,0.0,0.0,1.2162163,6.8990808,6.490019,0.0,0.0,0.0,0.0,0.0,0.0,0.0,0.0,0.0,0.0,0.0,3.403261,0.0,0.0,0.0,7.4129367,6.416766,3.29621,0.0,5.409815,0.0,0.0,0.0,0.0,0.0,3.0926337,0.0,0.0,0.0,0.0,0.0,0.0,0.0,4.881951,0.0,0.0,0.0,0.0,0.0,0.0,0.0,0.0,0.0,0.0,0.0,0.0,0.0,0.0,0.0,12.32182,0.0,0.0,1.4927037,0.0,0.0,7.551111,6.785752,0.0,0.88606334,2.7144704,6.5600777
ACH-000408,0.0,0.0,5.369893,3.158534,0.0,5.32096,2.188034,0.0,5.185686,0.0,0.0,3.696576,0.0,0.0,0.0,0.0,0.0,0.52545565,0.0,0.0,0.0,0.0,0.0,0.0,0.0,4.926853,0.0,0.0,0.0,0.0,7.550053,4.5335083,0.0,0.0,0.0,0.0,0.0,1.548361,0.0,5.6940236,0.0,0.0,0.0,0.0,0.8265534,0.0,0.0,3.8451219,0.0,0.0,0.0,0.0,0.0,0.0,0.0,0.0,0.0,0.0,0.0,0.0,0.0,0.0,0.0,0.0,1.7654328,6.8089447,6.609114,0.0,0.0,0.0,0.0,0.0,0.0,0.0,0.0,0.0,0.0,0.0,3.2519226,0.0,0.0,0.0,6.5576987,6.987739,2.6246948,0.0,5.2540045,0.0,0.0,0.0,0.0,0.0,2.3222961,0.0,0.0,0.0,0.0,0.0,0.0,0.0,4.4383645,0.0,0.0,0.0,0.0,0.0,0.0,0.0,0.0,0.0,0.0,0.0,0.0,0.0,0.0,0.0,12.283636,0.0,0.0,2.2593656,0.0,0.0,8.2108,6.665076,0.0,1.650426,2.633085,6.030845
ACH-000411,0.0,0.0,4.674531,3.0129142,0.0,5.40149,2.1512542,0.0,5.003361,0.0,0.0,3.6442072,0.0,0.0,0.0,0.0,0.0,0.0,0.0,0.0,0.0,0.0,0.0,0.0,0.0,5.0008254,0.0,0.0,0.4610188,0.0,6.6501393,3.8491712,0.0,0.0,0.0,0.0,0.0,0.0,0.0,5.8625073,0.0,0.0,0.0,0.0,1.7733887,0.0,0.0,2.3759432,0.0,0.0,0.0,0.0,0.0,0.0,0.0,0.048612103,0.0,0.0,0.0,0.0,0.0,0.0,0.0,0.0,2.6203058,5.812984,5.938444,0.0,0.0,0.0,0.0,0.0,0.0,0.0,0.0,0.0,0.0,0.0,2.0894647,0.0,0.0,0.0,5.4344535,4.875579,2.9618835,0.0,4.842986,0.0,0.0,0.0,0.5620912,0.0,3.9635305,0.0,0.0,0.0,0.0,0.0,0.0,0.0,4.702212,0.0,0.0,0.0,0.0,0.0,0.0,0.0,0.0,0.0,0.0,0.0,0.0,0.0,0.0,1.0073826,10.965929,0.0,0.0,1.1892911,0.0,0.0,7.409347,6.1030717,0.0,1.4026246,3.3597028,5.4649396
ACH-000414,0.0,0.0,4.899971,3.1487706,0.0,5.503224,2.1757085,0.0,6.758755,0.0,0.0,4.549663,0.0,0.0,0.0,0.0,0.0,0.0,0.0,0.0,0.0,0.0,0.0,0.0,0.0,5.1572084,0.0,0.0,0.0,0.0,7.6967473,4.951087,0.0,0.0,0.0,0.0,0.0,0.45924637,0.0,4.7024584,0.0,0.0,0.0,0.0,1.4065676,0.0,0.0,2.468479,0.0,0.0,0.0,0.0,0.0,0.0,0.0,0.3630235,0.0,0.0,0.0,0.0,0.0,0.0,0.0,0.0,1.885422,6.7541676,6.206953,0.0,0.0,0.0,0.0,0.0,0.0,0.0,0.0,0.0,0.0,0.0,2.745633,0.0,0.0,0.0,6.5435996,5.7263474,2.024186,0.0,5.8476133,0.0,0.0,0.0,0.9042049,0.0,3.210757,0.0,0.0,0.0,0.0,0.0,0.0,0.0,5.6609583,0.0,0.0,0.0,0.0,0.0,0.0,0.0,0.0,0.0,0.0,0.0,0.0,0.0,0.0,0.0,12.092246,0.0,0.0,0.751914,0.0,0.0,6.608975,6.590175,0.0,1.0161498,2.8609242,6.3592114
ACH-000415,0.0,0.0,5.1313896,3.0280054,0.0,4.0129547,2.7936976,0.0,4.8451877,0.0,0.0,3.3245378,0.0,0.0,0.0,0.0,0.0,0.0,0.0,0.0,0.0,0.0,0.0,0.0,0.0,5.82447,0.0,0.0,0.0,0.0,7.1121225,4.7365503,0.0,0.0,0.0,0.0,0.0,0.8577167,0.0,5.6558642,0.0,0.0,0.0,0.0,1.9824958,0.0,0.0,3.391363,0.0,0.0,0.0,0.0,0.0,0.0,0.0,0.0,0.0,0.0,0.0,0.0,0.0,0.0,0.0,0.0,0.9438222,5.560578,6.014579,0.0,0.0,0.0,0.0,0.0,0.0,0.0,0.0,0.0,0.0,0.0,2.140671,0.0,0.0,0.0,6.5440493,5.8791327,2.0495567,0.0,4.7952175,0.0,0.0,0.0,0.0,0.0,2.6503298,0.0,0.0,0.0,0.0,0.0,0.0,0.0,4.0717745,0.0,0.0,0.0,0.0,0.0,0.0,0.0,0.0,0.0,0.0,0.0,0.0,0.0,0.0,0.0,11.407024,0.0,0.0,1.8966877,0.0,0.0,6.3398156,5.8021226,0.0,1.03576,2.9462228,5.601687
ACH-000416,0.0,0.0,5.830126,2.9331396,0.0,4.698353,2.4266193,0.0,5.5881114,0.0,0.0,3.8031013,0.0,0.0,0.0,0.0,0.0,0.0,0.0,0.0,0.0,0.0,0.0,0.0,0.0,5.5240083,0.0,0.0,0.0,0.0,7.99242,4.24082,0.0,0.0,0.0,0.0,0.0,0.08205564,0.0,5.1718516,0.0,0.0,0.0,0.0,1.0837088,0.0,0.0,3.1125436,0.0,0.0,0.0,0.0,0.0,0.0,0.0,0.58801824,0.0,0.0,0.0,0.0,0.0,0.0,0.0,0.0,2.1447117,6.0552745,5.3339977,0.0,0.0,0.0,0.0,0.0,0.0,0.0,0.0,0.0,0.0,0.0,2.954374,0.0,0.0,0.0,6.547785,5.7734118,3.1056113,0.0,4.8736815,0.0,0.0,0.0,0.63413656,0.0,3.2732756,0.0,0.0,0.0,0.0,0.0,0.0,0.0,5.060302,0.0,0.0,0.0,0.0,0.0,0.0,0.0,0.0,0.0,0.0,0.0,0.0,0.0,0.0,0.0,11.925871,0.0,0.0,1.6462098,0.0,0.0,6.99725,6.639504,0.0,2.2106864,3.0187955,5.7814555
ACH-000417,0.0,0.0,6.287592,2.6823387,0.0,5.0509334,2.9347527,0.0,5.929317,0.0,0.0,3.12543,0.0,0.0,0.0,0.0,0.0,0.24290572,0.0,0.0,0.0,0.0,0.0,0.0,0.0,4.7869573,0.0,0.0,0.0,0.0,7.7774177,4.950265,0.0,0.0,0.0,0.0,0.0,0.0,0.0,5.343487,0.0,0.0,0.0,0.0,1.8969913,0.0,0.0,3.4572039,0.0,0.0,0.0,0.0,0.0,0.0,0.0,0.0,0.0,0.0,0.0,0.0,0.0,0.0,0.0,0.0,0.59269786,7.0818405,6.3687544,0.0,0.0,0.0,0.0,0.0,0.0,0.0,0.0,0.0,0.0,0.0,3.73999,0.0,0.0,0.0,6.6125126,6.0342455,2.7802474,0.0,5.1106105,0.0,0.0,0.0,0.0,0.0,3.0431883,0.0,0.0,0.0,0.0,0.0,0.0,0.0,4.8469195,0.0,0.0,0.0,0.0,0.0,0.0,0.0,0.0,0.0,0.0,0.0,0.0,0.0,0.0,0.0,12.320293,0.0,0.0,0.5942957,0.0,0.0,6.6863513,6.2989745,0.0,0.75758284,3.366831,5.403611
ACH-000418,0.0,0.0,5.39406,2.8032637,0.0,5.213909,2.20653,0.0,6.524654,0.0,0.0,2.7025397,0.0,0.0,0.0,0.0,0.0,0.0,0.0,0.0,0.0,0.0,0.0,0.0,0.0,5.226977,0.0,0.0,0.0,0.0,7.903123,5.3928,0.0,0.0,0.0,0.0,0.0,2.203188,0.0,5.760546,0.0,0.0,0.0,0.0,1.4522852,0.0,0.0,3.8843179,0.0,0.0,0.0,0.0,0.0,0.0,0.0,0.0,0.0,0.0,0.0,0.0,0.0,0.0,0.0,0.0,0.0,6.655697,7.7177887,0.0,0.0,0.0,0.0,0.0,0.0,0.0,0.0,0.0,0.0,0.0,3.06061,0.0,0.0,0.0,7.794718,6.2238398,2.5810611,0.0,4.804232,0.0,0.0,0.0,0.933663,0.0,2.6247337,0.0,0.0,0.0,0.0,0.0,0.0,0.0,4.469256,0.0,0.0,0.0,0.0,0.0,0.0,0.0,0.0,0.0,0.0,0.0,0.0,0.0,0.0,0.0,11.804253,0.0,0.0,2.953581,0.0,0.0,7.6321187,6.4566283,0.0,0.85575664,3.739145,6.1455855
ACH-000420,0.0,0.0,6.3917255,3.4116757,0.0,3.8788621,3.2714152,0.0,6.302278,0.0,0.0,4.3332453,0.0,0.0,0.0,0.0,0.0,0.0,0.0,0.0,0.0,0.0,0.0,0.0,0.0,4.443925,0.0,0.0,0.79683626,0.0,7.6624866,4.662653,0.0,0.0,0.0,0.0,0.0,0.0,0.0,7.1865325,0.0,0.0,0.0,0.0,2.9650085,0.0,0.0,3.2920706,0.0,0.0,0.0,0.0,0.0,0.0,0.0,0.0,0.0,0.0,0.0,0.0,0.0,0.0,0.0,0.0,1.7260356,6.2545285,6.556303,0.0,0.0,0.0,0.0,0.0,0.0,0.0,0.0,0.0,0.0,0.0,3.6662128,0.0,0.0,0.0,6.8798666,5.9204664,2.840135,0.0,5.335586,0.0,0.0,0.0,0.16564718,0.0,3.6817703,0.0,0.0,0.0,0.0,0.0,0.0,0.0,3.9754715,0.0,0.0,0.0,0.0,0.0,0.0,0.0,0.0,0.0,0.0,0.0,0.0,0.0,0.0,0.8150641,12.52333,0.0,0.0,1.7520901,0.0,0.0,7.7869925,6.453759,0.0,1.3128093,3.695327,5.6052194
ACH-000421,0.0,0.0,5.5736394,2.615189,0.0,5.061945,2.3772423,0.0,6.1453857,0.0,0.0,3.5777707,0.0,0.0,0.0,0.0,0.0,0.9384435,0.0,0.0,0.0,0.0,0.0,0.0,0.0,5.2232003,0.0,0.0,0.0,0.0,7.8963795,4.3190513,0.0,0.0,0.0,0.0,0.0,0.00597865,0.0,5.864922,0.0,0.0,0.0,0.0,1.7363364,0.0,0.0,3.582738,0.0,0.0,0.0,0.0,0.0,0.0,0.0,0.0,0.0,0.0,0.0,0.0,0.0,0.0,0.0,0.0,1.7454629,7.426161,6.727956,0.0,0.0,0.0,0.0,0.0,0.0,0.0,0.0,0.0,0.0,0.0,3.573693,0.0,0.0,0.0,7.2568755,6.1342993,2.9314992,0.0,4.880457,0.0,0.0,0.0,0.0,0.0,4.206818,0.0,0.0,0.0,0.0,0.0,0.0,0.0,4.6214614,0.0,0.0,0.0,0.0,0.0,0.0,0.0,0.0,0.0,0.0,0.71941197,0.0,0.0,0.0,0.0,12.823991,0.0,0.0,2.2302952,0.0,0.0,7.9203773,6.9499416,0.0,0.3892927,3.380637,6.0769176
ACH-000423,0.0,0.0,5.321149,2.7628796,0.0,4.3787413,1.5187413,0.0,4.4235435,0.0,0.0,2.7754152,0.0,0.0,0.0,0.0,0.0,0.0,0.0,0.0,0.0,0.0,0.0,0.0,0.0,4.2395625,0.0,0.0,0.0,0.0,7.969305,4.646997,0.0,0.0,0.0,0.0,0.0,0.0943739,0.0,5.854751,0.0,0.0,0.0,0.0,1.3568044,0.0,0.0,3.018191,0.0,0.0,0.0,0.0,0.0,0.0,0.0,0.68227434,0.0,0.0,0.0,0.0,0.0,0.0,0.0,0.0,0.9659749,5.4932427,6.011237,0.0,0.0,0.0,0.0,0.0,0.0,0.0,0.0,0.0,0.0,0.0,2.4233458,0.0,0.0,0.0,6.115416,5.3218675,3.509764,0.0,4.4475045,0.0,0.0,0.0,0.46544054,0.0,2.570529,0.0,0.0,0.0,0.0,0.0,0.0,0.0,3.8705697,0.0,0.0,0.0,0.0,0.0,0.0,0.0,0.0,0.0,0.0,0.0,0.0,0.0,0.0,1.5748469,10.901686,0.0,0.0,1.6243838,0.0,0.0,6.5111823,6.6732497,0.0,1.9505739,3.508519,5.008967
ACH-000425,0.0,0.0,5.5440855,3.1173365,0.0,4.8812165,1.8600073,0.0,5.1917515,0.0,0.0,3.462199,0.0,0.0,0.0,0.0,0.0,0.0,0.0,0.0,0.0,0.0,0.0,0.0,0.0,4.6956387,0.0,0.0,0.0,0.0,7.6590567,2.7983584,0.0,0.0,0.0,0.0,0.0,0.0,0.0,4.640096,0.0,0.0,0.0,0.0,0.76971114,0.0,0.0,3.7312024,0.0,0.0,0.0,0.0,0.0,0.0,0.0,0.0,0.0,0.0,0.0,0.0,0.0,0.0,0.0,0.0,1.9670799,6.2549987,5.9994464,0.0,0.0,0.0,0.0,0.0,0.0,0.0,0.0,0.0,0.0,0.0,3.3892076,0.0,0.0,0.0,6.337811,5.9696417,2.6752765,0.0,4.963578,0.0,0.0,0.0,0.0,0.0,3.6073663,0.0,0.0,0.0,0.0,0.0,0.0,0.0,4.226578,0.0,0.0,0.0,0.0,0.0,0.0,0.0,0.0,0.0,0.7433553,0.0,0.0,0.0,0.0,0.0,11.186693,0.0,0.0,2.4744992,0.0,0.0,7.598127,6.8194437,0.0,2.0785406,3.145589,5.3921714
ACH-000427,0.0,0.0,6.208825,3.2738843,0.0,4.206563,3.1428106,0.0,5.4497876,0.0,0.0,3.4808161,0.0,0.0,0.0,0.0,0.0,0.95623434,0.0,0.0,0.0,0.0,0.0,0.0,0.0,6.2067494,0.0,0.0,0.10742525,0.0,8.085223,4.8534765,0.0,0.0,0.0,0.0,0.0,0.0,0.0,5.2785306,0.0,0.0,0.0,0.0,2.3651972,0.0,0.0,3.3804004,0.0,0.0,0.0,0.0,0.0,0.0,0.0,0.0,0.0,0.0,1.1149895,0.0,0.0,0.0,0.0,0.0,1.6748364,7.387639,6.0804224,0.0,0.0,0.0,0.0,0.0,0.0,0.0,0.0,0.0,0.0,0.0,3.776625,0.0,0.0,0.0,6.920428,6.065254,3.421694,0.0,5.184046,0.0,0.0,0.0,0.0,0.0,3.8433135,0.0,0.0,0.0,0.0,0.0,0.0,0.0,4.8848333,0.0,0.0,0.0,0.0,0.0,0.0,0.0,0.0,0.0,0.0,1.7523128,0.0,0.0,0.0,0.0,13.856839,0.0,0.0,1.929926,0.0,0.0,7.529185,6.3785114,0.0,0.47941974,3.407161,4.9807067
ACH-000428,0.0,0.0,5.0931478,3.0552576,0.0,5.1476226,2.3232121,0.0,7.413779,0.0,0.0,4.548856,0.0,0.0,0.0,0.0,0.0,0.0,0.0,0.0,0.0,0.0,0.0,0.0,0.0,5.568974,0.0,0.0,0.0,0.0,8.223599,4.4319525,0.0,0.0,0.0,0.0,0.0,0.0,0.0,6.626602,0.0,0.0,0.0,0.0,2.280964,0.0,0.0,4.203304,0.0,0.0,0.0,0.0,0.0,0.0,0.0,0.0,0.0,0.0,0.0,0.0,0.0,0.0,0.0,0.0,1.0602903,7.1465974,6.2761345,0.0,0.0,0.0,0.0,0.0,0.0,0.0,0.0,0.0,0.0,0.0,2.9973903,0.0,0.0,0.0,7.2409186,5.830615,3.4172723,0.0,5.050339,0.0,0.0,0.0,0.0,0.0,3.9109669,0.0,0.0,0.0,0.0,0.0,0.0,0.0,4.932586,0.0,0.0,0.0,0.0,0.0,0.0,0.0,0.0,0.0,0.0,0.0,0.0,0.0,0.0,0.0,13.540556,0.0,0.0,2.2571774,0.0,0.0,7.766767,7.3794866,0.0,2.1869404,3.2687988,6.684478
ACH-000429,0.0,0.0,4.513506,4.285956,0.0,3.8580463,3.2070873,0.0,5.5833316,0.0,0.0,4.170684,0.0,0.0,0.0,0.0,0.0,2.9843605,0.0,0.0,0.0,0.0,0.0,0.0,0.0,5.2550616,0.0,0.0,2.38293,0.0,7.763773,4.581408,0.0,0.0,0.0,0.0,0.0,0.7322103,0.0,5.8235393,0.0,0.0,0.0,0.0,0.055563364,0.0,0.0,4.360268,0.0,0.0,0.0,0.0,0.0,0.0,0.0,0.0,0.0,0.0,0.0,0.0,0.0,0.0,0.0,0.0,2.4821255,5.5692334,5.398695,0.0,0.0,0.0,0.0,0.0,0.0,0.0,0.0,1.9219741,0.0,0.0,2.7117875,0.0,0.0,0.0,6.1389737,4.466789,2.3656616,0.0,4.220371,0.0,0.0,0.0,0.81631374,0.0,4.3919883,0.0,0.0,0.0,0.0,0.0,0.0,0.0,4.475279,0.0,0.0,0.0,0.0,0.0,0.0,0.0,0.0,0.0,0.0,0.0,0.0,0.0,0.0,0.0,11.206444,0.0,0.0,0.76810443,0.0,0.0,7.1296916,5.543971,0.0,1.6418875,2.7415845,4.992515
ACH-000433,0.0,0.0,4.734486,2.925048,0.0,4.5436068,2.5784779,0.0,6.3818107,0.0,0.0,3.814311,0.0,0.0,0.0,0.0,0.0,0.0,0.0,0.0,0.0,0.0,0.0,0.0,0.0,5.0536065,0.0,0.0,0.006389773,0.0,8.272506,3.7455044,0.0,0.0,0.0,0.0,0.0,0.35256726,0.0,6.210892,0.0,0.0,0.0,0.0,1.6930381,0.0,0.0,4.0248237,0.0,0.0,0.0,0.0,0.0,0.0,0.0,0.2537507,0.0,0.0,0.0,0.0,0.0,0.0,0.0,0.0,2.8251128,6.9756875,6.6439886,0.0,0.0,0.0,0.0,0.0,0.0,0.0,0.0,0.7557076,0.0,0.0,2.6304286,0.0,0.0,0.0,6.9521704,6.1284623,2.8406692,0.0,5.5338216,0.0,0.0,0.0,0.0,0.0,3.0970435,0.0,0.0,0.0,0.0,0.0,0.0,0.0,4.504701,0.0,0.0,0.0,0.0,0.0,0.0,0.0,0.0,0.0,0.0,0.0,0.0,0.0,0.0,0.23157884,12.493018,0.0,0.0,2.421823,0.0,0.0,9.110307,6.9567165,0.0,1.6599962,3.1244247,5.959073
ACH-000434,0.0,0.0,5.073702,2.325497,0.0,4.5626793,2.5808773,0.0,5.6855793,0.0,0.0,2.9933825,0.0,0.0,0.0,0.0,0.0,0.0,0.0,0.0,0.0,0.0,0.0,0.0,0.0,5.472812,0.0,0.0,0.031256415,0.0,7.1811595,4.9090548,0.0,0.0,0.0,0.0,0.0,0.0,0.0,4.6368804,0.0,0.0,0.0,0.0,1.3147132,0.0,0.0,3.1270313,0.0,0.0,0.0,0.0,0.0,0.0,0.0,0.23220955,0.0,0.0,0.0,0.0,0.0,0.0,0.0,0.0,1.2781024,6.535699,5.1384873,0.0,0.0,0.0,0.0,0.0,0.0,0.0,0.0,0.0,0.0,0.0,2.8874273,0.0,0.0,0.0,6.3602834,6.704235,3.3475034,0.0,5.1525054,0.0,0.0,0.0,0.0,0.0,2.8951287,0.0,0.0,0.0,0.0,0.0,0.0,0.0,3.760174,0.0,0.0,0.0,0.0,0.0,0.0,0.0,0.0,0.0,0.0,0.0,0.0,0.0,0.0,0.0,11.202825,0.0,0.0,0.80050087,0.0,0.0,7.049506,7.190019,0.0,1.7930964,2.8268995,6.7068334
ACH-000437,0.0,0.0,5.744859,3.4114184,0.0,5.1248727,2.4304037,0.0,6.077081,0.0,0.0,4.4930406,0.0,0.0,0.0,0.0,0.0,0.0,0.0,0.0,0.0,0.0,0.0,0.0,0.0,5.7868104,0.0,0.0,0.0,0.0,8.703723,4.7823405,0.0,0.0,0.0,0.0,0.0,0.6595801,0.0,5.882973,0.0,0.0,0.0,0.0,1.1969317,0.0,0.0,3.927433,0.0,0.0,0.0,0.0,0.0,0.0,0.0,0.0,0.0,0.0,0.0,0.0,0.0,0.0,0.0,0.0,1.0788772,7.529834,7.1758804,0.0,0.0,0.0,0.0,0.0,0.0,0.0,0.0,0.8193769,0.0,0.0,3.5688374,0.0,0.0,0.0,6.766023,7.293753,1.909838,0.0,4.7210608,0.0,0.0,0.0,0.643531,0.0,2.97506,0.0,0.0,0.0,0.0,0.0,0.0,0.0,5.260333,0.0,0.0,0.0,0.0,0.0,0.0,0.0,0.0,0.0,0.0,0.0,0.0,0.0,0.0,0.0,13.02443,0.0,0.0,2.1630533,0.0,0.0,7.4322495,6.7979918,0.0,1.3224392,3.386915,6.6635766
ACH-000441,0.0,0.0,4.8716135,3.1126616,0.0,4.890949,2.672623,0.0,4.9963164,0.0,0.0,3.9885452,0.0,0.27165174,0.0,0.0,0.0,0.0,0.0,0.0,0.0,0.0,0.0,0.0,0.0,5.819432,0.0,0.0,0.0,0.0,8.601233,4.1846685,0.0,0.0,0.0,0.0,0.0,0.0,0.0,5.562654,0.0,0.0,0.0,0.0,1.5805031,0.0,0.0,3.3699112,0.0,0.0,0.0,0.0,0.0,0.0,0.0,1.056689,0.0,0.0,0.0,0.0,0.0,0.0,0.0,0.0,1.8920877,5.6017,5.935649,0.0,0.0,0.0,0.0,0.0,0.0,0.0,0.0,0.83027935,0.0,0.0,3.2099063,0.0,0.0,0.0,6.357823,5.524556,3.9789035,0.0,5.0901194,0.0,0.0,0.0,0.0,0.0,3.1534646,0.0,0.0,0.0,0.0,0.0,0.0,0.0,4.4909205,0.0,0.0,0.0,0.0,0.0,0.0,0.0,0.0,0.0,0.22143218,0.0,0.0,0.0,0.0,1.0412338,11.089163,0.0,0.0,1.6367767,0.0,0.0,6.246894,6.24435,0.0,1.7113531,3.31688,5.210005
ACH-000444,0.0,0.0,4.889695,2.3891642,0.0,4.150465,2.853073,0.0,5.063383,0.0,0.0,3.74639,0.0,0.0,0.0,0.0,0.0,0.0,0.0,0.0,0.0,0.0,0.0,0.0,0.0,5.589456,0.0,0.0,0.0,0.0,7.3256335,4.0072746,0.0,0.0,0.0,0.0,0.0,0.0,0.0,4.5993447,0.0,0.0,0.0,0.0,1.9413999,0.0,0.0,3.3017468,0.0,0.0,0.0,0.0,0.0,0.0,0.0,0.18042628,0.0,0.0,0.0,0.0,0.0,0.0,0.0,0.0,1.5534397,6.040159,6.276146,0.0,0.0,0.0,0.0,0.0,0.0,0.0,0.0,0.0,0.0,0.0,3.7981246,0.0,0.0,0.0,6.478602,5.7511396,2.879972,0.0,4.8240685,0.0,0.0,0.0,0.0,0.0,2.565632,0.0,0.0,0.0,0.0,0.0,0.0,0.0,3.8876035,0.0,0.0,0.0,0.0,0.0,0.0,0.0,0.0,0.0,0.0,0.0,0.0,0.0,0.0,0.0,11.48599,0.0,0.0,2.6057518,0.0,0.0,7.2086744,6.453592,0.0,0.7312606,3.196431,6.245467
ACH-000445,0.0,0.0,6.204622,3.311658,0.0,4.75688,2.591744,0.0,6.1066804,0.0,0.0,4.4740276,0.0,0.0,0.0,0.0,0.0,0.0,0.0,0.0,0.0,0.0,0.0,0.0,0.0,4.7790194,0.0,0.0,0.0,0.0,7.967076,4.7960477,0.0,0.0,0.0,0.0,0.0,0.52260536,0.0,5.825791,0.0,0.0,0.0,0.0,1.8485507,0.0,0.0,4.1632123,0.0,0.0,0.0,0.0,0.0,0.0,0.0,0.0,0.0,0.0,0.0,0.0,0.0,0.0,0.0,0.0,1.3494335,6.874959,6.7296886,0.0,0.0,0.0,0.0,0.0,0.0,0.0,0.0,0.0,0.0,0.0,2.9944232,0.0,0.0,0.0,8.011806,6.3376093,2.3562963,0.0,5.455723,0.0,0.0,0.0,0.0,0.0,3.2222784,0.0,0.0,0.0,0.0,0.0,0.0,0.0,4.7891498,0.0,0.0,0.0,0.0,0.0,0.0,0.0,0.0,0.0,0.0,0.0,0.0,0.0,0.0,0.0,12.752151,0.0,0.0,2.1789675,0.0,0.0,7.376983,7.2421107,0.0,1.3531023,3.1064842,6.105599
ACH-000447,0.0,0.0,4.525754,3.5760126,0.0,5.599183,1.7120398,0.0,6.348632,0.0,0.0,4.0068593,0.0,0.0,0.0,0.0,0.0,0.0,0.0,0.0,0.0,0.0,0.0,0.0,0.0,4.93799,0.0,0.0,0.0,0.0,8.905983,4.803525,0.0,0.0,0.0,0.0,0.0,0.67442495,0.0,5.5424,0.0,0.0,0.0,0.0,2.5293343,0.0,0.0,4.043731,0.0,0.0,0.0,0.0,0.0,0.0,0.0,0.0,0.0,0.0,0.0,0.0,0.0,0.0,0.0,0.0,0.8755776,7.127395,7.733812,0.0,0.0,0.0,0.0,0.0,0.0,0.0,0.0,0.0,0.0,0.0,3.4146461,0.0,0.0,0.0,7.7045116,6.3005643,1.8039052,0.0,5.4623356,0.0,0.0,0.0,0.17722005,0.0,2.646732,0.0,0.0,0.0,0.0,0.0,0.0,0.0,5.3173785,0.0,0.0,0.0,0.0,0.0,0.0,0.0,0.0,0.0,0.0,0.0,0.0,0.0,0.0,0.0,13.424533,0.0,0.0,2.1282601,0.0,0.0,8.580062,6.661545,0.0,0.75609845,2.7477543,6.552023
ACH-000449,0.0,0.0,4.168082,2.402167,0.0,4.216319,1.8387316,0.0,5.0901237,0.0,0.0,3.0386288,0.0,0.0,0.0,0.0,0.0,0.005735585,0.0,0.0,0.0,0.0,0.0,0.0,0.0,4.4746566,0.0,0.0,0.0,0.0,6.9412317,3.9787674,0.0,0.0,0.0,0.0,0.0,0.0,0.0,4.9049573,0.0,0.0,0.0,0.0,0.9171507,0.0,0.0,3.508679,0.0,0.0,0.0,0.0,0.0,0.0,0.0,0.47046182,0.0,0.0,0.0,0.0,0.0,0.0,0.0,0.0,1.5131232,5.5857077,6.467313,0.0,0.0,0.0,0.0,0.0,0.0,0.0,0.0,0.0,0.0,0.0,2.5000584,0.0,0.0,0.0,5.6258683,4.663613,1.9266943,0.0,4.434351,0.0,0.0,0.0,0.0,0.0,1.5829046,0.0,0.0,0.0,0.0,0.0,0.0,0.0,3.618989,0.0,0.0,0.0,0.0,0.0,0.0,0.0,0.0,0.0,0.255869,0.0,0.0,0.0,0.0,1.3886112,9.332681,0.0,0.0,1.5692207,0.0,0.0,6.225372,5.6960435,0.0,0.8063103,2.7038543,4.9202704
ACH-000450,0.0,0.0,5.2650366,2.7730649,0.0,4.121114,2.131764,0.0,4.7140074,0.0,0.0,2.8222528,0.0,0.0,0.0,0.0,0.0,0.0,0.0,0.0,0.0,0.0,0.0,0.0,0.0,4.4287868,0.0,0.0,0.0,0.0,7.2040424,4.1226482,0.0,0.0,0.0,0.0,0.0,0.0,0.0,5.0602646,0.0,0.0,0.0,0.0,1.4025288,0.0,0.0,2.5155282,0.32974654,0.0,0.0,0.0,0.0,0.0,0.0,0.31208536,0.0,0.0,0.0,0.0,0.0,0.0,0.0,0.0,1.4403377,5.4496207,5.7199564,0.0,0.0,0.0,0.0,0.0,0.0,0.0,0.0,0.0,0.0,0.0,1.930333,0.0,0.0,0.0,5.784222,5.20842,3.4308755,0.0,4.2231555,0.0,0.0,0.0,0.0,0.0,2.6920607,0.0,0.0,0.0,0.0,0.0,0.0,0.0,4.4124722,0.0,0.0,0.0,0.0,0.0,0.0,0.0,0.0,0.0,0.7278222,0.0,0.0,0.0,0.0,1.0590955,10.559538,0.0,0.0,1.7281216,0.0,0.0,6.4088836,6.698317,0.0,1.6262861,3.1473792,5.5931115
ACH-000452,0.0,0.0,6.540797,3.4577997,0.0,5.278915,1.8777272,0.0,6.2860665,0.0,0.0,3.9010763,0.0,0.0,0.0,0.0,0.0,0.0,0.0,0.0,0.0,0.0,0.0,0.0,0.0,6.009561,0.0,0.0,0.0,0.0,7.5384493,4.5518045,0.0,0.0,0.0,0.0,0.0,0.8742015,0.0,6.502906,0.0,0.0,0.0,0.0,2.095664,0.0,0.0,4.1217685,0.0,0.0,0.0,0.0,0.0,0.0,0.0,0.0,0.0,0.0,0.0,0.0,0.0,0.0,0.0,0.0,1.3446743,7.587879,7.3362656,0.0,0.0,0.0,0.0,0.0,0.0,0.0,0.0,0.0,0.0,0.0,3.598069,0.0,0.0,0.0,7.0858884,6.1278877,2.765113,0.0,6.312549,0.0,0.0,0.0,0.9742995,0.0,3.4019394,0.0,0.0,0.0,0.0,0.0,0.0,0.0,5.0479918,0.0,0.0,0.0,0.0,0.0,0.0,0.0,0.0,0.0,0.0,0.0,0.0,0.0,0.0,0.0,13.323411,0.0,0.0,2.2411826,0.0,0.0,8.407413,7.0428395,0.0,1.4919904,3.5111961,6.3816314
ACH-000454,0.0,0.0,4.659616,2.8015075,0.0,4.9432163,1.789266,0.0,6.272101,0.0,0.0,3.9396071,0.0,0.0,0.0,0.0,0.0,0.0,0.0,0.0,0.0,0.0,0.0,0.0,0.0,3.9639468,0.0,0.0,0.0,0.0,7.515547,4.390399,0.0,0.0,0.0,0.0,0.0,1.1217457,0.0,5.6986966,0.0,0.0,0.0,0.0,1.4607537,0.0,0.0,3.731079,0.0,0.0,0.0,0.0,0.0,0.0,0.0,0.3507096,0.0,0.0,0.0,0.0,0.0,0.0,0.0,0.0,1.2300918,7.1231766,6.569976,0.0,0.0,0.0,0.0,0.0,0.0,0.0,0.0,0.0,0.0,0.0,3.207559,0.0,0.0,0.0,5.9730463,6.6395082,2.5344179,0.0,4.9843874,0.0,0.0,0.0,0.5064557,0.0,2.3692768,0.0,0.0,0.0,0.0,0.0,0.0,0.0,4.306409,0.0,0.0,0.0,0.0,0.0,0.0,0.0,0.0,0.0,0.0,0.0,0.0,0.0,0.0,0.0,12.531037,0.0,0.0,2.660506,0.0,0.0,8.122727,6.492432,0.0,1.5347291,2.8105235,5.9043
ACH-000456,0.0,0.0,5.1675577,2.4886765,0.0,5.2119665,2.3048315,0.0,5.860915,0.0,0.0,3.7328057,0.0,0.0,0.0,0.0,0.0,0.0,0.0,0.0,0.0,0.0,0.0,0.0,0.0,5.975899,0.0,0.0,0.0,0.0,8.812397,4.685123,0.0,0.0,0.0,0.0,0.0,0.35307157,0.0,5.578283,0.0,0.0,0.0,0.0,1.598709,0.0,0.0,3.3304539,0.0,0.0,0.0,0.0,0.0,0.0,0.0,0.0,0.0,0.0,0.0,0.0,0.0,0.0,0.0,0.0,0.121193066,7.5162,7.2542086,0.0,0.0,0.0,0.0,0.0,0.0,0.0,0.0,0.0,0.0,0.0,2.5488765,0.0,0.0,0.0,7.515865,7.068432,2.6667774,0.0,5.3756156,0.0,0.0,0.0,0.0,0.0,2.7539036,0.0,0.0,0.0,0.0,0.0,0.0,0.0,4.9784374,0.0,0.0,0.0,0.0,0.0,0.0,0.0,0.0,0.0,0.0,0.0,0.0,0.0,0.0,0.0,13.465274,0.0,0.0,1.4806079,0.0,0.0,7.1050453,7.519646,0.0,0.6393602,3.307482,6.2500124
ACH-000457,0.0,0.0,5.035811,3.4652991,0.0,5.822929,1.6070563,0.0,5.869559,0.0,0.0,5.500899,0.0,0.0,0.0,0.0,0.0,0.39718723,0.0,0.0,0.0,0.0,0.0,0.0,0.0,5.6034117,0.0,0.0,0.6273274,0.0,8.319416,3.2010021,0.0,0.0,0.0,0.0,0.0,0.0,0.0,6.2081337,0.0,0.0,0.0,0.0,1.8538829,0.0,0.0,4.0072827,0.0,0.0,0.0,0.0,0.0,0.0,0.0,0.0,0.0,0.0,0.0,0.0,0.0,0.0,0.0,0.0,0.77288777,7.0678587,5.893819,0.0,0.0,0.0,0.0,0.0,0.0,0.0,0.0,0.0,0.0,0.0,3.2644203,0.0,0.0,0.0,6.7678723,4.8975496,3.3107603,0.0,5.2037477,0.0,0.0,0.0,0.0,0.0,5.25924,0.0,0.0,0.0,0.0,0.0,0.0,0.0,5.848174,0.0,0.0,0.0,0.0,0.0,0.0,0.0,0.0,0.0,0.0,0.0,0.0,0.0,0.0,0.0,12.93532,0.0,0.0,1.547197,0.0,0.0,7.831376,6.9915957,0.0,1.5852276,2.95313,6.5489926
ACH-000458,0.0,0.0,5.82473,3.1286178,0.0,4.439324,2.8470733,0.0,5.1668506,0.0,0.0,3.171561,0.0,0.0,0.0,0.0,0.0,0.0,0.0,0.0,0.0,0.0,0.0,0.0,0.0,5.5198865,0.0,0.0,0.0,0.0,7.644087,4.6042376,0.0,0.0,0.0,0.0,0.0,0.6171656,0.0,5.917541,0.0,0.0,0.0,0.0,1.9719175,0.0,0.0,2.3879066,0.0,0.0,0.0,0.0,0.0,0.0,0.0,0.49382266,0.0,0.0,0.0,0.0,0.0,0.0,0.0,0.0,1.1069273,6.938416,7.0017715,0.0,0.0,0.0,0.0,0.0,0.0,0.0,0.0,0.0,0.0,0.0,3.312273,0.0,0.0,0.0,7.0356593,5.8412986,2.2650945,0.0,4.383271,0.0,0.0,0.0,0.0,0.0,3.6267517,0.0,0.0,0.0,0.0,0.0,0.0,0.0,4.802808,0.0,0.0,0.0,0.0,0.0,0.0,0.0,0.0,0.0,0.0,0.0,0.0,0.0,0.0,0.0,11.739135,0.0,0.0,2.102062,0.0,0.0,7.9046874,6.2807956,0.0,1.0605699,3.7228367,5.4758577
ACH-000461,0.0,0.0,5.8427997,1.7857242,0.0,4.4229603,3.269392,0.0,5.9364133,0.0,0.0,3.974681,0.0,0.0,0.0,0.0,0.0,0.43135637,0.0,0.0,0.0,0.0,0.0,0.0,0.0,5.2880063,0.0,0.0,0.0,0.0,7.619768,5.0764923,0.0,0.0,0.0,0.0,0.0,0.0,0.0,5.818132,0.0,0.0,0.0,0.0,1.98257,0.0,0.0,2.6040752,0.0,0.0,0.0,0.0,0.0,0.0,0.0,0.7538357,0.0,0.0,0.0,0.0,0.0,0.0,0.0,0.0,1.7464362,6.502912,5.6625977,0.0,0.0,0.0,0.0,0.0,0.0,0.0,0.0,0.0,0.0,0.0,3.030402,0.0,0.0,0.0,6.4587984,5.3083525,1.8751645,0.0,5.027289,0.0,0.0,0.0,0.0,0.0,3.6325204,0.0,0.0,0.0,0.0,0.0,0.0,0.0,4.6246777,0.0,0.0,0.0,0.0,0.0,0.0,0.0,0.0,0.0,0.0,2.0555768,0.0,0.0,0.0,0.0,11.8836775,0.0,0.0,1.0255007,0.0,0.0,6.616945,6.344541,0.0,0.9880507,2.4889805,4.7221813
ACH-000463,0.0,0.0,4.7158375,2.9977043,0.0,5.1918626,0.843166,0.0,5.7378335,0.0,0.0,4.0150065,0.0,0.0,0.0,0.0,0.0,0.0,0.0,0.0,0.0,0.0,0.0,0.0,0.0,4.743909,0.0,0.0,0.0,0.0,7.9371805,3.8355656,0.0,0.0,0.0,0.0,0.0,1.2574886,0.0,5.032245,0.0,0.0,0.0,0.0,1.2390494,0.0,0.0,2.689868,0.0,0.0,0.0,0.0,0.0,0.0,0.0,0.5852774,0.0,0.0,0.0,0.0,0.0,0.0,0.0,0.0,0.60602814,6.223314,6.2809534,0.0,0.0,0.0,0.0,0.0,0.0,0.0,0.0,0.27303794,0.0,0.0,3.7111738,0.0,0.0,0.0,5.658294,6.670789,2.923395,0.0,4.8538513,0.0,0.0,0.0,0.5032123,0.0,1.8787317,0.0,0.0,0.0,0.0,0.0,0.0,0.0,5.3487563,0.0,0.0,0.0,0.0,0.0,0.0,0.0,0.0,0.0,0.0,0.0,0.0,0.0,0.0,0.68193376,12.098479,0.0,0.0,1.8494947,0.0,0.0,7.6268096,6.650585,0.0,2.348561,2.403804,5.7758384
ACH-000467,0.0,0.0,5.969236,2.4206028,0.0,3.6478746,2.444316,0.0,5.5529027,0.0,0.0,3.3165298,0.0,0.0,0.0,0.0,0.0,0.0,0.0,0.0,0.0,0.0,0.0,0.0,0.0,4.7258086,0.0,0.0,0.454972,0.0,7.841076,4.2778697,0.0,0.0,0.0,0.0,0.0,0.0,0.0,5.7526917,0.0,0.0,0.0,0.0,2.1944592,0.0,0.0,3.182946,0.0,0.0,0.0,0.0,0.0,0.0,0.0,0.28607836,0.0,0.0,0.837802,0.0,0.0,0.0,0.0,0.0,1.7334251,6.1036634,6.525678,0.0,0.0,0.0,0.0,0.0,0.0,0.0,0.0,0.0,0.0,0.0,3.3809738,0.0,0.0,0.0,6.702397,4.8165684,3.426927,0.0,4.491131,0.0,0.0,0.0,0.0,0.0,3.1441748,0.0,0.0,0.0,0.0,0.0,0.0,0.0,3.9344926,0.0,0.0,0.0,0.0,0.0,0.0,0.0,0.0,0.0,0.0,0.0,0.0,0.0,0.0,0.0,11.1849375,0.0,0.0,2.258112,0.0,0.0,6.3962197,6.544419,0.0,1.1206106,3.3046596,5.6799107
ACH-000468,0.0,0.0,5.111582,3.713337,0.0,5.092708,2.161315,0.0,5.414012,0.0,0.0,3.4845095,0.0,0.0,0.0,0.0,0.0,0.2977934,0.0,0.0,0.0,0.0,0.0,0.0,0.0,6.1439066,0.0,0.0,0.0,0.0,7.8925505,4.6875343,0.0,0.0,0.0,0.0,0.0,0.0,0.0,6.6997705,0.0,0.0,0.0,0.0,1.8604819,0.0,0.0,3.2656221,0.0,0.0,0.0,0.0,0.0,0.0,0.0,0.0,0.0,0.0,0.0,0.0,0.0,0.0,0.0,0.0,0.61003536,6.0728927,6.1768866,0.0,0.0,0.0,0.0,0.0,0.0,0.0,0.0,0.0,0.0,0.0,3.156432,0.0,0.0,0.0,6.78894,5.243967,2.6449504,0.0,4.8896933,0.0,0.0,0.0,0.29553244,0.0,2.8087175,0.0,0.0,0.0,0.0,0.0,0.0,0.0,3.24421,0.0,0.0,0.0,0.0,0.0,0.0,0.0,0.0,0.0,0.0,0.0,0.0,0.0,0.0,0.0,11.91378,0.0,0.0,1.412844,0.0,0.0,7.766912,6.4861364,0.0,0.91654706,2.9294827,4.9703856
ACH-000469,0.0,0.0,6.310482,3.4475515,0.0,5.1591363,3.1176865,0.0,6.801646,0.0,0.0,4.0220046,0.0,0.0,0.0,0.0,0.0,0.0,0.0,0.0,0.0,0.0,0.0,0.0,0.0,5.5866585,0.0,0.0,0.0,0.0,8.452597,4.1560087,0.0,0.0,0.0,0.0,0.0,0.56544733,0.0,6.24703,0.0,0.0,0.0,0.0,2.0420864,0.0,0.0,3.6375072,0.0,0.0,0.0,0.0,0.0,0.0,0.0,0.0,0.0,0.0,0.0,0.0,0.0,0.0,0.0,0.0,0.95607,7.581334,6.918604,0.0,0.0,0.0,0.0,0.0,0.0,0.0,0.0,0.0,0.0,0.0,3.7888525,0.0,0.0,0.0,7.4441495,6.453365,2.5040884,0.0,4.8498673,0.0,0.0,0.0,0.0021210667,0.0,2.8122866,0.0,0.0,0.0,0.0,0.0,0.0,0.0,5.747907,0.0,0.0,0.0,0.0,0.0,0.0,0.0,0.0,0.0,0.0,0.0,0.0,0.0,0.0,0.0,13.993865,0.0,0.0,2.7710836,0.0,0.0,8.536699,7.392782,0.0,1.1317948,3.4046578,6.481147
ACH-000471,0.0,0.0,5.5095015,3.6032324,0.0,4.3052454,2.3537056,0.0,5.686485,0.0,0.0,3.633488,0.0,0.0,0.0,0.0,0.0,1.5049233,0.0,0.0,0.0,0.0,0.0,0.0,0.0,5.0533004,0.0,0.0,0.3975089,0.0,7.649061,3.9364624,0.0,0.0,0.0,0.0,0.0,0.19723824,0.0,4.831732,0.0,0.0,0.0,0.0,2.3566072,0.0,0.0,3.7827,0.0,0.0,0.0,0.0,0.0,0.0,0.0,0.12060015,0.0,0.0,0.0,0.0,0.0,0.0,0.0,0.0,1.643772,6.3681016,7.023707,0.0,0.0,0.0,0.0,0.0,0.0,0.0,0.0,0.0,0.0,0.0,2.9483898,0.0,0.0,0.0,6.65488,7.150446,3.1463552,0.0,5.294114,0.0,0.0,0.0,0.0,0.0,2.911871,0.0,0.0,0.0,0.0,0.0,0.0,0.0,5.419879,0.0,0.0,0.0,0.0,0.0,0.0,0.0,0.0,0.0,0.0,0.0,0.0,0.0,0.0,0.0,12.415196,0.0,0.0,1.9343135,0.0,0.0,7.299537,5.94259,0.0,1.1763304,3.252227,6.2418942
ACH-000472,0.0,0.0,4.5406017,2.7722404,0.0,4.7720447,1.8410773,0.0,5.715073,0.0,0.0,3.2209218,0.0,0.0,0.0,0.0,0.0,0.0,0.0,0.0,0.0,0.0,0.0,0.0,0.0,4.2659473,0.0,0.0,0.0,0.0,6.3128633,4.677272,0.0,0.0,0.0,0.0,0.0,0.6735868,0.0,5.1931157,0.0,0.0,0.0,0.0,1.8276839,0.0,0.0,2.6315122,0.0,0.0,0.0,0.0,0.0,0.0,0.0,0.538607,0.0,0.0,0.0,0.0,0.0,0.0,0.0,0.0,1.4244366,5.851543,6.49104,0.0,0.0,0.0,0.0,0.0,0.0,0.0,0.0,0.0,0.0,0.0,2.8368342,0.0,0.0,0.0,6.9962907,5.284239,3.044716,0.0,4.6835475,0.0,0.0,0.0,0.0,0.0,2.4837537,0.0,0.0,0.0,0.0,0.0,0.0,0.0,4.1951804,0.0,0.0,0.0,0.0,0.0,0.0,0.0,0.0,0.0,0.0,0.0,0.0,0.0,0.0,0.0,11.251771,0.0,0.0,2.08318,0.0,0.0,7.6106763,6.1479607,0.0,0.95410705,2.9780414,5.2376895
ACH-000473,0.0,0.0,5.9461756,2.3550556,0.0,5.2561426,2.6739733,0.0,4.467269,0.0,0.0,3.7487059,0.0,0.0,0.0,0.0,0.0,0.0,0.0,0.0,0.0,0.0,0.0,0.0,0.0,4.1895747,0.0,0.0,0.0,0.0,6.6658287,4.012843,0.0,0.0,0.0,0.0,0.0,0.5413001,0.0,4.8366814,0.0,0.0,0.0,0.0,2.1939428,0.0,0.0,2.5486536,0.0,0.0,0.0,0.0,0.0,0.0,0.0,0.0,0.0,0.0,0.0,0.0,0.0,0.0,0.0,0.0,1.7959812,6.385099,6.157917,0.0,0.0,0.0,0.0,0.0,0.0,0.0,0.0,0.0,0.0,0.0,3.6869895,0.0,0.0,0.0,7.054739,6.625169,2.4822848,0.0,5.092817,0.0,0.0,0.0,0.0,0.0,3.4026778,0.0,0.0,0.0,0.0,0.0,0.0,0.0,4.84729,0.0,0.0,0.0,0.0,0.0,0.0,0.0,0.0,0.0,0.0,0.0,0.0,0.0,0.0,0.0,11.919562,0.0,0.0,1.8537809,0.0,0.0,7.1771207,6.5539937,0.0,0.6615841,2.733733,6.0448503
ACH-000476,0.0,0.0,5.425745,2.9685545,0.0,4.4029393,2.2558749,0.0,6.2002606,0.0,0.0,4.930098,0.0,0.0,0.0,0.0,0.0,0.15043516,0.0,0.0,0.0,0.0,0.0,0.0,0.0,4.6338577,0.0,0.0,0.0,0.0,8.458653,4.851452,0.0,0.0,0.0,0.0,0.0,0.0,0.0,5.6290917,0.0,0.0,0.0,0.0,1.5109986,0.0,0.0,3.5561697,0.0,0.0,0.0,0.0,0.0,0.0,0.0,0.0,0.0,0.0,0.0,0.0,0.0,0.0,0.0,0.0,1.6385812,6.3330336,6.8250527,0.0,0.0,0.0,0.0,0.0,0.0,0.0,0.0,0.0,0.0,0.0,2.8366888,0.0,0.0,0.0,6.870002,5.519945,2.5671155,0.0,4.1075616,0.0,0.0,0.0,0.0,0.0,3.571566,0.0,0.0,0.0,0.0,0.0,0.0,0.0,4.5004005,0.0,0.0,0.0,0.0,0.0,0.0,0.0,0.0,0.0,0.0,0.0,0.0,0.0,0.0,0.0,11.484646,0.0,0.0,1.6694838,0.0,0.0,6.710007,6.7067885,0.0,0.92926157,2.9096406,5.693712
ACH-000477,0.0,0.0,5.9636765,4.1461363,0.0,4.3836308,2.42658,0.0,5.5083146,0.0,0.0,4.3037796,0.0,0.0,0.0,0.0,0.0,0.0,0.0,0.0,0.0,0.0,0.0,0.0,0.0,5.7181168,0.0,0.0,0.0,0.0,8.453086,4.494369,0.0,0.0,0.0,0.0,0.0,0.7259169,0.0,6.918327,0.0,0.0,0.0,0.0,1.8045942,0.0,0.0,3.4033518,0.0,0.0,0.0,0.0,0.0,0.0,0.0,0.07091384,0.0,0.0,0.0,0.0,0.0,0.0,0.0,0.0,1.982696,6.372202,6.6468167,0.0,0.0,0.0,0.0,0.0,0.0,0.0,0.0,0.0,0.0,0.0,2.9722679,0.0,0.0,0.0,6.455756,5.272929,3.5620067,0.0,4.9505334,0.0,0.0,0.0,0.0,0.0,2.8412993,0.0,0.0,0.0,0.0,0.0,0.0,0.0,4.9492345,0.0,0.0,0.0,0.0,0.0,0.0,0.0,0.0,0.0,0.33842608,0.0,0.0,0.0,0.0,0.0,13.076209,0.0,0.0,1.8686987,0.0,0.0,7.459128,7.1329494,0.0,1.7034284,3.718962,5.6486754
ACH-000479,0.0,0.0,5.055935,3.546541,0.0,5.434445,3.090367,0.0,6.980692,0.0,0.0,4.682238,0.0,0.0,0.0,0.0,0.0,0.0,0.0,0.0,0.0,0.0,0.0,0.0,0.0,4.5439315,0.0,0.0,0.0,0.0,8.437247,4.64202,0.0,0.0,0.0,0.0,0.0,0.5887767,0.0,6.5080814,0.0,0.0,0.0,0.0,2.2245283,0.0,0.0,4.0291944,0.0,0.0,0.0,0.0,0.0,0.0,0.0,0.0,0.0,0.0,0.0,0.0,0.0,0.0,0.0,0.0,0.64459616,8.1198845,6.9823074,0.0,0.0,0.0,0.0,0.0,0.0,0.0,0.0,0.0,0.0,0.0,2.5232027,0.0,0.0,0.0,7.32517,6.0481052,3.1197624,0.0,4.830472,0.0,0.0,0.0,0.0,0.0,3.516983,0.0,0.0,0.0,0.0,0.0,0.0,0.0,5.3113594,0.0,0.0,0.0,0.0,0.0,0.0,0.0,0.0,0.0,0.0,0.0,0.0,0.0,0.0,0.0,13.539971,0.0,0.0,1.8282232,0.0,0.0,7.679444,7.037478,0.0,1.9722875,3.4086368,6.141992
ACH-000480,0.0,0.0,4.7113543,3.066883,0.0,4.762716,3.0447543,0.0,6.0492387,0.0,0.0,4.851853,0.0,0.0,0.0,0.0,0.0,0.0,0.0,0.0,0.0,0.0,0.0,0.0,0.0,4.1774697,0.0,0.0,0.7003486,0.0,7.6225796,3.417694,0.0,0.0,0.0,0.0,0.0,0.0,0.0,5.4945836,0.0,0.0,0.0,0.0,2.5219944,0.0,0.0,3.1594143,0.0,0.0,0.0,0.0,0.0,0.0,0.0,0.0,0.0,0.0,0.0,0.0,0.0,0.0,0.0,0.0,0.0,5.894214,7.0598636,0.0,0.0,0.0,0.0,0.0,0.0,0.0,0.0,0.0,0.0,0.0,2.6259658,0.0,0.0,0.0,7.0266037,5.3808355,3.6975424,0.0,3.7503333,0.0,0.0,0.0,0.0,0.0,3.321284,0.0,0.0,0.0,0.0,0.0,0.0,0.0,4.904683,0.0,0.0,0.0,0.0,0.0,0.0,0.0,0.0,0.0,0.0,0.0,0.0,0.0,0.0,0.0,10.939313,0.0,0.0,1.658528,0.0,0.0,6.3532524,6.160213,0.0,1.1758844,3.5530908,6.2426324
ACH-000481,0.0,0.0,5.1304994,3.0243025,0.0,4.4756546,2.469866,0.0,6.0299296,0.0,0.0,3.980456,0.0,0.0,0.0,0.0,0.0,0.0,0.0,0.0,0.0,0.0,0.0,0.0,0.0,5.3993797,0.0,0.0,0.0,0.0,7.527171,3.8230162,0.0,0.0,0.0,0.0,0.0,0.0,0.0,4.6059036,0.0,0.0,0.0,0.0,1.6134262,0.0,0.0,3.3434212,0.0,0.0,0.0,0.0,0.0,0.0,0.0,0.26834247,0.0,0.0,0.0,0.0,0.0,0.0,0.0,0.0,1.200581,5.9281282,5.3236856,0.0,0.0,0.0,0.0,0.0,0.0,0.0,0.0,0.0,0.0,0.0,3.2442706,0.0,0.0,0.0,6.537358,6.746948,2.6688526,0.0,5.012372,0.0,0.0,0.0,0.0,0.0,2.4692059,0.0,0.0,0.0,0.0,0.0,0.0,0.0,4.2353806,0.0,0.0,0.0,0.0,0.0,0.0,0.0,0.0,0.0,0.0,0.0,0.0,0.0,0.0,0.0,11.683358,0.0,0.0,1.8200874,0.0,0.0,7.7498255,6.679124,0.0,1.469374,2.2983675,5.4098573
ACH-000482,0.0,0.0,6.1271434,3.3044457,0.0,5.171199,2.1523092,0.0,5.18133,0.0,0.0,3.8595188,0.0,0.0,0.0,0.0,0.0,0.0,0.0,0.0,0.0,0.0,0.0,0.0,0.0,5.7059636,0.0,0.0,0.0,0.0,8.483443,4.1562414,0.0,0.0,0.0,0.0,0.0,0.6790188,0.0,5.882794,0.0,0.0,0.0,0.0,2.4052143,0.0,0.0,3.3939085,0.0,0.0,0.0,0.0,0.0,0.0,0.0,0.0,0.0,0.0,0.0,0.0,0.0,0.0,0.0,0.0,1.9524547,7.044128,6.605303,0.0,0.0,0.0,0.0,0.0,0.0,0.0,0.0,0.0,0.0,0.0,3.814289,0.0,0.0,0.0,7.8014364,7.2199163,1.3850455,0.0,5.1475654,0.0,0.0,0.0,0.0,0.0,3.7805467,0.0,0.0,0.0,0.0,0.0,0.0,0.0,4.253318,0.0,0.0,0.0,0.0,0.0,0.0,0.0,0.0,0.0,0.0,0.0,0.0,0.0,0.0,0.0,13.476954,0.0,0.0,1.9030914,0.0,0.0,8.456676,6.9926405,0.0,0.39824677,3.5960758,5.356174
ACH-000484,0.0,0.0,4.9891505,5.0484614,0.0,4.3304935,1.8750697,0.0,6.4075875,0.0,0.0,4.3560896,0.0,0.0,0.0,0.0,0.0,1.2854545,0.0,0.0,0.0,0.0,0.0,0.0,0.0,5.4506392,0.0,0.0,0.0,0.0,7.677621,5.083213,0.0,0.0,0.0,0.0,0.0,0.6101337,0.0,5.830075,0.0,0.0,0.0,0.0,2.048958,0.0,0.0,4.399586,0.0,0.0,0.0,0.0,0.0,0.0,0.0,0.0,0.0,0.0,0.0,0.0,0.0,0.0,0.0,0.0,2.322441,6.3057833,6.548825,0.0,0.0,0.0,0.0,0.0,0.0,0.0,0.0,0.63717234,0.0,0.0,2.4250972,0.0,0.0,0.0,7.0461574,5.681789,2.7456589,0.0,4.876318,0.0,0.0,0.0,0.0,0.0,3.7542713,0.0,0.0,0.0,0.0,0.0,0.0,0.0,4.824593,0.0,0.0,0.0,0.0,0.0,0.0,0.0,0.0,0.0,0.0,0.0,0.0,0.0,0.0,0.0,12.115287,0.0,0.0,1.6034838,0.0,0.0,7.9856906,6.2960362,0.0,1.74342,4.0785203,5.688099
ACH-000486,0.0,0.0,4.801743,3.5072405,0.0,5.24902,1.7018574,0.0,5.295543,0.0,0.0,4.132511,0.0,0.0,0.0,0.0,0.0,0.0,0.0,0.0,0.0,0.0,0.0,0.0,0.0,4.893589,0.0,0.0,0.0,0.0,7.8743215,2.813721,0.0,0.0,0.0,0.0,0.0,0.0,0.0,5.6816335,0.0,0.0,0.0,0.0,1.5935694,0.0,0.0,2.760501,0.0,0.0,0.0,0.0,0.0,0.0,0.0,0.36379126,0.0,0.0,0.0,0.0,0.0,0.0,0.0,0.0,1.8715128,6.6807523,6.5742846,0.0,0.0,0.0,0.0,0.0,0.0,0.0,0.0,0.0,0.0,0.0,3.286845,0.0,0.0,0.0,6.4085913,5.96084,3.0432217,0.0,5.5324492,0.0,0.0,0.0,0.0,0.0,3.4825253,0.0,0.0,0.0,0.0,0.0,0.0,0.0,5.76296,0.0,0.0,0.0,0.0,0.0,0.0,0.0,0.0,0.0,0.0,0.0,0.0,0.0,0.0,0.0,11.876549,0.0,0.0,1.190118,0.0,0.0,6.3502507,6.878777,0.0,1.5719508,2.622284,6.4691625
ACH-000488,0.0,0.0,5.2803154,3.2116308,0.0,4.65779,1.9645095,0.0,5.775602,0.0,0.0,3.4019182,0.0,0.0,0.0,0.0,0.0,0.0,0.0,0.0,0.0,0.0,0.0,0.0,0.0,5.018333,0.0,0.0,0.0,0.0,6.944063,4.0848727,0.0,0.0,0.0,0.0,0.0,0.4742484,0.0,5.1911283,0.0,0.0,0.0,0.0,1.1940795,0.0,0.0,3.2992892,0.0,0.0,0.0,0.0,0.0,0.0,0.0,0.08206384,0.0,0.0,0.0,0.0,0.0,0.0,0.0,0.0,1.4324238,6.49742,7.091671,0.0,0.0,0.0,0.0,0.0,0.0,0.0,0.0,0.0,0.0,0.0,3.1590908,0.0,0.0,0.0,6.317414,6.5100617,2.8133967,0.0,4.7309766,0.0,0.0,0.0,0.0,0.0,2.0749335,0.0,0.0,0.0,0.0,0.0,0.0,0.0,4.048083,0.0,0.0,0.0,0.0,0.0,0.0,0.0,0.0,0.0,0.0,0.0,0.0,0.0,0.0,0.0,11.260483,0.0,0.0,2.2052674,0.0,0.0,7.064015,6.234854,0.0,1.4032282,2.8455698,5.5666356
ACH-000493,0.0,0.0,5.586407,3.273006,0.0,4.1879497,1.4840684,0.0,6.560201,0.0,0.0,4.117991,0.0,0.0,0.0,0.0,0.0,0.0,0.0,0.0,0.0,0.0,0.0,0.0,0.0,5.6532183,0.0,0.0,0.0,0.0,7.961204,4.347794,0.0,0.0,0.0,0.0,0.0,0.54574454,0.0,5.8298116,0.0,0.0,0.0,0.0,2.2975628,0.0,0.0,2.977636,0.0,0.0,0.0,0.0,0.0,0.0,0.0,0.0,0.0,0.0,0.0,0.0,0.0,0.0,0.0,0.0,0.44260067,7.106266,6.5709295,0.0,0.0,0.0,0.0,0.0,0.0,0.0,0.0,0.19268496,0.0,0.0,3.0356405,0.0,0.0,0.0,7.416163,6.684332,2.5146036,0.0,4.8307514,0.0,0.0,0.0,0.0,0.0,2.2130268,0.0,0.0,0.0,0.0,0.0,0.0,0.0,4.9650426,0.0,0.0,0.0,0.0,0.0,0.0,0.0,0.0,0.0,0.0,0.0,0.0,0.0,0.0,0.0,12.763678,0.0,0.0,2.0756977,0.0,0.0,6.974568,6.7016544,0.0,0.909922,3.4235141,5.9375415
ACH-000495,0.0,0.0,5.60732,5.027386,0.0,4.7582135,1.366419,0.0,5.1161036,0.0,0.0,5.0593505,0.0,0.0,0.0,0.0,0.0,0.0,0.0,0.0,0.0,0.0,0.0,0.0,0.0,5.190641,0.0,0.0,1.2477409,0.0,8.3851385,4.1478868,0.0,0.0,0.0,0.0,0.0,0.0,0.0,6.2857575,0.0,0.0,0.0,0.0,1.141033,0.0,0.0,3.5610442,0.0,0.0,0.0,0.0,0.0,0.0,0.0,0.0,0.0,0.0,0.0,0.0,0.0,0.0,0.0,0.0,1.1199976,6.6315355,6.761195,0.0,0.0,0.0,0.0,0.0,0.0,0.0,0.0,0.0057377107,0.0,0.0,2.500345,0.0,0.0,0.0,7.104633,5.725601,2.0199418,0.0,4.7942038,0.0,0.0,0.0,0.0,0.0,4.02002,0.0,0.0,0.0,0.0,0.0,0.0,0.0,5.451269,0.0,0.0,0.0,0.0,0.0,0.0,0.0,0.0,0.0,0.0,0.0,0.0,0.0,0.0,0.0,12.696515,0.0,0.0,1.0467447,0.0,0.0,7.109098,6.5596857,0.0,1.3338344,3.505225,6.2089987
ACH-000496,0.0,0.0,5.1741056,2.6632385,0.0,4.71249,2.4361484,0.0,7.3589683,0.0,0.0,3.0066562,0.0,0.0,0.0,0.0,0.0,0.0,0.0,0.0,0.0,0.0,0.0,0.0,0.0,4.861675,0.0,0.0,0.0,0.0,8.213344,4.4581623,0.0,0.0,0.0,0.0,0.0,0.60003793,0.0,5.899292,0.0,0.0,0.0,0.0,2.4159207,0.0,0.0,2.9804099,0.0,0.0,0.0,0.0,0.0,0.0,0.0,0.0,0.0,0.0,0.0,0.0,0.0,0.0,0.0,0.0,1.686711,8.236772,7.3565426,0.0,0.0,0.0,0.0,0.0,0.0,0.0,0.0,0.0069061704,0.0,0.0,3.8380923,0.0,0.0,0.0,6.853332,6.8414316,1.8038514,0.0,5.741967,0.0,0.0,0.0,0.12398092,0.0,3.0537384,0.0,0.0,0.0,0.0,0.0,0.0,0.0,5.3200383,0.0,0.0,0.0,0.0,0.0,0.0,0.0,0.0,0.0,0.0,0.0,0.0,0.0,0.0,0.0,12.769315,0.0,0.0,2.6057754,0.0,0.0,8.367669,7.367189,0.0,1.2757522,2.2788186,5.592408
ACH-000500,0.0,0.0,4.6277065,3.7760139,0.0,6.3114257,1.9882728,0.0,6.280991,0.0,0.0,4.5721087,0.0,0.0,0.0,0.0,0.0,0.0,0.0,0.0,0.0,0.0,0.0,0.0,0.0,5.188559,0.0,0.0,0.0,0.0,8.222372,4.4525127,0.0,0.0,0.0,0.0,0.0,0.33147666,0.0,6.320252,0.0,0.0,0.0,0.0,1.5027087,0.0,0.0,3.4686742,0.0,0.0,0.0,0.0,0.0,0.0,0.0,0.0,0.0,0.0,0.0,0.0,0.0,0.0,0.0,0.0,1.0317099,7.0687356,7.0319796,0.0,0.0,0.0,0.0,0.0,0.0,0.0,0.0,0.0,0.0,0.0,3.591172,0.0,0.0,0.0,7.7926,6.9864826,2.5706282,0.0,5.0131116,0.0,0.0,0.0,0.0,0.0,3.596114,0.0,0.0,0.0,0.0,0.0,0.0,0.0,5.939103,0.0,0.0,0.0,0.0,0.0,0.0,0.0,0.0,0.0,0.0,0.0,0.0,0.0,0.0,0.0,13.880432,0.0,0.0,2.357506,0.0,0.0,7.9011307,7.3056307,0.0,1.8804637,2.8985288,5.8617406
ACH-000502,0.0,0.0,5.61107,4.1938343,0.0,4.2454076,2.7850344,0.0,4.9091654,0.0,0.0,3.3303413,0.0,0.0,0.0,0.0,0.0,0.9311272,0.0,0.0,0.0,0.0,0.0,0.0,0.0,5.755221,0.0,0.0,0.10567898,0.0,7.8852034,4.849975,0.0,0.0,0.0,0.0,0.0,0.67131543,0.0,6.008574,0.0,0.0,0.0,0.0,1.9102296,0.0,0.0,3.5386972,0.0,0.0,0.0,0.0,0.0,0.0,0.0,0.0,0.0,0.0,0.0,0.0,0.0,0.0,0.0,0.0,1.0227326,6.8787065,6.692235,0.0,0.0,0.0,0.0,0.0,0.0,0.0,0.0,0.0,0.0,0.0,3.1494591,0.0,0.0,0.0,6.316769,6.0203466,3.2310407,0.0,4.9669805,0.0,0.0,0.0,0.0,0.0,3.2494352,0.0,0.0,0.0,0.0,0.0,0.0,0.0,4.214403,0.0,0.0,0.0,0.0,0.0,0.0,0.0,0.0,0.0,0.0,0.0,0.0,0.0,0.0,0.0,13.127531,0.0,0.0,0.85965365,0.0,0.0,7.3981338,6.601535,0.0,1.421687,3.0482924,6.4187093
ACH-000503,0.0,0.0,5.344328,2.8994217,0.0,4.808261,2.3914196,0.0,6.2741475,0.0,0.0,3.9461493,0.0,0.0,0.0,0.0,0.0,0.0,0.0,0.0,0.0,0.0,0.0,0.0,0.0,5.98038,0.0,0.0,0.0,0.0,6.6452036,4.209201,0.0,0.0,0.0,0.0,0.0,0.09111841,0.0,5.4000497,0.0,0.0,0.0,0.0,2.1049335,0.0,0.0,2.6478233,0.0,0.0,0.0,0.0,0.0,0.0,0.0,0.24261777,0.0,0.0,0.0,0.0,0.0,0.0,0.0,0.0,1.8350172,6.7462354,7.069736,0.0,0.0,0.0,0.0,0.0,0.0,0.0,0.0,0.0,0.0,0.0,3.5755148,0.0,0.0,0.0,6.9847603,6.3369007,2.7623546,0.0,4.891694,0.0,0.0,0.0,0.31066427,0.0,2.924281,0.0,0.0,0.0,0.0,0.0,0.0,0.0,4.3407536,0.0,0.0,0.0,0.0,0.0,0.0,0.0,0.0,0.0,0.0,0.0,0.0,0.0,0.0,0.0,12.808037,0.0,0.0,2.5441556,0.0,0.0,7.811684,6.573972,0.0,1.2164942,2.9947355,6.04734
ACH-000504,0.0,0.0,6.044851,2.6985462,0.0,5.5238214,2.5807054,0.0,6.576816,0.0,0.0,4.2222004,0.0,0.0,0.0,0.0,0.0,0.0,0.0,0.0,0.0,0.0,0.0,0.0,0.0,4.620897,0.0,0.0,0.0,0.0,8.382674,5.231493,0.0,0.0,0.0,0.0,0.0,1.4862667,0.0,6.669019,0.0,0.0,0.0,0.0,2.6490877,0.0,0.0,3.7727447,0.0,0.0,0.0,0.0,0.0,0.0,0.0,0.0,0.0,0.0,0.0,0.0,0.0,0.0,0.0,0.0,1.4090099,7.3278804,7.963366,0.0,0.0,0.0,0.0,0.0,0.0,0.0,0.0,0.0,0.0,0.0,4.029481,0.0,0.0,0.0,8.183916,7.682018,3.2405665,0.0,5.324355,0.0,0.0,0.0,0.0,0.0,2.7954535,0.0,0.0,0.0,0.0,0.0,0.0,0.0,5.177949,0.0,0.0,0.0,0.0,0.0,0.0,0.0,0.0,0.0,0.0,0.0,0.0,0.0,0.0,0.0,13.7695675,0.0,0.0,2.7006428,0.0,0.0,8.887623,6.816468,0.0,1.0349156,3.8047972,6.485001
ACH-000505,0.0,0.0,5.5487103,2.016333,0.0,3.8532379,2.1570911,0.0,5.481961,0.0,0.0,2.932757,0.0,0.0,0.0,0.0,0.0,0.0,0.0,0.0,0.0,0.0,0.0,0.0,0.0,6.444542,0.0,0.0,0.0,0.0,7.578465,5.311646,0.0,0.0,0.0,0.0,0.0,0.0,0.0,5.949017,0.0,0.0,0.0,0.0,1.8917986,0.0,0.0,2.8891041,0.0,0.0,0.0,0.0,0.0,0.0,0.0,0.28766403,0.0,0.0,0.0,0.0,0.0,0.0,0.0,0.0,2.0284953,6.1385126,6.4582887,0.0,0.0,0.0,0.0,0.0,0.0,0.0,0.0,0.0,0.0,0.0,3.1701586,0.0,0.0,0.0,6.976287,6.373809,3.5016768,0.0,5.193483,0.0,0.0,0.0,0.5843309,0.0,2.3146775,0.0,0.0,0.0,0.0,0.0,0.0,0.0,4.5924163,0.0,0.0,0.0,0.0,0.0,0.0,0.0,0.0,0.0,0.0,0.0,0.0,0.0,0.0,0.0,11.821224,0.0,0.0,1.8025237,0.0,0.0,7.7579756,7.0677724,0.0,1.4487246,3.0554073,6.5379596
ACH-000510,0.0,0.0,5.647782,1.6595632,0.0,3.3287728,2.4863675,0.0,5.791036,0.0,0.0,2.421923,0.0,0.0,0.0,0.0,0.0,0.0,0.0,0.0,0.0,0.0,0.0,0.0,0.0,4.93304,0.0,0.0,0.0,0.0,6.473471,2.6354957,0.0,0.0,0.0,0.0,0.0,0.0,0.0,4.1567225,0.0,0.0,0.0,0.0,0.5779122,0.0,0.0,2.3874876,0.0,0.0,0.0,0.0,0.0,0.0,0.0,0.5808821,0.0,0.0,0.0,0.0,0.0,0.0,0.0,0.0,1.4104713,6.539432,5.9547405,0.0,0.0,0.0,0.0,0.0,0.0,0.0,0.0,0.0,0.0,0.0,2.9973872,0.0,0.0,0.0,6.1486974,4.943989,3.1600387,0.0,4.6984444,0.0,0.0,0.0,0.0,0.0,2.4556909,0.0,0.0,0.0,0.0,0.0,0.0,0.0,4.496482,0.0,0.0,0.0,0.0,0.0,0.0,0.0,0.0,0.0,0.0,0.0,0.0,0.0,0.0,0.0,11.092414,0.0,0.0,0.67022973,0.0,0.0,5.6006637,5.9977326,0.0,0.93283665,2.1292448,5.294741
ACH-000516,0.0,0.0,5.6353393,3.6776197,0.0,4.6524253,3.0675457,0.0,6.1682286,0.0,0.0,3.8001146,0.0,0.0,0.0,0.0,0.0,0.0,0.0,0.0,0.0,0.0,0.0,0.0,0.0,5.5475955,0.0,0.0,0.0,0.0,8.4463005,4.6788545,0.0,0.0,0.0,0.0,0.0,0.42100897,0.0,5.1432366,0.0,0.0,0.0,0.0,1.4703802,0.0,0.0,3.892868,0.0,0.0,0.0,0.0,0.0,0.0,0.0,0.4551768,0.0,0.0,0.0,0.0,0.0,0.0,0.0,0.0,0.7396199,7.4260907,7.3624697,0.0,0.0,0.0,0.0,0.0,0.0,0.0,0.0,0.0,0.0,0.0,3.6750333,0.0,0.0,0.0,7.6836524,7.0062113,2.5520506,0.0,4.8855205,0.0,0.0,0.0,0.021122253,0.0,2.3653314,0.0,0.0,0.0,0.0,0.0,0.0,0.0,5.0860424,0.0,0.0,0.0,0.0,0.0,0.0,0.0,0.0,0.0,0.0,0.0,0.0,0.0,0.0,0.0,13.749307,0.0,0.0,2.9303405,0.0,0.0,8.534902,7.5536175,0.0,0.68972486,3.784777,6.0920634
ACH-000517,0.0,0.0,5.367759,3.1075082,0.0,4.594714,2.454562,0.0,5.788674,0.0,0.0,3.8732016,0.0,0.0,0.0,0.0,0.0,1.8466139,0.0,0.0,0.0,0.0,0.0,0.0,0.0,5.762982,0.0,0.0,0.0,0.0,8.213396,4.7021036,0.0,0.0,0.0,0.0,0.0,0.7691534,0.0,6.280085,0.0,0.0,0.0,0.0,1.4514754,0.0,0.0,3.3667328,0.0,0.0,0.0,0.0,0.0,0.0,0.0,0.0,0.0,0.0,0.0,0.0,0.0,0.0,0.0,0.0,2.3743103,6.905959,7.161989,0.0,0.0,0.0,0.0,0.0,0.0,0.0,0.0,0.0,0.0,0.0,3.7939565,0.0,0.0,0.0,6.3048854,5.7569885,3.102161,0.0,4.7672396,0.0,0.0,0.0,1.054749,0.0,2.6943347,0.0,0.0,0.0,0.0,0.0,0.0,0.0,4.121892,0.0,0.0,0.0,0.0,0.0,0.0,0.0,0.0,0.0,0.0,0.0,0.0,0.0,0.0,0.0,12.364811,0.0,0.0,0.86474586,0.0,0.0,8.056376,6.5551624,0.0,0.73230326,3.351395,5.8592143
ACH-000521,0.0,0.0,5.991328,2.7974873,0.0,4.636977,1.4987552,0.0,5.8017306,0.0,0.0,3.8920352,0.0,0.0,0.0,0.0,0.0,0.7352121,0.0,0.0,0.0,0.0,0.0,0.0,0.0,4.1762757,0.0,0.0,0.0,0.0,8.156806,4.4911375,0.0,0.0,0.0,0.0,0.0,0.0,0.0,5.9415708,0.0,0.0,0.0,0.0,2.5122159,0.0,0.0,2.8131802,0.0,0.0,0.0,0.0,0.0,0.0,0.0,0.7726034,0.0,0.0,0.0,0.0,0.0,0.0,0.0,0.0,2.4536886,5.8392158,7.1464043,0.0,0.0,0.0,0.0,0.0,0.0,0.0,0.0,0.24166788,0.0,0.0,2.6977074,0.0,0.0,0.0,7.3656983,5.292226,1.506175,0.0,4.808954,0.0,0.0,0.0,0.7938718,0.0,4.1811895,0.0,0.0,0.0,0.0,0.0,0.0,0.0,4.905968,0.0,0.0,0.0,0.0,0.0,0.0,0.0,0.0,0.0,0.0,0.0,0.0,0.0,0.0,0.9843488,12.300439,0.0,0.0,1.7835637,0.0,0.0,7.492683,6.888531,0.0,0.49209228,3.5724833,5.3035154
ACH-000524,0.0,0.0,5.443403,2.8925407,0.0,3.9824579,2.7969658,0.0,5.2854743,0.0,0.0,3.8170145,0.0,0.0,0.0,0.0,0.0,1.0210899,0.0,0.0,0.0,0.0,0.0,0.0,0.0,4.5776477,0.0,0.0,0.0,0.0,7.7224383,5.027817,0.0,0.0,0.0,0.0,0.0,0.8100347,0.0,6.210715,0.0,0.0,0.0,0.0,2.8523176,0.0,0.0,2.787079,0.0,0.0,0.0,0.0,0.0,0.0,0.0,0.0,0.0,0.0,0.0,0.0,0.0,0.0,0.0,0.0,1.9833682,6.532337,7.2181206,0.0,0.0,0.0,0.0,0.0,0.0,0.0,0.0,0.0,0.0,0.0,2.974086,0.0,0.0,0.0,6.8687186,6.0533266,2.8267505,0.0,4.8057675,0.0,0.0,0.0,0.0,0.0,3.158542,0.0,0.0,0.0,0.0,0.0,0.0,0.0,4.61473,0.0,0.0,0.0,0.0,0.0,0.0,0.0,0.0,0.0,0.0,0.0,0.0,0.0,0.0,0.0,11.493989,0.0,0.0,2.054033,0.0,0.0,7.4795775,6.556849,0.0,1.069896,3.957731,6.3572197
ACH-000527,0.0,0.0,4.8723135,2.6079385,0.0,4.681123,2.5083005,0.0,5.6646376,0.0,0.0,3.7021759,0.0,0.0,0.0,0.0,0.0,0.643786,0.0,0.0,0.0,0.0,0.0,0.0,0.0,5.5625033,0.0,0.0,0.0,0.0,7.088621,4.9721665,0.0,0.0,0.0,0.0,0.0,0.4186164,0.0,5.557788,0.0,0.0,0.0,0.0,1.5864395,0.0,0.0,3.5003238,0.0,0.0,0.0,0.0,0.0,0.0,0.0,0.0,0.0,0.0,0.0,0.0,0.0,0.0,0.0,0.0,1.2108881,6.8746085,7.195713,0.0,0.0,0.0,0.0,0.0,0.0,0.0,0.0,0.0,0.0,0.0,3.3168046,0.0,0.0,0.0,7.178513,6.5776014,3.9382184,0.0,4.613257,0.0,0.0,0.0,0.0,0.0,2.9612184,0.0,0.0,0.0,0.0,0.0,0.0,0.0,4.8063154,0.0,0.0,0.0,0.0,0.0,0.0,0.0,0.0,0.0,0.0,0.0,0.0,0.0,0.0,0.0,12.032398,0.0,0.0,2.2234159,0.0,0.0,8.083763,6.638127,0.0,1.2131716,3.3587878,5.677233
ACH-000528,0.0,0.0,5.8021584,2.635084,0.0,3.3562205,1.5691905,0.0,4.7054963,0.0,0.0,4.394986,0.0,0.0,0.0,0.0,0.0,0.0,0.0,0.0,0.0,0.0,0.0,0.0,0.0,4.5783267,0.0,0.0,0.0,0.0,7.215127,3.8274417,0.0,0.0,0.0,0.0,0.0,0.3410778,0.0,4.7520256,0.0,0.0,0.0,0.0,2.6640868,0.0,0.0,2.7830927,0.0,0.0,0.0,0.0,0.0,0.0,0.0,0.53086525,0.0,0.0,0.0,0.0,0.0,0.0,0.0,0.0,1.5663776,5.784651,6.9387393,0.0,0.0,0.0,0.0,0.0,0.0,0.0,0.0,0.0,0.0,0.0,3.3256273,0.0,0.0,0.0,7.030694,6.028693,3.2003658,0.0,4.4537396,0.0,0.0,0.0,0.26600936,0.0,2.6931455,0.0,0.0,0.0,0.0,0.0,0.0,0.0,3.2993553,0.0,0.0,0.0,0.0,0.0,0.0,0.0,0.0,0.0,0.0,0.0,0.0,0.0,0.0,0.0,10.775189,0.0,0.0,0.86682475,0.0,0.0,7.099786,6.4246545,0.0,1.3552719,2.6112807,5.7478237
ACH-000532,0.0,0.0,6.245618,2.4386466,0.0,4.384725,2.7462304,0.0,5.840108,0.0,0.0,3.190001,0.0,0.0,0.0,0.0,0.0,0.15409698,0.0,0.0,0.0,0.0,0.0,0.0,0.0,5.0908666,0.0,0.0,0.71246433,0.0,7.056902,3.8299038,0.0,0.0,0.0,0.0,0.0,0.0,0.0,5.456739,0.0,0.0,0.0,0.0,1.692297,0.0,0.0,3.2241256,0.0,0.0,0.0,0.0,0.0,0.0,0.0,0.81554806,0.0,0.0,0.8828543,0.0,0.0,0.0,0.0,0.0,1.3278239,5.874734,5.874548,0.0,0.0,0.0,0.0,0.0,0.0,0.0,0.0,0.0,0.0,0.0,3.2247007,0.0,0.0,0.0,6.552023,5.74609,2.9469328,0.0,4.456359,0.0,0.0,0.0,0.040904507,0.0,2.5971687,0.0,0.0,0.0,0.0,0.0,0.0,0.0,3.8357608,0.0,0.0,0.0,0.0,0.0,0.0,0.0,0.0,0.0,0.0,0.5665439,0.0,0.0,0.0,0.0,11.287839,0.0,0.0,1.5615033,0.0,0.0,7.6086035,6.070175,0.0,0.8285964,2.8944676,5.8332434
ACH-000535,0.0,0.0,7.2696123,2.7572348,0.0,4.720854,2.99015,0.0,6.3857913,0.0,0.0,2.524175,0.0,0.0,0.0,0.0,0.0,2.5879986,0.0,0.0,0.0,0.0,0.0,0.0,0.0,6.359362,0.0,0.0,0.0,0.0,8.457397,6.568304,0.0,0.0,0.0,0.0,0.0,1.3894693,0.0,6.2079206,0.0,0.0,0.0,0.0,1.2355407,0.0,0.0,2.8476312,0.0,0.0,0.0,0.0,0.0,0.0,0.0,0.0,0.0,0.0,0.0,0.0,0.0,0.0,0.0,0.0,2.387556,7.813523,7.3789377,0.0,0.0,0.0,0.0,0.0,0.0,0.0,0.0,0.0,0.0,0.0,3.7381206,0.0,0.0,0.0,7.710825,7.413492,2.9362135,0.0,5.8293667,0.0,0.0,0.0,0.6480266,0.0,2.575584,0.0,0.0,0.0,0.0,0.0,0.0,0.0,5.0871277,0.0,0.0,0.0,0.0,0.0,0.0,0.0,0.0,0.0,0.0,0.0,0.0,0.0,0.0,0.0,14.003493,0.0,0.0,2.7381413,0.0,0.0,8.310702,7.66708,0.0,0.88526773,3.747222,6.0249166
ACH-000537,0.0,0.0,5.8816833,4.7029924,0.0,3.2331662,2.8231256,0.0,6.1646533,0.0,0.0,4.7948666,0.0,0.0,0.0,0.0,0.0,1.9959251,0.0,0.0,0.0,0.0,0.0,0.0,0.0,4.879187,0.0,0.0,0.90170634,0.0,6.996297,5.188129,0.0,0.0,0.0,0.0,0.0,0.3073731,0.0,6.3284984,0.0,0.0,0.0,0.0,1.8141869,0.0,0.0,3.4854407,0.0,0.0,0.0,0.0,0.0,0.0,0.0,0.0,0.0,0.0,0.0,0.0,0.0,0.0,0.0,0.0,0.95038193,4.975425,7.0870824,0.0,0.0,0.0,0.0,0.0,0.0,0.0,0.0,0.0,0.0,0.0,2.7226114,0.0,0.0,0.0,6.2791276,5.5909452,4.1177135,0.0,5.1546125,0.0,0.0,0.0,1.2291406,0.0,2.5011525,0.0,0.0,0.0,0.0,0.0,0.0,0.0,3.3785212,0.0,0.0,0.0,0.0,0.0,0.0,0.0,0.0,0.0,0.0,0.0,0.0,0.0,0.0,0.10769428,12.1089945,0.0,0.0,1.3490281,0.0,0.0,6.986588,5.7959905,0.0,1.6927942,5.019972,6.636715
ACH-000542,0.0,0.0,5.4393864,2.9871395,0.0,3.933987,2.8842714,0.0,5.465957,0.0,0.0,3.535405,0.0,0.0,0.0,0.0,0.0,0.0,0.0,0.0,0.0,0.0,0.0,0.0,0.0,5.023529,0.0,0.0,0.0,0.0,7.1717815,4.674144,0.0,0.0,0.0,0.0,0.0,0.0,0.0,5.265281,0.0,0.0,0.0,0.0,1.6482744,0.0,0.0,2.712238,0.0,0.0,0.0,0.0,0.0,0.0,0.0,0.7009773,0.0,0.0,0.0,0.0,0.0,0.0,0.0,0.0,1.9802401,5.7413583,6.5937243,0.0,0.0,0.0,0.0,0.0,0.0,0.0,0.0,0.0,0.0,0.0,2.442798,0.0,0.0,0.0,5.7117677,5.669856,2.497049,0.0,4.6545315,0.0,0.0,0.0,0.04501865,0.0,2.7401707,0.0,0.0,0.0,0.0,0.0,0.0,0.0,3.863725,0.0,0.0,0.0,0.0,0.0,0.0,0.0,0.0,0.0,0.0,0.0,0.0,0.0,0.0,0.0,10.847602,0.0,0.0,2.2666988,0.0,0.0,6.689688,6.3592525,0.0,1.6923279,3.3896153,5.680548
ACH-000544,0.0,0.0,5.091684,2.9983647,0.0,4.3031573,2.291343,0.0,5.523915,0.0,0.0,3.0742447,0.0,0.0,0.0,0.0,0.0,0.0,0.0,0.0,0.0,0.0,0.0,0.0,0.0,4.3706784,0.0,0.0,0.0,0.0,5.7247252,4.3006687,0.0,0.0,0.0,0.0,0.0,0.5132082,0.0,5.0073724,0.0,0.0,0.0,0.0,1.6024951,0.0,0.0,2.2062948,0.0,0.0,0.0,0.0,0.0,0.0,0.0,0.28287902,0.0,0.0,0.0,0.0,0.0,0.0,0.0,0.0,1.5483649,6.309101,5.834423,0.0,0.0,0.0,0.0,0.0,0.0,0.0,0.0,0.0,0.0,0.0,2.836196,0.0,0.0,0.0,5.249347,5.7104635,2.1088896,0.0,4.0820317,0.0,0.0,0.0,0.4480016,0.0,2.1657178,0.0,0.0,0.0,0.0,0.0,0.0,0.0,3.8632448,0.0,0.0,0.0,0.0,0.0,0.0,0.0,0.0,0.0,0.0,0.0,0.0,0.0,0.0,0.0,10.8576765,0.0,0.0,1.8435882,0.0,0.0,6.523115,5.840012,0.0,1.2129793,2.6968114,5.0744076
ACH-000545,0.0,0.0,6.43445,2.4774446,0.0,4.8856373,3.1893418,0.0,5.8484273,0.0,0.0,3.481375,0.0,0.0,0.0,0.0,0.0,0.6620383,0.0,0.0,0.0,0.0,0.0,0.0,0.0,5.842171,0.0,0.0,0.0,0.0,7.9290843,4.152416,0.0,0.0,0.0,0.0,0.0,2.2930832,0.0,6.1525736,0.0,0.0,0.0,0.0,2.1468096,0.0,0.0,3.281064,0.0,0.0,0.0,0.0,0.0,0.0,0.0,0.0,0.0,0.0,0.0,0.0,0.0,0.0,0.0,0.0,1.2987015,7.6387506,7.2098565,0.0,0.0,0.0,0.0,0.0,0.0,0.0,0.0,0.0,0.0,0.0,4.6770906,0.0,0.0,0.0,7.217322,6.285245,2.5325727,0.0,4.926216,0.0,0.0,0.0,0.73939157,0.0,2.5291557,0.0,0.0,0.0,0.0,0.0,0.0,0.0,4.244515,0.0,0.0,0.0,0.0,0.0,0.0,0.0,0.0,0.0,0.0,0.0,0.0,0.0,0.0,0.0,12.261254,0.0,0.0,2.6074662,0.0,0.0,8.4978075,6.624374,0.0,1.0257212,3.6681468,5.546741
ACH-000549,0.0,0.0,4.715003,3.4391758,0.0,5.3025365,2.09998,0.0,5.813702,0.0,0.0,3.6115713,0.0,0.0,0.0,0.0,0.0,0.0,0.0,0.0,0.0,0.0,0.0,0.0,0.0,4.467712,0.0,0.0,0.0,0.0,7.0177402,4.2006073,0.0,0.0,0.0,0.0,0.0,2.043615,0.0,5.2440658,0.0,0.0,0.0,0.0,1.4423212,0.0,0.0,3.1236255,0.0,0.0,0.0,0.0,0.0,0.0,0.0,0.0,0.0,0.0,0.0,0.0,0.0,0.0,0.0,0.0,0.48729247,7.0288854,6.842876,0.0,0.0,0.0,0.0,0.0,0.0,0.0,0.0,0.0,0.0,0.0,2.1678393,0.0,0.0,0.0,6.993812,6.1567492,1.5735945,0.0,5.0191054,0.0,0.0,0.0,0.0,0.0,3.1314418,0.0,0.0,0.0,0.0,0.0,0.0,0.0,4.685186,0.0,0.0,0.0,0.0,0.0,0.0,0.0,0.0,0.0,0.0,0.0,0.0,0.0,0.0,0.0,11.758545,0.0,0.0,1.8979815,0.0,0.0,7.5820885,6.308947,0.0,0.526148,2.8617337,5.488961
ACH-000552,0.0,0.0,5.6483984,2.482525,0.0,3.7533228,2.6679943,0.0,6.1210093,0.0,0.0,2.9295495,0.0,0.0,0.0,0.0,0.0,0.058640786,0.0,0.0,0.0,0.0,0.0,0.0,0.0,5.215595,0.0,0.0,0.0,0.0,7.272554,3.6635385,0.0,0.0,0.0,0.0,0.0,0.0,0.0,4.974322,0.0,0.0,0.0,0.0,0.88050824,0.0,0.0,2.8751047,0.0,0.0,0.0,0.0,0.0,0.0,0.0,0.4408174,0.0,0.0,1.3824996,0.0,0.0,0.0,0.0,0.0,1.8395376,5.853043,5.3497424,0.0,0.0,0.0,0.0,0.0,0.0,0.0,0.0,0.0,0.0,0.0,3.1143744,0.0,0.0,0.0,6.9483,4.752093,2.5204144,0.0,4.054763,0.0,0.0,0.0,0.6125458,0.0,3.1362703,0.0,0.0,0.0,0.0,0.0,0.0,0.0,4.5386868,0.0,0.0,0.0,0.0,0.0,0.0,0.0,0.0,0.0,0.0,0.95344895,0.0,0.0,0.0,0.0,11.242172,0.0,0.0,0.9378397,0.0,0.0,6.2816157,6.2947135,0.0,0.5640145,2.708738,4.0876746
ACH-000553,0.0,0.0,5.449059,2.7534182,0.0,4.4311824,2.8699234,0.0,5.5648847,0.0,0.0,3.6032813,0.0,0.0,0.0,0.0,0.0,0.0,0.0,0.0,0.0,0.0,0.0,0.0,0.0,4.749529,0.0,0.0,0.011815047,0.0,7.9209166,4.1326604,0.0,0.0,0.0,0.0,0.0,0.0,0.0,6.156936,0.0,0.0,0.0,0.0,1.6718181,0.0,0.0,3.5956602,0.0,0.0,0.0,0.0,0.0,0.0,0.0,0.0,0.0,0.0,0.0,0.0,0.0,0.0,0.0,0.0,0.9059857,6.649421,6.3722396,0.0,0.0,0.0,0.0,0.0,0.0,0.0,0.0,0.0,0.0,0.0,3.2653494,0.0,0.0,0.0,6.8779564,5.43007,2.676926,0.0,4.02806,0.0,0.0,0.0,0.0,0.0,2.9217348,0.0,0.0,0.0,0.0,0.0,0.0,0.0,3.7710278,0.0,0.0,0.0,0.0,0.0,0.0,0.0,0.0,0.0,0.0,0.0,0.0,0.0,0.0,0.0,12.1661215,0.0,0.0,1.93252,0.0,0.0,7.3550935,6.852406,0.0,0.653648,3.6055787,5.463495
ACH-000558,0.0,0.0,6.452352,4.108583,0.0,4.069751,1.431468,0.0,6.4774394,0.0,0.0,2.9509046,0.0,0.0,0.0,0.0,0.0,0.0,0.0,0.0,0.0,0.0,0.0,0.0,0.0,5.3375115,0.0,0.0,0.0,0.0,7.7140512,4.1904683,0.0,0.0,0.0,0.0,0.0,1.3240533,0.0,6.7941713,0.0,0.0,0.0,0.0,2.4542227,0.0,0.0,2.7506502,0.0,0.0,0.0,0.0,0.0,0.0,0.0,0.0,0.0,0.0,0.0,0.0,0.0,0.0,0.0,0.0,1.6312153,7.41223,7.117923,0.0,0.0,0.0,0.0,0.0,0.0,0.0,0.0,0.43134615,0.0,0.0,3.2500775,0.0,0.0,0.0,6.3657694,7.5104103,3.1944137,0.0,4.397176,0.0,0.0,0.0,0.0,0.0,2.6192656,0.0,0.0,0.0,0.0,0.0,0.0,0.0,4.0770383,0.0,0.0,0.0,0.0,0.0,0.0,0.0,0.0,0.0,0.0,0.0,0.0,0.0,0.0,0.0,11.555102,0.0,0.0,2.460476,0.0,0.0,7.4187846,5.968063,0.0,1.659897,4.623599,6.3766384
ACH-000561,0.0,0.0,5.451787,2.6273856,0.0,5.044752,2.2716107,0.0,5.3144455,0.0,0.0,4.408835,0.0,0.0,0.0,0.0,0.0,0.0,0.0,0.0,0.0,0.0,0.0,0.0,0.0,4.9794507,0.0,0.0,0.0,0.0,7.520156,3.498598,0.0,0.0,0.0,0.0,0.0,0.056337044,0.0,4.827872,0.0,0.0,0.0,0.0,1.126529,0.0,0.0,2.7060375,0.0,0.0,0.0,0.0,0.0,0.0,0.0,0.32284823,0.0,0.0,0.0,0.0,0.0,0.0,0.0,0.0,1.745555,6.709987,5.838854,0.0,0.0,0.0,0.0,0.0,0.0,0.0,0.0,0.0,0.0,0.0,3.4755132,0.0,0.0,0.0,6.251911,6.5071135,2.2288558,0.0,5.116493,0.0,0.0,0.0,0.0,0.0,3.5076602,0.0,0.0,0.0,0.0,0.0,0.0,0.0,5.279251,0.0,0.0,0.0,0.0,0.0,0.0,0.0,0.0,0.0,0.0,0.0,0.0,0.0,0.0,0.0,11.856711,0.0,0.0,1.7471858,0.0,0.0,7.536533,6.6628566,0.0,1.5766082,2.7735217,4.9746995
ACH-000562,0.0,0.0,5.868478,3.7451003,0.0,5.580925,2.7076743,0.0,5.54246,0.0,0.0,4.26416,0.0,0.0,0.0,0.0,0.0,0.5737272,0.0,0.0,0.0,0.0,0.0,0.0,0.0,5.344024,0.0,0.0,0.3820335,0.0,8.581239,5.1615467,0.0,0.0,0.0,0.0,0.0,0.47826323,0.0,5.7620044,0.0,0.0,0.0,0.0,2.2174728,0.0,0.0,3.8713555,0.0,0.0,0.0,0.0,0.0,0.0,0.0,0.0,0.0,0.0,0.0,0.0,0.0,0.0,0.0,0.0,0.25451854,6.5936694,6.8378897,0.0,0.0,0.0,0.0,0.0,0.0,0.0,0.0,0.0,0.0,0.0,2.785097,0.0,0.0,0.0,7.270429,6.480511,2.269924,0.0,4.563279,0.0,0.0,0.0,0.06924335,0.0,3.3531268,0.0,0.0,0.0,0.0,0.0,0.0,0.0,4.5899544,0.0,0.0,0.0,0.0,0.0,0.0,0.0,0.0,0.0,0.0,0.0,0.0,0.0,0.0,0.0,13.039691,0.0,0.0,1.5060728,0.0,0.0,8.578811,7.1851754,0.0,0.16244806,3.379197,5.6098185
ACH-000563,0.0,0.0,5.4692116,2.4107368,0.0,4.2398887,2.851981,0.0,5.4794397,0.0,0.0,3.6892378,0.0,0.0,0.0,0.0,0.0,0.0,0.0,0.0,0.0,0.0,0.0,0.0,0.0,5.305429,0.0,0.0,0.0,0.0,7.930189,4.825778,0.0,0.0,0.0,0.0,0.0,0.0,0.0,5.6498504,0.0,0.0,0.0,0.0,1.6485466,0.0,0.0,3.2828968,0.0,0.0,0.0,0.0,0.0,0.0,0.0,0.0,0.0,0.0,0.0,0.0,0.0,0.0,0.0,0.0,0.9209642,6.5471916,6.247978,0.0,0.0,0.0,0.0,0.0,0.0,0.0,0.0,0.0,0.0,0.0,2.9303613,0.0,0.0,0.0,6.5501976,5.1828766,3.3411665,0.0,4.6308665,0.0,0.0,0.0,0.57812583,0.0,3.1288745,0.0,0.0,0.0,0.0,0.0,0.0,0.0,4.624428,0.0,0.0,0.0,0.0,0.0,0.0,0.0,0.0,0.0,0.0,0.0,0.0,0.0,0.0,0.0,12.010074,0.0,0.0,1.7747692,0.0,0.0,6.9607067,6.738154,0.0,0.94664526,3.1343849,5.0859246
ACH-000565,0.0,0.0,5.581654,2.3018134,0.0,3.9584382,2.8711417,0.0,5.869773,0.0,0.0,3.5257266,0.0,0.0,0.0,0.0,0.0,0.0,0.0,0.0,0.0,0.0,0.0,0.0,0.0,5.441217,0.0,0.0,0.53240657,0.0,7.31929,4.4966784,0.0,0.0,0.0,0.0,0.0,0.0,0.0,5.576222,0.0,0.0,0.0,0.0,2.0739071,0.0,0.0,2.3686962,0.0,0.0,0.0,0.0,0.0,0.0,0.0,0.40725031,0.0,0.0,0.13346316,0.0,0.0,0.0,0.0,0.0,1.1757677,6.646285,6.6095934,0.0,0.0,0.0,0.0,0.0,0.0,0.0,0.0,0.0,0.0,0.0,2.7768428,0.0,0.0,0.0,6.2693295,5.3654766,3.144991,0.0,4.0416546,0.0,0.0,0.0,0.0,0.0,2.9833953,0.0,0.0,0.0,0.0,0.0,0.0,0.0,5.01311,0.0,0.0,0.0,0.0,0.0,0.0,0.0,0.0,0.0,0.0,0.0,0.0,0.0,0.0,0.0,11.896685,0.0,0.0,1.3351886,0.0,0.0,6.9156046,6.5617337,0.0,0.98571944,3.322944,5.26975
ACH-000566,0.0,0.0,5.249263,3.175215,0.0,5.326768,2.0483983,0.0,5.786801,0.0,0.0,4.381436,0.0,0.0,0.0,0.0,0.0,0.0,0.0,0.0,0.0,0.0,0.0,0.0,0.0,5.404733,0.0,0.0,0.48804224,0.0,7.9132905,3.6337261,0.0,0.0,0.0,0.0,0.0,0.32117623,0.0,6.270549,0.0,0.0,0.0,0.0,1.8662704,0.0,0.0,3.6898694,0.0,0.0,0.0,0.0,0.0,0.0,0.0,0.0,0.0,0.0,0.0,0.0,0.0,0.0,0.0,0.0,1.025123,6.408118,7.166889,0.0,0.0,0.0,0.0,0.0,0.0,0.0,0.0,0.0,0.0,0.0,3.280178,0.0,0.0,0.0,7.6456027,5.704117,2.4890049,0.0,4.9462986,0.0,0.0,0.0,0.027801087,0.0,3.805825,0.0,0.0,0.0,0.0,0.0,0.0,0.0,4.7159805,0.0,0.0,0.0,0.0,0.0,0.0,0.0,0.0,0.0,0.0,0.0,0.0,0.0,0.0,0.4504573,12.753192,0.0,0.0,1.5634363,0.0,0.0,7.670505,6.904591,0.0,1.7658459,3.2347224,5.8251743
ACH-000569,0.0,0.0,4.9211617,3.5998282,0.0,4.997679,1.1058459,0.0,5.2262425,0.0,0.0,4.765472,0.0,0.0,0.0,0.0,0.0,0.0,0.0,0.0,0.0,0.0,0.0,0.0,0.0,4.408661,0.0,0.0,0.0,0.0,8.692603,4.577534,0.0,0.0,0.0,0.0,0.0,0.7802828,0.0,5.6039944,0.0,0.0,0.0,0.0,1.7505244,0.0,0.0,2.875119,0.0,0.0,0.0,0.0,0.0,0.0,0.0,0.7370267,0.0,0.0,0.0,0.0,0.0,0.0,0.0,0.0,1.4945335,6.6270185,6.100302,0.0,0.0,0.0,0.0,0.0,0.0,0.0,0.0,0.0,0.0,0.0,2.320741,0.0,0.0,0.0,6.872988,5.3859477,3.536822,0.0,4.883136,0.0,0.0,0.0,0.0,0.0,3.7355819,0.0,0.0,0.0,0.0,0.0,0.0,0.0,5.4983945,0.0,0.0,0.0,0.0,0.0,0.0,0.0,0.0,0.0,0.0,0.0,0.0,0.0,0.0,0.0,11.982621,0.0,0.0,1.4762803,0.0,0.0,5.972379,6.796231,0.0,2.399642,2.233005,5.9091287
ACH-000570,0.0,0.0,6.0305996,3.3483982,0.0,5.044096,1.9678314,0.0,4.802626,0.0,0.0,4.0509787,0.0,0.0,0.0,0.0,0.0,0.0,0.0,0.0,0.0,0.0,0.0,0.0,0.0,5.316539,0.0,0.0,0.0,0.0,8.191222,4.3975506,0.0,0.0,0.0,0.0,0.0,0.0,0.0,6.2820654,0.0,0.0,0.0,0.0,1.2614264,0.0,0.0,3.4753895,0.0,0.0,0.0,0.0,0.0,0.0,0.0,0.0,0.0,0.0,0.0,0.0,0.0,0.0,0.0,0.0,1.2150452,7.1678452,7.0804896,0.0,0.0,0.0,0.0,0.0,0.0,0.0,0.0,0.0,0.0,0.0,3.2342734,0.0,0.0,0.0,7.195516,6.4957356,3.15285,0.0,6.042296,0.0,0.0,0.0,0.0,0.0,3.2019918,0.0,0.0,0.0,0.0,0.0,0.0,0.0,4.8980064,0.0,0.0,0.0,0.0,0.0,0.0,0.0,0.0,0.0,0.0,0.0,0.0,0.0,0.0,0.0,13.444739,0.0,0.0,1.9569408,0.0,0.0,7.239345,7.547486,0.0,1.4605104,2.7875304,6.015843
ACH-000571,0.0,0.0,5.732023,3.2867103,0.0,5.20154,1.1608174,0.0,6.2647176,0.0,0.0,3.9761913,0.0,0.0,0.0,0.0,0.0,0.0,0.0,0.0,0.0,0.0,0.0,0.0,0.0,5.5500913,0.0,0.0,0.0,0.0,8.4143305,4.716776,0.0,0.0,0.0,0.0,0.0,0.0,0.0,6.5409403,0.0,0.0,0.0,0.0,1.1604115,0.0,0.0,3.2621975,0.0,0.0,0.0,0.0,0.0,0.0,0.0,0.0,0.0,0.0,0.0,0.0,0.0,0.0,0.0,0.0,0.8844752,7.2813187,6.0467644,0.0,0.0,0.0,0.0,0.0,0.0,0.0,0.0,0.00029571727,0.0,0.0,2.8943818,0.0,0.0,0.0,6.9032555,6.660163,1.7315676,0.0,4.464059,0.0,0.0,0.0,0.0012233611,0.0,3.3051705,0.0,0.0,0.0,0.0,0.0,0.0,0.0,5.409569,0.0,0.0,0.0,0.0,0.0,0.0,0.0,0.0,0.0,0.0,0.0,0.0,0.0,0.0,0.0,12.814434,0.0,0.0,1.8005929,0.0,0.0,7.0663805,6.8872323,0.0,1.3457698,3.2214777,6.2304335
ACH-000572,0.0,0.0,5.560446,2.6629639,0.0,3.6584551,2.1662366,0.0,4.3662133,0.0,0.0,3.094578,0.0,0.0,0.0,0.0,0.0,0.0,0.0,0.0,0.0,0.0,0.0,0.0,0.0,4.632735,0.0,0.0,0.0,0.0,7.649471,4.8631964,0.0,0.0,0.0,0.0,0.0,0.0,0.0,5.258237,0.0,0.0,0.0,0.0,1.9186107,0.0,0.0,3.0395246,0.0,0.0,0.0,0.0,0.0,0.0,0.0,0.7154084,0.0,0.0,0.0,0.0,0.0,0.0,0.0,0.0,1.9721642,5.1352925,6.7423816,0.0,0.0,0.0,0.0,0.0,0.0,0.0,0.0,0.0,0.0,0.0,2.7710328,0.0,0.0,0.0,6.244977,5.5499077,4.016623,0.0,4.0841985,0.0,0.0,0.0,0.0,0.0,2.9209006,0.0,0.0,0.0,0.0,0.0,0.0,0.0,3.8887403,0.0,0.0,0.0,0.0,0.0,0.0,0.0,0.0,0.0,0.10984364,0.0,0.0,0.0,0.0,0.96960455,11.100404,0.0,0.0,1.847961,0.0,0.0,6.743856,6.966964,0.0,1.3173627,3.5226882,5.5058384
ACH-000573,0.0,0.0,5.866976,3.1739693,0.0,4.891161,1.7613994,0.0,6.0314813,0.0,0.0,3.1982162,0.0,0.0,0.0,0.0,0.0,0.0,0.0,0.0,0.0,0.0,0.0,0.0,0.0,5.9717526,0.0,0.0,0.0,0.0,7.359644,3.2646015,0.0,0.0,0.0,0.0,0.0,0.0,0.0,5.582743,0.0,0.0,0.0,0.0,1.1005253,0.0,0.0,2.8999944,0.0,0.0,0.0,0.0,0.0,0.0,0.0,0.48832837,0.0,0.0,0.0,0.0,0.0,0.0,0.0,0.0,2.3631723,7.549501,6.68452,0.0,0.0,0.0,0.0,0.0,0.0,0.0,0.0,0.0,0.0,0.0,3.7327335,0.0,0.0,0.0,6.2272,6.3428392,2.150529,0.0,4.8249216,0.0,0.0,0.0,0.9261517,0.0,3.6006024,0.0,0.0,0.0,0.0,0.0,0.0,0.0,5.1872926,0.0,0.0,0.0,0.0,0.0,0.0,0.0,0.0,0.0,0.0,0.0,0.0,0.0,0.0,0.0,12.928468,0.0,0.0,2.0929446,0.0,0.0,8.353283,7.403314,0.0,2.3055785,2.950213,5.455174
ACH-000579,0.0,0.0,5.805625,2.7176294,0.0,3.9447281,2.2568934,0.0,5.403519,0.0,0.0,3.7082903,0.0,0.0,0.0,0.0,0.0,0.0,0.0,0.0,0.0,0.0,0.0,0.0,0.0,5.443852,0.0,0.0,0.0,0.0,8.2559595,4.724699,0.0,0.0,0.0,0.0,0.0,0.9373848,0.0,5.8471637,0.0,0.0,0.0,0.0,0.90222985,0.0,0.0,2.4372296,0.45143092,0.0,0.0,0.0,0.0,0.0,0.0,0.64492756,0.0,0.0,0.0,0.0,0.0,0.0,0.0,0.0,1.7480388,5.4726744,5.935616,0.0,0.0,0.0,0.0,0.0,0.0,0.0,0.0,0.0,0.0,0.0,2.914878,0.0,0.0,0.0,6.760754,5.820056,4.197877,0.0,4.761441,0.0,0.0,0.0,0.0,0.0,2.7331588,0.0,0.0,0.0,0.0,0.0,0.0,0.0,4.172583,0.0,0.0,0.0,0.0,0.0,0.0,0.0,0.0,0.0,0.0,0.0,0.0,0.0,0.0,0.0,11.357602,0.0,0.0,1.5236512,0.0,0.0,6.7923427,7.5820594,0.0,1.9944129,3.137627,5.6771803
ACH-000582,0.0,0.0,4.6170053,2.53707,0.0,3.591974,1.649685,0.0,4.990644,0.0,0.0,3.3720107,0.0,0.0,0.0,0.0,0.0,0.0,0.0,0.0,0.0,0.0,0.0,0.0,0.0,5.5962586,0.0,0.0,0.0,0.0,7.6068654,4.9961834,0.0,0.0,0.0,0.0,0.0,0.2012992,0.0,5.1513066,0.0,0.0,0.0,0.0,1.2819816,0.0,0.0,3.6356187,0.3803872,0.0,0.0,0.0,0.0,0.0,0.0,0.59065866,0.0,0.0,0.0,0.0,0.0,0.0,0.0,0.0,1.8508793,5.3791175,6.2715845,0.0,0.0,0.0,0.0,0.0,0.0,0.0,0.0,0.0,0.0,0.0,2.2336273,0.0,0.0,0.0,6.0655246,4.633031,4.0307407,0.0,3.9497995,0.0,0.0,0.0,0.0,0.0,2.8606775,0.0,0.0,0.0,0.0,0.0,0.0,0.0,3.7184794,0.0,0.0,0.0,0.0,0.0,0.0,0.0,0.0,0.0,0.0,0.0,0.0,0.0,0.0,0.37999418,10.368806,0.0,0.0,2.1052644,0.0,0.0,6.187857,6.3104944,0.0,1.3121158,3.3207757,5.3041396
ACH-000587,0.0,0.0,5.337043,3.2076292,0.0,5.8800964,1.8482138,0.0,4.7198954,0.0,0.0,4.8983846,0.0,0.0,0.0,0.0,0.0,0.0,0.0,0.0,0.0,0.0,0.0,0.0,0.0,4.98021,0.0,0.0,0.0,0.0,7.9964046,5.1146193,0.0,0.0,0.0,0.0,0.0,0.083703965,0.0,6.4291053,0.0,0.0,0.0,0.0,2.459701,0.0,0.0,3.4397058,0.0,0.0,0.0,0.0,0.0,0.0,0.0,0.0,0.0,0.0,0.0,0.0,0.0,0.0,0.0,0.0,0.7207666,6.485571,7.23845,0.0,0.0,0.0,0.0,0.0,0.0,0.0,0.0,0.0,0.0,0.0,2.912243,0.0,0.0,0.0,8.239197,4.9693303,2.3146472,0.0,5.3486023,0.0,0.0,0.0,0.0,0.0,4.4459467,0.0,0.0,0.0,0.0,0.0,0.0,0.0,4.680156,0.0,0.0,0.0,0.0,0.0,0.0,0.0,0.0,0.0,0.0,0.0,0.0,0.0,0.0,0.0,13.619334,0.0,0.0,2.0698032,0.0,0.0,8.464045,7.449415,0.0,0.7604557,3.4719508,6.0215673
ACH-000589,0.0,0.0,4.7989874,3.0247514,0.0,5.0568204,1.466962,0.0,5.063564,0.0,0.0,4.3777122,0.0,0.0,0.0,0.0,0.0,0.0,0.0,0.0,0.0,0.0,0.0,0.0,0.0,5.1548753,0.0,0.0,0.0,0.0,7.651014,4.5773315,0.0,0.0,0.0,0.0,0.0,1.0694758,0.0,4.87894,0.0,0.0,0.0,0.0,1.5955243,0.0,0.0,3.0941007,0.0,0.0,0.0,0.0,0.0,0.0,0.0,0.0,0.0,0.0,0.0,0.0,0.0,0.0,0.0,0.0,1.00299,6.4950194,5.216273,0.0,0.0,0.0,0.0,0.0,0.0,0.0,0.0,0.0,0.0,0.0,2.8753898,0.0,0.0,0.0,7.8540835,6.369236,2.011044,0.0,5.7444153,0.0,0.0,0.0,0.0,0.0,3.5262754,0.0,0.0,0.0,0.0,0.0,0.0,0.0,5.2867465,0.0,0.0,0.0,0.0,0.0,0.0,0.0,0.0,0.0,0.0,0.0,0.0,0.0,0.0,0.0,13.314717,0.0,0.0,1.302483,0.0,0.0,7.5081,6.692886,0.0,1.1163028,3.056497,6.3062997
ACH-000592,0.0,0.0,4.9748735,3.635582,0.0,4.6569686,2.8814688,0.0,5.3126245,0.0,0.0,3.7507489,0.0,0.0,0.0,0.0,0.0,0.0,0.0,0.0,0.0,0.0,0.0,0.0,0.0,5.032149,0.0,0.0,0.0,0.0,7.3877635,4.5637126,0.0,0.0,0.0,0.0,0.0,0.0,0.0,6.0540204,0.0,0.0,0.0,0.0,1.6657796,0.0,0.0,3.1881847,0.0,0.0,0.0,0.0,0.0,0.0,0.0,0.015187068,0.0,0.0,0.0,0.0,0.0,0.0,0.0,0.0,1.9462643,6.7920756,6.830427,0.0,0.0,0.0,0.0,0.0,0.0,0.0,0.0,0.0,0.0,0.0,3.693856,0.0,0.0,0.0,5.966516,6.772854,3.544436,0.0,4.062853,0.0,0.0,0.0,0.0,0.0,2.920371,0.0,0.0,0.0,0.0,0.0,0.0,0.0,5.0130897,0.0,0.0,0.0,0.0,0.0,0.0,0.0,0.0,0.0,0.0,0.0,0.0,0.0,0.0,0.01766502,12.977321,0.0,0.0,2.33517,0.0,0.0,8.415576,6.6403084,0.0,1.8446107,2.8497336,6.364454
ACH-000593,0.0,0.0,5.205866,2.6672678,0.0,4.835037,2.300004,0.0,6.539911,0.0,0.0,3.0509775,0.0,0.0,0.0,0.0,0.0,0.0,0.0,0.0,0.0,0.0,0.0,0.0,0.0,5.6207247,0.0,0.0,0.0,0.0,8.045674,4.4115167,0.0,0.0,0.0,0.0,0.0,0.0,0.0,6.6635966,0.0,0.0,0.0,0.0,1.7936153,0.0,0.0,2.7732809,0.0,0.0,0.0,0.0,0.0,0.0,0.0,0.1174777,0.0,0.0,0.0,0.0,0.0,0.0,0.0,0.0,2.0244544,7.5699573,7.2370834,0.0,0.0,0.0,0.0,0.0,0.0,0.0,0.0,0.0,0.0,0.0,3.6778305,0.0,0.0,0.0,6.503721,7.6807866,3.1279757,0.0,4.672943,0.0,0.0,0.0,0.53001565,0.0,2.1877546,0.0,0.0,0.0,0.0,0.0,0.0,0.0,5.2736917,0.0,0.0,0.0,0.0,0.0,0.0,0.0,0.0,0.0,0.0,0.0,0.0,0.0,0.0,0.0,12.550044,0.0,0.0,3.1318352,0.0,0.0,7.3857455,6.5789676,0.0,2.178856,3.3062513,5.4993806
ACH-000595,0.0,0.0,5.8393154,3.511747,0.0,3.7930434,2.626499,0.0,5.5754066,0.0,0.0,3.791159,0.0,0.0,0.0,0.0,0.0,0.0,0.0,0.0,0.0,0.0,0.0,0.0,0.0,4.769347,0.0,0.0,0.0,0.0,8.741313,5.0660057,0.0,0.0,0.0,0.0,0.0,0.781434,0.0,6.6674066,0.0,0.0,0.0,0.0,1.9139756,0.0,0.0,3.346505,0.0,0.0,0.0,0.0,0.0,0.0,0.0,0.0,0.0,0.0,0.0,0.0,0.0,0.0,0.0,0.0,1.9125057,6.119904,6.9572,0.0,0.0,0.0,0.0,0.0,0.0,0.0,0.0,0.0,0.0,0.0,3.547283,0.0,0.0,0.0,7.180616,6.7399573,2.506014,0.0,4.127627,0.0,0.0,0.0,0.41674742,0.0,2.6949437,0.0,0.0,0.0,0.0,0.0,0.0,0.0,3.2372315,0.0,0.0,0.0,0.0,0.0,0.0,0.0,0.0,0.0,0.0,0.0,0.0,0.0,0.0,0.0,12.172652,0.0,0.0,2.0548782,0.0,0.0,7.4318066,7.1743426,0.0,0.9766633,3.6072657,5.30946
ACH-000599,0.0,0.0,7.0380993,2.0497425,0.0,4.8356705,2.9301708,0.0,4.527921,0.0,0.0,2.7604768,0.0,0.0,0.0,0.0,0.0,0.0,0.0,0.0,0.0,0.0,0.0,0.0,0.0,4.2509537,0.0,0.0,0.0,0.0,7.461506,4.551394,0.0,0.0,0.0,0.0,0.0,0.0018712715,0.0,4.6528916,0.0,0.0,0.0,0.0,1.3999916,0.0,0.0,1.6260271,0.0,0.0,0.0,0.0,0.0,0.0,0.0,0.2265486,0.0,0.0,0.0,0.0,0.0,0.0,0.0,0.0,1.4132532,6.198145,5.544206,0.0,0.0,0.0,0.0,0.0,0.0,0.0,0.0,0.0,0.0,0.0,2.4535182,0.0,0.0,0.0,6.9150434,5.8287573,1.5763111,0.0,4.215621,0.0,0.0,0.0,0.0,0.0,3.6641595,0.0,0.0,0.0,0.0,0.0,0.0,0.0,3.6101658,0.0,0.0,0.0,0.0,0.0,0.0,0.0,0.0,0.0,0.0,0.0,0.0,0.0,0.0,0.0,11.365039,0.0,0.0,1.6541063,0.0,0.0,6.0158396,6.067441,0.0,1.6279414,2.1637232,3.217598
ACH-000601,0.0,0.0,5.028157,2.7435763,0.0,4.0059056,3.0892274,0.0,4.7334747,0.0,0.0,3.4081876,0.0,0.0,0.0,0.0,0.0,0.24581923,0.0,0.0,0.0,0.0,0.0,0.0,0.0,3.9432309,0.0,0.0,0.0,0.0,7.7927694,2.895935,0.0,0.0,0.0,0.0,0.0,0.0,0.6486331,5.3760104,0.0,0.0,0.0,0.0,1.1992389,0.0,0.0,3.1269221,0.0,0.0,0.0,0.0,0.0,0.0,0.0,0.051691577,0.0,0.0,0.0,0.0,0.0,0.0,0.0,0.0,0.84811723,4.7383084,6.4628735,0.0,0.0,0.0,0.0,0.0,0.0,0.0,0.0,0.0,0.0,0.0,2.753032,0.0,0.0,0.0,5.6556487,4.0748715,2.2914696,0.0,4.435762,0.0,0.0,0.0,0.0,0.0,3.4466221,0.0,0.0,0.0,0.0,0.0,0.0,0.0,4.1859684,0.0,0.0,0.0,0.0,0.0,0.0,0.0,0.0,0.0,0.0,0.91095835,0.0,0.0,0.0,0.0,9.565486,0.0,0.0,1.5695976,0.0,0.0,6.615289,6.0138717,0.0,0.90606105,2.705994,5.7792077
ACH-000603,0.0,0.0,4.8088818,3.826571,0.0,4.3167405,1.4668405,0.0,5.495789,0.0,0.0,3.7455194,0.0,0.0,0.0,0.0,0.0,0.0,0.0,0.0,0.0,0.0,0.0,0.0,0.0,5.397185,0.0,0.0,0.0,0.0,5.8632936,2.9720478,0.0,0.0,0.0,0.0,0.0,0.55031943,0.16650076,4.7162604,0.0,0.0,0.0,0.0,1.6595333,0.0,0.0,3.5418468,0.0,0.0,0.0,0.0,0.0,0.0,0.0,0.0,0.0,0.0,0.23193383,0.0,0.0,0.0,0.0,0.0,2.806187,6.070434,5.5786104,0.0,0.0,0.0,0.0,0.0,0.0,0.0,0.0,0.0,0.0,0.0,2.9421544,0.0,0.0,0.0,4.87252,7.1312623,2.7601554,0.0,3.6721153,0.0,0.0,0.0,0.0,0.0,2.51205,0.0,0.0,0.0,0.0,0.0,0.0,0.0,4.0975885,0.0,0.0,0.0,0.0,0.0,0.0,0.0,0.0,0.0,0.0,0.0,0.0,0.0,0.0,0.0,10.866091,0.0,0.0,2.1637902,0.0,0.0,6.457512,5.1918206,0.0,2.0778716,3.0184042,4.6711273
ACH-000605,0.0,0.0,5.9379444,2.9100025,0.0,5.552724,2.0654294,0.0,5.8188353,0.0,0.0,3.6076248,0.0,0.0,0.0,0.0,0.0,0.0,0.0,0.0,0.0,0.0,0.0,0.0,0.0,4.9982767,0.0,0.0,0.0,0.0,7.096723,3.5044515,0.0,0.0,0.0,0.0,0.0,0.0,0.0,5.4198756,0.0,0.0,0.0,0.0,1.5538663,0.0,0.0,3.4487967,0.0,0.0,0.0,0.0,0.0,0.0,0.0,0.14066963,0.0,0.0,0.0,0.24126604,0.0,0.0,0.0,0.0,1.9316802,7.206404,6.2630486,0.0,0.0,0.0,0.0,0.0,0.0,0.0,0.0,0.0,0.0,0.0,3.558592,0.0,0.0,0.0,5.3129125,7.2222404,2.4866362,0.0,5.439657,0.0,0.0,0.0,0.0,0.0,2.3272219,0.0,0.0,0.0,0.0,0.0,0.0,0.0,5.213967,0.0,0.0,0.0,0.0,0.0,0.0,0.0,0.0,0.0,0.0,0.0,0.0,0.0,0.0,0.0,12.200089,0.0,0.0,1.5558692,0.0,0.0,7.84775,6.8169084,0.0,1.349496,2.8366034,6.512873
ACH-000609,0.0,0.0,5.1609516,3.1197317,0.0,5.5717397,2.3902557,0.0,5.928807,0.0,0.0,4.8265657,0.0,0.0,0.0,0.0,0.0,0.0,0.0,0.0,0.0,0.0,0.0,0.0,0.0,5.1143327,0.0,0.0,0.0,0.0,8.757891,3.749548,0.0,0.0,0.0,0.0,0.0,0.0,0.0,6.282911,0.0,0.0,0.0,0.0,1.6421391,0.0,0.0,3.2713463,0.0,0.0,0.0,0.0,0.0,0.0,0.0,0.0,0.0,0.0,0.0,0.0,0.0,0.0,0.0,0.0,1.5065243,7.047666,6.161369,0.0,0.0,0.0,0.0,0.0,0.0,0.0,0.0,0.0,0.0,0.0,2.4805222,0.0,0.0,0.0,7.6205225,5.3991423,1.4264717,0.0,5.436269,0.0,0.0,0.0,0.0,0.0,4.6577945,0.0,0.0,0.0,0.0,0.0,0.0,0.0,5.2986937,0.0,0.0,0.0,0.0,0.0,0.0,0.0,0.0,0.0,0.0,0.0,0.0,0.0,0.0,0.0,13.375885,0.0,0.0,0.8564742,0.0,0.0,6.67057,7.1569843,0.0,0.9656031,2.7600398,5.9168944
ACH-000613,0.0,0.0,4.6050177,2.54775,0.0,4.107589,1.9354992,0.0,5.8499074,0.0,0.0,3.9095604,0.0,0.0,0.0,0.0,0.0,0.0,0.0,0.0,0.0,0.0,0.0,0.0,0.0,5.0159726,0.0,0.0,0.0,0.0,6.5422945,3.968785,0.0,0.0,0.0,0.0,0.0,0.19516762,0.0,6.0223002,0.0,0.0,0.0,0.0,1.4851086,0.0,0.0,2.9572444,0.0,0.0,0.0,0.0,0.0,0.0,0.0,0.55776507,0.0,0.0,0.0,0.0,0.0,0.0,0.0,0.0,1.4631737,6.547155,5.70903,0.0,0.0,0.0,0.0,0.0,0.0,0.0,0.0,0.0,0.0,0.0,2.6814377,0.0,0.0,0.0,6.499596,5.388717,3.1680443,0.0,4.4337587,0.0,0.0,0.0,0.0,0.0,2.2462265,0.0,0.0,0.0,0.0,0.0,0.0,0.0,5.38784,0.0,0.0,0.0,0.0,0.0,0.0,0.0,0.0,0.0,0.0,0.0,0.0,0.0,0.0,0.0,12.002042,0.0,0.0,1.3402795,0.0,0.0,7.512259,6.8521104,0.0,1.7458981,2.9021733,5.802207
ACH-000614,0.0,0.0,5.166669,3.175317,0.0,4.6193867,2.2891455,0.0,4.1912165,0.0,0.0,3.3786561,0.0,0.0,0.0,0.0,0.0,0.0,0.0,0.0,0.0,0.0,0.0,0.0,0.0,5.3880925,0.0,0.0,0.0,0.0,8.416571,4.951335,0.0,0.0,0.0,0.0,0.0,0.0,0.0,6.492192,0.0,0.0,0.0,0.0,1.2796007,0.0,0.0,2.9531446,0.0,0.0,0.0,0.0,0.0,0.0,0.0,0.34867576,0.0,0.0,0.0,0.0,0.0,0.0,0.0,0.0,0.8675258,6.0371275,6.0197716,0.0,0.0,0.0,0.0,0.0,0.0,0.0,0.0,0.0,0.0,0.0,2.8838322,0.0,0.0,0.0,6.6779876,5.1243534,3.229923,0.0,3.85821,0.0,0.0,0.0,0.0,0.0,2.7849815,0.0,0.0,0.0,0.0,0.0,0.0,0.0,4.507347,0.0,0.0,0.0,0.0,0.0,0.0,0.0,0.0,0.0,0.41854697,0.0,0.0,0.0,0.0,0.0,12.0277605,0.0,0.0,1.4022375,0.0,0.0,6.488613,6.9676976,0.0,1.4640142,2.8273969,5.4954524
ACH-000618,0.0,0.0,4.7480145,3.3618178,0.0,5.7574105,2.3162715,0.0,5.703086,0.0,0.0,4.6818023,0.0,0.0,0.0,0.0,0.0,0.0,0.0,0.0,0.0,0.0,0.0,0.0,0.0,5.4787908,0.0,0.0,0.0,0.0,8.448532,3.943056,0.0,0.0,0.0,0.0,0.0,0.33597144,0.0,5.60469,0.0,0.0,0.0,0.0,2.024526,0.0,0.0,3.5380638,0.0,0.0,0.0,0.0,0.0,0.0,0.0,0.0,0.0,0.0,0.0,0.0,0.0,0.0,0.0,0.0,0.27408493,6.4935555,6.5628786,0.0,0.0,0.0,0.0,0.0,0.0,0.0,0.0,0.0,0.0,0.0,2.739939,0.0,0.0,0.0,7.440167,6.474763,2.4556885,0.0,5.644907,0.0,0.0,0.0,0.0,0.0,2.7107902,0.0,0.0,0.0,0.0,0.0,0.0,0.0,4.9887238,0.0,0.0,0.0,0.0,0.0,0.0,0.0,0.0,0.0,0.0,0.0,0.0,0.0,0.0,0.0,13.154462,0.0,0.0,1.4191575,0.0,0.0,7.910332,6.552915,0.0,1.1697408,2.5163682,6.2015357
ACH-000619,0.0,0.0,5.4518433,2.927425,0.0,5.1485777,2.2357898,0.0,6.2071767,0.0,0.0,3.9057457,0.0,0.0,0.0,0.0,0.0,0.0,0.0,0.0,0.0,0.0,0.0,0.0,0.0,5.386645,0.0,0.0,0.0,0.0,7.520419,3.9601293,0.0,0.0,0.0,0.0,0.0,0.50718224,0.0,5.587984,0.0,0.0,0.0,0.0,2.1239805,0.0,0.0,2.6046085,0.0,0.0,0.0,0.0,0.0,0.0,0.0,0.0,0.0,0.0,0.0,0.0,0.0,0.0,0.0,0.0,1.0798463,7.3607497,6.0351686,0.0,0.0,0.0,0.0,0.0,0.0,0.0,0.0,0.0,0.0,0.0,3.5204794,0.0,0.0,0.0,7.447763,5.9430265,1.8322624,0.0,4.991223,0.0,0.0,0.0,0.0,0.0,3.520857,0.0,0.0,0.0,0.0,0.0,0.0,0.0,4.705243,0.0,0.0,0.0,0.0,0.0,0.0,0.0,0.0,0.0,0.0,0.0,0.0,0.0,0.0,0.0,12.816706,0.0,0.0,2.0049362,0.0,0.0,8.051921,6.5822787,0.0,0.56225574,3.2077801,5.068949
ACH-000620,0.0,0.0,6.492993,3.239756,0.0,4.679874,2.04505,0.0,5.4018855,0.0,0.0,3.595714,0.0,0.0,0.0,0.0,0.0,0.0,0.0,0.0,0.0,0.0,0.0,0.0,0.0,3.949896,0.0,0.0,0.0,0.0,7.76688,4.286612,0.0,0.0,0.0,0.0,0.0,0.0,0.0,6.145594,0.0,0.0,0.0,0.0,1.5317184,0.0,0.0,3.3685064,0.0,0.0,0.0,0.0,0.0,0.0,0.0,0.0,0.0,0.0,0.0,0.0,0.0,0.0,0.0,0.0,0.81564575,6.6078076,5.672117,0.0,0.0,0.0,0.0,0.0,0.0,0.0,0.0,0.0,0.0,0.0,3.6676257,0.0,0.0,0.0,6.946772,6.747946,3.6198566,0.0,5.7761955,0.0,0.0,0.0,0.5932153,0.0,2.693344,0.0,0.0,0.0,0.0,0.0,0.0,0.0,4.4299355,0.0,0.0,0.0,0.0,0.0,0.0,0.0,0.0,0.0,0.0,0.0,0.0,0.0,0.0,0.0,11.83253,0.0,0.0,1.6996973,0.0,0.0,8.212317,7.198272,0.0,1.6874415,3.265114,5.7816567
ACH-000622,0.0,0.0,5.852997,3.246577,0.0,5.2932453,2.8508415,0.0,5.018234,0.0,0.0,3.7088578,0.0,0.0,0.0,0.0,0.0,0.5947098,0.0,0.0,0.0,0.0,0.0,0.0,0.0,3.6817043,0.0,0.0,0.0,0.0,7.53506,4.1676016,0.0,0.0,0.0,0.0,0.0,0.7585022,0.0,5.2171035,0.0,0.0,0.0,0.0,0.96236306,0.0,0.0,3.1937778,0.0,0.0,0.0,0.0,0.0,0.0,0.0,0.0,0.0,0.0,0.0,0.20619023,0.0,0.0,0.0,0.0,1.4086885,5.4206233,5.154274,0.0,0.0,0.0,0.0,0.0,0.0,0.0,0.0,0.9716655,0.0,0.0,2.5610244,0.0,0.0,0.0,5.4290595,7.2136097,3.0046744,0.0,4.4824133,0.0,0.0,0.0,0.49229047,0.0,3.1931999,0.0,0.0,0.0,0.0,0.0,0.0,0.0,3.7692502,0.0,0.0,0.0,0.0,0.0,0.0,0.0,0.0,0.0,0.0,0.0,0.0,0.0,0.0,0.5355858,11.793004,0.0,0.0,1.169004,0.0,0.0,7.909349,6.294472,0.0,2.4991238,2.3983977,4.820105
ACH-000624,0.0,0.0,5.460719,2.438448,0.0,4.669309,1.9304222,0.0,5.2436576,0.0,0.0,3.146869,0.0,0.0,0.0,0.0,0.0,0.0,0.0,0.0,0.0,0.0,0.0,0.0,0.0,4.722197,0.0,0.0,0.0,0.0,7.8159113,4.6268053,0.0,0.0,0.0,0.0,0.0,1.6629269,0.0,5.221164,0.0,0.0,0.0,0.0,2.3045037,0.0,0.0,3.5469902,0.0,0.0,0.0,0.0,0.0,0.0,0.0,0.0,0.0,0.0,0.0,0.0,0.0,0.0,0.0,0.0,0.97010106,6.550425,5.4914713,0.0,0.0,0.0,0.0,0.0,0.0,0.0,0.0,0.0,0.0,0.0,2.6006315,0.0,0.0,0.0,7.018247,7.4193954,2.0185392,0.0,5.5468454,0.0,0.0,0.0,0.0,0.0,2.5994532,0.0,0.0,0.0,0.0,0.0,0.0,0.0,5.0263567,0.0,0.0,0.0,0.0,0.0,0.0,0.0,0.0,0.0,0.0,0.0,0.0,0.0,0.0,0.0,11.999379,0.0,0.0,2.1827145,0.0,0.0,7.450146,6.2930293,0.0,1.3919448,2.8261433,6.339065
ACH-000625,0.0,0.0,3.9887605,1.7327868,0.0,4.6924753,2.649309,0.0,5.128515,0.0,0.0,4.5799336,0.0,0.0,0.0,0.0,0.0,1.2669697,0.0,0.0,0.0,0.0,0.0,0.0,0.0,4.48994,0.0,0.0,1.5049549,0.0,6.850666,4.6604595,0.0,0.0,0.0,0.0,0.0,0.0,0.0,5.15925,0.0,0.0,0.0,0.0,2.8803349,0.0,0.0,3.1066597,0.0,0.0,0.0,0.0,0.0,0.0,0.0,0.18859617,0.0,0.0,0.0,0.0,0.0,0.0,0.0,0.0,0.93058616,5.4327383,7.7510567,0.0,0.0,0.0,0.0,0.0,0.0,0.0,0.0,0.0,0.0,0.0,2.0393655,0.0,0.0,0.0,7.6212087,5.668153,2.2750087,0.0,5.3104234,0.0,0.0,0.0,0.0,0.0,3.1961174,0.0,0.0,0.0,0.0,0.0,0.0,0.0,3.75614,0.0,0.0,0.0,0.0,0.0,0.0,0.0,0.0,0.0,0.0,0.0,0.0,0.0,0.0,0.0,11.214702,0.0,0.0,1.4664332,0.0,0.0,7.2222753,5.7921653,0.0,1.299888,3.505819,5.819179
ACH-000627,0.0,0.0,4.6865764,3.3357608,0.0,4.7009544,1.5545958,0.0,3.8226614,0.0,0.0,3.7721474,0.0,0.0,0.0,0.0,0.0,0.0,0.0,0.0,0.0,0.0,0.0,0.0,0.0,5.8569827,0.0,0.0,0.0,0.0,7.685309,5.397896,0.0,0.0,0.0,0.0,0.0,0.29088196,0.0,6.0891986,0.0,0.0,0.0,0.0,2.0629997,0.0,0.0,3.4343584,0.0,0.0,0.0,0.0,0.0,0.0,0.0,0.0,0.0,0.0,0.0,0.0,0.0,0.0,0.0,0.0,1.5248332,7.0023246,7.2092886,0.0,0.0,0.0,0.0,0.0,0.0,0.0,0.0,0.0,0.0,0.0,2.679989,0.0,0.0,0.0,7.341319,5.373204,3.4504414,0.0,4.5968113,0.0,0.0,0.0,0.0,0.0,3.6085613,0.0,0.0,0.0,0.0,0.0,0.0,0.0,4.2969093,0.0,0.0,0.0,0.0,0.0,0.0,0.0,0.0,0.0,0.0,0.0,0.0,0.0,0.0,0.0,12.981982,0.0,0.0,1.7816321,0.0,0.0,6.8232803,6.510338,0.0,0.8104271,2.946547,5.539736
ACH-000628,0.0,0.0,6.4415817,3.604451,0.0,5.877379,1.2250444,0.0,5.9521823,0.0,0.0,4.51075,0.0,0.0,0.0,0.0,0.0,0.33781362,0.0,0.0,0.0,0.0,0.0,0.0,0.0,4.7305217,0.0,0.0,0.0,0.0,8.614084,3.4241982,0.0,0.0,0.0,0.0,0.0,0.39907256,0.0,5.436662,0.0,0.0,0.0,0.0,2.4800038,0.0,0.0,3.251236,0.0,0.0,0.0,0.0,0.0,0.0,0.0,0.02086596,0.0,0.0,0.0,0.0,0.0,0.0,0.0,0.0,2.1293466,7.3017907,7.1292477,0.0,0.0,0.0,0.0,0.0,0.0,0.0,0.0,0.0,0.0,0.0,3.5940707,0.0,0.0,0.0,8.369512,7.6832438,1.8020028,0.0,5.818228,0.0,0.0,0.0,0.0,0.0,3.978982,0.0,0.0,0.0,0.0,0.0,0.0,0.0,5.6786933,0.0,0.0,0.0,0.0,0.0,0.0,0.0,0.0,0.0,0.0,0.0,0.0,0.0,0.0,0.0,13.734808,0.0,0.0,0.8755296,0.0,0.0,9.0284,7.0493283,0.0,1.1349043,2.8267112,5.9952025
ACH-000630,0.0,0.0,6.523368,4.338677,0.0,5.4797826,1.7206931,0.0,6.3219657,0.0,0.0,4.367428,0.0,0.0,0.0,0.0,0.0,0.0,0.0,0.0,0.0,0.0,0.0,0.0,0.0,6.273275,0.0,0.0,0.0,0.0,8.913433,4.861246,0.0,0.0,0.0,0.0,0.0,0.75950694,0.0,7.281713,0.0,0.0,0.0,0.0,2.8844962,0.0,0.0,4.541809,0.0,0.0,0.0,0.0,0.0,0.0,0.0,0.0,0.0,0.0,0.0,0.0,0.0,0.0,0.0,0.0,0.4602087,7.70404,7.801218,0.0,0.0,0.0,0.0,0.0,0.0,0.0,0.0,0.0,0.0,0.0,4.524859,0.0,0.0,0.0,8.296271,6.8649683,2.138359,0.0,4.9648604,0.0,0.0,0.0,0.0,0.0,3.8374922,0.0,0.0,0.0,0.0,0.0,0.0,0.0,5.165966,0.0,0.0,0.0,0.0,0.0,0.0,0.0,0.0,0.0,0.0,0.0,0.0,0.0,0.0,0.0,12.882146,0.0,0.0,2.48956,0.0,0.0,7.77737,6.5987334,0.0,1.9908403,4.021538,5.6091385
ACH-000632,0.0,0.0,6.0931916,2.0850737,0.0,4.028494,2.9267623,0.0,5.3310823,0.0,0.0,3.6669028,0.0,0.0,0.0,0.0,0.0,0.0,0.0,0.0,0.0,0.0,0.0,0.0,0.0,5.3299127,0.0,0.0,0.0,0.0,8.666916,4.442039,0.0,0.0,0.0,0.0,0.0,0.65335864,0.0,5.2194037,0.0,1.6289917,0.0,0.0,2.390219,0.0,0.0,3.1589837,0.0,0.0,0.0,0.0,0.0,0.0,0.0,0.0,0.0,0.0,0.0,0.0,0.0,0.0,0.0,0.0,1.4522167,6.8723907,7.100368,0.0,0.0,0.0,0.0,0.0,0.0,0.0,0.0,0.0,0.0,0.0,3.4001274,0.0,0.0,0.0,7.1801896,7.3072157,4.1679115,0.0,5.101473,0.0,0.0,0.0,0.0,0.0,2.4895778,0.0,0.0,0.0,0.0,0.0,0.0,0.0,4.3385687,0.0,0.0,0.0,0.0,0.0,0.0,0.0,0.0,0.0,0.0,0.0,0.0,0.0,0.0,0.0,12.955246,0.0,0.0,1.6416746,0.0,0.0,7.3428426,7.0439477,0.0,0.77787447,3.0978863,5.003498
ACH-000637,0.0,0.0,5.06612,2.3634307,0.0,5.1781774,2.202547,0.0,6.1925764,0.0,0.0,3.9949172,0.0,0.0,0.0,0.0,0.0,0.0,0.0,0.0,0.0,0.0,0.0,0.0,0.0,5.715979,0.0,0.0,0.0,0.0,6.9110093,4.456079,0.0,0.0,0.0,0.0,0.0,0.19732484,0.0,5.7999687,0.0,0.0,0.0,0.0,1.8996898,0.0,0.0,2.5907886,0.0,0.0,0.0,0.0,0.0,0.0,0.0,0.60536355,0.0,0.0,0.0,0.0,0.0,0.0,0.0,0.0,2.1067297,7.180694,5.6445074,0.0,0.0,0.0,0.0,0.0,0.0,0.0,0.0,0.0,0.0,0.0,3.1788127,0.0,0.0,0.0,6.3617706,7.536772,1.9431474,0.0,5.5348086,0.0,0.0,0.0,0.03988651,0.0,3.57123,0.0,0.0,0.0,0.0,0.0,0.0,0.0,5.0923448,0.0,0.0,0.0,0.0,0.0,0.0,0.0,0.0,0.0,0.0,0.0,0.0,0.0,0.0,0.0,12.156489,0.0,0.0,2.4784906,0.0,0.0,7.632087,6.201036,0.0,2.0484955,3.02051,6.031406
ACH-000643,0.0,0.0,5.6075916,3.1893816,0.0,5.531286,1.0488259,0.0,4.5957084,0.0,0.0,3.7307827,0.0,0.0,0.0,0.0,0.0,0.0,0.0,0.0,0.0,0.0,0.0,0.0,0.0,4.772295,0.0,0.0,0.0,0.0,8.095914,3.8644984,0.0,0.0,0.0,0.0,0.0,0.76997334,0.0,5.357139,0.0,0.0,0.0,0.0,1.9782797,0.0,0.0,3.0554693,0.0,0.0,0.0,0.0,0.0,0.0,0.0,0.0,0.0,0.0,0.0,0.0,0.0,0.0,0.0,0.0,1.1685684,6.7356124,6.2084312,0.0,0.0,0.0,0.0,0.0,0.0,0.0,0.0,0.0,0.0,0.0,3.6785138,0.0,0.0,0.0,6.8808045,6.9222736,2.0004265,0.0,5.497917,0.0,0.0,0.0,0.0,0.0,3.8179176,0.0,0.0,0.0,0.0,0.0,0.0,0.0,5.984878,0.0,0.0,0.0,0.0,0.0,0.0,0.0,0.0,0.0,0.0,0.0,0.0,0.0,0.0,0.0,12.882864,0.0,0.0,2.1363704,0.0,0.0,8.017248,7.419552,0.0,1.596527,3.0201533,6.015361
ACH-000647,0.0,0.0,5.9240503,3.9947102,0.0,4.7122884,2.038804,0.0,6.2601523,0.0,0.0,4.2857485,0.0,0.0,0.0,0.0,0.0,0.0,0.0,0.0,0.0,0.0,0.0,0.0,0.0,5.9804387,0.0,0.0,0.0,0.0,7.835124,4.330017,0.0,0.0,0.0,0.0,0.0,0.85022944,0.0,5.9774456,0.0,0.0,0.0,0.0,1.7591451,0.0,0.0,3.8701065,0.0,0.0,0.0,0.0,0.0,0.0,0.0,0.0,0.0,0.0,0.0,0.0,0.0,0.0,0.0,0.0,0.910166,7.235541,5.9022894,0.0,0.0,0.0,0.0,0.0,0.0,0.0,0.0,0.0,0.0,0.0,3.7259405,0.0,0.0,0.0,6.345942,5.523637,2.013216,0.0,5.557539,0.0,0.0,0.0,0.0,0.0,4.1657977,0.0,0.0,0.0,0.0,0.0,0.0,0.0,5.2861686,0.0,0.0,0.0,0.0,0.0,0.0,0.0,0.0,0.0,0.0,0.0,0.0,0.0,0.0,0.0,13.091257,0.0,0.0,1.8262538,0.0,0.0,8.091868,7.1904054,0.0,1.263563,2.8610263,5.744538
ACH-000648,0.0,0.0,4.2815332,4.1405373,0.0,6.1116514,1.0198827,0.0,4.3864336,0.0,0.0,3.9479606,0.0,0.0,0.0,0.0,0.0,0.0,0.0,0.0,0.0,0.0,0.0,0.0,0.0,5.0173917,0.0,0.0,1.096659,0.0,7.0199747,3.2356112,0.0,0.0,0.0,0.0,0.0,0.21010906,0.0,5.8654914,0.0,0.0,0.0,0.0,2.0704987,0.0,0.0,3.2181873,0.0,0.0,0.0,0.0,0.0,0.0,0.0,0.0,0.0,0.0,0.0,0.0,0.0,0.0,0.0,0.0,2.084952,5.445535,6.79707,0.0,0.0,0.0,0.0,0.0,0.0,0.0,0.0,0.0,0.0,0.0,2.7299514,0.0,0.0,0.0,5.533904,4.682615,2.7019846,0.0,4.1731014,0.0,0.0,0.0,0.5144077,0.0,3.7750323,0.0,0.0,0.0,0.0,0.0,0.0,0.0,4.684287,0.0,0.0,0.0,0.0,0.0,0.0,0.0,0.0,0.0,0.0,0.0,0.0,0.0,0.0,1.7907137,10.103974,0.0,0.0,1.8573273,0.0,0.0,6.820683,5.902683,0.0,2.5008397,3.1324942,5.025124
ACH-000649,0.0,0.0,4.220126,3.2266908,0.0,4.731138,2.0395417,0.0,5.456406,0.0,0.0,5.08922,0.0,0.0,0.0,0.0,0.0,0.0,0.0,0.0,0.0,0.0,0.0,0.0,0.0,4.8928885,0.0,0.0,1.1114985,0.0,7.014676,4.5305977,0.0,0.0,0.0,0.0,0.0,0.03153111,0.0,5.7905173,0.0,0.0,0.0,0.0,1.2008184,0.0,0.0,4.2022376,0.0,0.0,0.0,0.0,0.0,0.0,0.0,0.0,0.0,0.0,0.0,0.0,0.0,0.0,0.0,0.0,1.460269,6.0531306,5.753124,0.0,0.0,0.0,0.0,0.0,0.0,0.0,0.0,1.0860428,0.0,0.0,2.2325933,0.0,0.0,0.0,7.674923,5.60432,1.7523979,0.0,5.124476,0.0,0.0,0.0,0.29882303,0.0,3.4203973,0.0,0.0,0.0,0.0,0.0,0.0,0.0,4.876538,0.0,0.0,0.0,0.0,0.0,0.0,0.0,0.0,0.0,0.0,0.0,0.0,0.0,0.0,0.0,11.093153,0.0,0.0,1.387861,0.0,0.0,8.17253,6.1919904,0.0,1.089336,3.1443918,5.765389
ACH-000650,0.0,0.0,4.652753,2.915562,0.0,3.029658,2.6083124,0.0,4.5094132,0.0,0.0,2.740866,0.0,0.0,0.0,0.0,0.0,0.08214874,0.0,0.0,0.0,0.0,0.0,0.0,0.0,5.064105,0.0,0.0,0.0,0.0,7.3693123,4.365943,0.0,0.0,0.0,0.0,0.0,0.42277405,0.0,5.4176955,0.0,0.0,0.0,0.0,1.3565955,0.0,0.0,2.4394343,1.0267586,0.0,0.0,0.0,0.0,0.0,0.0,0.6964666,0.0,0.0,0.0,0.0,0.0,0.0,0.0,0.0,1.5121558,5.169001,5.7774706,0.0,0.0,0.0,0.0,0.0,0.0,0.0,0.0,0.30102775,0.0,0.0,2.5153222,0.0,0.0,0.0,5.994307,5.310507,4.6370635,0.0,4.476099,0.0,0.0,0.0,0.0,0.0,2.6770966,0.0,0.0,0.0,0.0,0.0,0.0,0.0,3.7539203,0.0,0.0,0.0,0.0,0.0,0.0,0.0,0.0,0.0,0.0,0.0,0.0,0.0,0.0,0.8043805,10.698396,0.0,0.0,1.8582741,0.0,0.0,6.6641192,6.1619296,0.0,1.050473,4.075894,5.3890347
ACH-000651,0.0,0.0,5.5517073,2.8089428,0.0,3.8782234,3.1686609,0.0,5.639173,0.0,0.0,4.3326116,0.0,0.0,0.0,0.0,0.0,0.0,0.0,0.0,0.0,0.0,0.0,0.0,0.0,5.5516014,0.0,0.0,0.0,0.0,6.9950275,4.947255,0.0,0.0,0.0,0.0,0.0,0.2728396,0.0,5.379191,0.0,0.0,0.0,0.0,1.1211686,0.0,0.0,3.0727432,0.0,0.0,0.0,0.0,0.0,0.0,0.0,0.5846011,0.0,0.0,0.0,0.0,0.0,0.0,0.0,0.0,2.5584815,6.1329994,5.7105613,0.0,0.0,0.0,0.0,0.0,0.0,0.0,0.0,0.0,0.0,0.0,2.387867,0.0,0.0,0.0,6.011064,5.757757,2.4435022,0.0,3.9638608,0.0,0.0,0.0,0.0,0.0,3.441456,0.0,0.0,0.0,0.0,0.0,0.0,0.0,4.535661,0.0,0.0,0.0,0.0,0.0,0.0,0.0,0.0,0.0,0.0,0.0,0.0,0.0,0.0,0.0,10.781581,0.0,0.0,1.4777869,0.0,0.0,6.1334786,6.4282804,0.0,2.1179903,2.1026073,4.9702053
ACH-000652,0.0,0.0,4.7095633,3.556305,0.0,4.924651,2.526279,0.0,5.6335654,0.0,0.0,4.19225,0.0,0.0,0.0,0.0,0.0,0.5447104,0.0,0.0,0.0,0.0,0.0,0.0,0.0,4.989305,0.0,0.0,0.9058461,0.0,7.9074736,3.581754,0.0,0.0,0.0,0.0,0.0,0.0,0.0,5.303042,0.0,0.0,0.0,0.0,1.8614497,0.0,0.0,3.566832,0.0,0.0,0.0,0.0,0.0,0.0,0.0,0.0,0.0,0.0,0.0,0.0,0.0,0.0,0.0,0.0,1.8416607,6.225596,6.5754175,0.0,0.0,0.0,0.0,0.0,0.0,0.0,0.0,0.0,0.0,0.0,3.2012036,0.0,0.0,0.0,6.3966904,6.197959,3.125239,0.0,4.137372,0.0,0.0,0.0,0.15602899,0.0,3.7264152,0.0,0.0,0.0,0.0,0.0,0.0,0.0,5.117547,0.0,0.0,0.0,0.0,0.0,0.0,0.0,0.0,0.0,0.0,0.0,0.0,0.0,0.0,0.0,12.110608,0.0,0.0,1.156829,0.0,0.0,6.886968,5.7566934,0.0,1.9326469,3.138148,5.994923
ACH-000657,0.0,0.0,4.7490206,1.0422556,0.0,3.5679762,2.3089263,0.0,4.6056147,0.0,0.0,2.5114532,0.0,0.0,0.0,0.0,0.0,0.0,0.0,0.0,0.0,0.0,0.0,0.0,0.0,3.6392965,0.0,0.0,0.0,0.0,6.352007,3.5022693,0.0,0.0,0.0,0.0,0.0,0.0,0.0,4.3439264,0.0,0.0,0.0,0.0,1.1864215,0.0,0.0,2.9759965,0.0,0.0,0.0,0.0,0.0,0.0,0.0,0.45040384,0.0,0.0,0.0,0.0,0.0,0.0,0.0,0.0,1.5468999,6.014842,5.631136,0.0,0.0,0.0,0.0,0.0,0.0,0.0,0.0,0.0,0.0,0.0,3.3505468,0.0,0.0,0.0,5.491012,4.603838,2.6163392,0.0,5.0597,0.0,0.0,0.0,0.0,0.0,2.188477,0.0,0.0,0.0,0.0,0.0,0.0,0.0,3.2406685,0.0,0.0,0.0,0.0,0.0,0.0,0.0,0.0,0.0,0.7735994,0.0,0.0,0.0,0.0,0.0,9.821794,0.0,0.0,1.744378,0.0,0.0,6.4864945,6.0988717,0.0,1.0208801,2.4416053,4.6406217
ACH-000661,0.0,0.0,5.0551186,3.7293208,0.0,4.492612,2.1090527,0.0,4.701039,0.0,0.0,4.415827,0.0,0.0,0.0,0.0,0.0,0.0,0.0,0.0,0.0,0.0,0.0,0.0,0.0,5.721201,0.0,0.0,0.0,0.0,8.412206,3.91003,0.0,0.0,0.0,0.0,0.0,0.0,0.0,6.123399,0.0,0.0,0.0,0.0,1.1099542,0.0,0.0,3.2081714,0.0,0.0,0.0,0.0,0.0,0.0,0.0,0.0,0.0,0.0,0.0,0.0,0.0,0.0,0.0,0.0,1.1081645,6.315839,6.119315,0.0,0.0,0.0,0.0,0.0,0.0,0.0,0.0,0.0,0.0,0.0,3.0649023,0.0,0.0,0.0,7.391813,5.232366,3.7353005,0.0,4.5134864,0.0,0.0,0.0,0.0,0.0,3.3459308,0.0,0.0,0.0,0.0,0.0,0.0,0.0,5.436425,0.0,0.0,0.0,0.0,0.0,0.0,0.0,0.0,0.0,0.0,0.0,0.0,0.0,0.0,0.0,12.286012,0.0,0.0,1.0524782,0.0,0.0,7.168547,7.142402,0.0,1.2007103,3.6632323,6.175891
ACH-000662,0.0,0.0,5.1445036,1.9294063,0.0,4.2750664,3.0887244,0.0,4.977365,0.0,0.0,3.8476365,0.0,0.0,0.0,0.0,0.0,0.0,0.0,0.0,0.0,0.0,0.0,0.0,0.0,5.232011,0.0,0.0,0.0,0.0,7.5728483,4.7071557,0.0,0.0,0.0,0.0,0.0,0.28513998,0.0,5.328885,0.0,0.0,0.0,0.0,1.6060437,0.0,0.0,3.027513,0.0,0.0,0.0,0.0,0.0,0.0,0.0,0.0,0.0,0.0,0.0,0.0,0.0,0.0,0.0,0.0,1.0988255,6.390941,6.358326,0.0,0.0,0.0,0.0,0.0,0.0,0.0,0.0,0.0,0.0,0.0,2.4862087,0.0,0.0,0.0,6.4585023,5.8379874,2.425482,0.0,4.592533,0.0,0.0,0.0,0.0,0.0,3.2502348,0.0,0.0,0.0,0.0,0.0,0.0,0.0,3.8927479,0.0,0.0,0.0,0.0,0.0,0.0,0.0,0.0,0.0,0.0,0.0,0.0,0.0,0.0,0.0,12.088519,0.0,0.0,2.220466,0.0,0.0,6.92685,6.609432,0.0,0.8080701,2.9044065,4.713063
ACH-000663,0.0,0.0,4.9853477,3.2614858,0.0,4.845237,2.447825,0.0,4.851339,0.0,0.0,3.782953,0.0,0.0,0.0,0.0,0.0,0.0,0.0,0.0,0.0,0.0,0.0,0.0,0.0,5.037983,0.0,0.0,0.39847788,0.0,6.870578,3.8108554,0.0,0.0,0.0,0.0,0.0,0.13751854,0.0,6.329553,0.0,0.0,0.0,0.0,1.1333404,0.0,0.0,3.2700138,0.0,0.0,0.0,0.0,0.0,0.0,0.0,0.008874459,0.0,0.0,0.0,0.0015211459,0.0,0.0,0.0,0.0,1.8665547,6.09382,6.073802,0.0,0.0,0.0,0.0,0.0,0.0,0.0,0.0,0.0,0.0,0.0,3.4265063,0.0,0.0,0.0,7.0377192,4.888994,3.1196978,0.0,4.052827,0.0,0.0,0.0,0.0,0.0,2.7452524,0.0,0.0,0.0,0.0,0.0,0.0,0.0,4.160964,0.0,0.0,0.0,0.0,0.0,0.0,0.0,0.0,0.0,0.0,0.0,0.0,0.0,0.0,0.0,11.40873,0.0,0.0,1.1552438,0.0,0.0,6.274051,6.106317,0.0,1.9813732,2.7270133,5.467875
ACH-000665,0.0,0.0,5.2502375,3.960134,0.0,5.054752,1.3056471,0.0,5.814201,0.0,0.0,4.152605,0.0,0.0,0.0,0.0,0.0,0.0,0.0,0.0,0.0,0.0,0.0,0.0,0.0,5.28515,0.0,0.0,0.0,0.0,9.07092,3.7062504,0.0,0.0,0.0,0.0,0.0,0.4522054,0.0,6.269321,0.0,0.0,0.0,0.0,1.9327792,0.0,0.0,3.7279196,0.0,0.0,0.0,0.0,0.0,0.0,0.0,0.0,0.0,0.0,0.0,0.0,0.0,0.0,0.0,0.0,0.6394291,6.518228,6.498066,0.0,0.0,0.0,0.0,0.0,0.0,0.0,0.0,0.0,0.0,0.0,3.7527494,0.0,0.0,0.0,6.9120975,5.8940687,2.495115,0.0,5.619133,0.0,0.0,0.0,0.5138246,0.0,3.0655105,0.0,0.0,0.0,0.0,0.0,0.0,0.0,5.3878665,0.0,0.0,0.0,0.0,0.0,0.0,0.0,0.0,0.0,0.0,0.0,0.0,0.0,0.0,0.0,13.665957,0.0,0.0,2.8792505,0.0,0.0,8.628678,7.1042953,0.0,0.75279284,3.396938,5.323389
ACH-000666,0.0,0.0,5.662527,2.7960675,0.0,5.396962,2.1609395,0.0,5.7754836,0.0,0.0,3.025315,0.0,0.0,0.0,0.0,0.0,1.7259803,0.0,0.0,0.0,0.0,0.0,0.0,0.0,4.8092723,0.0,0.0,0.0,0.0,9.064672,5.4763584,0.0,0.0,0.0,0.0,0.0,0.24698381,0.0,5.1055713,0.0,0.0,0.0,0.0,2.170622,0.0,0.0,2.7927077,0.0,0.0,0.0,0.0,0.0,0.0,0.0,0.40876445,0.0,0.0,0.0,0.0,0.0,0.0,0.0,0.0,2.9876812,6.8556733,7.160616,0.0,0.0,0.0,0.0,0.0,0.0,0.0,0.0,0.0,0.0,0.0,3.226536,0.0,0.0,0.0,8.010714,6.448449,1.9114594,0.0,5.7114305,0.0,0.0,0.0,1.2435349,0.0,3.6146789,0.0,0.0,0.0,0.0,0.0,0.0,0.0,4.299881,0.0,0.0,0.0,0.0,0.0,0.0,0.0,0.0,0.0,0.0,0.0,0.0,0.0,0.0,0.0,12.8191595,0.0,0.0,2.0641441,0.0,0.0,7.9146905,6.898778,0.0,0.30342555,2.9878979,4.4668317
ACH-000667,0.0,0.0,4.741395,2.7317202,0.0,4.8257446,2.0586264,0.0,5.1393476,0.0,0.0,3.4249687,0.0,0.0,0.0,0.0,0.0,0.0,0.0,0.0,0.0,0.0,0.0,0.0,0.0,5.545117,0.0,0.0,0.0,0.0,7.7635884,6.0899544,0.0,0.0,0.0,0.0,0.0,0.66870683,0.0,5.270949,0.0,0.0,0.0,0.0,1.2704359,0.0,0.0,2.74884,0.0,0.0,0.0,0.0,0.0,0.0,0.0,0.7201072,0.0,0.0,0.0,0.0,0.0,0.0,0.0,0.0,1.6623347,6.485277,6.4723573,0.0,0.0,0.0,0.0,0.0,0.0,0.0,0.0,0.22941095,0.0,0.0,3.0848348,0.0,0.0,0.0,5.8280168,5.711993,1.6978043,0.0,4.7608237,0.0,0.0,0.0,0.49295935,0.0,2.1178443,0.0,0.0,0.0,0.0,0.0,0.0,0.0,4.5684156,0.0,0.0,0.0,0.0,0.0,0.0,0.0,0.0,0.0,0.0,0.0,0.0,0.0,0.0,0.0,12.078982,0.0,0.0,1.7077497,0.0,0.0,6.471869,6.166839,0.0,0.6484476,2.8307137,5.47562
ACH-000669,0.0,0.0,5.373445,2.3343267,0.0,5.550869,2.5188448,0.0,6.4546685,0.0,0.0,3.9074087,0.0,0.0,0.0,0.0,0.0,0.0,0.0,0.0,0.0,0.0,0.0,0.0,0.0,5.5489774,0.0,0.0,0.0,0.0,8.340959,5.165868,0.0,0.0,0.0,0.0,0.0,0.3116509,0.0,5.446934,0.0,0.0,0.0,0.0,2.146467,0.0,0.0,4.2372746,0.0,0.0,0.0,0.0,0.0,0.0,0.0,0.0,0.0,0.0,0.0,0.0,0.0,0.0,0.0,0.0,0.93477875,6.673482,6.493083,0.0,0.0,0.0,0.0,0.0,0.0,0.0,0.0,0.0,0.0,0.0,2.9313092,0.0,0.0,0.0,7.7814603,5.7951565,3.4170737,0.0,5.483546,0.0,0.0,0.0,0.0,0.0,2.339452,0.0,0.0,0.0,0.0,0.0,0.0,0.0,4.420791,0.0,0.0,0.0,0.0,0.0,0.0,0.0,0.0,0.0,0.0,0.0,0.0,0.0,0.0,0.0,13.184526,0.0,0.0,2.3224401,0.0,0.0,8.91929,7.4538903,0.0,0.686264,3.7319515,6.631714
ACH-000670,0.0,0.0,5.658326,2.4747756,0.0,4.273543,1.5002692,0.0,4.5263095,0.0,0.0,2.4910827,0.0,0.0,0.0,0.0,0.0,0.32792687,0.0,0.0,0.0,0.0,0.0,0.0,0.0,3.6683328,0.0,0.0,0.0,0.0,5.3760853,3.249427,0.0,0.0,0.0,0.0,0.0,0.29127944,1.0031769,3.9681425,0.0,0.0,0.0,0.0,1.7502878,0.0,0.0,2.4526582,0.0,0.0,0.0,0.0,0.0,0.0,0.0,0.35217354,0.0,0.0,0.0,0.0,0.0,0.0,0.0,0.0,1.7639267,6.0600314,5.291236,0.0,0.0,0.0,0.0,0.0,0.0,0.0,0.0,0.0,0.0,0.0,3.0905507,0.0,0.0,0.0,4.7796764,4.300146,1.3977935,0.0,4.388067,0.0,0.0,0.0,0.0,0.0,2.4850628,0.0,0.0,0.0,0.0,0.0,0.0,0.0,4.0690107,0.0,0.0,0.0,0.0,0.0,0.0,0.0,0.0,0.0,0.0,0.6616427,0.0,0.0,0.0,0.6249022,10.039933,0.0,0.0,0.79831344,0.0,0.0,6.207359,5.956049,0.0,0.7984848,2.6526217,4.7352676
ACH-000671,0.0,0.0,4.9359684,2.1032047,0.0,3.9622772,4.026741,0.0,5.11336,0.0,0.0,3.3809848,0.0,0.0,0.0,0.0,0.0,0.0,0.0,0.0,0.0,0.0,0.0,0.0,0.0,4.3488307,0.0,0.0,0.0,0.0,8.127636,4.345536,0.0,0.0,0.0,0.0,0.0,0.20895492,0.0,4.9419317,0.0,0.0,0.0,0.0,2.4019527,0.0,0.0,3.0031948,0.0,0.0,0.0,0.0,0.0,0.0,0.0,0.0,0.0,0.0,0.0,0.0,0.0,0.0,0.0,0.0,0.80968004,5.694016,6.788418,0.0,0.0,0.0,0.0,0.0,0.0,0.0,0.0,0.0,0.0,0.0,2.169699,0.0,0.0,0.0,6.6421676,5.849615,2.968858,0.0,4.061894,0.0,0.0,0.0,0.36277106,0.0,3.5363274,0.0,0.0,0.0,0.0,0.0,0.0,0.0,4.7283134,0.0,0.0,0.0,0.0,0.0,0.0,0.0,0.0,0.0,0.0,0.0,0.0,0.0,0.0,0.0,10.934161,0.0,0.0,1.4602394,0.0,0.0,6.315736,5.822031,0.0,0.7971244,3.453262,6.074749
ACH-000672,0.0,0.0,5.400555,2.6013362,0.0,5.497681,3.0292175,0.0,4.6929626,0.0,0.0,3.3650126,0.0,0.0,0.0,0.0,0.0,0.0,0.0,0.0,0.0,0.0,0.0,0.0,0.0,4.7900586,0.0,0.0,0.0,0.0,7.726842,4.215709,0.0,0.0,0.0,0.0,0.0,0.0,0.0,5.3653593,0.0,0.0,0.0,0.0,1.4448587,0.0,0.0,2.7476957,0.0,0.0,0.0,0.0,0.0,0.0,0.0,0.0,0.0,0.0,0.0,0.0,0.0,0.0,0.0,0.0,1.8485026,6.516336,6.568391,0.0,0.0,0.0,0.0,0.0,0.0,0.0,0.0,0.0,0.0,0.0,2.3846643,0.0,0.0,0.0,6.139072,5.394125,3.4661098,0.0,5.020005,0.0,0.0,0.0,0.0,0.0,2.888048,0.0,0.0,0.0,0.0,0.0,0.0,0.0,4.5986485,0.0,0.0,0.0,0.0,0.0,0.0,0.0,0.0,0.0,0.0,0.0,0.0,0.0,0.0,0.0,12.422716,0.0,0.0,1.9262139,0.0,0.0,7.262999,6.723376,0.0,0.49560946,2.8644104,6.5723042
ACH-000674,0.0,0.0,4.531325,2.1691782,0.0,4.219385,2.3284206,0.0,4.921185,0.0,0.0,3.4452045,0.0,0.0,0.0,0.0,0.0,0.0,0.0,0.0,0.0,0.0,0.0,0.0,0.0,4.488298,0.0,0.0,0.7379286,0.0,7.062074,3.840858,0.0,0.0,0.0,0.0,0.0,0.0,0.0,5.1122985,0.0,0.0,0.0,0.0,2.0203469,0.0,0.0,2.437342,0.0,0.0,0.0,0.0,0.0,0.0,0.0,0.5703221,0.0,0.0,0.0,0.0,0.0,0.0,0.0,0.0,1.8545899,6.0674343,5.2091317,0.0,0.0,0.0,0.0,0.0,0.0,0.0,0.0,0.0,0.0,0.0,2.8317537,0.0,0.0,0.0,6.261522,5.2494545,3.3265696,0.0,4.257896,0.0,0.0,0.0,0.0,0.0,2.9677517,0.0,0.0,0.0,0.0,0.0,0.0,0.0,4.21775,0.0,0.0,0.0,0.0,0.0,0.0,0.0,0.0,0.0,0.0,0.49662477,0.0,0.0,0.0,0.0,10.813922,0.0,0.0,0.18187872,0.0,0.0,5.9141726,6.188361,0.0,1.413167,2.8595154,4.9391093
ACH-000677,0.0,0.0,5.3819327,3.4340103,0.0,3.714535,2.2125707,0.0,6.627656,0.0,0.0,3.425061,0.0,0.0,0.0,0.0,0.0,0.0,0.0,0.0,0.0,0.0,0.0,0.0,0.0,5.914553,0.0,0.0,0.0,0.0,8.480466,4.05171,0.0,0.0,0.0,0.0,0.0,0.0,0.0,6.5763125,0.0,0.0,0.0,0.0,1.2420039,0.0,0.0,2.796324,0.0,0.0,0.0,0.0,0.0,0.0,0.0,0.50603306,0.0,0.0,0.0,0.0,0.0,0.0,0.0,0.0,0.93119967,6.7949805,6.8267736,0.0,0.0,0.0,0.0,0.0,0.0,0.0,0.0,0.0,0.0,0.0,2.8962667,0.0,0.0,0.0,6.773995,5.028659,2.155677,0.0,4.015955,0.0,0.0,0.0,0.30437508,0.0,3.9160106,0.0,0.0,0.0,0.0,0.0,0.0,0.0,5.3530664,0.0,0.0,0.0,0.0,0.0,0.0,0.0,0.0,0.0,0.0,0.0,0.0,0.0,0.0,0.020213408,12.127511,0.0,0.0,1.4939696,0.0,0.0,6.4248753,6.344742,0.0,2.0772843,1.9711716,5.6553216
ACH-000678,0.0,0.0,6.8480253,1.9217913,0.0,5.2407675,3.0159662,0.0,5.456038,0.0,0.0,3.87332,0.0,0.0,0.0,0.0,0.0,0.04672534,0.0,0.0,0.0,0.0,0.0,0.0,0.0,4.7666574,0.0,0.0,0.0,0.0,7.861106,4.7716627,0.0,0.0,0.0,0.0,0.0,0.9994665,0.0,5.3645816,0.0,0.0,0.0,0.0,2.3786187,0.0,0.0,3.8400009,0.0,0.0,0.0,0.0,0.0,0.0,0.0,0.0,0.0,0.0,0.0,0.0,0.0,0.0,0.0,0.0,0.46336168,7.2406726,5.2196856,0.0,0.0,0.0,0.0,0.0,0.0,0.0,0.0,0.0,0.0,0.0,3.3110995,0.0,0.0,0.0,7.275202,6.2055173,2.231328,0.0,4.570895,0.0,0.0,0.0,0.0,0.0,3.3938272,0.0,0.0,0.0,0.0,0.0,0.0,0.0,5.0774393,0.0,0.0,0.0,0.0,0.0,0.0,0.0,0.0,0.0,0.0,0.0,0.0,0.0,0.0,0.0,12.751157,0.0,0.0,1.6540457,0.0,0.0,6.04647,6.1786084,0.0,1.1886286,2.659864,6.4444423
ACH-000679,0.0,0.0,5.2860613,2.7719371,0.0,3.4152572,2.658467,0.0,5.6647153,0.0,0.0,3.610381,0.0,0.0,0.0,0.0,0.0,0.0,0.0,0.0,0.0,0.0,0.0,0.0,0.0,5.671578,0.0,0.0,0.0,0.0,7.553835,4.0999937,0.0,0.0,0.0,0.0,0.0,0.037114874,0.0,5.4012375,0.0,0.0,0.0,0.0,1.3727046,0.0,0.0,1.9310558,0.0,0.0,0.0,0.0,0.0,0.0,0.0,1.3446909,0.0,0.0,0.7468651,0.0,0.0,0.0,0.0,0.0,1.3549942,6.296735,5.4844847,0.0,0.0,0.0,0.0,0.0,0.0,0.0,0.0,0.0,0.0,0.0,3.0915997,0.0,0.0,0.0,6.517128,5.0520678,3.1795392,0.0,4.214635,0.0,0.0,0.0,0.3795097,0.0,3.2948143,0.0,0.0,0.0,0.0,0.0,0.0,0.0,4.622035,0.0,0.0,0.0,0.0,0.0,0.0,0.0,0.0,0.0,0.0,1.571282,0.0,0.0,0.0,0.0,11.275781,0.0,0.0,1.311866,0.0,0.0,6.7782807,6.235703,0.0,1.3495408,3.0169399,5.6374006
ACH-000680,0.0,0.0,5.38321,3.1912925,0.0,3.4671862,2.6315398,0.0,5.948372,0.0,0.0,2.803077,0.0,0.0,0.0,0.0,0.0,1.3072517,0.0,0.0,0.0,0.0,0.0,0.0,0.0,4.633232,0.0,0.0,0.0,0.0,7.2120895,4.180127,0.0,0.0,0.0,0.0,0.0,0.0,0.0,5.275231,0.0,0.0,0.0,0.0,1.3336668,0.0,0.0,2.864833,0.0,0.0,0.0,0.0,0.0,0.0,0.0,1.0134578,0.0,0.0,1.8121861,0.0,0.0,0.0,0.0,0.0,1.6498408,6.1455293,6.1516953,0.0,0.0,0.0,0.0,0.0,0.0,0.0,0.0,0.0,0.0,0.0,2.9421954,0.0,0.0,0.0,6.811597,4.366268,3.4145195,0.0,3.6857753,0.0,0.0,0.0,0.0,0.0,2.9035883,0.0,0.0,0.0,0.0,0.0,0.0,0.0,3.647643,0.0,0.0,0.0,0.0,0.0,0.0,0.0,0.0,0.0,0.0,0.6898136,0.0,0.0,0.0,0.0,10.8633375,0.0,0.0,2.054539,0.0,0.0,6.6015043,6.3368955,0.0,1.2072989,2.681288,5.6790786
ACH-000681,0.0,0.0,5.356022,3.1374226,0.0,4.9056325,2.2641363,0.0,5.475859,0.0,0.0,3.2502904,0.0,0.0,0.0,0.0,0.0,0.51068825,0.0,0.0,0.0,0.0,0.0,0.0,0.0,4.9442496,0.0,0.0,0.5397252,0.0,8.937947,4.6917114,0.0,0.0,0.0,0.0,0.0,0.66013724,0.0,6.2849765,0.0,0.0,0.0,0.0,2.4579244,0.0,0.0,3.3290544,0.0,0.0,0.0,0.0,0.0,0.0,0.0,0.0,0.0,0.0,0.0,0.0,0.0,0.0,0.0,0.0,1.6775827,6.447853,6.692761,0.0,0.0,0.0,0.0,0.0,0.0,0.0,0.0,0.40360752,0.0,0.0,2.1857479,0.0,0.0,0.0,7.339176,5.533762,2.634628,0.0,5.7624474,0.0,0.0,0.0,0.8931355,0.0,3.6585906,0.0,0.0,0.0,0.0,0.0,0.0,0.0,5.0913544,0.0,0.0,0.0,0.0,0.0,0.0,0.0,0.0,0.0,0.0,0.0,0.0,0.0,0.0,0.0,12.741307,0.0,0.0,2.0016646,0.0,0.0,6.8638854,5.9804506,0.0,1.133972,2.672192,5.758496
ACH-000682,0.0,0.0,4.234951,3.862903,0.0,5.588676,0.9461354,0.0,5.9310584,0.0,0.0,4.8463936,0.0,0.0,0.0,0.0,0.0,0.0,0.0,0.0,0.0,0.0,0.0,0.0,0.0,4.6951666,0.0,0.0,0.0,0.0,6.788344,3.1161878,0.0,0.0,0.0,0.0,0.0,0.0,0.0,5.2465773,0.0,0.0,0.0,0.0,0.86665225,0.0,0.0,3.5360372,0.0,0.0,0.0,0.0,0.0,0.0,0.0,0.0,0.0,0.0,0.0,0.0,0.0,0.0,0.0,0.0,0.37034842,6.847278,6.1788893,0.0,0.0,0.0,0.0,0.0,0.0,0.0,0.0,0.0,0.0,0.0,3.4738843,0.0,0.0,0.0,7.0723987,6.006836,2.488338,0.0,4.429224,0.0,0.0,0.0,0.0,0.0,3.6860592,0.0,0.0,0.0,0.0,0.0,0.0,0.0,5.3590326,0.0,0.0,0.0,0.0,0.0,0.0,0.0,0.0,0.0,0.0,0.0,0.0,0.0,0.0,0.0,12.480388,0.0,0.0,2.0422904,0.0,0.0,8.313771,6.1449437,0.0,0.983587,3.2223942,5.7591205
ACH-000684,0.0,0.0,5.2272615,3.5959752,0.0,3.711923,2.0796707,0.0,5.0642886,0.0,0.0,4.016551,0.0,0.0,0.0,0.0,0.0,0.0,0.0,0.0,0.0,0.0,0.0,0.0,0.0,5.161867,0.0,0.0,1.6051619,0.0,7.941147,4.1048937,0.0,0.0,0.0,0.0,0.0,0.7590742,0.0,5.985643,0.0,0.0,0.0,0.0,1.9695996,0.0,0.0,3.7714233,0.0,0.0,0.0,0.0,0.0,0.0,0.0,0.014945669,0.0,0.0,0.0,0.0,0.0,0.0,0.0,0.0,1.085374,6.328708,6.6906137,0.0,0.0,0.0,0.0,0.0,0.0,0.0,0.0,1.3587018,0.0,0.0,3.1278455,0.0,0.0,0.0,6.8352456,5.647343,2.0678284,0.0,4.028551,0.0,0.0,0.0,0.0,0.0,3.156849,0.0,0.0,0.0,0.0,0.0,0.0,0.0,4.5471587,0.0,0.0,0.0,0.0,0.0,0.0,0.0,0.0,0.0,0.0,0.0,0.0,0.0,0.0,0.0,11.451523,0.0,0.0,1.7118225,0.0,0.0,7.184776,6.20817,0.0,1.799376,3.2549734,5.402219
ACH-000685,0.0,0.0,5.332838,2.384047,0.0,5.6551676,2.0817554,0.0,6.054256,0.0,0.0,3.8703861,0.0,0.0,0.0,0.0,0.0,0.39693588,0.0,0.0,0.0,0.0,0.0,0.0,0.0,5.2678304,0.0,0.0,0.0,0.0,7.3618994,4.866394,0.0,0.0,0.0,0.0,0.0,1.2119366,0.0,4.611217,0.0,0.0,0.0,0.0,1.5364372,0.0,0.0,2.929017,0.0,0.0,0.0,0.0,0.0,0.0,0.0,0.0,0.0,0.0,0.0,0.0,0.0,0.0,0.0,0.0,1.4541745,7.0879683,6.634083,0.0,0.0,0.0,0.0,0.0,0.0,0.0,0.0,0.0,0.0,0.0,3.0601661,0.0,0.0,0.0,7.232935,6.733613,1.5965054,0.0,5.3856473,0.0,0.0,0.0,1.501815,0.0,2.916064,0.0,0.0,0.0,0.0,0.0,0.0,0.0,5.5547,0.0,0.0,0.0,0.0,0.0,0.0,0.0,0.0,0.0,0.0,0.0,0.0,0.0,0.0,0.0,12.202265,0.0,0.0,2.030535,0.0,0.0,8.2901,6.491283,0.0,0.55872595,2.8936288,5.8121853
ACH-000688,0.0,0.0,4.4618597,3.3417902,0.0,4.7977777,3.1055732,0.0,6.647133,0.0,0.0,3.1039708,0.0,0.0,0.0,0.0,0.0,0.29316667,0.0,0.0,0.0,0.0,0.0,0.0,0.0,5.4081206,0.0,0.0,0.0,0.0,8.412682,3.9685688,0.0,0.0,0.0,0.0,0.0,0.3604448,0.0,6.359578,0.0,0.0,0.0,0.0,1.4185961,0.0,0.0,3.7170446,0.0,0.0,0.0,0.0,0.0,0.0,0.0,0.13254659,0.0,0.0,0.0,0.0,0.0,0.0,0.0,0.0,1.1993486,6.9019427,6.961622,0.0,0.0,0.0,0.0,0.0,0.0,0.0,0.0,0.0,0.0,0.0,3.4941761,0.0,0.0,0.0,8.007664,6.401165,2.5563538,0.0,4.948791,0.0,0.0,0.0,0.10068897,0.0,2.0903592,0.0,0.0,0.0,0.0,0.0,0.0,0.0,4.2334385,0.0,0.0,0.0,0.0,0.0,0.0,0.0,0.0,0.0,0.0,0.0,0.0,0.0,0.0,0.0,12.456409,0.0,0.0,1.8414178,0.0,0.0,7.8208756,6.7246404,0.0,1.1393589,2.7365158,6.6473207
ACH-000693,0.0,0.0,5.531253,2.2431998,0.0,4.1058755,2.6889403,0.0,5.569948,0.0,0.0,3.0906363,0.0,0.0,0.0,0.0,0.0,0.0,0.0,0.0,0.0,0.0,0.0,0.0,0.0,4.8818445,0.0,0.0,0.0,0.0,6.2860026,4.803145,0.0,0.0,0.0,0.0,0.0,1.0639936,0.0,4.699034,0.0,0.0,0.0,0.0,2.0224679,0.0,0.0,2.8597174,0.0,0.0,0.0,0.0,0.0,0.0,0.0,0.3955008,0.0,0.0,0.0,0.0,0.0,0.0,0.0,0.0,2.236203,6.2124743,5.4574976,0.0,0.0,0.0,0.0,0.0,0.0,0.0,0.0,0.0,0.0,0.0,3.4003544,0.0,0.0,0.0,6.0321717,6.527273,1.6728863,0.0,5.350038,0.0,0.0,0.0,0.27505404,0.0,2.897576,0.0,0.0,0.0,0.0,0.0,0.0,0.0,4.3361597,0.0,0.0,0.0,0.0,0.0,0.0,0.0,0.0,0.0,0.0,0.0,0.0,0.0,0.0,0.0,10.921401,0.0,0.0,1.4000525,0.0,0.0,7.3716817,6.28615,0.0,1.7193599,3.0417507,5.3447156
ACH-000694,0.0,0.0,5.121872,3.252511,0.0,4.791257,2.458712,0.0,5.161639,0.0,0.0,3.4974313,0.0,0.0,0.0,0.0,0.0,0.0,0.0,0.0,0.0,0.0,0.0,0.0,0.0,5.754023,0.0,0.0,0.0,0.0,7.7411532,5.3082952,0.0,0.0,0.0,0.0,0.0,1.2891625,0.0,4.881952,0.0,0.0,0.0,0.0,2.3422263,0.0,0.0,2.8064852,0.0,0.0,0.0,0.0,0.0,0.0,0.0,0.0,0.0,0.0,0.0,0.0,0.0,0.0,0.0,0.0,1.3118742,7.330684,6.4086304,0.0,0.0,0.0,0.0,0.0,0.0,0.0,0.0,0.0,0.0,0.0,3.2120252,0.0,0.0,0.0,6.8141727,6.7424994,2.593617,0.0,5.7260013,0.0,0.0,0.0,0.0,0.0,2.377535,0.0,0.0,0.0,0.0,0.0,0.0,0.0,4.587902,0.0,0.0,0.0,0.0,0.0,0.0,0.0,0.0,0.0,0.0,0.0,0.0,0.0,0.0,0.0,12.4340925,0.0,0.0,2.1697156,0.0,0.0,8.043643,6.575413,0.0,0.92652845,2.9030535,6.001076
ACH-000696,0.0,0.0,6.1311135,2.3828838,0.0,5.1446652,3.414162,0.0,5.98199,0.0,0.0,3.8004818,0.0,0.0,0.0,0.0,0.0,0.0,0.0,0.0,0.0,0.0,0.0,0.0,0.0,5.3059425,0.0,0.0,0.0,0.0,7.583246,4.18422,0.0,0.0,0.0,0.0,0.0,0.0,0.0,5.821358,0.0,0.0,0.0,0.0,2.1085103,0.0,0.0,3.2472763,0.0,0.0,0.0,0.0,0.0,0.0,0.0,0.48770317,0.0,0.0,0.0,0.0,0.0,0.0,0.0,0.0,1.568225,6.771813,6.7846184,0.0,0.0,0.0,0.0,0.0,0.0,0.0,0.0,0.0,0.0,0.0,3.5542438,0.0,0.0,0.0,6.1234903,7.0069838,3.5224402,0.0,5.3972015,0.0,0.0,0.0,0.0,0.0,2.827996,0.0,0.0,0.0,0.0,0.0,0.0,0.0,5.1318197,0.0,0.0,0.0,0.0,0.0,0.0,0.0,0.0,0.0,0.0,0.0,0.0,0.0,0.0,0.0,12.221265,0.0,0.0,1.3994555,0.0,0.0,7.864861,6.741541,0.0,1.5775132,3.2860806,6.6322246
ACH-000701,0.0,0.0,5.902018,3.94394,0.0,4.2243505,2.2002351,0.0,5.4436135,0.0,0.0,3.3093748,0.0,0.0,0.0,0.0,0.0,0.0,0.0,0.0,0.0,0.0,0.0,0.0,0.0,4.7933297,0.0,0.0,0.0,0.0,7.984311,4.781204,0.0,0.0,0.0,0.0,0.0,1.627415,0.0,6.18068,0.0,0.0,0.0,0.0,1.736607,0.0,0.0,3.4125624,0.0,0.0,0.0,0.0,0.0,0.0,0.0,0.0,0.0,0.0,0.0,0.0,0.0,0.0,0.0,0.0,2.8045948,6.533647,7.2073655,0.0,0.0,0.0,0.0,0.0,0.0,0.0,0.0,0.0,0.0,0.0,3.7538733,0.0,0.0,0.0,5.9151425,7.1197944,2.2331302,0.0,4.983761,0.0,0.0,0.0,1.1209434,0.0,1.6054114,0.0,0.0,0.0,0.0,0.0,0.0,0.0,3.1903703,0.0,0.0,0.0,0.0,0.0,0.0,0.0,0.0,0.0,0.0,0.0,0.0,0.0,0.0,0.0,12.177672,0.0,0.0,2.8735945,0.0,0.0,6.800175,6.0180597,0.0,1.2906613,3.3208778,5.5802493
ACH-000704,0.0,0.0,4.686868,3.258493,0.0,4.041689,2.4026456,0.0,4.5226283,0.0,0.0,4.4626026,0.0,0.0,0.0,0.0,0.0,0.0,0.0,0.0,0.0,0.0,0.0,0.0,0.0,4.899167,0.0,0.0,0.45530212,0.0,8.037857,3.5465956,0.0,0.0,0.0,0.0,0.0,0.41753283,0.0,6.5334363,0.0,0.0,0.0,0.0,2.2265587,0.0,0.0,3.5607846,0.0,0.0,0.0,0.0,0.0,0.0,0.0,0.020559711,0.0,0.0,0.0,0.0,0.0,0.0,0.0,0.0,1.055152,6.008596,6.725892,0.0,0.0,0.0,0.0,0.0,0.0,0.0,0.0,0.0,0.0,0.0,3.0776966,0.0,0.0,0.0,6.6460896,5.5950356,3.0724647,0.0,4.871305,0.0,0.0,0.0,0.4639196,0.0,2.7182748,0.0,0.0,0.0,0.0,0.0,0.0,0.0,4.378898,0.0,0.0,0.0,0.0,0.0,0.0,0.0,0.0,0.0,0.0,0.0,0.0,0.0,0.0,0.10287696,11.432788,0.0,0.0,1.8554878,0.0,0.0,8.227458,6.259455,0.0,1.2859229,3.2430556,5.452831
ACH-000711,0.0,0.0,5.6874504,2.9543185,0.0,4.8892746,1.3909069,0.0,4.6311936,0.0,0.0,4.1084785,0.0,0.0,0.0,0.0,0.0,0.0,0.0,0.0,0.0,0.0,0.0,0.0,0.0,5.0768213,0.0,0.0,0.0,0.0,7.9067664,3.5836601,0.0,0.0,0.0,0.0,0.0,1.0641303,0.0,6.1800914,0.0,0.0,0.0,0.0,1.8373777,0.0,0.0,3.1997035,0.0,0.0,0.0,0.0,0.0,0.0,0.0,0.0,0.0,0.0,0.0,0.0,0.0,0.0,0.0,0.0,1.7075675,6.5064573,6.055612,0.0,0.0,0.0,0.0,0.0,0.0,0.0,0.0,0.0,0.0,0.0,3.0710795,0.0,0.0,0.0,7.433762,5.6785126,2.46127,0.0,5.2825594,0.0,0.0,0.0,0.0,0.0,3.949416,0.0,0.0,0.0,0.0,0.0,0.0,0.0,4.335766,0.0,0.0,0.0,0.0,0.0,0.0,0.0,0.0,0.0,0.0,0.0,0.0,0.0,0.0,0.0,13.207213,0.0,0.0,2.104214,0.0,0.0,8.5556755,7.680466,0.0,1.4721867,3.742927,7.1308255
ACH-000713,0.0,0.0,4.813114,4.3295927,0.0,5.565517,1.7619721,0.0,5.8785644,0.0,0.0,4.287236,0.0,0.0,0.0,0.0,0.0,0.0,0.0,0.0,0.0,0.0,0.0,0.0,0.0,5.224182,0.0,0.0,0.0,0.0,8.19501,4.2669697,0.0,0.0,0.0,0.0,0.0,1.2873333,0.0,5.848408,0.0,0.0,0.0,0.0,1.6017212,0.0,0.0,3.78248,0.0,0.0,0.0,0.0,0.0,0.0,0.0,0.0,0.0,0.0,0.0,0.0,0.0,0.0,0.0,0.0,2.612792,7.6765294,6.586282,0.0,0.0,0.0,0.0,0.0,0.0,0.0,0.0,0.0,0.0,0.0,3.1568615,0.0,0.0,0.0,7.8284163,6.7545576,2.2221951,0.0,4.9717336,0.0,0.0,0.0,0.0,0.0,4.244112,0.0,0.0,0.0,0.0,0.0,0.0,0.0,5.6874146,0.0,0.0,0.0,0.0,0.0,0.0,0.0,0.0,0.0,0.0,0.0,0.0,0.0,0.0,0.0,13.899162,0.0,0.0,2.7744646,0.0,0.0,8.93855,7.329059,0.0,0.8836014,3.4364958,6.5729737
ACH-000715,0.0,0.0,5.049678,2.9566593,0.0,4.9597797,1.917308,0.0,6.8035827,0.0,0.0,3.3551104,0.0,0.0,0.0,0.0,0.0,0.0,0.0,0.0,0.0,0.0,0.0,0.0,0.0,5.607593,0.0,0.0,0.0,0.0,6.4818172,4.58335,0.0,0.0,0.0,0.0,0.0,1.0130607,0.0,4.9874606,0.0,0.0,0.0,0.0,1.6245528,0.0,0.0,3.2323353,0.0,0.0,0.0,0.0,0.0,0.0,0.0,0.6744501,0.0,0.0,0.0,0.0,0.0,0.0,0.0,0.0,1.8134851,7.0522046,5.965845,0.0,0.0,0.0,0.0,0.0,0.0,0.0,0.0,0.0,0.0,0.0,3.3149374,0.0,0.0,0.0,7.0907044,6.844469,1.9197385,0.0,5.5738635,0.0,0.0,0.0,1.1732935,0.0,3.2456152,0.0,0.0,0.0,0.0,0.0,0.0,0.0,4.5197296,0.0,0.0,0.0,0.0,0.0,0.0,0.0,0.0,0.0,0.0,0.0,0.0,0.0,0.0,0.0,12.732218,0.0,0.0,2.048441,0.0,0.0,8.689373,6.702952,0.0,1.3903376,2.9504354,5.5205092
ACH-000716,0.0,0.0,5.136615,3.4973578,0.0,5.529888,2.8344061,0.0,5.3974557,0.0,0.0,4.0465255,0.0,0.0,0.0,0.0,0.0,0.0,0.0,0.0,0.0,0.0,0.0,0.0,0.0,5.1462765,0.0,0.0,0.0,0.0,7.1746306,3.4387355,0.0,0.0,0.0,0.0,0.0,0.0,0.0,5.044048,0.0,0.0,0.0,0.0,0.7738926,0.0,0.0,3.5998988,0.0,0.0,0.0,0.0,0.0,0.0,0.0,0.0,0.0,0.0,0.0,0.0,0.0,0.0,0.0,0.0,1.3838913,6.4439454,6.5427394,0.0,0.0,0.0,0.0,0.0,0.0,0.0,0.0,0.0,0.0,0.0,3.4965599,0.0,0.0,0.0,6.765026,6.4945817,3.1870706,0.0,5.522319,0.0,0.0,0.0,0.0,0.0,4.438853,0.0,0.0,0.0,0.0,0.0,0.0,0.0,5.0069413,0.0,0.0,0.0,0.0,0.0,0.0,0.0,0.0,0.0,0.0,0.0,0.0,0.0,0.0,0.1085065,12.334417,0.0,0.0,1.2717358,0.0,0.0,8.182683,6.983806,0.0,1.3706146,2.621449,6.48628
ACH-000717,0.0,0.0,5.785125,2.4170873,0.0,4.8966904,1.5846616,0.0,6.4862323,0.0,0.0,5.1745954,0.0,0.0,0.0,0.0,0.0,0.0,0.0,0.0,0.0,0.0,0.0,0.0,0.0,5.39506,0.0,0.0,0.0,0.0,7.888942,3.9939203,0.0,0.0,0.0,0.0,0.0,0.176679,0.0,6.0567803,0.0,0.0,0.0,0.0,2.2789345,0.0,0.0,3.330707,0.0,0.0,0.0,0.0,0.0,0.0,0.0,0.0,0.0,0.0,0.0,0.0,0.0,0.0,0.0,0.0,1.6131918,7.0907145,6.833119,0.0,0.0,0.0,0.0,0.0,0.0,0.0,0.0,0.0,0.0,0.0,3.8295355,0.0,0.0,0.0,7.4358664,6.022863,2.7190619,0.0,5.209457,0.0,0.0,0.0,0.0,0.0,3.2238402,0.0,0.0,0.0,0.0,0.0,0.0,0.0,5.922454,0.0,0.0,0.0,0.0,0.0,0.0,0.0,0.0,0.0,0.0,0.0,0.0,0.0,0.0,0.0,13.627959,0.0,0.0,1.5631148,0.0,0.0,7.9101853,6.3751054,0.0,0.9600673,3.1360319,6.7813606
ACH-000719,0.0,0.0,4.500994,2.4949973,0.0,3.4612834,3.0319088,0.0,5.797809,0.0,0.0,4.0030813,0.0,0.0,0.0,0.0,0.0,0.0,0.0,0.0,0.0,0.0,0.0,0.0,0.0,6.2386518,0.0,0.0,0.29143938,0.0,6.354599,3.4185758,0.0,0.0,0.0,0.0,0.0,0.0,0.0,5.2428565,0.0,0.0,0.0,0.0,1.723539,0.0,0.0,3.2702997,0.0,0.0,0.0,0.0,0.0,0.0,0.0,0.0,0.0,0.0,0.0,0.0,0.0,0.0,0.0,0.0,0.7637064,5.591789,5.4709206,0.0,0.0,0.0,0.0,0.0,0.0,0.0,0.0,0.0,0.0,0.0,3.1038451,0.0,0.0,0.0,5.2315884,5.584516,3.8263123,0.0,3.5556598,0.0,0.0,0.0,0.57298625,0.0,2.1576576,0.0,0.0,0.0,0.0,0.0,0.0,0.0,3.8811395,0.0,0.0,0.0,0.0,0.0,0.0,0.0,0.0,0.0,0.0,0.0,0.0,0.0,0.0,0.0,11.556679,0.0,0.0,1.2691286,0.0,0.0,7.5262017,5.8622384,0.0,0.64673066,2.914688,6.626202
ACH-000720,0.0,0.0,6.4480987,2.4997947,0.0,4.1274076,2.3488574,0.0,7.2675495,0.0,0.0,3.0866625,0.0,0.0,0.0,0.0,0.0,0.0,0.0,0.0,0.0,0.0,0.0,0.0,0.0,6.249366,0.0,0.0,0.0,0.0,8.625271,5.2208853,0.0,0.0,0.0,0.0,0.0,1.1733387,0.0,6.1151347,0.0,0.0,0.0,0.0,3.1841857,0.0,0.0,3.698552,0.0,0.0,0.0,0.0,0.0,0.0,0.0,0.0,0.0,0.0,0.0,0.0,0.0,0.0,0.0,0.0,1.2062712,7.625251,7.134966,0.0,0.0,0.0,0.0,0.0,0.0,0.0,0.0,0.0,0.0,0.0,3.7099135,0.0,0.0,0.0,7.9532437,7.1034985,2.4503329,0.0,4.914496,0.0,0.0,0.0,0.17705241,0.0,2.8107898,0.0,0.0,0.0,0.0,0.0,0.0,0.0,5.7014217,0.0,0.0,0.0,0.0,0.0,0.0,0.0,0.0,0.0,0.0,0.0,0.0,0.0,0.0,0.0,13.746364,0.0,0.0,1.827538,0.0,0.0,7.6567993,6.929107,0.0,0.54967076,3.4805062,6.4801564
ACH-000721,0.0,0.0,5.565515,2.7569356,0.0,2.550513,2.5260603,0.0,4.9184465,0.0,0.0,2.19952,0.0,0.0,0.0,0.0,0.0,0.033263065,0.0,0.0,0.0,0.0,0.0,0.0,0.0,3.8782809,0.0,0.0,0.0,0.0,5.9705815,2.4385123,0.0,0.0,0.0,0.0,0.0,0.0,1.2620357,4.4229445,0.0,0.0,0.0,0.0,1.2234524,0.0,0.0,2.711856,0.0,0.0,0.0,0.0,0.0,0.0,0.0,0.45810178,0.0,0.0,0.45799565,0.09297065,0.0,0.0,0.0,0.0,1.5418205,5.742203,4.9169145,0.0,0.0,0.0,0.0,0.0,0.0,0.0,0.0,0.8018306,0.0,0.0,2.935292,0.0,0.0,0.0,5.6499457,3.7129292,1.9452791,0.0,2.616374,0.0,0.0,0.0,1.4524158,0.0,2.7642887,0.0,0.0,0.0,0.0,0.0,0.0,0.0,3.667217,0.0,0.0,0.0,0.0,0.0,0.0,0.0,0.0,0.0,0.0,0.0,0.0,0.0,0.0,1.4416898,9.649138,0.0,0.0,2.2166708,0.0,0.0,4.9482126,5.273071,0.0,1.0196244,3.517898,3.2549713
ACH-000723,0.0,0.0,5.3680778,3.1304429,0.0,4.5507145,2.1306393,0.0,5.7217803,0.0,0.0,3.7042062,0.0,0.0,0.0,0.0,0.0,0.0,0.0,0.0,0.0,0.0,0.0,0.0,0.0,4.6405845,0.0,0.0,0.0,0.0,6.500355,4.147734,0.0,0.0,0.0,0.0,0.0,1.0728284,0.0,5.173492,0.0,0.0,0.0,0.0,2.6830747,0.0,0.0,3.6986263,0.0,0.0,0.0,0.0,0.0,0.0,0.0,0.04604332,0.0,0.0,0.0,0.0,0.0,0.0,0.0,0.0,1.1062236,5.7919908,6.8981543,0.0,0.0,0.0,0.0,0.0,0.0,0.0,0.0,0.0,0.0,0.0,3.9768417,0.0,0.0,0.0,5.987222,5.6774173,2.0411096,0.0,4.5649047,0.0,0.0,0.0,0.6033247,0.0,2.98059,0.0,0.0,0.0,0.0,0.0,0.0,0.0,3.482084,0.0,0.0,0.0,0.0,0.0,0.0,0.0,0.0,0.0,0.0,0.0,0.0,0.0,0.0,0.0,11.096301,0.0,0.0,2.6279655,0.0,0.0,7.088697,6.041437,0.0,1.3529165,2.7673423,5.043638
ACH-000724,0.0,0.0,6.9446745,2.5899246,0.0,3.8548295,1.8614836,0.0,5.258925,0.0,0.0,4.254819,0.0,0.0,0.0,0.0,0.0,0.0,0.0,0.0,0.0,0.0,0.0,0.0,0.0,4.733517,0.0,0.0,0.0,0.0,8.296687,4.3512344,0.0,0.0,0.0,0.0,0.0,0.56355566,0.0,6.617195,0.0,0.0,0.0,0.0,3.3818033,0.0,0.0,3.3334892,0.0,0.0,0.0,0.0,0.0,0.0,0.0,0.0,0.0,0.0,0.0,0.0,0.0,0.0,0.0,0.0,2.2586596,6.6548395,7.928742,0.0,0.0,0.0,0.0,0.0,0.0,0.0,0.0,0.0,0.0,0.0,4.34459,0.0,0.0,0.0,7.6325097,6.8419647,2.783835,0.0,4.5024037,0.0,0.0,0.0,0.0,0.0,2.4534872,0.0,0.0,0.0,0.0,0.0,0.0,0.0,4.069401,0.0,0.0,0.0,0.0,0.0,0.0,0.0,0.0,0.0,0.0,0.0,0.0,0.0,0.0,0.0,12.200566,0.0,0.0,1.6201911,0.0,0.0,7.7249155,6.658401,0.0,0.7148,3.9194682,6.499558
ACH-000726,0.0,0.0,5.0018506,2.966873,0.0,5.1295176,2.1654105,0.0,6.8055987,0.0,0.0,4.027628,0.0,0.0,0.0,0.0,0.0,0.0,0.0,0.0,0.0,0.0,0.0,0.0,0.0,5.2585454,0.0,0.0,0.0,0.0,7.1115665,4.351039,0.0,0.0,0.0,0.0,0.0,0.74258536,0.0,5.33968,0.0,0.0,0.0,0.0,1.0955541,0.0,0.0,4.0784526,0.0,0.0,0.0,0.0,0.0,0.0,0.0,0.0,0.0,0.0,0.0,0.0,0.0,0.0,0.0,0.0,1.1942453,7.5698247,6.347035,0.0,0.0,0.0,0.0,0.0,0.0,0.0,0.0,0.0,0.0,0.0,3.562321,0.0,0.0,0.0,7.126759,7.1347547,1.9834929,0.0,4.980135,0.0,0.0,0.0,0.9264731,0.0,2.377694,0.0,0.0,0.0,0.0,0.0,0.0,0.0,5.1479616,0.0,0.0,0.0,0.0,0.0,0.0,0.0,0.0,0.0,0.0,0.0,0.0,0.0,0.0,0.0,13.007875,0.0,0.0,2.436091,0.0,0.0,8.092949,6.8272567,0.0,1.3316237,3.052566,5.816939
ACH-000730,0.0,0.0,5.5430593,2.5437868,0.0,3.8079073,2.2061646,0.0,4.6931586,0.0,0.0,3.1733332,0.0,0.0,0.0,0.0,0.0,0.0,0.0,0.0,0.0,0.0,0.0,0.0,0.0,4.3300586,0.0,0.0,0.0,0.0,7.810381,4.2025476,0.0,0.0,0.0,0.0,0.0,0.37008977,0.0,4.914334,0.0,0.0,0.0,0.0,1.7825662,0.0,0.0,2.677434,0.0,0.0,0.0,0.0,0.0,0.0,0.0,0.47118458,0.0,0.0,0.0,0.0,0.0,0.0,0.0,0.0,1.1093054,5.6384583,6.428419,0.0,0.0,0.0,0.0,0.0,0.0,0.0,0.0,0.0,0.0,0.0,2.8129332,0.0,0.0,0.0,6.1084356,4.9202366,3.3391762,0.0,4.4654913,0.0,0.0,0.0,0.0,0.0,2.8272364,0.0,0.0,0.0,0.0,0.0,0.0,0.0,4.193441,0.0,0.0,0.0,0.0,0.0,0.0,0.0,0.0,0.0,0.0,0.0,0.0,0.0,0.0,1.5295866,10.869296,0.0,0.0,1.4458299,0.0,0.0,6.7956395,6.7519617,0.0,1.4436094,3.2205462,5.596085
ACH-000732,0.0,0.0,5.0566816,3.4367018,0.0,4.7717094,2.854647,0.0,5.803162,0.0,0.0,3.8027184,0.0,0.0,0.0,0.0,0.0,0.0,0.0,0.0,0.0,0.0,0.0,0.0,0.0,4.297228,0.0,0.0,0.0,0.0,7.222151,3.7778702,0.0,0.0,0.0,0.0,0.0,0.20453203,0.0,4.8253417,0.0,0.0,0.0,0.0,2.0069146,0.0,0.0,2.8000665,0.0,0.0,0.0,0.0,0.0,0.0,0.0,0.0,0.0,0.0,0.0,0.0,0.0,0.0,0.0,0.0,0.96511036,6.286953,6.1948013,0.0,0.0,0.0,0.0,0.0,0.0,0.0,0.0,0.0,0.0,0.0,2.8961196,0.0,0.0,0.0,6.752223,6.1833534,2.1732063,0.0,4.0377173,0.0,0.0,0.0,0.0,0.0,2.7382998,0.0,0.0,0.0,0.0,0.0,0.0,0.0,4.3156824,0.0,0.0,0.0,0.0,0.0,0.0,0.0,0.0,0.0,0.0,0.0,0.0,0.0,0.0,0.0,11.295638,0.0,0.0,1.5397344,0.0,0.0,6.614442,6.1486135,0.0,1.1076242,2.7419133,5.7946353
ACH-000733,0.0,0.0,4.8698816,2.2486165,0.0,4.9612412,3.1263268,0.0,5.7909365,0.0,0.0,3.9471748,0.0,0.0,0.0,0.0,0.0,0.0,0.0,0.0,0.0,0.0,0.0,0.0,0.0,5.628184,0.0,0.0,0.0,0.0,6.952121,4.4705925,0.0,0.0,0.0,0.0,0.0,0.0,0.0,5.840944,0.0,0.0,0.0,0.0,1.5798601,0.0,0.0,3.661091,0.0,0.0,0.0,0.0,0.0,0.0,0.0,0.0,0.0,0.0,0.0,0.0,0.0,0.0,0.0,0.0,1.1193832,5.650254,6.081506,0.0,0.0,0.0,0.0,0.0,0.0,0.0,0.0,0.0,0.0,0.0,3.3677037,0.0,0.0,0.0,7.2376256,5.9451866,2.4268847,0.0,5.166459,0.0,0.0,0.0,0.0,0.0,3.378649,0.0,0.0,0.0,0.0,0.0,0.0,0.0,4.2700014,0.0,0.0,0.0,0.0,0.0,0.0,0.0,0.0,0.0,0.0,0.0,0.0,0.0,0.0,0.0,12.697025,0.0,0.0,0.98507524,0.0,0.0,8.943716,6.9616747,0.0,0.94662684,2.6164763,5.2028766
ACH-000734,0.0,0.0,4.6879783,3.0104685,0.0,4.507375,2.4514308,0.0,6.310607,0.0,0.0,3.611511,0.0,0.0,0.0,0.0,0.0,0.0,0.0,0.0,0.0,0.0,0.0,0.0,0.0,5.109104,0.0,0.0,0.40598872,0.0,6.6526084,4.306082,0.0,0.0,0.0,0.0,0.0,0.0,0.0,5.2110744,0.0,0.0,0.0,0.0,1.8567922,0.0,0.0,2.6897109,0.0,0.0,0.0,0.0,0.0,0.0,0.0,0.49048445,0.0,0.0,0.0,0.0,0.0,0.0,0.0,0.0,1.6483791,5.927151,5.4581437,0.0,0.0,0.0,0.0,0.0,0.0,0.0,0.0,0.0,0.0,0.0,2.1521533,0.0,0.0,0.0,6.4697227,6.0887356,2.9363492,0.0,4.503791,0.0,0.0,0.0,0.564608,0.0,2.517205,0.0,0.0,0.0,0.0,0.0,0.0,0.0,4.717085,0.0,0.0,0.0,0.0,0.0,0.0,0.0,0.0,0.0,0.0,0.0,0.0,0.0,0.0,0.0,10.929233,0.0,0.0,1.4420917,0.0,0.0,6.201032,6.1467776,0.0,1.6606623,3.040293,5.002162
ACH-000735,0.0,0.0,5.4839087,3.5506496,0.0,4.8453093,1.9795136,0.0,5.8010125,0.0,0.0,4.0442247,0.0,0.0,0.0,0.0,0.0,0.0,0.0,0.0,0.0,0.0,0.0,0.0,0.0,4.2035394,0.0,0.0,0.0,0.0,7.0772786,3.9155264,0.0,0.0,0.0,0.0,0.0,0.0,0.0,6.326225,0.0,0.0,0.0,0.0,2.02854,0.0,0.0,2.7617824,0.0,0.0,0.0,0.0,0.0,0.0,0.0,0.081363246,0.0,0.0,0.0,0.0,0.0,0.0,0.0,0.0,0.95006937,6.4985948,6.5790195,0.0,0.0,0.0,0.0,0.0,0.0,0.0,0.0,0.0,0.0,0.0,3.4730704,0.0,0.0,0.0,7.1021986,5.137085,2.4012787,0.0,5.259879,0.0,0.0,0.0,0.0,0.0,3.0247006,0.0,0.0,0.0,0.0,0.0,0.0,0.0,4.55237,0.0,0.0,0.0,0.0,0.0,0.0,0.0,0.0,0.0,0.0,0.0,0.0,0.0,0.0,0.0,12.30424,0.0,0.0,2.2917335,0.0,0.0,7.081778,6.44914,0.0,1.104236,3.4145563,5.6769276
ACH-000736,0.0,0.0,5.986988,2.827833,0.0,4.15382,2.935981,0.0,4.899736,0.0,0.0,2.9606175,0.0,0.0,0.0,0.0,0.0,0.0,0.0,0.0,0.0,0.0,0.0,0.0,0.0,5.812692,0.0,0.0,0.0,0.0,7.7438354,4.8591566,0.0,0.0,0.0,0.0,0.0,0.0,0.0,5.7695312,0.0,0.0,0.0,0.0,1.6612025,0.0,0.0,3.012786,0.0,0.0,0.0,0.0,0.0,0.0,0.0,0.34247735,0.0,0.0,0.0,0.0,0.0,0.0,0.0,0.0,1.843648,6.7818666,5.7678833,0.0,0.0,0.0,0.0,0.0,0.0,0.0,0.0,0.0,0.0,0.0,3.5391512,0.0,0.0,0.0,6.8802958,5.7432203,2.3916237,0.0,4.828688,0.0,0.0,0.0,0.0,0.0,3.8614528,0.0,0.0,0.0,0.0,0.0,0.0,0.0,4.694815,0.0,0.0,0.0,0.0,0.0,0.0,0.0,0.0,0.0,0.0,0.0,0.0,0.0,0.0,0.0,12.382724,0.0,0.0,1.0899435,0.0,0.0,6.156729,6.866013,0.0,1.030953,3.1929288,6.6620297
ACH-000738,0.0,0.0,5.750206,3.085831,0.0,4.1079845,3.504651,0.0,4.1297765,0.0,0.0,3.1178353,0.0,0.0,0.0,0.0,0.0,0.0,0.0,0.0,0.0,0.0,0.0,0.0,0.0,4.988297,0.0,0.0,0.0,0.0,7.566465,5.2291584,0.0,0.0,0.0,0.0,0.0,1.0673001,0.0,5.1074147,0.0,0.0,0.0,0.0,0.987951,0.0,0.0,2.6506915,0.0,0.0,0.0,0.0,0.0,0.0,0.0,0.0,0.0,0.0,0.0,0.0,0.0,0.0,0.0,0.0,1.3749349,5.4673314,6.225567,0.0,0.0,0.0,0.0,0.0,0.0,0.0,0.0,0.0,0.0,0.0,3.2303998,0.0,0.0,0.0,6.950657,5.990181,3.6699207,0.0,4.190201,0.0,0.0,0.0,0.3220064,0.0,1.9769715,0.0,0.0,0.0,0.0,0.0,0.0,0.0,4.374797,0.0,0.0,0.0,0.0,0.0,0.0,0.0,0.0,0.0,0.0,0.0,0.0,0.0,0.0,0.5163075,11.533182,0.0,0.0,1.7035226,0.0,0.0,6.653106,6.3951364,0.0,1.0264775,3.6813285,6.435619
ACH-000741,0.0,0.0,5.9140134,2.1599286,0.0,4.6580095,1.7598957,0.0,5.6532226,0.0,0.0,3.5465531,0.0,0.0,0.0,0.0,0.0,0.19604117,0.0,0.0,0.0,0.0,0.0,0.0,0.0,4.1720276,0.0,0.0,0.0,0.0,7.7336073,4.1917944,0.0,0.0,0.0,0.0,0.0,0.0,0.0,5.513985,0.0,0.0,0.0,0.0,1.5492136,0.0,0.0,3.4281392,0.0,0.0,0.0,0.0,0.0,0.0,0.0,0.0,0.0,0.0,0.0,0.0,0.0,0.0,0.0,0.0,0.8065704,7.188539,6.969512,0.0,0.0,0.0,0.0,0.0,0.0,0.0,0.0,0.0,0.0,0.0,3.115368,0.0,0.0,0.0,7.1164727,5.312365,2.544205,0.0,4.7557187,0.0,0.0,0.0,0.0,0.0,3.4602306,0.0,0.0,0.0,0.0,0.0,0.0,0.0,5.0019965,0.0,0.0,0.0,0.0,0.0,0.0,0.0,0.0,0.0,0.0,0.0,0.0,0.0,0.0,0.0,12.804154,0.0,0.0,2.0878055,0.0,0.0,7.029836,6.6123195,0.0,0.9283032,3.3094974,6.5438213
ACH-000744,0.0,0.0,5.8279743,3.8115458,0.0,4.798708,1.6191717,0.0,6.8703074,0.0,0.0,3.1530032,0.0,0.0,0.0,0.0,0.0,0.0,0.0,0.0,0.0,0.0,0.0,0.0,0.0,4.47091,0.0,0.0,0.0,0.0,6.9516993,4.814557,0.0,0.0,0.0,0.0,0.0,0.6622501,0.0,5.722437,0.0,0.0,0.0,0.0,2.346227,0.0,0.0,3.0748599,0.0,0.0,0.0,0.0,0.0,0.0,0.0,0.7070787,0.0,0.0,0.0,0.0,0.0,0.0,0.0,0.0,2.4143867,7.011248,5.987138,0.0,0.0,0.0,0.0,0.0,0.0,0.0,0.0,0.0,0.0,0.0,3.3780634,0.0,0.0,0.0,5.718986,6.7216816,3.0156481,0.0,5.788195,0.0,0.0,0.0,0.0,0.0,2.4772494,0.0,0.0,0.0,0.0,0.0,0.0,0.0,5.2010427,0.0,0.0,0.0,0.0,0.0,0.0,0.0,0.0,0.0,0.0,0.0,0.0,0.0,0.0,0.0,12.499555,0.0,0.0,1.6050974,0.0,0.0,7.2911425,6.2872677,0.0,1.6162859,3.100876,5.5065093
ACH-000747,0.0,0.0,5.5140724,2.0274372,0.0,3.4969418,2.770247,0.0,5.095093,0.0,0.0,2.6748857,0.0,0.0,0.0,0.0,0.0,1.0171978,0.0,0.0,0.0,0.0,0.0,0.0,0.0,4.541767,0.0,0.0,0.16325554,0.0,6.620694,3.216308,0.0,0.0,0.0,0.0,0.0,0.0,0.0,4.5131516,0.0,0.0,0.0,0.0,1.067991,0.0,0.0,2.8706698,0.0,0.0,0.0,0.0,0.0,0.0,0.0,0.52841794,0.0,0.0,0.0,0.0,0.0,0.0,0.0,0.0,1.3669906,5.4558725,5.8650894,0.0,0.0,0.0,0.0,0.0,0.0,0.0,0.0,0.0,0.0,0.0,2.9245527,0.0,0.0,0.0,5.395873,4.678338,2.7586071,0.0,4.622826,0.0,0.0,0.0,0.72506636,0.0,2.7654543,0.0,0.0,0.0,0.0,0.0,0.0,0.0,3.4592583,0.0,0.0,0.0,0.0,0.0,0.0,0.0,0.0,0.0,0.0,0.0,0.0,0.0,0.0,0.6158942,9.938388,0.0,0.0,0.9422793,0.0,0.0,6.2968316,5.9754395,0.0,0.72744805,3.3064725,4.653689
ACH-000748,0.0,0.0,5.6098375,3.118956,0.0,4.6019087,2.2290378,0.0,6.61947,0.0,0.0,3.4685981,0.0,0.0,0.0,0.0,0.0,0.0,0.0,0.0,0.0,0.0,0.0,0.0,0.0,4.5659914,0.0,0.0,0.0,0.0,6.965906,4.921157,0.0,0.0,0.0,0.0,0.0,1.0657939,0.0,5.773844,0.0,0.0,0.0,0.0,1.9838015,0.0,0.0,4.269777,0.0,0.0,0.0,0.0,0.0,0.0,0.0,0.0,0.0,0.0,0.0,0.0,0.0,0.0,0.0,0.0,2.0092752,6.8259606,6.633971,0.0,0.0,0.0,0.0,0.0,0.0,0.0,0.0,0.0,0.0,0.0,3.4518452,0.0,0.0,0.0,6.2616563,6.0683484,2.5572336,0.0,4.0340095,0.0,0.0,0.0,0.18527326,0.0,2.2475047,0.0,0.0,0.0,0.0,0.0,0.0,0.0,4.618492,0.0,0.0,0.0,0.0,0.0,0.0,0.0,0.0,0.0,0.0,0.0,0.0,0.0,0.0,0.0,12.138148,0.0,0.0,2.1304946,0.0,0.0,8.55817,6.779423,0.0,0.6793653,4.4059463,6.2429805
ACH-000749,0.0,0.0,4.492729,1.9453343,0.0,3.815417,2.726966,0.0,5.0885577,0.0,0.0,2.3142831,0.0,0.0,0.0,0.0,0.0,0.0,0.0,0.0,0.0,0.0,0.0,0.0,0.0,4.4074397,0.0,0.0,0.0,0.0,6.260217,3.8878064,0.0,0.0,0.0,0.0,0.0,0.24233632,0.44721273,4.3504615,0.0,0.0,0.0,0.0,1.202646,0.0,0.0,3.2561965,0.1608547,0.0,0.0,0.0,0.0,0.0,0.0,0.04593222,0.0,0.0,0.0,0.0,0.0,0.0,0.0,0.0,1.5425466,5.407182,5.896445,0.0,0.0,0.0,0.0,0.0,0.0,0.0,0.0,0.0,0.0,0.0,3.0667005,0.0,0.0,0.0,4.6451507,6.0959578,3.3239558,0.0,4.6046677,0.0,0.0,0.0,0.38078645,0.0,2.0584033,0.0,0.0,0.0,0.0,0.0,0.0,0.0,4.0379653,0.0,0.0,0.0,0.0,0.0,0.0,0.0,0.0,0.0,0.0,0.0,0.0,0.0,0.0,0.0,10.632642,0.0,0.0,2.67576,0.0,0.0,6.6509852,5.691383,0.0,1.0710212,2.2294347,5.3046517
ACH-000750,0.0,0.0,5.220697,1.3889384,0.0,3.3805828,2.8876364,0.0,5.141303,0.0,0.0,3.2278879,0.0,0.0,0.0,0.0,0.0,0.0,0.0,0.0,0.0,0.0,0.0,0.0,0.0,5.292521,0.0,0.0,0.0,0.0,6.830371,4.801965,0.0,0.0,0.0,0.0,0.0,0.0,0.0,4.8078794,0.0,0.0,0.0,0.0,0.012700403,0.0,0.0,1.6491249,0.0,0.0,0.0,0.0,0.0,0.0,0.0,0.85948557,0.0,0.0,0.0,0.0,0.0,0.0,0.0,0.0,1.2404718,5.7507267,5.8580513,0.0,0.0,0.0,0.0,0.0,0.0,0.0,0.0,0.0,0.0,0.0,2.9276757,0.0,0.0,0.0,5.4719973,5.8019066,1.7092344,0.0,3.8194423,0.0,0.0,0.0,0.0,0.0,2.34616,0.0,0.0,0.0,0.0,0.0,0.0,0.0,2.8937514,0.0,0.0,0.0,0.0,0.0,0.0,0.0,0.0,0.0,0.0,0.0,0.0,0.0,0.0,0.0,9.642514,0.0,0.0,2.1891212,0.0,0.0,6.695809,6.043358,0.0,1.3540076,2.4022784,4.7804217
ACH-000753,0.0,0.0,6.1812563,2.0044963,0.0,4.267587,3.5334299,0.0,7.226069,0.0,0.0,3.9559367,0.0,0.0,0.0,0.0,0.0,0.0,0.0,0.0,0.0,0.0,0.0,0.0,0.0,5.0848002,0.0,0.0,0.0,0.0,8.134265,3.5751724,0.0,0.0,0.0,0.0,0.0,0.0,0.0,6.2603583,0.0,0.0,0.0,0.0,1.1901135,0.0,0.0,2.9832642,0.0,0.0,0.0,0.0,0.0,0.0,0.0,0.7480164,0.0,0.0,0.0,0.0,0.0,0.0,0.0,0.0,1.7411199,6.745893,6.3203487,0.0,0.0,0.0,0.0,0.0,0.0,0.0,0.0,0.0,0.0,0.0,2.6104677,0.0,0.0,0.0,5.6903276,5.7677956,1.121402,0.0,5.0573792,0.0,0.0,0.0,0.0,0.0,2.777612,0.0,0.0,0.0,0.0,0.0,0.0,0.0,5.4426913,0.0,0.0,0.0,0.0,0.0,0.0,0.0,0.0,0.0,0.0,0.0,0.0,0.0,0.0,0.0,12.018628,0.0,0.0,2.5098622,0.0,0.0,6.600398,6.9155807,0.0,1.9498636,2.8906324,5.206695
ACH-000756,0.0,0.0,5.459337,2.6753025,0.0,5.1654086,2.0929415,0.0,4.797825,0.0,0.0,3.6696215,0.0,0.0,0.0,0.0,0.0,0.0,0.0,0.0,0.0,0.0,0.0,0.0,0.0,5.2119775,0.0,0.0,0.0,0.0,7.0816936,4.691675,0.0,0.0,0.0,0.0,0.0,0.0,0.0,5.786041,0.0,0.0,0.0,0.0,2.0214508,0.0,0.0,3.2651606,0.0,0.0,0.0,0.0,0.0,0.0,0.0,0.0,0.0,0.0,0.0,0.0,0.0,0.0,0.0,0.0,1.1772714,6.749569,5.8301105,0.0,0.0,0.0,0.0,0.0,0.0,0.0,0.0,0.0,0.0,0.0,3.1586707,0.0,0.0,0.0,6.2047,5.7005863,1.5722556,0.0,4.7534504,0.0,0.0,0.0,0.0,0.0,3.6689432,0.0,0.0,0.0,0.0,0.0,0.0,0.0,5.8842216,0.0,0.0,0.0,0.0,0.0,0.0,0.0,0.0,0.0,0.0,0.0,0.0,0.0,0.0,0.0,12.198527,0.0,0.0,1.4745091,0.0,0.0,7.743638,6.6627097,0.0,1.4049243,3.3607857,5.3543305
ACH-000758,0.0,0.0,6.103752,2.872625,0.0,3.5149229,2.8091104,0.0,4.050741,0.0,0.0,3.5107126,0.0,0.0,0.0,0.0,0.0,0.0,0.0,0.0,0.0,0.0,0.0,0.0,0.0,4.0980477,0.0,0.0,0.09765468,0.0,6.996909,3.5867956,0.0,0.0,0.0,0.0,0.0,0.0,0.0,6.200401,0.0,0.0,0.0,0.0,1.7149512,0.0,0.0,2.994307,0.0,0.0,0.0,0.0,0.0,0.0,0.0,0.42295083,0.0,0.0,0.0,0.0,0.0,0.0,0.0,0.0,1.4012696,6.299313,7.255152,0.0,0.0,0.0,0.0,0.0,0.0,0.0,0.0,0.0,0.0,0.0,3.398761,0.0,0.0,0.0,5.133229,5.4544344,1.9948694,0.0,4.1908183,0.0,0.0,0.0,0.0,0.0,3.7422574,0.0,0.0,0.0,0.0,0.0,0.0,0.0,3.6355321,0.0,0.0,0.0,0.0,0.0,0.0,0.0,0.0,0.0,0.0,0.10414931,0.0,0.0,0.0,0.0,10.54263,0.0,0.0,0.7255248,0.0,0.0,6.1861496,5.3444343,0.0,1.0939721,3.2905273,5.643694
ACH-000759,0.0,0.0,5.877853,3.1359549,0.0,4.2426066,1.9375212,0.0,6.5427184,0.0,0.0,3.2568119,0.0,0.0,0.0,0.0,0.0,0.0,0.0,0.0,0.0,0.0,0.0,0.0,0.0,5.5440745,0.0,0.0,0.0,0.0,7.6018343,4.481312,0.0,0.0,0.0,0.0,0.0,1.1443025,0.0,5.144585,0.0,0.0,0.0,0.0,1.5348593,0.0,0.0,3.8535073,0.0,0.0,0.0,0.0,0.0,0.0,0.0,0.0,0.0,0.0,0.0,0.0,0.0,0.0,0.0,0.0,1.3835924,7.178813,6.286658,0.0,0.0,0.0,0.0,0.0,0.0,0.0,0.0,0.0,0.0,0.0,4.3786244,0.0,0.0,0.0,7.372027,6.561119,3.7844603,0.0,5.082987,0.0,0.0,0.0,0.18041989,0.0,3.5653937,0.0,0.0,0.0,0.0,0.0,0.0,0.0,4.399687,0.0,0.0,0.0,0.0,0.0,0.0,0.0,0.0,0.0,0.0,0.56856555,0.0,0.0,0.0,0.0,12.008588,0.0,0.0,1.6823306,0.0,0.0,8.434058,6.7235284,0.0,0.8392248,3.1707542,5.6858473
ACH-000762,0.0,0.0,5.8943825,2.553744,0.0,4.50762,2.0333283,0.0,5.276893,0.0,0.0,3.7028341,0.0,0.0,0.0,0.0,0.0,0.0,0.0,0.0,0.0,0.0,0.0,0.0,0.0,4.827581,0.0,0.0,0.0,0.0,7.499854,3.502606,0.0,0.0,0.0,0.0,0.0,0.0,0.0,6.175666,0.0,0.0,0.0,0.0,2.630539,0.0,0.0,3.0002277,0.0,0.0,0.0,0.0,0.0,0.0,0.0,0.0,0.0,0.0,0.0,0.0,0.0,0.0,0.0,0.0,1.6604475,6.35988,5.8876095,0.0,0.0,0.0,0.0,0.0,0.0,0.0,0.0,0.0,0.0,0.0,3.5118442,0.0,0.0,0.0,6.5289035,5.690136,2.7418594,0.0,3.9863286,0.0,0.0,0.0,0.0,0.0,3.7175643,0.0,0.0,0.0,0.0,0.0,0.0,0.0,4.497581,0.0,0.0,0.0,0.0,0.0,0.0,0.0,0.0,0.0,0.0,0.0,0.0,0.0,0.0,0.0,11.366712,0.0,0.0,1.8418682,0.0,0.0,7.537494,6.2664833,0.0,1.1922513,3.3683121,5.7139983
ACH-000764,0.0,0.0,6.285777,2.3110392,0.0,4.3832994,2.4064784,0.0,6.8928313,0.0,0.0,2.544989,0.0,0.0,0.0,0.0,0.0,0.0,0.0,0.0,0.0,0.0,0.0,0.0,0.0,5.7825847,0.0,0.0,0.0,0.0,7.5528674,3.835033,0.0,0.0,0.0,0.0,0.0,0.0,0.0,5.0946636,0.0,0.0,0.0,0.0,1.2126688,0.0,0.0,2.844396,0.0,0.0,0.0,0.0,0.0,0.0,0.0,0.23556308,0.0,0.0,0.0,0.0,0.0,0.0,0.0,0.0,2.2203443,5.949434,6.3682265,0.0,0.0,0.0,0.0,0.0,0.0,0.0,0.0,0.0,0.0,0.0,3.083264,0.0,0.0,0.0,6.5327716,5.3761616,3.835941,0.0,5.4128084,0.0,0.0,0.0,0.56346273,0.0,3.4591343,0.0,0.0,0.0,0.0,0.0,0.0,0.0,5.256606,0.0,0.0,0.0,0.0,0.0,0.0,0.0,0.0,0.0,0.0,0.0,0.0,0.0,0.0,0.0,11.787963,0.0,0.0,1.8033006,0.0,0.0,7.556006,6.787019,0.0,1.4816359,2.7029145,5.518294
ACH-000765,0.0,0.0,5.931452,3.2247055,0.0,5.146577,2.437682,0.0,4.78291,0.0,0.0,3.7134397,0.0,0.0,0.0,0.0,0.0,0.0,0.0,0.0,0.0,0.0,0.0,0.0,0.0,5.204233,0.0,0.0,0.0,0.0,8.45563,4.731048,0.0,0.0,0.0,0.0,0.0,0.3446895,0.0,5.9001603,0.0,0.0,0.0,0.0,1.4542971,0.0,0.0,3.5576584,0.0,0.0,0.0,0.0,0.0,0.0,0.0,0.0,0.0,0.0,0.0,0.0,0.0,0.0,0.0,0.0,2.3587432,6.136583,6.7712865,0.0,0.0,0.0,0.0,0.0,0.0,0.0,0.0,0.0,0.0,0.0,3.0367708,0.0,0.0,0.0,6.902418,5.7899723,2.7836235,0.0,4.524657,0.0,0.0,0.0,0.0,0.0,3.501486,0.0,0.0,0.0,0.0,0.0,0.0,0.0,4.210805,0.0,0.0,0.0,0.0,0.0,0.0,0.0,0.0,0.0,0.13636282,0.0,0.0,0.0,0.0,1.0772165,11.820691,0.0,0.0,1.8767236,0.0,0.0,7.378719,6.6998143,0.0,1.0345012,3.3979263,5.2196193
ACH-000766,0.0,0.0,6.0572023,2.3806016,0.0,5.232651,2.8097503,0.0,4.9302635,0.0,0.0,3.4460166,0.0,0.0,0.0,0.0,0.0,0.0,0.0,0.0,0.0,0.0,0.0,0.0,0.0,4.698142,0.0,0.0,0.0,0.0,8.572718,4.6057277,0.0,0.0,0.0,0.0,0.0,0.582209,0.0,5.3272433,0.0,0.0,0.0,0.0,2.3039472,0.0,0.0,3.2629948,0.0,0.0,0.0,0.0,0.0,0.0,0.0,0.0,0.0,0.0,0.0,0.0,0.0,0.0,0.0,0.0,0.87569666,7.4924836,6.776563,0.0,0.0,0.0,0.0,0.0,0.0,0.0,0.0,0.0,0.0,0.0,3.238402,0.0,0.0,0.0,5.854058,6.021188,1.2919934,0.0,5.030158,0.0,0.0,0.0,0.0,0.0,3.200255,0.0,0.0,0.0,0.0,0.0,0.0,0.0,5.9723444,0.0,0.0,0.0,0.0,0.0,0.0,0.0,0.0,0.0,0.0,0.0,0.0,0.0,0.0,0.0,12.847385,0.0,0.0,1.7908295,0.0,0.0,8.02476,6.377847,0.0,0.0,2.9171848,6.0547214
ACH-000768,0.0,0.0,5.7063227,3.3440385,0.0,4.5411797,2.4687154,0.0,5.4726925,0.0,0.0,3.5803416,0.0,0.0,0.0,0.0,0.0,0.889617,0.0,0.0,0.0,0.0,0.0,0.0,0.0,6.229959,0.0,0.0,0.068546094,0.0,7.448801,3.0866644,0.0,0.0,0.0,0.0,0.0,0.015137568,0.0,5.984063,0.0,0.0,0.0,0.0,1.6240143,0.0,0.0,3.3516536,0.0,0.0,0.0,0.0,0.0,0.0,0.0,0.0,0.0,0.0,0.0,0.0,0.0,0.0,0.0,0.0,1.0132992,6.6909456,6.7935295,0.0,0.0,0.0,0.0,0.0,0.0,0.0,0.0,0.0,0.0,0.0,3.4202223,0.0,0.0,0.0,7.519587,5.411708,2.1473417,0.0,5.048727,0.0,0.0,0.0,0.0,0.0,2.704501,0.0,0.0,0.0,0.0,0.0,0.0,0.0,4.881737,0.0,0.0,0.0,0.0,0.0,0.0,0.0,0.0,0.0,0.0,0.0,0.0,0.0,0.0,0.0,12.091361,0.0,0.0,0.8284626,0.0,0.0,7.7549434,6.5444903,0.0,0.8091331,2.8653977,6.7482934
ACH-000769,0.0,0.0,5.1153517,2.4559417,0.0,4.556524,2.6635287,0.0,4.98677,0.0,0.0,3.4663599,0.0,0.0,0.0,0.0,0.0,0.0,0.0,0.0,0.0,0.0,0.0,0.0,0.0,4.364742,0.0,0.0,0.0,0.0,6.404764,4.153032,0.0,0.0,0.0,0.0,0.0,0.0,0.0,5.095725,0.0,0.0,0.0,0.0,1.0884141,0.0,0.0,3.7125876,0.0,0.0,0.0,0.0,0.0,0.0,0.0,0.30447087,0.0,0.0,0.42844135,0.0,0.0,0.0,0.0,0.0,1.8377073,5.1377144,6.1523895,0.0,0.0,0.0,0.0,0.0,0.0,0.0,0.0,0.0,0.0,0.0,2.6116157,0.0,0.0,0.0,6.408853,6.2503653,2.824545,0.0,4.3889933,0.0,0.0,0.0,0.0,0.0,2.676863,0.0,0.0,0.0,0.0,0.0,0.0,0.0,4.0498333,0.0,0.0,0.0,0.0,0.0,0.0,0.0,0.0,0.0,0.0,0.0,0.0,0.0,0.0,0.0,10.780304,0.0,0.0,1.5169669,0.0,0.0,6.378137,6.1920075,0.0,1.0891885,2.9709203,5.537477
ACH-000771,0.0,0.0,4.904643,3.4193747,0.0,4.630374,3.2799695,0.0,5.573442,0.0,0.0,3.5050995,0.0,0.0,0.0,0.0,0.0,0.0,0.0,0.0,0.0,0.0,0.0,0.0,0.0,5.0606894,0.0,0.0,0.0,0.0,7.4297214,4.276125,0.0,0.0,0.0,0.0,0.0,0.0,0.0,4.906392,0.0,0.0,0.0,0.0,2.1122274,0.0,0.0,2.673244,0.0,0.0,0.0,0.0,0.0,0.0,0.0,0.0,0.0,0.0,0.0,0.0,0.0,0.0,0.0,0.0,0.36672753,6.050735,5.8732963,0.0,0.0,0.0,0.0,0.0,0.0,0.0,0.0,0.0,0.0,0.0,3.2800183,0.0,0.0,0.0,6.7625055,5.6070743,2.4856913,0.0,4.480045,0.0,0.0,0.0,0.0,0.0,2.4532175,0.0,0.0,0.0,0.0,0.0,0.0,0.0,4.175705,0.0,0.0,0.0,0.0,0.0,0.0,0.0,0.0,0.0,0.0,0.0,0.0,0.0,0.0,0.0,10.728692,0.0,0.0,2.1600142,0.0,0.0,6.546023,5.8446274,0.0,1.3223063,2.9568336,4.874218
ACH-000774,0.0,0.0,5.773424,3.1352181,0.0,4.139804,2.626715,0.0,5.9311595,0.0,0.0,3.7634685,0.0,0.0,0.0,0.0,0.0,0.0,0.0,0.0,0.0,0.0,0.0,0.0,0.0,4.614119,0.0,0.0,0.0,0.0,9.147449,4.735815,0.0,0.0,0.0,0.0,0.0,1.0823432,0.0,6.197596,0.0,0.0,0.0,0.0,2.6452076,0.0,0.0,4.013733,0.0,0.0,0.0,0.0,0.0,0.0,0.0,0.0,0.0,0.0,0.0,0.0,0.0,0.0,0.0,0.0,0.8679418,6.9868584,6.800927,0.0,0.0,0.0,0.0,0.0,0.0,0.0,0.0,0.0,0.0,0.0,3.8616693,0.0,0.0,0.0,6.813577,6.716439,3.3809958,0.0,4.5962687,0.0,0.0,0.0,0.9369664,0.0,2.4886882,0.0,0.0,0.0,0.0,0.0,0.0,0.0,4.0334673,0.0,0.0,0.0,0.0,0.0,0.0,0.0,0.0,0.0,0.0,0.0,0.0,0.0,0.0,0.0,11.776774,0.0,0.0,2.382786,0.0,0.0,6.676285,6.2711587,0.0,1.4672629,3.9639323,5.3673387
ACH-000775,0.0,0.0,5.710638,3.6936312,0.0,4.1372743,2.165493,0.0,5.7014136,0.0,0.0,4.6877666,0.0,0.0,0.0,0.0,0.0,0.0,0.0,0.0,0.0,0.0,0.0,0.0,0.0,5.492204,0.0,0.0,0.0,0.0,7.7741146,4.280137,0.0,0.0,0.0,0.0,0.0,0.5987744,0.0,4.891897,0.0,0.0,0.0,0.0,1.5756603,0.0,0.0,4.7015,0.0,0.0,0.0,0.0,0.0,0.0,0.0,0.086430594,0.0,0.0,0.0,0.0,0.0,0.0,0.0,0.0,1.9662056,5.922243,6.6383123,0.0,0.0,0.0,0.0,0.0,0.0,0.0,0.0,0.0,0.0,0.0,4.0479794,0.0,0.0,0.0,6.9049087,6.5867553,3.7166684,0.0,3.8079119,0.0,0.0,0.0,1.6897177,0.0,2.5182154,0.0,0.0,0.0,0.0,0.0,0.0,0.0,4.0954857,0.0,0.0,0.0,0.0,0.0,0.0,0.0,0.0,0.0,0.0,0.0,0.0,0.0,0.0,0.0,12.231218,0.0,0.0,1.052624,0.0,0.0,7.612503,6.806664,0.0,2.7524595,3.602045,5.4383483
ACH-000776,0.0,0.0,5.8158703,1.935531,0.0,5.0181713,2.0160396,0.0,5.2275996,0.0,0.0,3.5540524,0.0,0.0,0.0,0.0,0.0,0.0,0.0,0.0,0.0,0.0,0.0,0.0,0.0,3.9802403,0.0,0.0,0.0,0.0,7.654521,3.5199592,0.0,0.0,0.0,0.0,0.0,0.08359704,0.0,5.6428833,0.0,0.0,0.0,0.0,1.751491,0.0,0.0,2.8353357,0.0,0.0,0.0,0.0,0.0,0.0,0.0,0.0,0.0,0.0,0.0,0.0,0.0,0.0,0.0,0.0,0.71894294,5.9154315,6.767087,0.0,0.0,0.0,0.0,0.0,0.0,0.0,0.0,0.0,0.0,0.0,3.5922687,0.0,0.0,0.0,6.469078,5.7285624,2.821888,0.0,5.284592,0.0,0.0,0.0,0.12668955,0.0,2.8488998,0.0,0.0,0.0,0.0,0.0,0.0,0.0,5.587259,0.0,0.0,0.0,0.0,0.0,0.0,0.0,0.0,0.0,0.0,0.0,0.0,0.0,0.0,0.0,11.398583,0.0,0.0,2.7595959,0.0,0.0,7.335687,7.20042,0.0,0.9066296,3.3084579,6.349172
ACH-000777,0.0,0.0,5.6309323,2.54748,0.0,4.2875185,1.5764015,0.0,4.37825,0.0,0.0,4.7056527,0.0,0.0,0.0,0.0,0.0,0.0,0.0,0.0,0.0,0.0,0.0,0.0,0.0,4.5915112,0.0,0.0,0.0,0.0,7.587436,2.813674,0.0,0.0,0.0,0.0,0.0,0.0,0.0,5.495619,0.0,0.0,0.0,0.0,1.445201,0.0,0.0,2.4454665,0.0,0.0,0.0,0.0,0.0,0.0,0.0,0.0,0.0,0.0,0.0,0.0,0.0,0.0,0.0,0.0,1.2506014,5.78019,5.2369795,0.0,0.0,0.0,0.0,0.0,0.0,0.0,0.0,0.0,0.0,0.0,3.41771,0.0,0.0,0.0,6.892258,6.558905,2.5151963,0.0,4.1699934,0.0,0.0,0.0,0.0,0.0,3.3712475,0.0,0.0,0.0,0.0,0.0,0.0,0.0,3.2322958,0.0,0.0,0.0,0.0,0.0,0.0,0.0,0.0,0.0,0.0,0.0,0.0,0.0,0.0,0.0,11.6884985,0.0,0.0,0.9256464,0.0,0.0,7.7268863,6.9564414,0.0,1.5124637,2.5021198,5.439486
ACH-000778,0.0,0.0,5.3715568,3.002989,0.0,4.774499,2.2730377,0.0,5.819962,0.0,0.0,3.733733,0.0,0.0,0.0,0.0,0.0,0.0,0.0,0.0,0.0,0.0,0.0,0.0,0.0,4.4121027,0.0,0.0,0.0,0.0,7.683576,3.9815907,0.0,0.0,0.0,0.0,0.0,0.35637787,0.0,5.759914,0.0,0.0,0.0,0.0,2.3292613,0.0,0.0,3.4312708,0.0,0.0,0.0,0.0,0.0,0.0,0.0,0.0,0.0,0.0,0.0,0.0,0.0,0.0,0.0,0.0,0.94551617,5.751859,6.7998815,0.0,0.0,0.0,0.0,0.0,0.0,0.0,0.0,0.0,0.0,0.0,3.2354372,0.0,0.0,0.0,6.646759,5.33288,3.2692502,0.0,4.3719893,0.0,0.0,0.0,0.0,0.0,3.0020046,0.0,0.0,0.0,0.0,0.0,0.0,0.0,4.5138917,0.0,0.0,0.0,0.0,0.0,0.0,0.0,0.0,0.0,0.0,0.0,0.0,0.0,0.0,0.0,11.180553,0.0,0.0,2.2332094,0.0,0.0,7.204883,6.0981126,0.0,1.3080631,3.0625045,6.21057
ACH-000781,0.0,0.0,5.67838,1.8953277,0.0,4.520134,2.800683,0.0,6.2771516,0.0,0.0,3.996925,0.0,0.0,0.0,0.0,0.0,1.9385505,0.0,0.0,0.0,0.0,0.0,0.0,0.0,6.0686536,0.0,0.0,0.0,0.0,8.675847,5.295041,0.0,0.0,0.0,0.0,0.0,0.9799343,0.0,5.682657,0.0,0.0,0.0,0.0,2.5567632,0.0,0.0,3.2215195,0.0,0.0,0.0,0.0,0.0,0.0,0.0,0.0,0.0,0.0,0.0,0.0,0.0,0.0,0.0,0.0,1.8723297,7.5477724,7.331372,0.0,0.0,0.0,0.0,0.0,0.0,0.0,0.0,0.0,0.0,0.0,3.0657775,0.0,0.0,0.0,8.180814,6.8118153,2.0411448,0.0,6.604668,0.0,0.0,0.0,1.4124994,0.0,3.7670066,0.0,0.0,0.0,0.0,0.0,0.0,0.0,4.682827,0.0,0.0,0.0,0.0,0.0,0.0,0.0,0.0,0.0,0.0,0.0,0.0,0.0,0.0,0.0,12.966315,0.0,0.0,1.8590991,0.0,0.0,7.92537,7.1665177,0.0,0.65822184,3.3214924,5.948134
ACH-000783,0.0,0.0,5.4872923,3.3516762,0.0,4.5463085,2.857937,0.0,4.5140624,0.0,0.0,3.4551718,0.0,0.0,0.0,0.0,0.0,0.0,0.0,0.0,0.0,0.0,0.0,0.0,0.0,5.0943074,0.0,0.0,0.68411964,0.0,7.647309,3.8081536,0.0,0.0,0.0,0.0,0.0,0.0,1.3500373,5.5169578,0.0,0.0,0.0,0.0,1.8685104,0.0,0.0,3.3394816,0.0,0.0,0.0,0.0,0.0,0.0,0.0,0.0,0.0,0.0,1.395506,0.0,0.0,0.0,0.0,0.0,2.3463862,4.5623994,6.4675026,0.0,0.0,0.0,0.0,0.0,0.0,0.0,0.0,0.0,0.0,0.0,2.6690466,0.0,0.0,0.0,5.8747816,5.0361915,2.510707,0.0,5.0824018,0.0,0.0,0.0,0.0,0.0,3.5637672,0.0,0.0,0.0,0.0,0.0,0.0,0.0,3.9953036,0.0,0.0,0.0,0.0,0.0,0.0,0.0,0.0,0.0,0.0,1.0359608,0.0,0.0,0.0,0.0,10.595022,0.0,0.0,0.42099318,0.0,0.0,6.4180655,6.279486,0.0,1.4236375,2.1701071,5.5971212
ACH-000784,0.0,0.0,4.8924017,3.626513,0.0,4.420445,1.1788126,0.0,5.391501,0.0,0.0,1.638731,0.0,0.0,0.0,0.0,0.0,0.0,0.0,0.0,0.0,0.0,0.0,0.0,0.0,5.01888,0.0,0.0,0.0,0.0,7.361261,4.925317,0.0,0.0,0.0,0.0,0.0,0.12927398,0.0,5.5256677,0.0,0.0,0.0,0.0,1.0971634,0.0,0.0,2.436968,0.0,0.0,0.0,0.0,0.0,0.0,0.0,0.7839427,0.0,0.0,0.0,0.0,0.0,0.0,0.0,0.0,2.0828524,5.492986,4.998881,0.0,0.0,0.0,0.0,0.0,0.0,0.0,0.0,0.0,0.0,0.0,2.6586373,0.0,0.0,0.0,5.0767293,6.750662,2.0714283,0.0,5.0747423,0.0,0.0,0.0,0.0,0.0,1.7012546,0.0,0.0,0.0,0.0,0.0,0.0,0.0,4.767232,0.0,0.0,0.0,0.0,0.0,0.0,0.0,0.0,0.0,0.0,0.0,0.0,0.0,0.0,0.0,9.831738,0.0,0.0,2.3677728,0.0,0.0,7.7745957,6.116814,0.0,1.332524,3.3232286,4.990049
ACH-000785,0.0,0.0,4.462306,3.104685,0.0,4.860998,3.015321,0.0,6.169766,0.0,0.0,3.5975893,0.0,0.0,0.0,0.0,0.0,0.0,0.0,0.0,0.0,0.0,0.0,0.0,0.0,5.3977876,0.0,0.0,0.0,0.0,8.073033,5.201461,0.0,0.0,0.0,0.0,0.0,0.6017541,0.0,4.6978903,0.0,0.0,0.0,0.0,1.65709,0.0,0.0,3.0865,0.0,0.0,0.0,0.0,0.0,0.0,0.0,0.0,0.0,0.0,0.0,0.0,0.0,0.0,0.0,0.0,1.1548822,7.048718,5.450755,0.0,0.0,0.0,0.0,0.0,0.0,0.0,0.0,0.0,0.0,0.0,3.2670224,0.0,0.0,0.0,6.778686,6.4414973,2.389478,0.0,5.0308533,0.0,0.0,0.0,0.8935801,0.0,2.6902049,0.0,0.0,0.0,0.0,0.0,0.0,0.0,5.674614,0.0,0.0,0.0,0.0,0.0,0.0,0.0,0.0,0.0,0.0,0.0,0.0,0.0,0.0,0.0,12.725834,0.0,0.0,2.216618,0.0,0.0,7.0355754,6.395952,0.0,0.83159184,2.9444702,4.832827
ACH-000787,0.0,0.0,5.5610166,4.224247,0.0,5.389703,2.492321,0.0,5.2826324,0.0,0.0,4.3578796,0.0,0.0,0.0,0.0,0.0,0.0,0.0,0.0,0.0,0.0,0.0,0.0,0.0,5.1468253,0.0,0.0,0.0,0.0,8.549397,4.446565,0.0,0.0,0.0,0.0,0.0,0.8378575,0.0,6.453054,0.0,0.0,0.0,0.0,1.6644316,0.0,0.0,3.1367924,0.0,0.0,0.0,0.0,0.0,0.0,0.0,0.0,0.0,0.0,0.0,0.0,0.0,0.0,0.0,0.0,1.6567421,7.157553,6.5595865,0.0,0.0,0.0,0.0,0.0,0.0,0.0,0.0,0.7360784,0.0,0.0,3.2842965,0.0,0.0,0.0,5.947518,5.5180144,1.9308829,0.0,4.8487186,0.0,0.0,0.0,0.0,0.0,2.8455524,0.0,0.0,0.0,0.0,0.0,0.0,0.0,5.3766,0.0,0.0,0.0,0.0,0.0,0.0,0.0,0.0,0.0,0.0,0.0,0.0,0.0,0.0,0.0,13.334788,0.0,0.0,2.0759091,0.0,0.0,6.9025416,6.3885765,0.0,1.2198092,3.5799274,6.4210167
ACH-000788,0.0,0.0,5.4533753,2.185817,0.0,4.724019,2.324198,0.0,5.033053,0.0,0.0,3.4860241,0.0,0.0,0.0,0.0,0.0,0.0,0.0,0.0,0.0,0.0,0.0,0.0,0.0,4.667617,0.0,0.0,0.0,0.0,7.1655674,3.6297483,0.0,0.0,0.0,0.0,0.0,0.16118889,0.0,5.0384755,0.0,0.0,0.0,0.0,1.0474845,0.0,0.0,3.3193588,0.0,0.0,0.0,0.0,0.0,0.0,0.0,0.0,0.0,0.0,0.0,0.0,0.0,0.0,0.0,0.0,1.6758608,5.200063,6.020342,0.0,0.0,0.0,0.0,0.0,0.0,0.0,0.0,0.0,0.0,0.0,2.7014928,0.0,0.0,0.0,6.736077,6.046973,3.058165,0.0,4.4206967,0.0,0.0,0.0,0.0,0.0,3.3602407,0.0,0.0,0.0,0.0,0.0,0.0,0.0,5.4381666,0.0,0.0,0.0,0.0,0.0,0.0,0.0,0.0,0.0,0.0,0.0,0.0,0.0,0.0,0.0,10.943141,0.0,0.0,1.5166478,0.0,0.0,7.133843,6.253463,0.0,2.3146007,2.9134605,5.0484176
ACH-000791,0.0,0.0,4.9710627,3.0169675,0.0,5.952962,2.9983366,0.0,5.973894,0.0,0.0,4.216011,0.0,0.0,0.0,0.0,0.0,0.0,0.0,0.0,0.0,0.0,0.0,0.0,0.0,4.6450047,0.0,0.0,0.0,0.0,8.629015,4.5428762,0.0,0.0,0.0,0.0,0.0,1.074086,0.0,5.211226,0.0,0.0,0.0,0.0,2.6032467,0.0,0.0,3.3006678,0.0,0.0,0.0,0.0,0.0,0.0,0.0,0.0,0.0,0.0,0.0,0.0,0.0,0.0,0.0,0.0,1.5350662,7.371241,6.722296,0.0,0.0,0.0,0.0,0.0,0.0,0.0,0.0,0.0,0.0,0.0,3.4429958,0.0,0.0,0.0,7.939407,6.274378,3.436711,0.0,4.8815994,0.0,0.0,0.0,0.39646897,0.0,2.850254,0.0,0.0,0.0,0.0,0.0,0.0,0.0,4.133444,0.0,0.0,0.0,0.0,0.0,0.0,0.0,0.0,0.0,0.0,0.0,0.0,0.0,0.0,0.0,14.3177805,0.0,0.0,1.1883751,0.0,0.0,9.478883,7.196626,0.0,0.40332684,2.99962,4.982471
ACH-000792,0.0,0.0,5.53533,2.397162,0.0,4.5027165,2.3376076,0.0,6.449118,0.0,0.0,3.3723485,0.0,0.0,0.0,0.0,0.0,0.0,0.0,0.0,0.0,0.0,0.0,0.0,0.0,6.1994143,0.0,0.0,0.0,0.0,7.7628536,4.8716154,0.0,0.0,0.0,0.0,0.0,1.3220536,0.0,6.119713,0.0,0.0,0.0,0.0,2.4319007,0.0,0.0,3.6155841,0.0,0.0,0.0,0.0,0.0,0.0,0.0,0.0,0.0,0.0,0.0,0.0,0.0,0.0,0.0,0.0,2.249702,7.0743465,6.651951,0.0,0.0,0.0,0.0,0.0,0.0,0.0,0.0,0.6534766,0.0,0.0,3.16693,0.0,0.0,0.0,7.07349,7.3250904,3.288585,0.0,4.4168215,0.0,0.0,0.0,0.0,0.0,2.2735465,0.0,0.0,0.0,0.0,0.0,0.0,0.0,4.046268,0.0,0.0,0.0,0.0,0.0,0.0,0.0,0.0,0.0,0.0,0.0,0.0,0.0,0.0,0.0,13.06707,0.0,0.0,2.9507744,0.0,0.0,8.069539,6.74163,0.0,1.2336515,2.9554217,5.687506
ACH-000796,0.0,0.0,6.055458,3.3799055,0.0,4.9068027,3.2098558,0.0,5.181588,0.0,0.0,3.7325299,0.0,0.0,0.0,0.0,0.0,0.0,0.0,0.0,0.0,0.0,0.0,0.0,0.0,4.775347,0.0,0.0,0.0,0.0,7.716318,4.676345,0.0,0.0,0.0,0.0,0.0,0.5884333,0.0,5.993707,0.0,0.0,0.0,0.0,1.5787593,0.0,0.0,2.1769419,0.0,0.0,0.0,0.0,0.0,0.0,0.0,0.5804957,0.0,0.0,0.0,0.0,0.0,0.0,0.0,0.0,0.5945992,6.190021,5.069487,0.0,0.0,0.0,0.0,0.0,0.0,0.0,0.0,0.0,0.0,0.0,2.7691734,0.0,0.0,0.0,6.0874286,4.8432975,2.4244325,0.0,3.970108,0.0,0.0,0.0,0.045734145,0.0,2.9848251,0.0,0.0,0.0,0.0,0.0,0.0,0.0,4.390631,0.0,0.0,0.0,0.0,0.0,0.0,0.0,0.0,0.0,0.0,0.0,0.0,0.0,0.0,0.0,12.124102,0.0,0.0,1.2070973,0.0,0.0,6.347409,5.9604774,0.0,1.4405056,2.94122,4.9566083
ACH-000800,0.0,0.0,4.737869,2.6056337,0.0,4.1927137,2.2733395,0.0,4.4222393,0.0,0.0,2.352435,0.0,0.0,0.0,0.0,0.0,0.0,0.0,0.0,0.0,0.0,0.0,0.0,0.0,4.3299546,0.0,0.0,0.0,0.0,7.4454513,4.254154,0.0,0.0,0.0,0.0,0.0,0.96159065,0.7376615,4.8503375,0.0,0.0,0.0,0.0,1.2531366,0.0,0.0,2.895649,0.3364627,0.0,0.0,0.0,0.0,0.0,0.0,0.22203945,0.0,0.0,0.03090852,0.0,0.0,0.0,0.0,0.0,0.83679265,5.6959543,6.103801,0.0,0.0,0.0,0.0,0.0,0.0,0.0,0.0,0.0,0.0,0.0,2.663545,0.0,0.0,0.0,5.74398,4.7404814,3.251341,0.0,4.4256,0.0,0.0,0.0,0.23468596,0.0,1.7708547,0.0,0.0,0.0,0.0,0.0,0.0,0.0,3.6497257,0.0,0.0,0.0,0.0,0.0,0.0,0.0,0.0,0.0,0.0,0.0,0.0,0.0,0.0,0.7492279,10.1026535,0.0,0.0,1.94267,0.0,0.0,7.1123476,6.367434,0.0,1.1649835,2.62766,5.0319467
ACH-000802,0.0,0.0,5.6349707,2.2122612,0.0,5.0777884,2.6646655,0.0,5.9318814,0.0,0.0,4.242136,0.0,0.0,0.0,0.0,0.0,0.38637376,0.0,0.0,0.0,0.0,0.0,0.0,0.0,5.4183397,0.0,0.0,0.0,0.0,7.385504,4.617235,0.0,0.0,0.0,0.0,0.0,0.0,0.0,4.9671984,0.0,0.0,0.0,0.0,1.289266,0.0,0.0,3.2777648,0.0,0.0,0.0,0.0,0.0,0.0,0.0,0.13704006,0.0,0.0,0.0,0.0,0.0,0.0,0.0,0.0,1.9729064,7.6672444,6.2005806,0.0,0.0,0.0,0.0,0.0,0.0,0.0,0.0,0.0,0.0,0.0,3.9327798,0.0,0.0,0.0,7.4205165,7.2130566,2.3840625,0.0,4.846614,0.0,0.0,0.0,0.0,0.0,2.9343135,0.0,0.0,0.0,0.0,0.0,0.0,0.0,5.2284465,0.0,0.0,0.0,0.0,0.0,0.0,0.0,0.0,0.0,0.0,0.0,0.0,0.0,0.0,0.0,12.539588,0.0,0.0,1.7480062,0.0,0.0,7.3060517,7.0160694,0.0,1.1195673,3.3443935,5.3602324
ACH-000803,0.0,0.0,5.245129,2.4844596,0.0,3.5878894,2.642383,0.0,5.3918643,0.0,0.0,3.7353423,0.0,0.0,0.0,0.0,0.0,0.0,0.0,0.0,0.0,0.0,0.0,0.0,0.0,5.289209,0.0,0.0,0.0,0.0,6.69121,4.082775,0.0,0.0,0.0,0.0,0.0,0.30831414,0.7642188,3.979607,0.0,0.0,0.0,0.0,1.2886493,0.0,0.0,3.485353,0.0,0.0,0.0,0.0,0.0,0.0,0.0,0.37575337,0.0,0.0,0.92105335,0.0,0.0,0.0,0.0,0.0,3.00129,5.868005,5.821697,0.0,0.0,0.0,0.0,0.0,0.0,0.0,0.0,0.0,0.0,0.0,2.4688852,0.0,0.0,0.0,5.5026646,6.0566444,2.9033225,0.0,3.7778273,0.0,0.0,0.0,0.0,0.0,2.6941307,0.0,0.0,0.0,0.0,0.0,0.0,0.0,4.1681037,0.0,0.0,0.0,0.0,0.0,0.0,0.0,0.0,0.0,0.0,0.420406,0.0,0.0,0.0,0.0,10.316595,0.0,0.0,1.9466196,0.0,0.0,6.6559305,5.7848363,0.0,1.1000609,3.026408,4.999024
ACH-000804,0.0,0.0,4.5973253,1.9178145,0.0,4.016437,1.6571152,0.0,4.7683177,0.0,0.0,2.339314,0.0,0.0,0.0,0.0,0.0,0.0,0.0,0.0,0.0,0.0,0.0,0.0,0.0,4.248104,0.0,0.0,0.0,0.0,6.646248,4.5782046,0.0,0.0,0.0,0.0,0.0,0.0,0.61663,5.1612387,0.0,0.0,0.0,0.0,1.4999752,0.0,0.0,3.6135707,0.0,0.0,0.0,0.0,0.0,0.0,0.0,0.1226884,0.0,0.0,0.0,0.0,0.0,0.0,0.0,0.0,2.3692553,5.350189,6.8200145,0.0,0.0,0.0,0.0,0.0,0.0,0.0,0.0,0.0,0.0,0.0,2.7341962,0.0,0.0,0.0,4.596092,5.880522,3.0649621,0.0,2.9527607,0.0,0.0,0.0,0.0,0.0,0.8904349,0.0,0.0,0.0,0.0,0.0,0.0,0.0,2.8980277,0.0,0.0,0.0,0.0,0.0,0.0,0.0,0.0,0.0,0.0,0.0,0.0,0.0,0.0,0.71207255,10.54703,0.0,0.0,1.4300172,0.0,0.0,7.839378,5.565016,0.0,1.2962097,2.8397038,5.387761
ACH-000805,0.0,0.0,4.3085194,2.737017,0.0,4.0486126,3.096986,0.0,4.764817,0.0,0.0,3.3646472,0.0,0.0,0.0,0.0,0.0,0.0,0.0,0.0,0.0,0.0,0.0,0.0,0.0,5.5424867,0.0,0.0,0.0,0.0,7.0450907,3.074107,0.0,0.0,0.0,0.0,0.0,0.0,0.0,5.020157,0.0,0.0,0.0,0.0,1.7415508,0.0,0.0,1.8275096,0.0,0.0,0.0,0.0,0.0,0.0,0.0,0.54070395,0.0,0.0,0.0,0.0,0.0,0.0,0.0,0.0,2.1767042,5.773792,4.5759573,0.0,0.0,0.0,0.0,0.0,0.0,0.0,0.0,0.0,0.0,0.0,2.8736436,0.0,0.0,0.0,6.6262026,6.1112995,3.4287617,0.0,4.323601,0.0,0.0,0.0,0.0,0.0,3.4862092,0.0,0.0,0.0,0.0,0.0,0.0,0.0,4.2908735,0.0,0.0,0.0,0.0,0.0,0.0,0.0,0.0,0.0,0.27098122,0.0,0.0,0.0,0.0,0.0,10.675531,0.0,0.0,1.7104303,0.0,0.0,7.072719,6.493812,0.0,1.8743056,3.3662953,5.996353
ACH-000808,0.0,0.0,5.798174,3.7437816,0.0,5.2614355,2.7527864,0.0,6.385138,0.0,0.0,3.2352395,0.0,0.0,0.0,0.0,0.0,0.0,0.0,0.0,0.0,0.0,0.0,0.0,0.0,6.12612,0.0,0.0,0.0,0.0,7.200325,5.2712307,0.0,0.0,0.0,0.0,0.0,1.4891295,0.0,6.6078377,0.0,0.0,0.0,0.0,1.6876285,0.0,0.0,2.48393,0.0,0.0,0.0,0.0,0.0,0.0,0.0,0.0,0.0,0.0,0.0,0.0,0.0,0.0,0.0,0.0,0.70694435,6.7280636,6.272608,0.0,0.0,0.0,0.0,0.0,0.0,0.0,0.0,0.0,0.0,0.0,3.6771867,0.0,0.0,0.0,7.3215704,5.7249575,2.836176,0.0,4.513848,0.0,0.0,0.0,0.49700525,0.0,2.7691164,0.0,0.0,0.0,0.0,0.0,0.0,0.0,4.68258,0.0,0.0,0.0,0.0,0.0,0.0,0.0,0.0,0.0,0.0,0.0,0.0,0.0,0.0,0.18467195,12.709605,0.0,0.0,2.6837869,0.0,0.0,7.8657637,6.346851,0.0,0.9636617,3.5547054,4.886434
ACH-000809,0.0,0.0,5.77564,2.5212896,0.0,4.0252757,2.5664322,0.0,4.6377816,0.0,0.0,3.3378394,0.0,0.0,0.0,0.0,0.0,0.0,0.0,0.0,0.0,0.0,0.0,0.0,0.0,5.41646,0.0,0.0,0.0,0.0,7.9095163,3.2881122,0.0,0.0,0.0,0.0,0.0,0.1759913,0.0,5.277577,0.0,0.0,0.0,0.0,1.053845,0.0,0.0,3.6042209,0.0,0.0,0.0,0.0,0.0,0.0,0.0,0.0,0.0,0.0,0.0,0.0,0.0,0.0,0.0,0.0,0.6909819,6.4699664,6.6732197,0.0,0.0,0.0,0.0,0.0,0.0,0.0,0.0,0.0,0.0,0.0,3.4897573,0.0,0.0,0.0,6.221928,5.683466,2.6808558,0.0,5.532153,0.0,0.0,0.0,0.5187775,0.0,3.7971838,0.0,0.0,0.0,0.0,0.0,0.0,0.0,5.1610465,0.0,0.0,0.0,0.0,0.0,0.0,0.0,0.0,0.0,0.0,0.0,0.0,0.0,0.0,0.0,11.506413,0.0,0.0,1.8660542,0.0,0.0,7.044738,6.734238,0.0,1.5479332,2.807773,5.1638055
ACH-000810,0.0,0.0,6.142334,2.5283847,0.0,4.2694826,2.464359,0.0,4.9184785,0.0,0.0,2.9953294,0.0,0.0,0.0,0.0,0.0,0.58093494,0.0,0.0,0.0,0.0,0.0,0.0,0.0,4.939976,0.0,0.0,0.0,0.0,7.9622025,5.029485,0.0,0.0,0.0,0.0,0.0,1.1756134,0.0,5.425718,0.0,0.0,0.0,0.0,2.2121298,0.0,0.0,3.3681188,0.0,0.0,0.0,0.0,0.0,0.0,0.0,0.49290338,0.0,0.0,0.0,0.0,0.0,0.0,0.0,0.0,2.2820294,5.3814807,6.3947678,0.0,0.0,0.0,0.0,0.0,0.0,0.0,0.0,0.0,0.0,0.0,3.21264,0.0,0.0,0.0,6.3719783,5.9941845,4.033344,0.0,4.75434,0.0,0.0,0.0,0.0,0.0,2.543065,0.0,0.0,0.0,0.0,0.0,0.0,0.0,4.0995054,0.0,0.0,0.0,0.0,0.0,0.0,0.0,0.0,0.0,0.0,0.0,0.0,0.0,0.0,0.49130023,10.668559,0.0,0.0,1.2774649,0.0,0.0,6.6798434,6.2480273,0.0,1.5244696,3.474281,5.7997723
ACH-000811,0.0,0.0,5.917787,4.0544457,0.0,5.1487384,1.6425725,0.0,5.041018,0.0,0.0,4.3332057,0.0,0.0,0.0,0.0,0.0,0.0,0.0,0.0,0.0,0.0,0.0,0.0,0.0,5.7533813,0.0,0.0,0.0,0.0,7.998232,4.2464066,0.0,0.0,0.0,0.0,0.0,0.14022756,0.0,6.2083154,0.0,0.0,0.0,0.0,1.6168429,0.0,0.0,2.4203176,0.0,0.0,0.0,0.0,0.0,0.0,0.0,0.12118612,0.0,0.0,0.0,0.0,0.0,0.0,0.0,0.0,1.6732727,6.8415785,6.6151505,0.0,0.0,0.0,0.0,0.0,0.0,0.0,0.0,0.0004959889,0.0,0.0,3.8499558,0.0,0.0,0.0,7.204126,7.063727,2.5071347,0.0,4.940332,0.0,0.0,0.0,0.0,0.0,3.5674603,0.0,0.0,0.0,0.0,0.0,0.0,0.0,4.662032,0.0,0.0,0.0,0.0,0.0,0.0,0.0,0.0,0.0,0.0,0.0,0.0,0.0,0.0,0.0,13.8569355,0.0,0.0,2.0074768,0.0,0.0,8.0771675,6.9905257,0.0,1.4892617,3.4826014,5.2807326
ACH-000812,0.0,0.0,5.45396,2.54518,0.0,4.154392,1.8517559,0.0,5.5030885,0.0,0.0,2.8068619,0.0,0.0,0.0,0.0,0.0,0.0,0.0,0.0,0.0,0.0,0.0,0.0,0.0,3.8829124,0.0,0.0,0.0,0.0,7.323187,4.4693995,0.0,0.0,0.0,0.0,0.0,0.0,0.0,6.138195,0.0,0.0,0.0,0.0,1.0873193,0.0,0.0,3.5919266,0.0,0.0,0.0,0.0,0.0,0.0,0.0,0.0,0.0,0.0,0.0,0.0,0.0,0.0,0.0,0.0,0.9194241,6.015232,6.230361,0.0,0.0,0.0,0.0,0.0,0.0,0.0,0.0,0.0,0.0,0.0,2.538551,0.0,0.0,0.0,6.2923965,5.435346,3.0617983,0.0,3.9952455,0.0,0.0,0.0,0.0,0.0,2.998658,0.0,0.0,0.0,0.0,0.0,0.0,0.0,4.2603817,0.0,0.0,0.0,0.0,0.0,0.0,0.0,0.0,0.0,0.0,0.0,0.0,0.0,0.0,0.0,11.835528,0.0,0.0,2.6822937,0.0,0.0,6.944489,6.732042,0.0,1.3946964,3.6327665,6.3415136
ACH-000813,0.0,0.0,6.072941,2.889546,0.0,6.2907915,2.8066647,0.0,3.9558866,0.0,0.0,4.0667906,0.0,0.0,0.0,0.0,0.0,0.0,0.0,0.0,0.0,0.0,0.0,0.0,0.0,4.996409,0.0,0.0,0.0,0.0,6.8451147,4.0018263,0.0,0.0,0.0,0.0,0.0,0.028782738,0.0,4.973351,0.0,0.0,0.0,0.0,2.0949497,0.0,0.0,2.6427166,0.0,0.0,0.0,0.0,0.0,0.0,0.0,0.27762893,0.0,0.0,0.0,0.0,0.0,0.0,0.0,0.0,1.5467767,5.961575,6.013034,0.0,0.0,0.0,0.0,0.0,0.0,0.0,0.0,0.0,0.0,0.0,3.004179,0.0,0.0,0.0,6.7886143,5.760946,2.569697,0.0,5.488201,0.0,0.0,0.0,0.0,0.0,3.8812149,0.0,0.0,0.0,0.0,0.0,0.0,0.0,5.242728,0.0,0.0,0.0,0.0,0.0,0.0,0.0,0.0,0.0,0.0,0.0,0.0,0.0,0.0,0.0,12.578019,0.0,0.0,0.9083517,0.0,0.0,7.4353995,6.7305264,0.0,1.0076101,3.0755146,5.8528457
ACH-000814,0.0,0.0,6.343573,3.176782,0.0,4.758135,2.168528,0.0,5.024332,0.0,0.0,4.018916,0.0,0.0,0.0,0.0,0.0,0.0,0.0,0.0,0.0,0.0,0.0,0.0,0.0,5.626119,0.0,0.0,0.0,0.0,8.9439945,4.114846,0.0,0.0,0.0,0.0,0.0,0.848334,0.0,5.958307,0.0,0.0,0.0,0.0,2.1094835,0.0,0.0,3.4561324,0.0,0.0,0.0,0.0,0.0,0.0,0.0,0.20222364,0.0,0.0,0.0,0.0,0.0,0.0,0.0,0.0,1.9155176,7.133802,6.8040447,0.0,0.0,0.0,0.0,0.0,0.0,0.0,0.0,0.0,0.0,0.0,3.5900426,0.0,0.0,0.0,6.971499,6.543395,3.930105,0.0,4.602337,0.0,0.0,0.0,0.0,0.0,3.4205253,0.0,0.0,0.0,0.0,0.0,0.0,0.0,4.749876,0.0,0.0,0.0,0.0,0.0,0.0,0.0,0.0,0.0,0.72308624,0.0,0.0,0.0,0.0,0.0,13.345301,0.0,0.0,1.8243895,0.0,0.0,7.3609776,6.8611465,0.0,1.5155561,3.6525948,5.4807935
ACH-000819,0.0,0.0,5.5707445,2.5823638,0.0,5.395707,1.5957761,0.0,5.4138174,0.0,0.0,3.7388968,0.0,0.0,0.0,0.0,0.0,0.0,0.0,0.0,0.0,0.0,0.0,0.0,0.0,4.7519374,0.0,0.0,0.0,0.0,7.441949,4.579446,0.0,0.0,0.0,0.0,0.0,0.0,0.0,5.749586,0.0,0.0,0.0,0.0,1.3757629,0.0,0.0,1.9525287,0.0,0.0,0.0,0.0,0.0,0.0,0.0,0.1954274,0.0,0.0,0.0,0.0,0.0,0.0,0.0,0.0,2.4661362,6.1600356,5.0909867,0.0,0.0,0.0,0.0,0.0,0.0,0.0,0.0,0.0,0.0,0.0,2.9453206,0.0,0.0,0.0,5.596568,6.0140834,1.7150543,0.0,5.297076,0.0,0.0,0.0,0.0,0.0,1.254485,0.0,0.0,0.0,0.0,0.0,0.0,0.0,4.972159,0.0,0.0,0.0,0.0,0.0,0.0,0.0,0.0,0.0,0.0,0.0,0.0,0.0,0.0,0.0,11.845525,0.0,0.0,1.9766536,0.0,0.0,7.3338447,6.5383162,0.0,0.4301035,3.079627,5.477809
ACH-000822,0.0,0.0,5.573574,3.911305,0.0,4.125107,2.2521436,0.0,5.8053465,0.0,0.0,3.5446663,0.0,0.0,0.0,0.0,0.0,0.0,0.0,0.0,0.0,0.0,0.0,0.0,0.0,5.214653,0.0,0.0,0.0,0.0,7.7135496,3.9920642,0.0,0.0,0.0,0.0,0.0,1.2938249,0.0,6.3349414,0.0,0.0,0.0,0.0,1.591652,0.0,0.0,3.9078314,0.0,0.0,0.0,0.0,0.0,0.0,0.0,0.0,0.0,0.0,0.0,0.0,0.0,0.0,0.0,0.0,1.6316338,6.1975346,6.214388,0.0,0.0,0.0,0.0,0.0,0.0,0.0,0.0,0.96853733,0.0,0.0,3.036125,0.0,0.0,0.0,6.802485,6.3810797,3.5115745,0.0,4.5287333,0.0,0.0,0.0,0.6321653,0.0,3.3772,0.0,0.0,0.0,0.0,0.0,0.0,0.0,4.3738747,0.0,0.0,0.0,0.0,0.0,0.0,0.0,0.0,0.0,0.44967344,0.0,0.0,0.0,0.0,0.0,12.543029,0.0,0.0,2.4674406,0.0,0.0,7.8411016,6.608643,0.0,1.4882615,3.1708758,4.7931867
ACH-000823,0.0,0.0,6.2741976,3.442136,0.0,4.446832,1.8014412,0.0,4.823375,0.0,0.0,3.3429918,0.0,0.0,0.0,0.0,0.0,0.0,0.0,0.0,0.0,0.0,0.0,0.0,0.0,4.9092402,0.0,0.0,0.0,0.0,6.587137,4.7196126,0.0,0.0,0.0,0.0,0.0,0.6805985,0.0,5.390376,0.0,0.0,0.0,0.0,1.3422534,0.0,0.0,2.7583652,0.0,0.0,0.0,0.0,0.0,0.0,0.0,0.32741222,0.0,0.0,0.0,0.0,0.0,0.0,0.0,0.0,2.5146298,5.7104225,5.750928,0.0,0.0,0.0,0.0,0.0,0.0,0.0,0.0,0.0,0.0,0.0,3.5232742,0.0,0.0,0.0,6.0267572,5.53133,2.8106847,0.0,4.7626543,0.0,0.0,0.0,0.09599794,0.0,2.8041623,0.0,0.0,0.0,0.0,0.0,0.0,0.0,4.275228,0.0,0.0,0.0,0.0,0.0,0.0,0.0,0.0,0.0,0.0,0.0,0.0,0.0,0.0,0.0,10.523196,0.0,0.0,1.8858584,0.0,0.0,7.9320807,6.694529,0.0,1.5637215,3.2691536,4.3912363
ACH-000824,0.0,0.0,5.076866,3.18537,0.0,4.97038,2.0974507,0.0,5.4341655,0.0,0.0,4.081599,0.0,0.0,0.0,0.0,0.0,0.0,0.0,0.0,0.0,0.0,0.0,0.0,0.0,4.2448173,0.0,0.0,0.0,0.0,7.711475,3.6014085,0.0,0.0,0.0,0.0,0.0,0.0,0.0,5.665469,0.0,0.0,0.0,0.0,1.919569,0.0,0.0,3.2626443,0.0,0.0,0.0,0.0,0.0,0.0,0.0,0.0,0.0,0.0,0.0,0.0,0.0,0.0,0.0,0.0,1.5562787,6.7938704,5.9961977,0.0,0.0,0.0,0.0,0.0,0.0,0.0,0.0,0.0,0.0,0.0,2.9534838,0.0,0.0,0.0,6.4472785,6.333078,1.4555955,0.0,5.2602587,0.0,0.0,0.0,0.0,0.0,2.8091602,0.0,0.0,0.0,0.0,0.0,0.0,0.0,4.3566284,0.0,0.0,0.0,0.0,0.0,0.0,0.0,0.0,0.0,0.0,0.0,0.0,0.0,0.0,0.0,12.521661,0.0,0.0,1.2574176,0.0,0.0,7.1732883,6.573042,0.0,1.2646388,2.3388555,5.7108226
ACH-000826,0.0,0.0,5.6441536,2.056017,0.0,5.487555,2.572515,0.0,5.7579207,0.0,0.0,4.376592,0.0,0.0,0.0,0.0,0.0,0.0,0.0,0.0,0.0,0.0,0.0,0.0,0.0,4.413402,0.0,0.0,0.0,0.0,8.562427,4.120876,0.0,0.0,0.0,0.0,0.0,0.89367574,0.0,5.751107,0.0,0.0,0.0,0.0,2.699299,0.0,0.0,4.50878,0.0,0.0,0.0,0.0,0.0,0.0,0.0,0.0,0.0,0.0,0.0,0.0,0.0,0.0,0.0,0.0,1.2231534,6.172866,6.3134336,0.0,0.0,0.0,0.0,0.0,0.0,0.0,0.0,0.0,0.0,0.0,3.2353299,0.0,0.0,0.0,6.444045,6.5656424,2.5643194,0.0,5.3531704,0.0,0.0,0.0,0.22036391,0.0,3.029914,0.0,0.0,0.0,0.0,0.0,0.0,0.0,4.3594093,0.0,0.0,0.0,0.0,0.0,0.0,0.0,0.0,0.0,0.0,0.0,0.0,0.0,0.0,0.0,11.988221,0.0,0.0,1.9144539,0.0,0.0,6.756061,6.0408015,0.0,1.4505258,3.7727292,5.6779346
ACH-000827,0.0,0.0,5.8384356,2.9077327,0.0,4.5489655,2.581554,0.0,5.703653,0.0,0.0,3.5736797,0.0,0.0,0.0,0.0,0.0,0.0,0.0,0.0,0.0,0.0,0.0,0.0,0.0,4.832838,0.0,0.0,0.0,0.0,8.284228,4.735063,0.0,0.0,0.0,0.0,0.0,0.99710244,0.0,6.196492,0.0,0.1009496,0.0,0.0,1.4330152,0.0,0.0,3.3056967,0.0,0.0,0.0,0.0,0.0,0.0,0.0,0.0,0.0,0.0,0.0,0.0,0.0,0.0,0.0,0.0,0.90090865,7.1359334,7.288306,0.0,0.0,0.0,0.0,0.0,0.0,0.0,0.0,0.5604,0.0,0.0,3.1805222,0.0,0.0,0.0,6.7562237,6.001182,2.2645037,0.0,4.759388,0.0,0.0,0.0,0.11565099,0.0,2.895733,0.0,0.0,0.0,0.0,0.0,0.0,0.0,4.508723,0.0,0.0,0.0,0.0,0.0,0.0,0.0,0.0,0.0,0.0,0.0,0.0,0.0,0.0,0.0,12.587768,0.0,0.0,3.0515053,0.0,0.0,7.4783235,6.8538194,0.0,1.2651391,3.3411157,5.582322
ACH-000832,0.0,0.0,5.622118,2.661405,0.0,4.811087,2.8908207,0.0,6.4441953,0.0,0.0,3.4931815,0.0,0.0,0.0,0.0,0.0,0.0,0.0,0.0,0.0,0.0,0.0,0.0,0.0,4.1164966,0.0,0.0,0.0,0.0,7.0694427,5.2514887,0.0,0.0,0.0,0.0,0.0,0.9787429,0.0,5.0699725,0.0,0.0,0.0,0.0,1.9685951,0.0,0.0,3.4105167,0.0,0.0,0.0,0.0,0.0,0.0,0.0,0.0,0.0,0.0,0.0,0.0,0.0,0.0,0.0,0.0,0.3337609,6.826531,6.3731456,0.0,0.0,0.0,0.0,0.0,0.0,0.0,0.0,0.0,0.0,0.0,3.316794,0.0,0.0,0.0,6.8229113,5.927305,2.1462722,0.0,4.9094048,0.0,0.0,0.0,0.0,0.0,2.2515924,0.0,0.0,0.0,0.0,0.0,0.0,0.0,4.0317926,0.0,0.0,0.0,0.0,0.0,0.0,0.0,0.0,0.0,0.0,0.0,0.0,0.0,0.0,0.0,11.512171,0.0,0.0,2.0508518,0.0,0.0,6.699161,5.8705115,0.0,0.6523577,2.690273,5.574424
ACH-000833,0.0,0.0,5.5385547,2.4095097,0.0,4.274422,2.6519823,0.0,5.9304233,0.0,0.0,3.1360443,0.0,0.0,0.0,0.0,0.0,0.81946975,0.0,0.0,0.0,0.0,0.0,0.0,0.0,4.568942,0.0,0.0,0.0,0.0,6.0903454,3.715528,0.0,0.0,0.0,0.0,0.0,0.022422193,0.0,4.937277,0.0,0.0,0.0,0.0,1.5840981,0.0,0.0,3.1109579,0.0,0.0,0.0,0.0,0.0,0.0,0.0,0.8007844,0.0,0.0,0.0,0.0,0.0,0.0,0.0,0.0,2.2407455,5.527163,6.561696,0.0,0.0,0.0,0.0,0.0,0.0,0.0,0.0,0.0,0.0,0.0,2.637726,0.0,0.0,0.0,4.5993943,5.233755,3.012324,0.0,4.93546,0.0,0.0,0.0,0.2356244,0.0,1.8987855,0.0,0.0,0.0,0.0,0.0,0.0,0.0,2.7994068,0.0,0.0,0.0,0.0,0.0,0.0,0.0,0.0,0.0,0.0,0.0,0.0,0.0,0.0,1.4219036,9.86556,0.0,0.0,1.6712698,0.0,0.0,6.3090024,5.824949,0.0,1.4927647,2.309481,5.0105414
ACH-000834,0.0,0.0,5.101125,2.9367726,0.0,4.8029585,2.18306,0.0,5.5805764,0.0,0.0,3.0870771,0.0,0.0,0.0,0.0,0.0,0.0,0.0,0.0,0.0,0.0,0.0,0.0,0.0,3.9677107,0.0,0.0,0.0,0.0,7.6590104,4.0768633,0.0,0.0,0.0,0.0,0.0,1.0292039,0.0,5.5472326,0.0,0.0,0.0,0.0,1.6817938,0.0,0.0,2.7526612,0.0,0.0,0.0,0.0,0.0,0.0,0.0,0.0,0.0,0.0,0.0,0.0,0.0,0.0,0.0,0.0,1.9436734,7.40311,7.1465955,0.0,0.0,0.0,0.0,0.0,0.0,0.0,0.0,0.0,0.0,0.0,3.415044,0.0,0.0,0.0,7.5092635,6.424032,3.1613042,0.0,5.142701,0.0,0.0,0.0,0.8002853,0.0,3.1131577,0.0,0.0,0.0,0.0,0.0,0.0,0.0,4.80287,0.0,0.0,0.0,0.0,0.0,0.0,0.0,0.0,0.0,0.0,0.0,0.0,0.0,0.0,0.0,12.108828,0.0,0.0,1.5940665,0.0,0.0,7.837275,6.6749206,0.0,0.99970305,2.8201241,6.2269745
ACH-000835,0.0,0.0,6.0701113,1.5055187,0.0,4.157448,1.4164046,0.0,5.5050454,0.0,0.0,3.1048295,0.0,0.0,0.0,0.0,0.0,0.0,0.0,0.0,0.0,0.0,0.0,0.0,0.0,5.5590444,0.0,0.0,0.0,0.0,6.6668663,4.3206215,0.0,0.0,0.0,0.0,0.0,0.0,0.0,4.313499,0.0,0.0,0.0,0.0,0.99358505,0.0,0.0,2.8987045,0.0,0.0,0.0,0.0,0.0,0.0,0.0,0.44876805,0.0,0.0,0.0,0.0,0.0,0.0,0.0,0.0,1.9733565,5.8833756,6.6067333,0.0,0.0,0.0,0.0,0.0,0.0,0.0,0.0,0.0,0.0,0.0,2.97173,0.0,0.0,0.0,6.1208887,6.7156034,3.0631125,0.0,4.9701014,0.0,0.0,0.0,1.0110699,0.0,2.551318,0.0,0.0,0.0,0.0,0.0,0.0,0.0,3.7961638,0.0,0.0,0.0,0.0,0.0,0.0,0.0,0.0,0.0,0.0,0.0,0.0,0.0,0.0,0.10409711,10.960441,0.0,0.0,1.7401657,0.0,0.0,7.580057,6.997052,0.0,1.7783883,2.974232,5.2605453
ACH-000836,0.0,0.0,6.525998,2.5482554,0.0,5.0937295,2.2833388,0.0,4.5851083,0.0,0.0,4.4667983,0.0,0.0,0.0,0.0,0.0,0.0,0.0,0.0,0.0,0.0,0.0,0.0,0.0,4.501921,0.0,0.0,0.0,0.0,7.9175987,4.4133835,0.0,0.0,0.0,0.0,0.0,0.017820982,0.0,5.3794513,0.0,0.0,0.0,0.0,1.3926302,0.0,0.0,2.8697512,0.0,0.0,0.0,0.0,0.0,0.0,0.0,0.063611194,0.0,0.0,0.0,0.0,0.0,0.0,0.0,0.0,0.8677784,5.496317,5.7382307,0.0,0.0,0.0,0.0,0.0,0.0,0.0,0.0,0.0,0.0,0.0,2.8195183,0.0,0.0,0.0,7.0334272,5.6584754,2.5187166,0.0,4.816272,0.0,0.0,0.0,0.0,0.0,2.8150625,0.0,0.0,0.0,0.0,0.0,0.0,0.0,4.5663714,0.0,0.0,0.0,0.0,0.0,0.0,0.0,0.0,0.0,0.0,0.0,0.0,0.0,0.0,0.0,11.46258,0.0,0.0,1.2052656,0.0,0.0,6.6807017,6.413537,0.0,1.3229021,3.2224355,6.146734
ACH-000837,0.0,0.0,5.0695276,2.7878652,0.0,4.3534956,2.301704,0.0,4.4243,0.0,0.0,3.6135798,0.0,0.0,0.0,0.0,0.0,0.0,0.0,0.0,0.0,0.0,0.0,0.0,0.0,4.0669875,0.0,0.0,0.0,0.0,7.0901427,3.910256,0.0,0.0,0.0,0.0,0.0,0.6221575,0.0,5.101927,0.0,0.0,0.0,0.0,2.0796638,0.0,0.0,3.2789223,0.0,0.0,0.0,0.0,0.0,0.0,0.0,0.0021791891,0.0,0.0,0.0,0.0,0.0,0.0,0.0,0.0,1.6831815,5.902675,5.702175,0.0,0.0,0.0,0.0,0.0,0.0,0.0,0.0,0.0,0.0,0.0,3.2248013,0.0,0.0,0.0,6.0148273,4.941298,3.1217906,0.0,4.147289,0.0,0.0,0.0,0.8235944,0.0,3.6001465,0.0,0.0,0.0,0.0,0.0,0.0,0.0,3.3542454,0.0,0.0,0.0,0.0,0.0,0.0,0.0,0.0,0.0,0.0,0.0,0.0,0.0,0.0,0.0,11.056757,0.0,0.0,1.5471263,0.0,0.0,7.7874885,6.0283656,0.0,1.09193,3.4475598,4.929954
ACH-000839,0.0,0.0,5.474369,2.504829,0.0,5.3547616,2.9407945,0.0,5.138365,0.0,0.0,2.4085484,0.0,0.0,0.0,0.0,0.0,0.0,0.0,0.0,0.0,0.0,0.0,0.0,0.0,4.551222,0.0,0.0,0.0,0.0,6.5647216,4.7181444,0.0,0.0,0.0,0.0,0.0,1.3743409,0.0,4.9119244,0.0,0.0,0.0,0.0,2.1007946,0.0,0.0,2.57751,0.0,0.0,0.0,0.0,0.0,0.0,0.0,0.0,0.0,0.0,0.0,0.0,0.0,0.0,0.0,0.0,1.0683899,6.548506,6.4466224,0.0,0.0,0.0,0.0,0.0,0.0,0.0,0.0,0.0,0.0,0.0,3.0624788,0.0,0.0,0.0,6.5723486,5.3838577,1.8495007,0.0,4.5403256,0.0,0.0,0.0,0.1299901,0.0,3.1700108,0.0,0.0,0.0,0.0,0.0,0.0,0.0,4.8770432,0.0,0.0,0.0,0.0,0.0,0.0,0.0,0.0,0.0,0.0,0.0,0.0,0.0,0.0,0.0,11.32973,0.0,0.0,1.5301158,0.0,0.0,6.842752,5.466514,0.0,0.661549,2.7402172,5.097412
ACH-000840,0.0,0.0,6.378892,3.077565,0.0,5.36898,2.5164297,0.0,6.7439165,0.0,0.0,3.7926037,0.0,0.0,0.0,0.0,0.0,0.0,0.0,0.0,0.0,0.0,0.0,0.0,0.0,5.7695775,0.0,0.0,0.0,0.0,8.844229,5.5982833,0.0,0.0,0.0,0.0,0.0,0.21454205,0.0,5.541348,0.0,0.0,0.0,0.0,1.9038126,0.0,0.0,3.3478177,0.0,0.0,0.0,0.0,0.0,0.0,0.0,0.23951219,0.0,0.0,0.0,0.0,0.0,0.0,0.0,0.0,1.8959622,8.359791,6.5069237,0.0,0.0,0.0,0.0,0.0,0.0,0.0,0.0,0.0,0.0,0.0,3.8828561,0.0,0.0,0.0,7.0681043,5.8129115,3.8959982,0.0,4.932124,0.0,0.0,0.0,0.0,0.0,4.1012454,0.0,0.0,0.0,0.0,0.0,0.0,0.0,6.2148786,0.0,0.0,0.0,0.0,0.0,0.0,0.0,0.0,0.0,0.0,0.0,0.0,0.0,0.0,0.0,13.886253,0.0,0.0,1.1379427,0.0,0.0,7.4248724,7.138758,0.0,1.4919466,3.039736,6.334247
ACH-000841,0.0,0.0,5.348522,2.8698912,0.0,5.7023287,2.8175676,0.0,6.0104856,0.0,0.0,4.4952173,0.0,0.0,0.0,0.0,0.0,0.0,0.0,0.0,0.0,0.0,0.0,0.0,0.0,5.5842566,0.0,0.0,0.0,0.0,7.8321953,4.0560617,0.0,0.0,0.0,0.0,0.0,0.23722194,0.0,4.6847034,0.0,0.0,0.0,0.0,2.7162561,0.0,0.0,4.435134,0.0,0.0,0.0,0.0,0.0,0.0,0.0,0.0,0.0,0.0,0.0,0.0,0.0,0.0,0.0,0.0,1.0297301,7.228094,6.414387,0.0,0.0,0.0,0.0,0.0,0.0,0.0,0.0,0.0,0.0,0.0,3.1523798,0.0,0.0,0.0,7.3830047,6.253394,2.8189762,0.0,4.8146687,0.0,0.0,0.0,0.0,0.0,2.8774786,0.0,0.0,0.0,0.0,0.0,0.0,0.0,3.3629954,0.0,0.0,0.0,0.0,0.0,0.0,0.0,0.0,0.0,0.0,0.0,0.0,0.0,0.0,0.0,12.776913,0.0,0.0,1.7341172,0.0,0.0,8.318223,6.7860827,0.0,0.8055008,2.1097116,5.763473
ACH-000842,0.0,0.0,4.8739614,2.5648022,0.0,3.7486317,2.7290757,0.0,5.4827266,0.0,0.0,2.8050559,0.0,0.0,0.0,0.0,0.0,1.0838368,0.0,0.0,0.0,0.0,0.0,0.0,0.0,6.0042367,0.0,0.0,0.0,0.0,7.1659794,5.019484,0.0,0.0,0.0,0.0,0.0,0.0,0.0,6.178945,0.0,0.0,0.0,0.0,1.9166721,0.0,0.0,2.6218843,0.0,0.0,0.0,0.0,0.0,0.0,0.0,0.55119073,0.0,0.0,0.0,0.0,0.0,0.0,0.0,0.0,2.7781966,6.6652684,5.805937,0.0,0.0,0.0,0.0,0.0,0.0,0.0,0.0,0.0,0.0,0.0,2.631014,0.0,0.0,0.0,6.0336843,5.580444,3.1085312,0.0,4.4338083,0.0,0.0,0.0,0.0,0.0,3.4719827,0.0,0.0,0.0,0.0,0.0,0.0,0.0,4.203336,0.0,0.0,0.0,0.0,0.0,0.0,0.0,0.0,0.0,0.0,1.5730699,0.0,0.0,0.0,0.0,11.305543,0.0,0.0,1.6569638,0.0,0.0,5.5517726,5.7242875,0.0,0.9797479,2.6116998,4.304757
ACH-000843,0.0,0.0,5.0792837,2.1012115,0.0,5.085214,3.4464464,0.0,5.1198306,0.0,0.0,3.5917656,0.0,0.0,0.0,0.0,0.0,0.0,0.0,0.0,0.0,0.0,0.0,0.0,0.0,5.5934954,0.0,0.0,0.0,0.0,7.155014,4.421862,0.0,0.0,0.0,0.0,0.0,0.84087265,0.0,5.6043983,0.0,0.0,0.0,0.0,1.6800516,0.0,0.0,2.8985105,0.0,0.0,0.0,0.0,0.0,0.0,0.0,0.71963763,0.0,0.0,0.0,0.0,0.0,0.0,0.0,0.0,1.2699316,6.674051,6.609008,0.0,0.0,0.0,0.0,0.0,0.0,0.0,0.0,0.0,0.0,0.0,3.6881173,0.0,0.0,0.0,6.879891,6.081901,1.9570745,0.0,4.9202623,0.0,0.0,0.0,1.0067436,0.0,2.791885,0.0,0.0,0.0,0.0,0.0,0.0,0.0,4.0933366,0.0,0.0,0.0,0.0,0.0,0.0,0.0,0.0,0.0,0.0,0.0,0.0,0.0,0.0,0.0,12.313777,0.0,0.0,1.8928146,0.0,0.0,8.111022,6.29364,0.0,1.3716449,3.3544333,5.3358765
ACH-000845,0.0,0.0,5.3729157,3.3958738,0.0,5.0803323,2.2902575,0.0,4.4572225,0.0,0.0,3.974253,0.0,0.0,0.0,0.0,0.0,0.0,0.0,0.0,0.0,0.0,0.0,0.0,0.0,5.5312715,0.0,0.0,0.0,0.0,7.838587,4.314677,0.0,0.0,0.0,0.0,0.0,0.5060272,0.0,5.3228316,0.0,0.0,0.0,0.0,2.2493277,0.0,0.0,2.8179526,0.0,0.0,0.0,0.0,0.0,0.0,0.0,0.0,0.0,0.0,0.0,0.0,0.0,0.0,0.0,0.0,0.5759613,6.2404757,6.246515,0.0,0.0,0.0,0.0,0.0,0.0,0.0,0.0,0.0,0.0,0.0,3.3781185,0.0,0.0,0.0,7.7546897,5.5795155,2.5572774,0.0,4.930349,0.0,0.0,0.0,0.028939819,0.0,3.0236251,0.0,0.0,0.0,0.0,0.0,0.0,0.0,3.573294,0.0,0.0,0.0,0.0,0.0,0.0,0.0,0.0,0.0,0.0,0.0,0.0,0.0,0.0,0.0,12.437146,0.0,0.0,1.9222218,0.0,0.0,7.8413653,6.821486,0.0,1.2257004,2.9391701,5.6409235
ACH-000846,0.0,0.0,5.154811,2.437601,0.0,5.135662,1.302211,0.0,5.7211914,0.0,0.0,4.6441555,0.0,0.0,0.0,0.0,0.0,0.0,0.0,0.0,0.0,0.0,0.0,0.0,0.0,4.0828476,0.0,0.0,0.0,0.0,6.8567667,3.2402754,0.0,0.0,0.0,0.0,0.0,0.07717717,0.0,5.304196,0.0,0.0,0.0,0.0,1.7051822,0.0,0.0,3.044234,0.0,0.0,0.0,0.0,0.0,0.0,0.0,0.0,0.0,0.0,0.0,3.8301572e-05,0.0,0.0,0.0,0.0,1.0576982,5.7087555,5.9216785,0.0,0.0,0.0,0.0,0.0,0.0,0.0,0.0,0.0,0.0,0.0,2.5627694,0.0,0.0,0.0,7.0887585,6.082896,2.177231,0.0,4.892637,0.0,0.0,0.0,0.0,0.0,4.1093283,0.0,0.0,0.0,0.0,0.0,0.0,0.0,5.459058,0.0,0.0,0.0,0.0,0.0,0.0,0.0,0.0,0.0,0.0,0.0,0.0,0.0,0.0,0.0,11.866845,0.0,0.0,1.5024176,0.0,0.0,7.538911,6.440911,0.0,1.1380295,2.2266653,5.4459968
ACH-000847,0.0,0.0,4.689061,1.5049824,0.0,3.2961323,1.8953563,0.0,3.1716874,0.0,0.0,2.043733,0.0,0.0,0.0,0.0,0.0,0.0,0.0,0.0,0.0,0.0,0.0,0.0,0.0,3.2653093,0.0,0.0,0.0,0.0,6.100019,4.1157417,0.0,0.0,0.0,0.0,0.0,1.1875817,0.16455542,4.3026547,0.0,0.0,0.0,0.0,1.0092052,0.0,0.0,1.2827208,0.0,0.0,0.0,0.0,0.0,0.0,0.0,0.8380175,0.0,0.0,0.0,0.0,0.0,0.0,0.0,0.0,1.6363931,5.905506,5.018547,0.0,0.0,0.0,0.0,0.0,0.0,0.0,0.0,0.0,0.0,0.0,2.6012406,0.0,0.0,0.0,5.2634444,3.7398274,1.8878031,0.0,5.185196,0.0,0.0,0.0,0.2682827,0.0,2.6964834,0.0,0.0,0.0,0.0,0.0,0.0,0.0,4.531768,0.0,0.0,0.0,0.0,0.0,0.0,0.0,0.0,0.0,0.0,0.648824,0.0,0.0,0.0,0.0,10.125083,0.0,0.0,0.52909803,0.0,0.0,7.5492845,6.472252,0.0,0.250864,2.6272485,4.9219065
ACH-000848,0.0,0.0,4.655917,2.127823,0.0,4.059536,2.6857932,0.0,4.185802,0.0,0.0,3.3588364,0.0,0.0,0.0,0.0,0.0,0.0,0.0,0.0,0.0,0.0,0.0,0.0,0.0,4.1889796,0.0,0.0,0.014230883,0.0,6.209523,4.1560273,0.0,0.0,0.0,0.0,0.0,0.18280236,0.0,3.9858658,0.0,0.0,0.0,0.0,1.9159683,0.0,0.0,2.5603755,0.0,0.0,0.0,0.0,0.0,0.0,0.0,0.44011864,0.0,0.0,0.0,0.0,0.0,0.0,0.0,0.0,0.7141734,5.575095,7.123464,0.0,0.0,0.0,0.0,0.0,0.0,0.0,0.0,0.0,0.0,0.0,1.4405195,0.0,0.0,0.0,6.3355427,4.942358,2.5933402,0.0,3.4824853,0.0,0.0,0.0,0.0,0.0,2.1907008,0.0,0.0,0.0,0.0,0.0,0.0,0.0,3.683846,0.0,0.0,0.0,0.0,0.0,0.0,0.0,0.0,0.0,0.0,0.0,0.0,0.0,0.0,0.0,10.4772835,0.0,0.0,0.45314467,0.0,0.0,6.556772,5.5269294,0.0,0.38092658,3.2316375,5.619565
ACH-000849,0.0,0.0,5.778128,2.6349435,0.0,5.04977,1.8245606,0.0,6.120384,0.0,0.0,4.0371213,0.0,0.0,0.0,0.0,0.0,0.0,0.0,0.0,0.0,0.0,0.0,0.0,0.0,5.4075,0.0,0.0,0.0,0.0,6.3600864,4.5509,0.0,0.0,0.0,0.0,0.0,0.5143214,0.0,5.1271987,0.0,0.0,0.0,0.0,1.3656636,0.0,0.0,3.3531485,0.0,0.0,0.0,0.0,0.0,0.0,0.0,0.0,0.0,0.0,0.0,0.0,0.0,0.0,0.0,0.0,1.4613965,6.721383,7.2108245,0.0,0.0,0.0,0.0,0.0,0.0,0.0,0.0,0.0,0.0,0.0,3.7126632,0.0,0.0,0.0,6.3677487,6.115596,3.6734557,0.0,4.6165304,0.0,0.0,0.0,0.0,0.0,3.2618496,0.0,0.0,0.0,0.0,0.0,0.0,0.0,4.6370463,0.0,0.0,0.0,0.0,0.0,0.0,0.0,0.0,0.0,0.0,0.0,0.0,0.0,0.0,0.0,12.041532,0.0,0.0,1.5537246,0.0,0.0,7.3325744,6.8352714,0.0,0.8913432,3.2226121,5.7632513
ACH-000852,0.0,0.0,5.1397076,3.0736897,0.0,4.188633,3.2176065,0.0,5.0052557,0.0,0.0,4.028411,0.0,0.0,0.0,0.0,0.0,0.0,0.0,0.0,0.0,0.0,0.0,0.0,0.0,4.7968493,0.0,0.0,0.0,0.0,7.5218296,4.2634044,0.0,0.0,0.0,0.0,0.0,0.0,0.0,5.760136,0.0,0.0,0.0,0.0,2.7810013,0.0,0.0,2.4271111,0.0,0.0,0.0,0.0,0.0,0.0,0.0,0.40889624,0.0,0.0,0.0,0.0,0.0,0.0,0.0,0.0,1.6658657,5.886393,6.3118286,0.0,0.0,0.0,0.0,0.0,0.0,0.0,0.0,0.0,0.0,0.0,2.5765436,0.0,0.0,0.0,6.6261697,5.06302,2.62483,0.0,5.342156,0.0,0.0,0.0,0.0,0.0,3.8428185,0.0,0.0,0.0,0.0,0.0,0.0,0.0,5.0218215,0.0,0.0,0.0,0.0,0.0,0.0,0.0,0.0,0.0,0.0,2.5495214,0.0,0.0,0.0,0.0,11.296741,0.0,0.0,1.9510517,0.0,0.0,6.76916,5.8992133,0.0,1.4946264,3.3894336,6.269095
ACH-000853,0.0,0.0,5.929392,2.6604254,0.0,4.2380466,2.5144644,0.0,5.0397525,0.0,0.0,2.691973,0.0,0.0,0.0,0.0,0.0,0.0,0.0,0.0,0.0,0.0,0.0,0.0,0.0,5.157312,0.0,0.0,0.0,0.0,7.8228645,4.123066,0.0,0.0,0.0,0.0,0.0,0.0,0.0,5.2427325,0.0,0.0,0.0,0.0,1.8197787,0.0,0.0,3.012071,0.0,0.0,0.0,0.0,0.0,0.0,0.0,0.08654617,0.0,0.0,0.0,0.0,0.0,0.0,0.0,0.0,1.54168,6.847308,7.4853373,0.0,0.0,0.0,0.0,0.0,0.0,0.0,0.0,0.0,0.0,0.0,3.7393398,0.0,0.0,0.0,7.576669,5.072191,2.7250311,0.0,5.193542,0.0,0.0,0.0,0.32439736,0.0,3.75646,0.0,0.0,0.0,0.0,0.0,0.0,0.0,5.091434,0.0,0.0,0.0,0.0,0.0,0.0,0.0,0.0,0.0,0.0,0.21063341,0.0,0.0,0.0,0.0,12.236469,0.0,0.0,1.8322114,0.0,0.0,7.1225953,6.9242797,0.0,0.7348504,2.8641014,5.4922094
ACH-000855,0.0,0.0,5.495676,1.8305277,0.0,5.027418,3.52452,0.0,4.800529,0.0,0.0,3.4690793,0.0,0.0,0.0,0.0,0.0,0.37496147,0.0,0.0,0.0,0.0,0.0,0.0,0.0,5.368857,0.0,0.0,0.0,0.0,6.5853205,4.2053814,0.0,0.0,0.0,0.0,0.0,1.3926116,0.0,5.0126214,0.0,0.0,0.0,0.0,1.6529903,0.0,0.0,3.3711593,0.0,0.0,0.0,0.0,0.0,0.0,0.0,0.0,0.0,0.0,0.0,0.0,0.0,0.0,0.0,0.0,1.3283774,6.100002,5.832761,0.0,0.0,0.0,0.0,0.0,0.0,0.0,0.0,0.0,0.0,0.0,3.583326,0.0,0.0,0.0,5.681965,4.6027355,2.792577,0.0,4.2911654,0.0,0.0,0.0,0.2828405,0.0,2.8129714,0.0,0.0,0.0,0.0,0.0,0.0,0.0,3.7142591,0.0,0.0,0.0,0.0,0.0,0.0,0.0,0.0,0.0,0.0,0.0,0.0,0.0,0.0,0.0,11.246525,0.0,0.0,1.6525995,0.0,0.0,8.102689,6.149699,0.0,0.5478981,3.377208,5.296195
ACH-000856,0.0,0.0,5.307583,2.761485,0.0,4.2317605,2.7966936,0.0,5.347881,0.0,0.0,3.1612318,0.0,0.0,0.0,0.0,0.0,0.48471725,0.0,0.0,0.0,0.0,0.0,0.0,0.0,4.634642,0.0,0.0,0.23432496,0.0,8.026208,2.9488823,0.0,0.0,0.0,0.0,0.0,0.0,0.0,5.959124,0.0,0.0,0.0,0.0,1.9858521,0.0,0.0,3.999631,0.0,0.0,0.0,0.0,0.0,0.0,0.0,0.0,0.0,0.0,0.0,0.0,0.0,0.0,0.0,0.0,1.3438368,6.8751516,7.072379,0.0,0.0,0.0,0.0,0.0,0.0,0.0,0.0,0.0,0.0,0.0,2.9192636,0.0,0.0,0.0,6.573782,5.1819725,2.9629319,0.0,5.962989,0.0,0.0,0.0,0.15868363,0.0,3.8560576,0.0,0.0,0.0,0.0,0.0,0.0,0.0,4.197936,0.0,0.0,0.0,0.0,0.0,0.0,0.0,0.0,0.0,0.0,0.0,0.0,0.0,0.0,0.0,11.8494,0.0,0.0,1.4535104,0.0,0.0,7.7343006,7.142263,0.0,1.1455982,3.125322,6.6111703
ACH-000858,0.0,0.0,4.794861,2.6047363,0.0,4.9522414,2.2780354,0.0,5.6656423,0.0,0.0,3.135791,0.0,0.0,0.0,0.0,0.0,0.0,0.0,0.0,0.0,0.0,0.0,0.0,0.0,5.023273,0.0,0.0,0.0,0.0,6.603426,4.6800427,0.0,0.0,0.0,0.0,0.0,1.305922,0.0,5.5037403,0.0,0.0,0.0,0.0,1.540788,0.0,0.0,2.6360116,0.0,0.0,0.0,0.0,0.0,0.0,0.0,0.03208749,0.0,0.0,0.0,0.0,0.0,0.0,0.0,0.0,1.5900528,6.314933,6.336504,0.0,0.0,0.0,0.0,0.0,0.0,0.0,0.0,0.0,0.0,0.0,3.1114943,0.0,0.0,0.0,6.6332445,6.3440657,2.7912395,0.0,4.798723,0.0,0.0,0.0,0.8831503,0.0,2.684739,0.0,0.0,0.0,0.0,0.0,0.0,0.0,3.7941747,0.0,0.0,0.0,0.0,0.0,0.0,0.0,0.0,0.0,0.0,0.0,0.0,0.0,0.0,0.0,11.6587715,0.0,0.0,2.2470422,0.0,0.0,8.588211,6.8557715,0.0,0.7379276,3.0617976,4.806194
ACH-000860,0.0,0.0,5.455331,2.9484706,0.0,5.4483967,2.8576663,0.0,4.4298263,0.0,0.0,4.3048453,0.0,0.0,0.0,0.0,0.0,0.49306315,0.0,0.0,0.0,0.0,0.0,0.0,0.0,4.515151,0.0,0.0,0.0,0.0,7.930578,3.5899065,0.0,0.0,0.0,0.0,0.0,0.56299216,0.0,5.712829,0.0,0.0,0.0,0.0,1.8530713,0.0,0.0,3.4682083,0.0,0.0,0.0,0.0,0.0,0.0,0.0,0.0,0.0,0.0,0.0,0.0,0.0,0.0,0.0,0.0,0.60469085,6.3965335,6.4988837,0.0,0.0,0.0,0.0,0.0,0.0,0.0,0.0,0.0,0.0,0.0,3.4571335,0.0,0.0,0.0,8.078848,5.8887777,1.6502823,0.0,4.881439,0.0,0.0,0.0,0.0,0.0,3.0712583,0.0,0.0,0.0,0.0,0.0,0.0,0.0,3.7513237,0.0,0.0,0.0,0.0,0.0,0.0,0.0,0.0,0.0,0.0,0.0,0.0,0.0,0.0,0.0,12.736899,0.0,0.0,1.9544505,0.0,0.0,7.8806753,7.0014377,0.0,1.1239313,3.32739,5.1965404
ACH-000862,0.0,0.0,5.9883957,2.2463195,0.0,5.709844,3.0123384,0.0,6.092178,0.0,0.0,3.136574,0.0,0.0,0.0,0.0,0.0,0.15119345,0.0,0.0,0.0,0.0,0.0,0.0,0.0,6.1165576,0.0,0.0,0.0,0.0,7.394335,4.596806,0.0,0.0,0.0,0.0,0.0,0.907075,0.0,5.222269,0.0,0.0,0.0,0.0,1.5148929,0.0,0.0,3.3966901,0.0,0.0,0.0,0.0,0.0,0.0,0.0,0.0,0.0,0.0,0.0,0.0,0.0,0.0,0.0,0.0,1.3085034,7.0700274,7.4768286,0.0,0.0,0.0,0.0,0.0,0.0,0.0,0.0,0.0,0.0,0.0,3.966798,0.0,0.0,0.0,7.8451796,8.34729,2.785283,0.0,6.0425887,0.0,0.0,0.0,0.0,0.0,3.045572,0.0,0.0,0.0,0.0,0.0,0.0,0.0,5.8809657,0.0,0.0,0.0,0.0,0.0,0.0,0.0,0.0,0.0,0.0,0.0,0.0,0.0,0.0,0.0,12.900825,0.0,0.0,2.224661,0.0,0.0,7.9553523,6.249272,0.0,1.3807482,2.3525977,4.9872985
ACH-000863,0.0,0.0,4.9891844,3.7100687,0.0,5.093645,2.3164911,0.0,6.290717,0.0,0.0,4.4395633,0.0,0.0,0.0,0.0,0.0,0.0,0.0,0.0,0.0,0.0,0.0,0.0,0.0,5.2785373,0.0,0.0,0.0,0.0,8.263597,4.1356516,0.0,0.0,0.0,0.0,0.0,0.0,0.0,6.4687862,0.0,0.0,0.0,0.0,1.9292816,0.0,0.0,3.3537216,0.0,0.0,0.0,0.0,0.0,0.0,0.0,0.0,0.0,0.0,0.0,0.0,0.0,0.0,0.0,0.0,0.29735613,7.5885463,6.2333612,0.0,0.0,0.0,0.0,0.0,0.0,0.0,0.0,0.0,0.0,0.0,3.3147147,0.0,0.0,0.0,7.3310905,6.2689753,3.052848,0.0,5.173881,0.0,0.0,0.0,0.0,0.0,3.0844378,0.0,0.0,0.0,0.0,0.0,0.0,0.0,6.797483,0.0,0.0,0.0,0.0,0.0,0.0,0.0,0.0,0.0,0.0,0.0,0.0,0.0,0.0,0.0,12.8522005,0.0,0.0,2.3524027,0.0,0.0,7.572104,6.78949,0.0,1.43794,3.2848163,6.467213
ACH-000866,0.0,0.0,5.5454445,1.5345403,0.0,4.2812204,2.7347422,0.0,5.27286,0.0,0.0,3.2722096,0.0,0.0,0.0,0.0,0.0,0.007918486,0.0,0.0,0.0,0.0,0.0,0.0,0.0,4.8905787,0.0,0.0,0.0,0.0,6.7852116,4.249446,0.0,0.0,0.0,0.0,0.0,0.0,0.0,5.2402797,0.0,0.0,0.0,0.0,1.6548644,0.0,0.0,3.0207822,0.0,0.0,0.0,0.0,0.0,0.0,0.0,0.06673287,0.0,0.0,0.0,0.0,0.0,0.0,0.0,0.0,1.3313258,6.988675,7.2984447,0.0,0.0,0.0,0.0,0.0,0.0,0.0,0.0,0.0,0.0,0.0,2.742548,0.0,0.0,0.0,6.247763,5.365039,4.1508555,0.0,4.8458676,0.0,0.0,0.0,0.0,0.0,2.8302996,0.0,0.0,0.0,0.0,0.0,0.0,0.0,4.043459,0.0,0.0,0.0,0.0,0.0,0.0,0.0,0.0,0.0,0.0,0.0,0.0,0.0,0.0,0.0,11.339639,0.0,0.0,1.410931,0.0,0.0,6.6974893,6.7425227,0.0,1.0944687,2.8134274,5.0449347
ACH-000868,0.0,0.0,5.7415733,2.725083,0.0,4.9407525,3.363533,0.0,5.36455,0.0,0.0,3.4146683,0.0,0.0,0.0,0.0,0.0,0.0,0.0,0.0,0.0,0.0,0.0,0.0,0.0,4.5554824,0.0,0.0,0.1903753,0.0,6.7377133,3.6043117,0.0,0.0,0.0,0.0,0.0,0.49900454,0.0,4.752438,0.0,0.0,0.0,0.0,1.0775846,0.0,0.0,3.184887,0.0,0.0,0.0,0.0,0.0,0.0,0.0,0.0,0.0,0.0,0.0,0.0,0.0,0.0,0.0,0.0,1.3868828,6.009507,6.154196,0.0,0.0,0.0,0.0,0.0,0.0,0.0,0.0,0.0,0.0,0.0,2.4652016,0.0,0.0,0.0,6.8580074,5.513891,2.6738613,0.0,4.257413,0.0,0.0,0.0,0.0,0.0,3.0421455,0.0,0.0,0.0,0.0,0.0,0.0,0.0,3.950852,0.0,0.0,0.0,0.0,0.0,0.0,0.0,0.0,0.0,0.0,0.0,0.0,0.0,0.0,0.0,12.443955,0.0,0.0,0.74923813,0.0,0.0,8.699525,7.1762195,0.0,1.2301228,3.4417262,5.2925754
ACH-000869,0.0,0.0,5.3311934,3.5001757,0.0,5.067796,2.1215007,0.0,4.505461,0.0,0.0,4.967651,0.0,0.0,0.0,0.0,0.0,0.0,0.0,0.0,0.0,0.0,0.0,0.0,0.0,4.6340737,0.0,0.0,0.0,0.0,8.311345,2.5714517,0.0,0.0,0.0,0.0,0.0,0.5941363,0.0,5.3993106,0.0,0.0,0.0,0.0,1.8382138,0.0,0.0,3.7459354,0.0,0.0,0.0,0.0,0.0,0.0,0.0,0.0,0.0,0.0,0.0,0.0,0.0,0.0,0.0,0.0,1.1570822,6.018743,5.463536,0.0,0.0,0.0,0.0,0.0,0.0,0.0,0.0,0.0,0.0,0.0,3.0929136,0.0,0.0,0.0,6.7926497,6.250428,2.2760963,0.0,4.25434,0.0,0.0,0.0,0.0,0.0,2.817074,0.0,0.0,0.0,0.0,0.0,0.0,0.0,4.1276326,0.0,0.0,0.0,0.0,0.0,0.0,0.0,0.0,0.0,0.0,0.0,0.0,0.0,0.0,0.0,12.908332,0.0,0.0,2.2632556,0.0,0.0,7.548466,6.7544427,0.0,1.8516772,2.8841505,5.6601143
ACH-000873,0.0,0.0,5.905181,2.6214416,0.0,4.728863,1.77924,0.0,6.0507627,0.0,0.0,3.9362226,0.0,0.0,0.0,0.0,0.0,0.0,0.0,0.0,0.0,0.0,0.0,0.0,0.0,4.8491645,0.0,0.0,0.0,0.0,7.227721,3.4952548,0.0,0.0,0.0,0.0,0.0,1.5667586,0.0,5.0446835,0.0,0.0,0.0,0.0,2.2030656,0.0,0.0,3.5726295,0.0,0.0,0.0,0.0,0.0,0.0,0.0,0.0,0.0,0.0,0.0,0.0,0.0,0.0,0.0,0.0,1.7269824,6.732601,5.8758726,0.0,0.0,0.0,0.0,0.0,0.0,0.0,0.0,0.0,0.0,0.0,3.1173012,0.0,0.0,0.0,6.1641364,6.4656267,2.3294992,0.0,6.0154114,0.0,0.0,0.0,0.09996036,0.0,3.3309753,0.0,0.0,0.0,0.0,0.0,0.0,0.0,5.076421,0.0,0.0,0.0,0.0,0.0,0.0,0.0,0.0,0.0,0.0,0.0,0.0,0.0,0.0,0.0,12.438249,0.0,0.0,1.9880866,0.0,0.0,7.570825,6.520024,0.0,1.2473791,2.7238712,5.8804836
ACH-000875,0.0,0.0,5.590581,3.158852,0.0,5.35154,2.4206686,0.0,5.0627112,0.0,0.0,4.634358,0.0,0.0,0.0,0.0,0.0,0.0,0.0,0.0,0.0,0.0,0.0,0.0,0.0,4.8608146,0.0,0.0,0.0,0.0,7.746894,3.2245455,0.0,0.0,0.0,0.0,0.0,0.9386258,0.0,5.6722755,0.0,0.0,0.0,0.0,2.0776706,0.0,0.0,3.5195217,0.0,0.0,0.0,0.0,0.0,0.0,0.0,0.0,0.0,0.0,0.0,0.0,0.0,0.0,0.0,0.0,1.1667433,6.1167316,7.121849,0.0,0.0,0.0,0.0,0.0,0.0,0.0,0.0,0.0,0.0,0.0,3.3700392,0.0,0.0,0.0,7.9272804,6.6765957,2.8071072,0.0,4.820812,0.0,0.0,0.0,0.0,0.0,3.3740695,0.0,0.0,0.0,0.0,0.0,0.0,0.0,4.4395275,0.0,0.0,0.0,0.0,0.0,0.0,0.0,0.0,0.0,0.0,0.0,0.0,0.0,0.0,0.0,12.931343,0.0,0.0,1.3772911,0.0,0.0,8.781021,7.0436797,0.0,0.5261387,3.1669133,5.9485664
ACH-000878,0.0,0.0,6.104222,2.450547,0.0,5.451323,1.8387216,0.0,6.05863,0.0,0.0,5.2427893,0.0,0.0,0.0,0.0,0.0,0.0,0.0,0.0,0.0,0.0,0.0,0.0,0.0,4.8505774,0.0,0.0,0.37484667,0.0,7.9956574,4.3216834,0.0,0.0,0.0,0.0,0.0,0.0,0.0,5.805714,0.0,0.0,0.0,0.0,1.6008029,0.0,0.0,3.2529933,0.0,0.0,0.0,0.0,0.0,0.0,0.0,0.3779951,0.0,0.0,0.0,0.0,0.0,0.0,0.0,0.0,1.7534511,6.410139,6.376808,0.0,0.0,0.0,0.0,0.0,0.0,0.0,0.0,0.0,0.0,0.0,2.8993797,0.0,0.0,0.0,7.802184,6.328424,2.5706818,0.0,5.3712053,0.0,0.0,0.0,0.0,0.0,3.706436,0.0,0.0,0.0,0.0,0.0,0.0,0.0,4.5095806,0.0,0.0,0.0,0.0,0.0,0.0,0.0,0.0,0.0,0.0,0.0,0.0,0.0,0.0,0.0,13.222606,0.0,0.0,1.6412097,0.0,0.0,7.663174,7.635043,0.0,1.5443661,3.3938456,6.1188025
ACH-000879,0.0,0.0,5.226407,2.4799335,0.0,4.5627403,1.2958406,0.0,5.2656207,0.0,0.0,3.1337216,0.0,0.0,0.0,0.0,0.0,0.749195,0.0,0.0,0.0,0.0,0.0,0.0,0.0,5.407063,0.0,0.0,0.0,0.0,7.3894033,3.9309697,0.0,0.0,0.0,0.0,0.0,0.0,0.0,5.0217204,0.0,0.0,0.0,0.0,0.51164275,0.0,0.0,3.3134146,0.0,0.0,0.0,0.0,0.0,0.0,0.0,0.16074048,0.0,0.0,0.0,0.0,0.0,0.0,0.0,0.0,2.1241515,6.7043996,5.652313,0.0,0.0,0.0,0.0,0.0,0.0,0.0,0.0,0.0,0.0,0.0,3.6471868,0.0,0.0,0.0,6.3919454,5.3527336,2.7851164,0.0,4.8114314,0.0,0.0,0.0,0.0,0.0,3.554497,0.0,0.0,0.0,0.0,0.0,0.0,0.0,5.0533657,0.0,0.0,0.0,0.0,0.0,0.0,0.0,0.0,0.0,0.0,1.9690186,0.0,0.0,0.0,0.0,12.315589,0.0,0.0,2.3043873,0.0,0.0,7.1978235,6.9612203,0.0,0.82505685,3.08051,4.8807983
ACH-000880,0.0,0.0,5.716523,3.8349254,0.0,5.102269,2.551707,0.0,4.7479568,0.0,0.0,2.7358868,0.0,0.0,0.0,0.0,0.0,0.39669263,0.0,0.0,0.0,0.0,0.0,0.0,0.0,5.6151404,0.0,0.0,0.0,0.0,6.6576214,5.5231915,0.0,0.0,0.0,0.0,0.0,0.06971134,0.0,5.0391393,0.0,0.0,0.0,0.0,0.8829428,0.0,0.0,2.5683188,0.0,0.0,0.0,0.0,0.0,0.0,0.0,0.0,0.0,0.0,0.19235432,0.0,0.0,0.0,0.0,0.0,2.125735,7.051378,5.6313667,0.0,0.0,0.0,0.0,0.0,0.0,0.0,0.0,0.0,0.0,0.0,3.8431065,0.0,0.0,0.0,6.1939044,5.741163,3.1566637,0.0,4.2419467,0.0,0.0,0.0,0.0,0.0,4.0456953,0.0,0.0,0.0,0.0,0.0,0.0,0.0,4.6087885,0.0,0.0,0.0,0.0,0.0,0.0,0.0,0.0,0.0,0.0,0.051770225,0.0,0.0,0.0,0.0,11.72578,0.0,0.0,1.3005486,0.0,0.0,5.830959,6.3869433,0.0,0.76304036,2.5879133,6.7536902
ACH-000881,0.0,0.0,5.0560856,2.9637828,0.0,3.5813859,2.338608,0.0,5.316589,0.0,0.0,3.027639,0.0,0.0,0.0,0.0,0.0,0.0,0.0,0.0,0.0,0.0,0.0,0.0,0.0,4.8057885,0.0,0.0,0.0,0.0,8.094548,4.3882794,0.0,0.0,0.0,0.0,0.0,0.46238887,0.0,5.5409207,0.0,0.0,0.0,0.0,1.9112935,0.0,0.0,3.3632488,0.0,0.0,0.0,0.0,0.0,0.0,0.0,0.40602288,0.0,0.0,0.0,0.0,0.0,0.0,0.0,0.0,1.9160476,6.335982,6.6912904,0.0,0.0,0.0,0.0,0.0,0.0,0.0,0.0,0.0,0.0,0.0,2.509981,0.0,0.0,0.0,6.2030144,5.5681734,2.3036928,0.0,4.5660963,0.0,0.0,0.0,0.0,0.0,2.5188498,0.0,0.0,0.0,0.0,0.0,0.0,0.0,3.8422737,0.0,0.0,0.0,0.0,0.0,0.0,0.0,0.0,0.0,0.99282914,0.0,0.0,0.0,0.0,0.9589815,10.515588,0.0,0.0,1.9017165,0.0,0.0,7.208854,6.4779086,0.0,1.1265295,2.7639663,4.763255
ACH-000882,0.0,0.0,4.617848,2.973026,0.0,4.3234677,1.7134266,0.0,4.109973,0.0,0.0,3.3005466,0.0,0.0,0.0,0.0,0.0,0.0,0.0,0.0,0.0,0.0,0.0,0.0,0.0,4.6743383,0.0,0.0,0.0,0.0,7.6879635,4.365609,0.0,0.0,0.0,0.0,0.0,1.0395138,0.0,5.705311,0.0,0.0,0.0,0.0,1.1656824,0.0,0.0,3.0146701,0.0,0.0,0.0,0.0,0.0,0.0,0.0,0.0,0.0,0.0,0.0,0.0,0.0,0.0,0.0,0.0,1.9903767,5.6886544,6.633504,0.0,0.0,0.0,0.0,0.0,0.0,0.0,0.0,0.0,0.0,0.0,2.4067397,0.0,0.0,0.0,5.4986506,5.0946712,3.861653,0.0,4.833798,0.0,0.0,0.0,0.0,0.0,3.681753,0.0,0.0,0.0,0.0,0.0,0.0,0.0,4.288206,0.0,0.0,0.0,0.0,0.0,0.0,0.0,0.0,0.0,0.14639303,0.0,0.0,0.0,0.0,0.5194468,10.805245,0.0,0.0,1.621961,0.0,0.0,6.708097,6.4828725,0.0,1.4718692,3.1942222,5.987603
ACH-000884,0.0,0.0,5.5419188,3.0104525,0.0,4.6117935,2.4116023,0.0,4.5307307,0.0,0.0,4.1631756,0.0,0.0,0.0,0.0,0.0,0.0,0.0,0.0,0.0,0.0,0.0,0.0,0.0,5.610762,0.0,0.0,0.0,0.0,7.5587916,4.0123997,0.0,0.0,0.0,0.0,0.0,0.0,0.0,5.358171,0.0,0.0,0.0,0.0,1.3335488,0.0,0.0,3.4312396,0.0,0.0,0.0,0.0,0.0,0.0,0.0,0.0,0.0,0.0,0.0,0.0,0.0,0.0,0.0,0.0,1.1189768,5.364802,5.9899035,0.0,0.0,0.0,0.0,0.0,0.0,0.0,0.0,0.0,0.0,0.0,2.6433969,0.0,0.0,0.0,7.0646234,5.9892178,2.225968,0.0,3.8771656,0.0,0.0,0.0,0.0,0.0,3.9060943,0.0,0.0,0.0,0.0,0.0,0.0,0.0,4.2333255,0.0,0.0,0.0,0.0,0.0,0.0,0.0,0.0,0.0,0.07180616,0.0,0.0,0.0,0.0,0.7210007,11.452651,0.0,0.0,1.7620345,0.0,0.0,7.392328,6.778009,0.0,1.1112859,3.237244,4.4608293
ACH-000885,0.0,0.0,4.9606414,3.0985463,0.0,4.6370964,2.7730286,0.0,5.275524,0.0,0.0,4.6515174,0.0,0.0,0.0,0.0,0.0,0.0,0.0,0.0,0.0,0.0,0.0,0.0,0.0,5.4925084,0.0,0.0,0.0062945844,0.0,8.029919,3.6543293,0.0,0.0,0.0,0.0,0.0,0.12408221,0.0,5.8752313,0.0,0.0,0.0,0.0,1.5442004,0.0,0.0,2.8434386,0.0,0.0,0.0,0.0,0.0,0.0,0.0,0.1440448,0.0,0.0,0.0,0.0,0.0,0.0,0.0,0.0,2.0556512,7.1111865,7.2272644,0.0,0.0,0.0,0.0,0.0,0.0,0.0,0.0,0.0,0.0,0.0,3.6751535,0.0,0.0,0.0,6.4747796,4.9344378,2.2646086,0.0,4.8002386,0.0,0.0,0.0,0.0,0.0,3.8386831,0.0,0.0,0.0,0.0,0.0,0.0,0.0,5.5371275,0.0,0.0,0.0,0.0,0.0,0.0,0.0,0.0,0.0,0.0,0.0,0.0,0.0,0.0,0.0,12.564649,0.0,0.0,2.1347804,0.0,0.0,7.193957,6.7647877,0.0,1.1080636,2.978379,5.498391
ACH-000886,0.0,0.0,5.613101,3.210657,0.0,5.105233,2.923744,0.0,4.9536414,0.0,0.0,3.9662125,0.0,0.0,0.0,0.0,0.0,1.3919936,0.0,0.0,0.0,0.0,0.0,0.0,0.0,5.0211196,0.0,0.0,0.0,0.0,8.463037,3.4349146,0.0,0.0,0.0,0.0,0.0,0.5002456,0.0,5.0918093,0.0,0.0,0.0,0.0,1.730838,0.0,0.0,3.0896916,0.0,0.0,0.0,0.0,0.0,0.0,0.0,0.0,0.0,0.0,0.0,0.0,0.0,0.0,0.0,0.0,1.9745479,7.295026,6.3617563,0.0,0.0,0.0,0.0,0.0,0.0,0.0,0.0,0.0,0.0,0.0,3.8767831,0.0,0.0,0.0,7.4914346,6.6161623,2.6448467,0.0,4.746572,0.0,0.0,0.0,0.0,0.0,3.451595,0.0,0.0,0.0,0.0,0.0,0.0,0.0,3.8392646,0.0,0.0,0.0,0.0,0.0,0.0,0.0,0.0,0.0,0.0,0.0,0.0,0.0,0.0,0.0,12.740813,0.0,0.0,1.9786556,0.0,0.0,8.292927,7.02733,0.0,0.3396099,3.3116212,5.4766273
ACH-000888,0.0,0.0,5.0175524,4.1868377,0.0,4.801232,2.1504068,0.0,6.5545526,0.0,0.0,3.7377074,0.0,0.0,0.0,0.0,0.0,0.0,0.0,0.0,0.0,0.0,0.0,0.0,0.0,5.9955153,0.0,0.0,0.0,0.0,7.96266,4.354185,0.0,0.0,0.0,0.0,0.0,0.09284449,0.0,5.550941,0.0,0.0,0.0,0.0,2.4261475,0.0,0.0,4.2503276,0.0,0.0,0.0,0.0,0.0,0.0,0.0,0.0,0.0,0.0,0.0,0.0,0.0,0.0,0.0,0.0,1.5855548,6.982667,6.3892307,0.0,0.0,0.0,0.0,0.0,0.0,0.0,0.0,0.0,0.0,0.0,3.7770662,0.0,0.0,0.0,7.8330183,5.705622,3.1666348,0.0,5.497099,0.0,0.0,0.0,0.98199964,0.0,2.7305298,0.0,0.0,0.0,0.0,0.0,0.0,0.0,4.1692677,0.0,0.0,0.0,0.0,0.0,0.0,0.0,0.0,0.0,0.0,0.0,0.0,0.0,0.0,0.0,12.650856,0.0,0.0,1.5077235,0.0,0.0,6.907435,6.1348844,0.0,2.1925528,2.46337,5.989587
ACH-000890,0.0,0.0,5.614049,3.0377693,0.0,3.6900938,2.131249,0.0,5.4052634,0.0,0.0,2.5704684,0.0,0.0,0.0,0.0,0.0,0.0,0.0,0.0,0.0,0.0,0.0,0.0,0.0,5.1196485,0.0,0.0,0.0,0.0,7.3103237,4.0587296,0.0,0.0,0.0,0.0,0.0,0.0,0.0,5.1587234,0.0,0.0,0.0,0.0,0.8416145,0.0,0.0,3.288096,0.0,0.0,0.0,0.0,0.0,0.0,0.0,0.175216,0.0,0.0,0.0,0.0,0.0,0.0,0.0,0.0,1.5746729,6.335547,6.4847097,0.0,0.0,0.0,0.0,0.0,0.0,0.0,0.0,0.0,0.0,0.0,3.0286815,0.0,0.0,0.0,6.3452106,4.7530303,2.6152992,0.0,4.656007,0.0,0.0,0.0,0.23983291,0.0,2.3249838,0.0,0.0,0.0,0.0,0.0,0.0,0.0,5.293207,0.0,0.0,0.0,0.0,0.0,0.0,0.0,0.0,0.0,0.0,0.0,0.0,0.0,0.0,1.6610248,10.545819,0.0,0.0,1.0661149,0.0,0.0,6.2175546,6.496594,0.0,1.1346251,3.0771172,4.7884083
ACH-000891,0.0,0.0,4.769048,3.352996,0.0,4.5606837,3.249553,0.0,5.583997,0.0,0.0,3.6002402,0.0,0.0,0.0,0.0,0.0,0.328079,0.0,0.0,0.0,0.0,0.0,0.0,0.0,4.7071185,0.0,0.0,0.0,0.0,7.5907383,3.4365191,0.0,0.0,0.0,0.0,0.0,0.0,0.0,5.6076345,0.0,0.0,0.0,0.0,1.6824349,0.0,0.0,3.3019981,0.0,0.0,0.0,0.0,0.0,0.0,0.0,0.06374614,0.0,0.0,0.0,0.0,0.0,0.0,0.0,0.0,1.7261324,6.5876503,6.798976,0.0,0.0,0.0,0.0,0.0,0.0,0.0,0.0,0.0,0.0,0.0,3.314357,0.0,0.0,0.0,7.0280504,6.01153,2.376931,0.0,4.6217585,0.0,0.0,0.0,0.0,0.0,2.738731,0.0,0.0,0.0,0.0,0.0,0.0,0.0,4.6912503,0.0,0.0,0.0,0.0,0.0,0.0,0.0,0.0,0.0,0.0,0.0,0.0,0.0,0.0,0.0,12.384154,0.0,0.0,1.8794773,0.0,0.0,6.96436,6.5904546,0.0,1.0945959,3.056314,6.0871105
ACH-000892,0.0,0.0,4.9381,4.1279745,0.0,5.6820793,1.3886306,0.0,5.611711,0.0,0.0,4.6285777,0.0,0.0,0.0,0.0,0.0,0.0,0.0,0.0,0.0,0.0,0.0,0.0,0.0,4.602418,0.0,0.0,0.0,0.0,9.43364,4.2713833,0.0,0.0,0.0,0.0,0.0,0.8231774,0.0,6.009889,0.0,0.0,0.0,0.0,2.3607752,0.0,0.0,2.9681494,0.0,0.0,0.0,0.0,0.0,0.0,0.0,0.0,0.0,0.0,0.0,0.0,0.0,0.0,0.0,0.0,1.0158818,7.530541,5.0814095,0.0,0.0,0.0,0.0,0.0,0.0,0.0,0.0,0.1112607,0.0,0.0,2.2171242,0.0,0.0,0.0,7.122519,5.93921,3.126493,0.0,5.3794966,0.0,0.0,0.0,0.6074566,0.0,3.3576372,0.0,0.0,0.0,0.0,0.0,0.0,0.0,5.8235016,0.0,0.0,0.0,0.0,0.0,0.0,0.0,0.0,0.0,0.0,0.0,0.0,0.0,0.0,0.0,11.846592,0.0,0.0,1.5044329,0.0,0.0,7.9069204,6.5128856,0.0,1.2754627,3.3321002,5.664828
ACH-000893,0.0,0.0,5.0793495,3.4567115,0.0,5.5975413,2.347358,0.0,6.4684157,0.0,0.0,4.2291265,0.0,0.0,0.0,0.0,0.0,0.0,0.0,0.0,0.0,0.0,0.0,0.0,0.0,4.308333,0.0,0.0,0.0,0.0,7.592679,4.5926805,0.0,0.0,0.0,0.0,0.0,0.8150402,0.0,4.443874,0.0,0.0,0.0,0.0,2.4670038,0.0,0.0,3.5166688,0.0,0.0,0.0,0.0,0.0,0.0,0.0,0.0,0.0,0.0,0.0,0.0,0.0,0.0,0.0,0.0,1.2926604,6.9030805,6.8377256,0.0,0.0,0.0,0.0,0.0,0.0,0.0,0.0,0.0,0.0,0.0,3.190359,0.0,0.0,0.0,7.3705325,6.6411285,3.3751223,0.0,5.777128,0.0,0.0,0.0,0.0,0.0,1.9595319,0.0,0.0,0.0,0.0,0.0,0.0,0.0,5.494541,0.0,0.0,0.0,0.0,0.0,0.0,0.0,0.0,0.0,0.0,0.0,0.0,0.0,0.0,0.0,12.455431,0.0,0.0,2.0336688,0.0,0.0,8.981649,6.411965,0.0,1.2670113,3.677728,6.2327814
ACH-000895,0.0,0.0,5.9299564,2.4194405,0.0,3.5765293,2.8139107,0.0,6.7171555,0.0,0.0,3.160699,0.0,0.0,0.0,0.0,0.0,0.0,0.0,0.0,0.0,0.0,0.0,0.0,0.0,4.7813134,0.0,0.0,0.0,0.0,7.8758755,4.238536,0.0,0.0,0.0,0.0,0.0,0.0,0.0,5.0664377,0.0,0.0,0.0,0.0,1.1364758,0.0,0.0,3.4816115,0.0,0.0,0.0,0.0,0.0,0.0,0.0,0.89828926,0.0,0.0,1.5470586,0.0,0.0,0.0,0.0,0.0,1.5093038,6.321215,6.490144,0.0,0.0,0.0,0.0,0.0,0.0,0.0,0.0,0.0,0.0,0.0,2.9989157,0.0,0.0,0.0,6.6388764,5.4816113,2.8368196,0.0,3.9035916,0.0,0.0,0.0,0.040613428,0.0,2.797563,0.0,0.0,0.0,0.0,0.0,0.0,0.0,4.228722,0.0,0.0,0.0,0.0,0.0,0.0,0.0,0.0,0.0,0.0,0.4174515,0.0,0.0,0.0,0.0,11.707635,0.0,0.0,1.6777494,0.0,0.0,6.368337,6.848207,0.0,0.94134164,2.870668,5.343753
ACH-000896,0.0,0.0,5.544812,2.806464,0.0,5.621312,2.691108,0.0,5.658566,0.0,0.0,4.2613378,0.0,0.0,0.0,0.0,0.0,0.7811112,0.0,0.0,0.0,0.0,0.0,0.0,0.0,5.0745873,0.0,0.0,0.17905065,0.0,7.2192144,4.182881,0.0,0.0,0.0,0.0,0.0,0.69767535,0.0,5.7304444,0.0,0.0,0.0,0.0,1.1648695,0.0,0.0,3.7984176,0.0,0.0,0.0,0.0,0.0,0.0,0.0,0.0,0.0,0.0,0.0,0.0,0.0,0.0,0.0,0.0,0.0,6.1349792,6.478635,0.0,0.0,0.0,0.0,0.0,0.0,0.0,0.0,0.0,0.0,0.0,2.7746549,0.0,0.0,0.0,7.150227,6.0700426,1.5653255,0.0,4.823474,0.0,0.0,0.0,0.0,0.0,3.8988953,0.0,0.0,0.0,0.0,0.0,0.0,0.0,5.223978,0.0,0.0,0.0,0.0,0.0,0.0,0.0,0.0,0.0,0.0,0.0,0.0,0.0,0.0,0.0,12.265302,0.0,0.0,1.0469413,0.0,0.0,6.394815,6.233044,0.0,0.91573286,2.6251817,5.4603124
ACH-000897,0.0,0.0,5.159816,2.3632553,0.0,5.008342,2.5007448,0.0,5.3225403,0.0,0.0,3.5974033,0.0,0.0,0.0,0.0,0.0,0.0,0.0,0.0,0.0,0.0,0.0,0.0,0.0,5.306634,0.0,0.0,0.0,0.0,7.8432083,5.189645,0.0,0.0,0.0,0.0,0.0,0.9193905,0.0,4.880922,0.0,0.0,0.0,0.0,1.5929972,0.0,0.0,3.5968256,0.0,0.0,0.0,0.0,0.0,0.0,0.0,0.0,0.0,0.0,0.0,0.0,0.0,0.0,0.0,0.0,0.42587382,6.1067576,6.919029,0.0,0.0,0.0,0.0,0.0,0.0,0.0,0.0,0.0,0.0,0.0,3.1558871,0.0,0.0,0.0,7.921594,6.7940245,2.6336932,0.0,4.991063,0.0,0.0,0.0,0.17225578,0.0,2.5607467,0.0,0.0,0.0,0.0,0.0,0.0,0.0,4.376061,0.0,0.0,0.0,0.0,0.0,0.0,0.0,0.0,0.0,0.0,0.0,0.0,0.0,0.0,0.0,12.223303,0.0,0.0,2.8352442,0.0,0.0,7.31873,6.5966263,0.0,0.46277043,3.027083,5.98706
ACH-000898,0.0,0.0,5.6776595,2.4159133,0.0,4.0531716,2.3807392,0.0,5.257439,0.0,0.0,3.411319,0.0,0.0,0.0,0.0,0.0,0.0,0.0,0.0,0.0,0.0,0.0,0.0,0.0,4.959981,0.0,0.0,0.0,0.0,7.7742896,5.7418566,0.0,0.0,0.0,0.0,0.0,0.22314985,0.0,5.0039725,0.0,0.0,0.0,0.0,1.1404734,0.0,0.0,2.4062538,0.0,0.0,0.0,0.0,0.0,0.0,0.0,1.005647,0.0,0.0,0.0,0.0,0.0,0.0,0.0,0.0,1.6043727,6.270566,5.2502465,0.0,0.0,0.0,0.0,0.0,0.0,0.0,0.0,0.0,0.0,0.0,2.8088472,0.0,0.0,0.0,6.165794,5.0810933,4.243547,0.0,4.6522007,0.0,0.0,0.0,0.6937059,0.0,2.4925785,0.0,0.0,0.0,0.0,0.0,0.0,0.0,3.7508333,0.0,0.0,0.0,0.0,0.0,0.0,0.0,0.0,0.0,0.0,0.0,0.0,0.0,0.0,0.0,11.305374,0.0,0.0,0.9013974,0.0,0.0,6.2223916,6.8241963,0.0,1.1484632,2.0936072,5.377789
ACH-000899,0.0,0.0,5.596582,3.1782792,0.0,4.6899586,2.4926152,0.0,5.8577843,0.0,0.0,3.245574,0.0,0.0,0.0,0.0,0.0,0.0,0.0,0.0,0.0,0.0,0.0,0.0,0.0,4.802201,0.0,0.0,0.0,0.0,8.301555,4.7073183,0.0,0.0,0.0,0.0,0.0,1.0860379,0.0,5.899841,0.0,0.0,0.0,0.0,2.0825727,0.0,0.0,3.6124482,0.0,0.0,0.0,0.0,0.0,0.0,0.0,0.0,0.0,0.0,0.0,0.0,0.0,0.0,0.0,0.0,1.4568588,6.0478854,7.01489,0.0,0.0,0.0,0.0,0.0,0.0,0.0,0.0,0.0,0.0,0.0,2.2068586,0.0,0.0,0.0,6.2563577,5.9755926,3.4758723,0.0,4.057223,0.0,0.0,0.0,0.0,0.0,3.0947442,0.0,0.0,0.0,0.0,0.0,0.0,0.0,3.9339578,0.0,0.0,0.0,0.0,0.0,0.0,0.0,0.0,0.0,0.0,0.0,0.0,0.0,0.0,0.0,11.85353,0.0,0.0,1.8547233,0.0,0.0,7.439144,6.4284563,0.0,1.2098582,3.4994266,4.932475
ACH-000900,0.0,0.0,5.723489,2.23687,0.0,4.3514,1.9554456,0.0,6.122926,0.0,0.0,3.1182234,0.0,0.0,0.0,0.0,0.0,0.2848637,0.0,0.0,0.0,0.0,0.0,0.0,0.0,4.696672,0.0,0.0,0.0,0.0,7.2538414,4.508619,0.0,0.0,0.0,0.0,0.0,0.0,0.0,5.208786,0.0,0.0,0.0,0.0,1.4212109,0.0,0.0,2.6687222,0.0,0.0,0.0,0.0,0.0,0.0,0.0,0.7468926,0.0,0.0,0.0,0.0,0.0,0.0,0.0,0.0,2.1908064,5.918324,6.2058725,0.0,0.0,0.0,0.0,0.0,0.0,0.0,0.0,0.0,0.0,0.0,3.5023146,0.0,0.0,0.0,5.925509,5.0328684,3.2378733,0.0,4.6842175,0.0,0.0,0.0,0.0,0.0,1.8911699,0.0,0.0,0.0,0.0,0.0,0.0,0.0,4.364836,0.0,0.0,0.0,0.0,0.0,0.0,0.0,0.0,0.0,0.0,0.0,0.0,0.0,0.0,0.0,11.262851,0.0,0.0,1.5663123,0.0,0.0,6.711019,6.391718,0.0,0.8764487,3.1512125,4.7485576
ACH-000901,0.0,0.0,5.798783,1.8779963,0.0,4.3449497,3.4398286,0.0,5.964698,0.0,0.0,3.8818746,0.0,0.0,0.0,0.0,0.0,0.0,0.0,0.0,0.0,0.0,0.0,0.0,0.0,5.090969,0.0,0.0,0.0,0.0,8.454324,4.8704906,0.0,0.0,0.0,0.0,0.0,0.0,0.0,4.731876,0.0,0.0,0.0,0.0,1.4865997,0.0,0.0,3.301526,0.0,0.0,0.0,0.0,0.0,0.0,0.0,0.80418384,0.0,0.0,0.0,0.0,0.0,0.0,0.0,0.0,2.0268004,6.4844327,7.534948,0.0,0.0,0.0,0.0,0.0,0.0,0.0,0.0,0.0,0.0,0.0,2.94878,0.0,0.0,0.0,6.1976705,6.620201,3.4640052,0.0,5.3148828,0.0,0.0,0.0,0.47387013,0.0,2.4076934,0.0,0.0,0.0,0.0,0.0,0.0,0.0,4.04693,0.0,0.0,0.0,0.0,0.0,0.0,0.0,0.0,0.0,0.0,0.0,0.0,0.0,0.0,0.0,11.702882,0.0,0.0,2.4274013,0.0,0.0,7.1321225,7.375936,0.0,1.4722191,2.7949274,5.418971
ACH-000903,0.0,0.0,5.0251474,3.3473356,0.0,4.907588,1.9165754,0.0,6.2120914,0.0,0.0,4.4469786,0.0,0.0,0.0,0.0,0.0,0.0,0.0,0.0,0.0,0.0,0.0,0.0,0.0,5.8652005,0.0,0.0,0.0,0.0,7.5228024,3.7778568,0.0,0.0,0.0,0.0,0.0,1.1210481,0.0,6.0289483,0.0,0.0,0.0,0.0,0.72457516,0.0,0.0,3.1296163,0.0,0.0,0.0,0.0,0.0,0.0,0.0,0.0,0.0,0.0,0.0,0.0,0.0,0.0,0.0,0.0,0.99249226,6.5811534,6.9905577,0.0,0.0,0.0,0.0,0.0,0.0,0.0,0.0,0.0,0.0,0.0,3.1555727,0.0,0.0,0.0,7.3086524,6.1820145,3.1368184,0.0,4.8093476,0.0,0.0,0.0,0.10536865,0.0,3.5456622,0.0,0.0,0.0,0.0,0.0,0.0,0.0,4.4277697,0.0,0.0,0.0,0.0,0.0,0.0,0.0,0.0,0.0,0.0,0.0,0.0,0.0,0.0,0.0,13.021811,0.0,0.0,2.0341513,0.0,0.0,8.150251,7.1508627,0.0,1.6404338,2.9361875,5.918794
ACH-000905,0.0,0.0,5.7175817,3.0693796,0.0,5.67763,2.8243127,0.0,5.4865685,0.0,0.0,3.1226718,0.0,0.0,0.0,0.0,0.0,0.009778732,0.0,0.0,0.0,0.0,0.0,0.0,0.0,4.800826,0.0,0.0,0.0,0.0,8.431938,3.7898555,0.0,0.0,0.0,0.0,0.0,0.0,0.0,6.221453,0.0,0.0,0.0,0.0,2.1706553,0.0,0.0,3.2240317,0.0,0.0,0.0,0.0,0.0,0.0,0.0,0.0,0.0,0.0,0.0,0.0,0.0,0.0,0.0,0.0,1.4940215,7.149126,6.874361,0.0,0.0,0.0,0.0,0.0,0.0,0.0,0.0,0.0,0.0,0.0,3.535091,0.0,0.0,0.0,5.758032,5.0599995,3.4471009,0.0,5.980672,0.0,0.0,0.0,0.22224808,0.0,3.958403,0.0,0.0,0.0,0.0,0.0,0.0,0.0,5.5580053,0.0,0.0,0.0,0.0,0.0,0.0,0.0,0.0,0.0,0.0,0.0,0.0,0.0,0.0,0.0,12.279934,0.0,0.0,2.4052093,0.0,0.0,7.979283,6.4862657,0.0,1.0918769,3.6507037,5.743897
ACH-000906,0.0,0.0,5.249729,2.0125093,0.0,4.4594197,1.8300761,0.0,5.4209256,0.0,0.0,2.7771714,0.0,0.0,0.0,0.0,0.0,0.0,0.0,0.0,0.0,0.0,0.0,0.0,0.0,4.507018,0.0,0.0,0.0,0.0,6.935975,3.7934663,0.0,0.0,0.0,0.0,0.0,0.0,0.0,5.2715087,0.0,0.0,0.0,0.0,0.8802707,0.0,0.0,2.2996168,0.0,0.0,0.0,0.0,0.0,0.0,0.0,0.0,0.0,0.0,0.0,0.0,0.0,0.0,0.0,0.0,1.5038651,6.221243,4.9372897,0.0,0.0,0.0,0.0,0.0,0.0,0.0,0.0,0.0,0.0,0.0,2.2534518,0.0,0.0,0.0,5.801172,5.016738,2.932919,0.0,4.6210146,0.0,0.0,0.0,0.0,0.0,1.945864,0.0,0.0,0.0,0.0,0.0,0.0,0.0,3.9272316,0.0,0.0,0.0,0.0,0.0,0.0,0.0,0.0,0.0,0.0,0.0,0.0,0.0,0.0,0.0026252382,10.693067,0.0,0.0,2.232522,0.0,0.0,6.5203705,6.580664,0.0,1.9163929,2.3285587,4.719567
ACH-000909,0.0,0.0,4.785989,2.6693752,0.0,4.679452,2.0477798,0.0,5.684549,0.0,0.0,2.9647996,0.0,0.0,0.0,0.0,0.0,0.0,0.0,0.0,0.0,0.0,0.0,0.0,0.0,4.1794353,0.0,0.0,0.0,0.0,7.6419888,3.4392197,0.0,0.0,0.0,0.0,0.0,0.0,0.0,4.9078317,0.0,0.0,0.0,0.0,0.9942341,0.0,0.0,3.7252684,0.0,0.0,0.0,0.0,0.0,0.0,0.0,0.5839763,0.0,0.0,0.0,0.0,0.0,0.0,0.0,0.0,1.1652567,5.1001377,6.3135805,0.0,0.0,0.0,0.0,0.0,0.0,0.0,0.0,0.0,0.0,0.0,2.8556335,0.0,0.0,0.0,5.1033645,4.742296,3.5244405,0.0,3.9345634,0.0,0.0,0.0,0.0,0.0,1.9281408,0.0,0.0,0.0,0.0,0.0,0.0,0.0,4.3081737,0.0,0.0,0.0,0.0,0.0,0.0,0.0,0.0,0.0,0.0,0.0,0.0,0.0,0.0,0.40496802,10.372024,0.0,0.0,2.2715712,0.0,0.0,7.1123843,6.5286613,0.0,1.5109872,2.8912241,5.3538127
ACH-000911,0.0,0.0,5.6038523,1.8639188,0.0,4.4405413,2.766806,0.0,5.6298976,0.0,0.0,2.8093848,0.0,0.0,0.0,0.0,0.0,0.0,0.0,0.0,0.0,0.0,0.0,0.0,0.0,5.032225,0.0,0.0,0.0,0.0,7.1201544,4.679347,0.0,0.0,0.0,0.0,0.0,0.65288746,0.0,5.602163,0.0,0.0,0.0,0.0,1.7522691,0.0,0.0,2.6012208,0.0,0.0,0.0,0.0,0.0,0.0,0.0,0.4662272,0.0,0.0,0.0,0.0,0.0,0.0,0.0,0.0,1.3094939,6.7603116,5.999745,0.0,0.0,0.0,0.0,0.0,0.0,0.0,0.0,0.0,0.0,0.0,2.9809587,0.0,0.0,0.0,6.290749,5.106298,3.032168,0.0,4.355519,0.0,0.0,0.0,0.40560627,0.0,3.007986,0.0,0.0,0.0,0.0,0.0,0.0,0.0,5.1465774,0.0,0.0,0.0,0.0,0.0,0.0,0.0,0.0,0.0,0.0,0.0,0.0,0.0,0.0,0.0,11.463467,0.0,0.0,2.2722154,0.0,0.0,5.424899,6.247004,0.0,1.26325,3.1791081,5.0756288
ACH-000913,0.0,0.0,5.5233526,2.6088848,0.0,5.9073567,0.9246348,0.0,6.727787,0.0,0.0,4.0110936,0.0,0.0,0.0,0.0,0.0,0.0,0.0,0.0,0.0,0.0,0.0,0.0,0.0,5.2505555,0.0,0.0,0.0,0.0,8.606498,4.8289766,0.0,0.0,0.0,0.0,0.0,0.0,0.0,5.9527545,0.0,0.0,0.0,0.0,1.2862879,0.0,0.0,2.3164294,0.0,0.0,0.0,0.0,0.0,0.0,0.0,0.8891911,0.0,0.0,0.0,0.0,0.0,0.0,0.0,0.0,1.428144,7.9648843,7.9177628,0.0,0.0,0.0,0.0,0.0,0.0,0.0,0.0,0.0,0.0,0.0,3.35582,0.0,0.0,0.0,7.6856484,6.312208,3.4141443,0.0,4.20554,0.0,0.0,0.0,0.0,0.0,3.9021714,0.0,0.0,0.0,0.0,0.0,0.0,0.0,5.3838835,0.0,0.0,0.0,0.0,0.0,0.0,0.0,0.0,0.0,0.0,0.0,0.0,0.0,0.0,0.0,13.866384,0.0,0.0,2.3032281,0.0,0.0,8.294069,7.0812697,0.0,1.2766589,3.998874,5.956469
ACH-000915,0.0,0.0,5.3399334,2.4497821,0.0,4.21308,2.6477249,0.0,4.4840693,0.0,0.0,2.8654752,0.0,0.0,0.0,0.0,0.0,0.0,0.0,0.0,0.0,0.0,0.0,0.0,0.0,4.730225,0.0,0.0,0.0,0.0,8.276805,3.412961,0.0,0.0,0.0,0.0,0.0,0.0,0.0,5.1916137,0.0,0.2754886,0.0,0.0,1.6809837,0.0,0.0,3.3795729,0.0,0.0,0.0,0.0,0.0,0.0,0.0,0.45651737,0.0,0.0,0.0,0.0,0.0,0.0,0.0,0.0,1.3351336,5.3130336,5.6297007,0.0,0.0,0.0,0.0,0.0,0.0,0.0,0.0,0.0,0.0,0.0,3.044761,0.0,0.0,0.0,6.126783,6.989939,3.2680824,0.0,4.0194936,0.0,0.0,0.0,0.0,0.0,2.7920382,0.0,0.0,0.0,0.0,0.0,0.0,0.0,3.7100747,0.0,0.0,0.0,0.0,0.0,0.0,0.0,0.0,0.0,0.7911836,0.0,0.0,0.0,0.0,0.5082979,11.00715,0.0,0.0,1.9084884,0.0,0.0,6.5215735,6.592339,0.0,1.8727626,3.3234422,5.0281262
ACH-000916,0.0,0.0,5.97859,3.5345418,0.0,5.3022904,1.5034016,0.0,6.14848,0.0,0.0,4.2887287,0.0,0.0,0.0,0.0,0.0,0.0,0.0,0.0,0.0,0.0,0.0,0.0,0.0,5.22679,0.0,0.0,0.0,0.0,8.87056,4.20524,0.0,0.0,0.0,0.0,0.0,1.0124042,0.0,5.1128373,0.0,0.0,0.0,0.0,2.3617127,0.0,0.0,2.5654118,0.0,0.0,0.0,0.0,0.0,0.0,0.0,0.05137025,0.0,0.0,0.0,0.0,0.0,0.0,0.0,0.0,1.3886174,6.3912826,5.737789,0.0,0.0,0.0,0.0,0.0,0.0,0.0,0.0,0.0,0.0,0.0,3.3921869,0.0,0.0,0.0,6.6887255,6.4159207,2.0555391,0.0,5.107597,0.0,0.0,0.0,0.7308506,0.0,3.2873223,0.0,0.0,0.0,0.0,0.0,0.0,0.0,4.8527985,0.0,0.0,0.0,0.0,0.0,0.0,0.0,0.0,0.0,0.0,0.0,0.0,0.0,0.0,0.0,12.763242,0.0,0.0,1.661612,0.0,0.0,7.8167095,6.9906297,0.0,1.6121589,3.0073915,5.8085923
ACH-000917,0.0,0.0,6.1053147,3.9319143,0.0,5.3335724,2.2327065,0.0,6.0304055,0.0,0.0,5.0189114,0.0,0.0,0.0,0.0,0.0,0.0,0.0,0.0,0.0,0.0,0.0,0.0,0.0,4.6925573,0.0,0.0,0.0,0.0,8.245224,3.679666,0.0,0.0,0.0,0.0,0.0,1.6668881,0.0,4.7595177,0.0,0.0,0.0,0.0,1.5627283,0.0,0.0,3.339736,0.0,0.0,0.0,0.0,0.0,0.0,0.0,0.0,0.0,0.0,0.0,0.0,0.0,0.0,0.0,0.0,1.135065,5.1899314,6.255994,0.0,0.0,0.0,0.0,0.0,0.0,0.0,0.0,0.0,0.0,0.0,3.3701594,0.0,0.0,0.0,6.667941,4.9311666,2.2762742,0.0,4.9271746,0.0,0.0,0.0,0.41728613,0.0,3.186744,0.0,0.0,0.0,0.0,0.0,0.0,0.0,4.3529663,0.0,0.0,0.0,0.0,0.0,0.0,0.0,0.0,0.0,0.0,0.0,0.0,0.0,0.0,0.0,12.01222,0.0,0.0,2.1200366,0.0,0.0,7.126108,6.4713483,0.0,1.1724334,3.1775146,5.0394883
ACH-000919,0.0,0.0,5.6791086,2.2417185,0.0,4.097857,2.46668,0.0,5.380257,0.0,0.0,2.8869061,0.0,0.0,0.0,0.0,0.0,0.0,0.0,0.0,0.0,0.0,0.0,0.0,0.0,4.035254,0.0,0.0,0.0,0.0,6.6184416,4.2534804,0.0,0.0,0.0,0.0,0.0,0.0,0.0,4.9646125,0.0,0.0,0.0,0.0,1.7677585,0.0,0.0,3.0109422,0.0,0.0,0.0,0.0,0.0,0.0,0.0,0.9880727,0.0,0.0,1.1430888,0.0,0.0,0.0,0.0,0.0,0.5937959,6.6345353,5.365281,0.0,0.0,0.0,0.0,0.0,0.0,0.0,0.0,0.0,0.0,0.0,2.7442462,0.0,0.0,0.0,5.8147807,4.7907405,3.1734474,0.0,4.6423025,0.0,0.0,0.0,0.062345006,0.0,2.796713,0.0,0.0,0.0,0.0,0.0,0.0,0.0,4.035694,0.0,0.0,0.0,0.0,0.0,0.0,0.0,0.0,0.0,0.0,1.3129983,0.0,0.0,0.0,0.0,11.169927,0.0,0.0,1.224254,0.0,0.0,6.369539,6.285096,0.0,0.9007422,1.9782778,4.5094695
ACH-000921,0.0,0.0,5.9137864,1.9341689,0.0,4.100934,2.482437,0.0,5.4575377,0.0,0.0,2.80862,0.0,0.0,0.0,0.0,0.0,0.0,0.0,0.0,0.0,0.0,0.0,0.0,0.0,6.7131877,0.0,0.0,0.0,0.0,6.9969273,4.1841483,0.0,0.0,0.0,0.0,0.0,0.5255908,0.0,4.944594,0.0,0.0,0.0,0.0,0.8917462,0.0,0.0,3.5725236,0.0,0.0,0.0,0.0,0.0,0.0,0.0,0.7568419,0.0,0.0,0.0,0.0,0.0,0.0,0.0,0.0,3.3756163,6.832954,6.5681767,0.0,0.0,0.0,0.0,0.0,0.0,0.0,0.0,0.0,0.0,0.0,4.1712446,0.0,0.0,0.0,6.2374187,4.9037037,2.3551104,0.0,4.8852873,0.0,0.0,0.0,1.290394,0.0,2.5150437,0.0,0.0,0.0,0.0,0.0,0.0,0.0,4.0360637,0.0,0.0,0.0,0.0,0.0,0.0,0.0,0.0,0.0,0.0,0.0,0.0,0.0,0.0,0.0,11.916571,0.0,0.0,0.87326926,0.0,0.0,7.61107,6.53225,0.0,0.82843745,2.8360898,5.8540654
ACH-000924,0.0,0.0,5.3164463,2.8336184,0.0,5.2306356,1.8499348,0.0,5.2918878,0.0,0.0,4.314749,0.0,0.0,0.0,0.0,0.0,0.058188684,0.0,0.0,0.0,0.0,0.0,0.0,0.0,4.715261,0.0,0.0,0.0,0.0,7.9091196,4.864665,0.0,0.0,0.0,0.0,0.0,0.0077815787,0.0,5.789464,0.0,0.0,0.0,0.0,1.7426258,0.0,0.0,2.4845824,0.0,0.0,0.0,0.0,0.0,0.0,0.0,0.2770191,0.0,0.0,0.0,0.0,0.0,0.0,0.0,0.0,1.3080442,6.789063,6.192305,0.0,0.0,0.0,0.0,0.0,0.0,0.0,0.0,0.0,0.0,0.0,3.2151492,0.0,0.0,0.0,8.020412,6.453145,1.3173825,0.0,4.939851,0.0,0.0,0.0,0.96289724,0.0,3.498594,0.0,0.0,0.0,0.0,0.0,0.0,0.0,5.1356535,0.0,0.0,0.0,0.0,0.0,0.0,0.0,0.0,0.0,0.0,0.0,0.0,0.0,0.0,0.0,11.7883215,0.0,0.0,1.9756546,0.0,0.0,7.563648,6.4036746,0.0,0.93357563,3.9489696,5.3455787
ACH-000926,0.0,0.0,5.857839,3.2472785,0.0,3.9585428,2.4739754,0.0,5.428394,0.0,0.0,3.1224678,0.0,0.0,0.0,0.0,0.0,0.0,0.0,0.0,0.0,0.0,0.0,0.0,0.0,5.5763564,0.0,0.0,0.037028946,0.0,7.279791,4.371329,0.0,0.0,0.0,0.0,0.0,0.0,0.0,5.6108065,0.0,0.0,0.0,0.0,1.3688998,0.0,0.0,3.4443557,0.0,0.0,0.0,0.0,0.0,0.0,0.0,0.35442427,0.0,0.0,0.0,0.0,0.0,0.0,0.0,0.0,1.3932483,6.395866,6.5905533,0.0,0.0,0.0,0.0,0.0,0.0,0.0,0.0,0.0,0.0,0.0,3.3942633,0.0,0.0,0.0,5.958924,5.0892425,3.0196683,0.0,3.8937042,0.0,0.0,0.0,0.18459198,0.0,2.942363,0.0,0.0,0.0,0.0,0.0,0.0,0.0,3.3580155,0.0,0.0,0.0,0.0,0.0,0.0,0.0,0.0,0.0,0.0,0.0,0.0,0.0,0.0,0.0,10.827062,0.0,0.0,2.5087218,0.0,0.0,6.82833,6.2488446,0.0,1.3729947,2.7970185,5.3393254
ACH-000927,0.0,0.0,5.742197,2.9936678,0.0,3.865282,3.0651817,0.0,4.7640986,0.0,0.0,3.3433845,0.0,0.0,0.0,0.0,0.0,0.0,0.0,0.0,0.0,0.0,0.0,0.0,0.0,5.128729,0.0,0.0,0.0,0.0,8.823742,3.8513656,0.0,0.0,0.0,0.0,0.0,0.0,0.0,5.2662206,0.0,0.0,0.0,0.0,2.3191366,0.0,0.0,3.3615322,0.0,0.0,0.0,0.0,0.0,0.0,0.0,0.0,0.0,0.0,0.92515504,0.0,0.0,0.0,0.0,0.0,1.5358326,5.5042987,6.1461163,0.0,0.0,0.0,0.0,0.0,0.0,0.0,0.0,0.0,0.0,0.0,2.9944522,0.0,0.0,0.0,6.3646626,5.6759834,4.211676,0.0,4.629893,0.0,0.0,0.0,0.5586477,0.0,3.2239466,0.0,0.0,0.0,0.0,0.0,0.0,0.0,4.2439,0.0,0.0,0.0,0.0,0.0,0.0,0.0,0.0,0.0,0.0,1.0634235,0.0,0.0,0.0,0.0,10.873332,0.0,0.0,0.5124446,0.0,0.0,6.626929,6.7718654,0.0,2.0974705,2.9099305,5.7256007
ACH-000929,0.0,0.0,5.1880183,2.5726216,0.0,6.0685396,2.8347785,0.0,5.690373,0.0,0.0,3.553136,0.0,0.0,0.0,0.0,0.0,0.0,0.0,0.0,0.0,0.0,0.0,0.0,0.0,5.5152044,0.0,0.0,0.0,0.0,7.058104,4.5908175,0.0,0.0,0.0,0.0,0.0,1.396938,0.0,5.2813106,0.0,0.0,0.0,0.0,1.2413075,0.0,0.0,2.9776056,0.0,0.0,0.0,0.0,0.0,0.0,0.0,0.0,0.0,0.0,0.0,0.0,0.0,0.0,0.0,0.0,1.8737515,6.2414584,6.0089245,0.0,0.0,0.0,0.0,0.0,0.0,0.0,0.0,0.0,0.0,0.0,3.5841258,0.0,0.0,0.0,7.5588236,6.800958,1.8926692,0.0,5.195916,0.0,0.0,0.0,0.0,0.0,3.2449272,0.0,0.0,0.0,0.0,0.0,0.0,0.0,4.953833,0.0,0.0,0.0,0.0,0.0,0.0,0.0,0.0,0.0,0.0,0.0,0.0,0.0,0.0,0.0,12.471469,0.0,0.0,2.4005046,0.0,0.0,8.378442,6.8149905,0.0,1.0411365,3.3162887,4.787081
ACH-000936,0.0,0.0,5.956835,3.7537732,0.0,4.863661,1.5164429,0.0,6.8818088,0.0,0.0,3.3200157,0.0,0.0,0.0,0.0,0.0,0.0,0.0,0.0,0.0,0.0,0.0,0.0,0.0,5.387278,0.0,0.0,0.0,0.0,8.339618,4.0275545,0.0,0.0,0.0,0.0,0.0,0.94359505,0.0,6.2969174,0.0,0.0,0.0,0.0,2.5538533,0.0,0.0,3.0264091,0.0,0.0,0.0,0.0,0.0,0.0,0.0,0.0,0.0,0.0,0.0,0.0,0.0,0.0,0.0,0.0,1.5473846,6.9850974,7.132751,0.0,0.0,0.0,0.0,0.0,0.0,0.0,0.0,0.0,0.0,0.0,2.631573,0.0,0.0,0.0,6.6306477,5.473483,2.8331838,0.0,4.369605,0.0,0.0,0.0,0.55432034,0.0,3.3456962,0.0,0.0,0.0,0.0,0.0,0.0,0.0,5.244562,0.0,0.0,0.0,0.0,0.0,0.0,0.0,0.0,0.0,0.0,0.0,0.0,0.0,0.0,0.0,11.9621725,0.0,0.0,2.434404,0.0,0.0,8.129792,6.917155,0.0,1.4691769,3.1014993,5.685251
ACH-000939,0.0,0.0,6.8498154,2.6754844,0.0,4.475107,2.4795177,0.0,5.4467664,0.0,0.0,3.7168663,0.0,0.0,0.0,0.0,0.0,0.0,0.0,0.0,0.0,0.0,0.0,0.0,0.0,4.613343,0.0,0.0,0.16237238,0.0,7.9820895,3.836575,0.0,0.0,0.0,0.0,0.0,0.0,0.0,5.550672,0.0,0.0,0.0,0.0,2.444078,0.0,0.0,2.4898896,0.0,0.0,0.0,0.0,0.0,0.0,0.0,0.70143646,0.0,0.0,0.0,0.0,0.0,0.0,0.0,0.0,0.8453235,6.3776183,7.5269423,0.0,0.0,0.0,0.0,0.0,0.0,0.0,0.0,0.0,0.0,0.0,3.3040328,0.0,0.0,0.0,6.7398868,4.646097,2.139152,0.0,4.484535,0.0,0.0,0.0,0.0,0.0,3.2997816,0.0,0.0,0.0,0.0,0.0,0.0,0.0,4.74655,0.0,0.0,0.0,0.0,0.0,0.0,0.0,0.0,0.0,0.0,0.0,0.0,0.0,0.0,0.0,11.610627,0.0,0.0,1.6639242,0.0,0.0,7.302172,7.0176387,0.0,0.87406117,3.641545,5.153375
ACH-000940,0.0,0.0,5.927782,1.1559521,0.0,4.210395,1.8384001,0.0,5.9764276,0.0,0.0,2.3886344,0.0,0.0,0.0,0.0,0.0,0.75253,0.0,0.0,0.0,0.0,0.0,0.0,0.0,5.182112,0.0,0.0,0.0,0.0,6.342061,3.0753942,0.0,0.0,0.0,0.0,0.0,0.0,0.7374574,4.4107614,0.0,0.0,0.0,0.0,1.5150906,0.0,0.0,2.8034868,0.0,0.0,0.0,0.0,0.0,0.0,0.0,0.38213292,0.0,0.0,0.0,0.0,0.0,0.0,0.0,0.0,2.230859,5.7728486,6.485969,0.0,0.0,0.0,0.0,0.0,0.0,0.0,0.0,0.0,0.0,0.0,3.218992,0.0,0.0,0.0,5.523457,5.530427,3.4451396,0.0,4.1281824,0.0,0.0,0.0,0.0,0.0,3.3766444,0.0,0.0,0.0,0.0,0.0,0.0,0.0,4.283996,0.0,0.0,0.0,0.0,0.0,0.0,0.0,0.0,0.0,0.0,0.78250635,0.0,0.0,0.0,0.006830467,10.624314,0.0,0.0,1.4252297,0.0,0.0,6.628597,6.1166844,0.0,0.5479873,2.005351,4.499626
ACH-000941,0.0,0.0,5.538907,2.285114,0.0,4.525446,2.869047,0.0,4.3257427,0.0,0.0,4.211546,0.0,0.0,0.0,0.0,0.0,1.5227478,0.0,0.0,0.0,0.0,0.0,0.0,0.0,5.1442294,0.0,0.0,0.0,0.0,7.3021955,3.8165672,0.0,0.0,0.0,0.0,0.0,0.2576304,0.0,5.7933693,0.0,0.0,0.0,0.0,0.9587121,0.0,0.0,2.227283,0.0,0.0,0.0,0.0,0.0,0.0,0.0,1.0744544,0.0,0.0,0.0,0.0,0.0,0.0,0.0,0.0,2.3879766,6.236379,6.24235,0.0,0.0,0.0,0.0,0.0,0.0,0.0,0.0,0.0,0.0,0.0,2.3246346,0.0,0.0,0.0,6.4051332,5.028181,1.5579778,0.0,4.7517114,0.0,0.0,0.0,0.0,0.0,4.098371,0.0,0.0,0.0,0.0,0.0,0.0,0.0,4.3267555,0.0,0.0,0.0,0.0,0.0,0.0,0.0,0.0,0.0,0.0,0.0,0.0,0.0,0.0,0.0,10.996413,0.0,0.0,1.3533804,0.0,0.0,6.8101735,5.8661733,0.0,1.5093685,3.0700676,5.4219728
ACH-000943,0.0,0.0,5.5968175,2.178147,0.0,3.453004,3.375438,0.0,5.550551,0.0,0.0,2.5254548,0.0,0.0,0.0,0.0,0.0,0.40528256,0.0,0.0,0.0,0.0,0.0,0.0,0.0,5.5059342,0.0,0.0,0.0,0.0,5.3952847,4.662839,0.0,0.0,0.0,0.0,0.0,0.0,0.56911474,4.1909823,0.0,0.0,0.0,0.0,0.27520412,0.0,0.0,2.583953,0.34129104,0.0,0.0,0.0,0.0,0.0,0.0,0.9858665,0.0,0.0,0.86229944,0.4584956,0.0,0.0,0.0,0.0,1.9867468,5.690717,6.011984,0.0,0.0,0.0,0.0,0.0,0.0,0.0,0.0,0.0,0.0,0.0,2.4700954,0.0,0.0,0.0,4.586708,4.7454567,2.4866283,0.0,3.5481105,0.0,0.0,0.0,0.28697988,0.0,2.162773,0.0,0.0,0.0,0.0,0.0,0.0,0.0,3.5121396,0.0,0.0,0.0,0.0,0.0,0.0,0.0,0.0,0.0,0.0,0.8436605,0.0,0.0,0.0,0.23785736,9.473573,0.0,0.0,0.76625794,0.0,0.0,5.358226,5.6583595,0.0,0.9162417,2.3720796,3.9928172
ACH-000945,0.0,0.0,5.202509,2.3223927,0.0,4.378293,2.5543904,0.0,4.2916102,0.0,0.0,2.9898987,0.0,0.0,0.0,0.0,0.0,0.0,0.0,0.0,0.0,0.0,0.0,0.0,0.0,5.482101,0.0,0.0,0.18174228,0.0,8.159524,3.5033252,0.0,0.0,0.0,0.0,0.0,0.0,0.0,4.7392488,0.0,0.0,0.0,0.0,1.0900377,0.0,0.0,3.0411472,0.0,0.0,0.0,0.0,0.0,0.0,0.0,0.27700028,0.0,0.0,0.0,0.0,0.0,0.0,0.0,0.0,1.5963248,6.524343,5.945261,0.0,0.0,0.0,0.0,0.0,0.0,0.0,0.0,0.0,0.0,0.0,3.5400126,0.0,0.0,0.0,5.7587094,6.422431,3.0695484,0.0,4.194733,0.0,0.0,0.0,0.52498823,0.0,1.8647925,0.0,0.0,0.0,0.0,0.0,0.0,0.0,4.6229353,0.0,0.0,0.0,0.0,0.0,0.0,0.0,0.0,0.0,0.0,0.0,0.0,0.0,0.0,0.0,11.353663,0.0,0.0,1.7679354,0.0,0.0,7.0895686,6.4384146,0.0,0.99707186,3.4562504,5.254276
ACH-000946,0.0,0.0,5.790925,3.2443526,0.0,5.1816897,2.8388245,0.0,5.3450265,0.0,0.0,3.0588825,0.0,0.0,0.0,0.0,0.0,0.0,0.0,0.0,0.0,0.0,0.0,0.0,0.0,5.954827,0.0,0.0,0.557334,0.0,7.6069126,4.836156,0.0,0.0,0.0,0.0,0.0,0.6028844,0.0,5.8396544,0.0,0.0,0.0,0.0,1.8114687,0.0,0.0,3.110932,0.0,0.0,0.0,0.0,0.0,0.0,0.0,0.0,0.0,0.0,0.0,0.0,0.0,0.0,0.0,0.0,1.5667306,6.7607255,6.5722556,0.0,0.0,0.0,0.0,0.0,0.0,0.0,0.0,0.0,0.0,0.0,2.2877443,0.0,0.0,0.0,6.0136375,3.5943987,3.0627196,0.0,4.5515943,0.0,0.0,0.0,0.0,0.0,3.132967,0.0,0.0,0.0,0.0,0.0,0.0,0.0,4.0764017,0.0,0.0,0.0,0.0,0.0,0.0,0.0,0.0,0.0,0.0,0.0,0.0,0.0,0.0,0.0,11.325313,0.0,0.0,1.7209605,0.0,0.0,6.502085,6.4172015,0.0,0.72206926,3.1455991,6.04235
ACH-000947,0.0,0.0,4.662199,1.6666112,0.0,3.1615298,2.0268338,0.0,5.115106,0.0,0.0,1.8765478,0.0,0.0,0.0,0.0,0.0,0.0,0.0,0.0,0.0,0.0,0.0,0.0,0.0,4.586283,0.0,0.0,0.0,0.0,5.6634917,4.1633115,0.0,0.0,0.0,0.0,0.0,0.0,0.0,4.641094,0.0,0.0,0.0,0.0,0.93017966,0.0,0.0,2.5174704,0.0,0.0,0.0,0.0,0.0,0.0,0.0,0.49834558,0.0,0.0,0.0,0.0,0.0,0.0,0.0,0.0,2.4809978,5.747389,5.099384,0.0,0.0,0.0,0.0,0.0,0.0,0.0,0.0,0.0,0.0,0.0,1.8263446,0.0,0.0,0.0,5.094304,5.1987443,2.1672366,0.0,5.164223,0.0,0.0,0.0,0.0,0.0,2.4750288,0.0,0.0,0.0,0.0,0.0,0.0,0.0,3.8485057,0.0,0.0,0.0,0.0,0.0,0.0,0.0,0.0,0.0,0.003361611,0.27096474,0.0,0.0,0.0,0.0,9.807057,0.0,0.0,1.0680773,0.0,0.0,5.948625,6.401298,0.0,1.2516344,2.3700044,5.578297
ACH-000948,0.0,0.0,5.1631203,2.8776016,0.0,4.1875796,2.4985745,0.0,5.653729,0.0,0.0,3.16732,0.0,0.0,0.0,0.0,0.0,0.0,0.0,0.0,0.0,0.0,0.0,0.0,0.0,4.6500564,0.0,0.0,0.19291729,0.0,7.7173333,4.379893,0.0,0.0,0.0,0.0,0.0,0.0,0.0,5.766249,0.0,0.0,0.0,0.0,1.7140932,0.0,0.0,2.953896,0.0,0.0,0.0,0.0,0.0,0.0,0.0,1.0083772,0.0,0.0,0.98305124,0.0,0.0,0.0,0.0,0.0,1.0382162,6.5260873,6.2199564,0.0,0.0,0.0,0.0,0.0,0.0,0.0,0.0,0.0,0.0,0.0,2.81319,0.0,0.0,0.0,6.5590754,4.1680965,1.9923462,0.0,4.499114,0.0,0.0,0.0,0.0,0.0,3.5343516,0.0,0.0,0.0,0.0,0.0,0.0,0.0,4.726638,0.0,0.0,0.0,0.0,0.0,0.0,0.0,0.0,0.0,0.0,0.7713294,0.0,0.0,0.0,0.0,11.452346,0.0,0.0,1.1581588,0.0,0.0,5.629414,5.8815045,0.0,1.198937,2.6078084,5.3915668
ACH-000950,0.0,0.0,5.812061,2.6738012,0.0,4.8207707,2.353825,0.0,5.699145,0.0,0.0,2.965791,0.0,0.0,0.0,0.0,0.0,1.0188459,0.0,0.0,0.0,0.0,0.0,0.0,0.0,5.6269193,0.0,0.0,0.66416264,0.0,7.459347,4.4612017,0.0,0.0,0.0,0.0,0.0,0.0,0.0,4.930553,0.0,0.0,0.0,0.0,1.505441,0.0,0.0,3.0444765,0.0,0.0,0.0,0.0,0.0,0.0,0.0,1.0170436,0.0,0.0,1.9198881,0.0,0.0,0.0,0.0,0.0,1.8478351,6.9618206,6.6916075,0.0,0.0,0.0,0.0,0.0,0.0,0.0,0.0,0.0,0.0,0.0,3.0160081,0.0,0.0,0.0,6.7006755,5.7236238,2.4845297,0.0,4.745302,0.0,0.0,0.0,0.47151285,0.0,2.9416564,0.0,0.0,0.0,0.0,0.0,0.0,0.0,4.6657586,0.0,0.0,0.0,0.0,0.0,0.0,0.0,0.0,0.0,0.0,0.0,0.0,0.0,0.0,0.0,12.116057,0.0,0.0,1.0956331,0.0,0.0,7.1721272,6.120004,0.0,0.7566372,2.3486092,5.4289775
ACH-000954,0.0,0.0,5.45682,3.2118351,0.0,5.1939745,2.3401077,0.0,5.36768,0.0,0.0,2.6126535,0.0,0.0,0.0,0.0,0.0,1.31732,0.0,0.0,0.0,0.0,0.0,0.0,0.0,4.319044,0.0,0.0,0.0,0.0,7.571266,4.5605297,0.0,0.0,0.0,0.0,0.0,0.6285257,0.0,5.8372293,0.0,0.0,0.0,0.0,1.7283615,0.0,0.0,2.5904763,0.0,0.0,0.0,0.0,0.0,0.0,0.0,0.41018817,0.0,0.0,0.0,0.0,0.0,0.0,0.0,0.0,2.5209525,6.542025,6.405614,0.0,0.0,0.0,0.0,0.0,0.0,0.0,0.0,0.0,0.0,0.0,2.3568516,0.0,0.0,0.0,5.9448695,4.604595,2.1668015,0.0,4.7711854,0.0,0.0,0.0,0.50987184,0.0,3.5308907,0.0,0.0,0.0,0.0,0.0,0.0,0.0,4.9997077,0.0,0.0,0.0,0.0,0.0,0.0,0.0,0.0,0.0,0.0,0.0,0.0,0.0,0.0,0.0,11.452431,0.0,0.0,2.1457095,0.0,0.0,6.886729,5.9426084,0.0,0.932407,3.4513555,4.8057003
ACH-000955,0.0,0.0,5.4610496,2.3660662,0.0,4.800466,2.6282892,0.0,6.0060763,0.0,0.0,2.873977,0.0,0.0,0.0,0.0,0.0,0.0,0.0,0.0,0.0,0.0,0.0,0.0,0.0,4.584683,0.0,0.0,0.7606835,0.0,7.038907,3.6708012,0.0,0.0,0.0,0.0,0.0,0.0,0.0,4.993695,0.0,0.0,0.0,0.0,1.5732683,0.0,0.0,3.4676466,0.0,0.0,0.0,0.0,0.0,0.0,0.0,0.87544173,0.0,0.0,0.0,0.0,0.0,0.0,0.0,0.0,1.5509367,6.9712486,6.364629,0.0,0.0,0.0,0.0,0.0,0.0,0.0,0.0,0.0,0.0,0.0,2.6023862,0.0,0.0,0.0,5.1354585,6.479496,2.797012,0.0,4.809226,0.0,0.0,0.0,0.0,0.0,2.3219957,0.0,0.0,0.0,0.0,0.0,0.0,0.0,4.6168723,0.0,0.0,0.0,0.0,0.0,0.0,0.0,0.0,0.0,0.0,0.0,0.0,0.0,0.0,0.0,11.623176,0.0,0.0,1.79788,0.0,0.0,6.3803606,6.214887,0.0,1.4863142,2.8319237,5.2448945
ACH-000956,0.0,0.0,4.812928,2.8642597,0.0,3.9583101,1.570843,0.0,4.4602613,0.0,0.0,3.0277522,0.0,0.0,0.0,0.0,0.0,0.0,0.0,0.0,0.0,0.0,0.0,0.0,0.0,4.7217326,0.0,0.0,0.0,0.0,7.2904396,4.0067983,0.0,0.0,0.0,0.0,0.0,0.0,0.38325465,5.1999087,0.0,0.0,0.0,0.0,1.6511784,0.0,0.0,2.7826815,0.0,0.0,0.0,0.0,0.0,0.0,0.0,0.0,0.0,0.0,0.93378687,0.0,0.0,0.0,0.0,0.0,0.8050499,5.6398816,6.655388,0.0,0.0,0.0,0.0,0.0,0.0,0.0,0.0,0.0,0.0,0.0,3.0107844,0.0,0.0,0.0,6.6816435,5.8850727,3.0961554,0.0,4.387493,0.0,0.0,0.0,0.0,0.0,2.5487893,0.0,0.0,0.0,0.0,0.0,0.0,0.0,3.8521805,0.0,0.0,0.0,0.0,0.0,0.0,0.0,0.0,0.0,0.0,1.5987107,0.0,0.0,0.0,0.0,10.685933,0.0,0.0,1.6315156,0.0,0.0,6.228299,6.137139,0.0,0.5476918,2.5054414,4.9866138
ACH-000957,0.0,0.0,5.210128,3.0828717,0.0,4.023687,1.6757113,0.0,5.834927,0.0,0.0,2.9713519,0.0,0.0,0.0,0.0,0.0,0.06322623,0.0,0.0,0.0,0.0,0.0,0.0,0.0,4.5803514,0.0,0.0,0.0,0.0,7.6808643,4.002783,0.0,0.0,0.0,0.0,0.0,0.0,0.0,5.0533566,0.0,0.0,0.0,0.0,0.9729386,0.0,0.0,2.9158263,0.0,0.0,0.0,0.0,0.0,0.0,0.0,0.4736491,0.0,0.0,1.7120697,0.0,0.0,0.0,0.0,0.0,2.1483982,6.2254477,5.467865,0.0,0.0,0.0,0.0,0.0,0.0,0.0,0.0,0.0,0.0,0.0,3.0208921,0.0,0.0,0.0,6.779311,5.1018972,2.7782772,0.0,4.3070955,0.0,0.0,0.0,0.36286262,0.0,2.9105046,0.0,0.0,0.0,0.0,0.0,0.0,0.0,4.259586,0.0,0.0,0.0,0.0,0.0,0.0,0.0,0.0,0.0,0.0,0.0,0.0,0.0,0.0,0.0,11.421803,0.0,0.0,1.4628736,0.0,0.0,6.678683,6.709267,0.0,0.97134423,2.697815,5.202768
ACH-000958,0.0,0.0,5.4569297,2.1061783,0.0,4.367983,2.8037474,0.0,5.879912,0.0,0.0,3.2444108,0.0,0.0,0.0,0.0,0.0,0.0,0.0,0.0,0.0,0.0,0.0,0.0,0.0,4.652546,0.0,0.0,0.0,0.0,8.786819,4.665703,0.0,0.0,0.0,0.0,0.0,0.0,0.0,5.5577407,0.0,0.0,0.0,0.0,1.788915,0.0,0.0,2.9646158,0.0,0.0,0.0,0.0,0.0,0.0,0.0,0.6394118,0.0,0.0,0.0,0.0,0.0,0.0,0.0,0.0,1.2042501,6.4677644,6.961815,0.0,0.0,0.0,0.0,0.0,0.0,0.0,0.0,0.0,0.0,0.0,3.4487965,0.0,0.0,0.0,6.1527615,4.709435,2.419175,0.0,4.10577,0.0,0.0,0.0,0.6819171,0.0,2.8786738,0.0,0.0,0.0,0.0,0.0,0.0,0.0,5.1803055,0.0,0.0,0.0,0.0,0.0,0.0,0.0,0.0,0.0,0.0,0.0,0.0,0.0,0.0,0.0,11.318215,0.0,0.0,1.4783561,0.0,0.0,6.677243,7.035834,0.0,0.8277778,2.1161928,4.2719464
ACH-000959,0.0,0.0,5.5584016,3.2069197,0.0,4.6279764,2.0298133,0.0,5.3548694,0.0,0.0,2.5606477,0.0,0.0,0.0,0.0,0.0,0.014182994,0.0,0.0,0.0,0.0,0.0,0.0,0.0,4.706586,0.0,0.0,0.0,0.0,7.7430944,4.4519434,0.0,0.0,0.0,0.0,0.0,0.0,0.0,4.957186,0.0,0.0,0.0,0.0,1.193098,0.0,0.0,2.789079,0.0,0.0,0.0,0.0,0.0,0.0,0.0,0.59727836,0.0,0.0,0.6107982,0.0,0.0,0.0,0.0,0.0,1.3325704,6.6566467,6.232397,0.0,0.0,0.0,0.0,0.0,0.0,0.0,0.0,0.0,0.0,0.0,3.6248202,0.0,0.0,0.0,6.705933,5.1458883,3.0685422,0.0,4.6159983,0.0,0.0,0.0,0.29720417,0.0,2.1839821,0.0,0.0,0.0,0.0,0.0,0.0,0.0,4.5156927,0.0,0.0,0.0,0.0,0.0,0.0,0.0,0.0,0.0,0.0,0.0,0.0,0.0,0.0,0.0,11.674321,0.0,0.0,1.9252678,0.0,0.0,7.555867,6.4032483,0.0,0.7188056,2.769211,5.478736
ACH-000961,0.0,0.0,5.0889425,2.7812586,0.0,5.14512,1.9794683,0.0,4.9045954,0.0,0.0,3.7431908,0.0,0.0,0.0,0.0,0.0,0.0,0.0,0.0,0.0,0.0,0.0,0.0,0.0,4.871338,0.0,0.0,0.0,0.0,7.9361258,4.6515145,0.0,0.0,0.0,0.0,0.0,1.0907464,0.0,5.4947915,0.0,0.0,0.0,0.0,1.9000355,0.0,0.0,2.855484,0.0,0.0,0.0,0.0,0.0,0.0,0.0,0.22824453,0.0,0.0,0.0,0.0,0.0,0.0,0.0,0.0,2.1571834,7.333783,6.3376536,0.0,0.0,0.0,0.0,0.0,0.0,0.0,0.0,0.0,0.0,0.0,3.5286062,0.0,0.0,0.0,7.308572,5.6785784,2.309853,0.0,4.8285522,0.0,0.0,0.0,0.0,0.0,3.7139904,0.0,0.0,0.0,0.0,0.0,0.0,0.0,4.62372,0.0,0.0,0.0,0.0,0.0,0.0,0.0,0.0,0.0,0.0,0.0,0.0,0.0,0.0,0.0,12.094218,0.0,0.0,1.7950885,0.0,0.0,7.9194098,6.994058,0.0,0.8501045,2.7148802,5.858809
ACH-000962,0.0,0.0,4.799086,2.7361608,0.0,4.760458,2.091115,0.0,4.95452,0.0,0.0,3.6721008,0.0,0.0,0.0,0.0,0.0,0.72154534,0.0,0.0,0.0,0.0,0.0,0.0,0.0,4.15744,0.0,0.0,0.0,0.0,8.077085,4.6159563,0.0,0.0,0.0,0.0,0.0,0.021929188,0.0,5.2207427,0.0,0.0,0.0,0.0,1.6799003,0.0,0.0,2.9533324,0.0,0.0,0.0,0.0,0.0,0.0,0.0,0.28596774,0.0,0.0,0.0,0.0,0.0,0.0,0.0,0.0,2.2333133,6.676662,6.261405,0.0,0.0,0.0,0.0,0.0,0.0,0.0,0.0,0.0,0.0,0.0,3.3147993,0.0,0.0,0.0,5.9824023,5.0235806,2.7933204,0.0,4.223637,0.0,0.0,0.0,0.0,0.0,3.4171517,0.0,0.0,0.0,0.0,0.0,0.0,0.0,5.1195264,0.0,0.0,0.0,0.0,0.0,0.0,0.0,0.0,0.0,0.0,0.0,0.0,0.0,0.0,0.028929962,11.485182,0.0,0.0,1.960497,0.0,0.0,6.885138,5.925241,0.0,0.67834,3.296963,5.1222224
ACH-000965,0.0,0.0,4.8273683,3.3113363,0.0,4.62897,2.1949663,0.0,4.3264775,0.0,0.0,2.8607492,0.0,0.0,0.0,0.0,0.0,0.102918155,0.0,0.0,0.0,0.0,0.0,0.0,0.0,3.9749,0.0,0.0,0.0,0.0,7.643129,4.72104,0.0,0.0,0.0,0.0,0.0,1.4542047,0.0,5.3745255,0.0,0.0,0.0,0.0,1.4050257,0.0,0.0,2.9861293,0.0,0.0,0.0,0.0,0.0,0.0,0.0,0.0,0.0,0.0,0.0,0.0,0.0,0.0,0.0,0.0,1.8244305,6.0818257,5.8154755,0.0,0.0,0.0,0.0,0.0,0.0,0.0,0.0,0.0,0.0,0.0,3.4654038,0.0,0.0,0.0,6.307861,5.843665,1.1074886,0.0,4.3674784,0.0,0.0,0.0,0.16468573,0.0,3.0194728,0.0,0.0,0.0,0.0,0.0,0.0,0.0,4.5907965,0.0,0.0,0.0,0.0,0.0,0.0,0.0,0.0,0.0,0.0,0.0,0.0,0.0,0.0,0.0,11.27828,0.0,0.0,2.4765275,0.0,0.0,7.644999,5.7280655,0.0,0.12348076,3.4051836,4.884667
ACH-000966,0.0,0.0,6.2343225,2.8121083,0.0,4.0906315,2.2824612,0.0,4.974075,0.0,0.0,3.5664854,0.0,0.0,0.0,0.0,0.0,0.0,0.0,0.0,0.0,0.0,0.0,0.0,0.0,4.3258834,0.0,0.0,0.09641383,0.0,8.10003,3.7600024,0.0,0.0,0.0,0.0,0.0,0.0,0.0,5.637881,0.0,0.0,0.0,0.0,2.7417667,0.0,0.0,2.9020057,0.0,0.0,0.0,0.0,0.0,0.0,0.0,0.0,0.0,0.0,0.0,0.0,0.0,0.0,0.0,0.0,1.0835019,5.887415,6.667594,0.0,0.0,0.0,0.0,0.0,0.0,0.0,0.0,0.0,0.0,0.0,3.2469141,0.0,0.0,0.0,6.405511,4.9998364,3.427385,0.0,4.7787676,0.0,0.0,0.0,0.0,0.0,3.9010837,0.0,0.0,0.0,0.0,0.0,0.0,0.0,5.496996,0.0,0.0,0.0,0.0,0.0,0.0,0.0,0.0,0.0,0.0,0.0,0.0,0.0,0.0,0.0,11.388463,0.0,0.0,1.1185541,0.0,0.0,6.236919,6.320133,0.0,1.4555639,2.6971807,5.6699696
ACH-000967,0.0,0.0,6.20802,2.5392408,0.0,4.3619003,1.8482357,0.0,6.931315,0.0,0.0,3.6593025,0.0,0.0,0.0,0.0,0.0,0.0,0.0,0.0,0.0,0.0,0.0,0.0,0.0,5.8056645,0.0,0.0,0.0,0.0,8.298512,3.7298384,0.0,0.0,0.0,0.0,0.0,0.83010954,0.0,5.818772,0.0,0.0,0.0,0.0,1.4779317,0.0,0.0,3.4705927,0.0,0.0,0.0,0.0,0.0,0.0,0.0,0.3883699,0.0,0.0,0.0,0.0,0.0,0.0,0.0,0.0,1.1923429,7.5250554,6.491561,0.0,0.0,0.0,0.0,0.0,0.0,0.0,0.0,0.0,0.0,0.0,4.144497,0.0,0.0,0.0,8.015123,6.685795,3.4418824,0.0,4.6187763,0.0,0.0,0.0,0.52239937,0.0,2.9867013,0.0,0.0,0.0,0.0,0.0,0.0,0.0,4.0229316,0.0,0.0,0.0,0.0,0.0,0.0,0.0,0.0,0.0,0.0,0.0,0.0,0.0,0.0,0.0,12.548302,0.0,0.0,1.9377955,0.0,0.0,7.6359305,7.2087536,0.0,1.2554606,3.156637,5.7855053
ACH-000968,0.0,0.0,5.04235,3.0985353,0.0,4.0905085,2.227909,0.0,4.851918,0.0,0.0,2.6830008,0.0,0.0,0.0,0.0,0.0,1.4106503,0.0,0.0,0.0,0.0,0.0,0.0,0.0,5.1366725,0.0,0.0,0.0,0.0,7.79198,4.8523917,0.0,0.0,0.0,0.0,0.0,0.35340714,0.0,6.164635,0.0,0.0,0.0,0.0,0.7818733,0.0,0.0,2.3177729,0.0,0.0,0.0,0.0,0.0,0.0,0.0,0.5441095,0.0,0.0,0.0,0.0,0.0,0.0,0.0,0.0,2.8795474,5.7068486,6.1627426,0.0,0.0,0.0,0.0,0.0,0.0,0.0,0.0,0.0,0.0,0.0,2.7181108,0.0,0.0,0.0,5.788829,5.0802813,3.7509747,0.0,3.794792,0.0,0.0,0.0,0.0,0.0,3.0230036,0.0,0.0,0.0,0.0,0.0,0.0,0.0,4.195623,0.0,0.0,0.0,0.0,0.0,0.0,0.0,0.0,0.0,0.0,0.0,0.0,0.0,0.0,1.1281046,11.09172,0.0,0.0,1.6737043,0.0,0.0,6.5235534,6.7444153,0.0,1.414702,2.6029854,4.658899
ACH-000970,0.0,0.0,6.2146735,2.275503,0.0,4.8860855,2.990121,0.0,6.602339,0.0,0.0,2.379577,0.0,0.0,0.0,0.0,0.0,0.22124758,0.0,0.0,0.0,0.0,0.0,0.0,0.0,5.734389,0.0,0.0,0.0,0.0,7.9926195,4.931711,0.0,0.0,0.0,0.0,0.0,0.0,0.0,5.783912,0.0,0.0,0.0,0.0,1.3565105,0.0,0.0,3.0963507,0.0,0.0,0.0,0.0,0.0,0.0,0.0,0.07334499,0.0,0.0,0.0,0.0,0.0,0.0,0.0,0.0,1.4837357,6.8693447,6.502839,0.0,0.0,0.0,0.0,0.0,0.0,0.0,0.0,0.0,0.0,0.0,3.829491,0.0,0.0,0.0,6.561236,5.582539,2.4784412,0.0,5.14797,0.0,0.0,0.0,0.58699244,0.0,3.1301441,0.0,0.0,0.0,0.0,0.0,0.0,0.0,5.025971,0.0,0.0,0.0,0.0,0.0,0.0,0.0,0.0,0.0,0.0,0.0,0.0,0.0,0.0,0.0,11.835431,0.0,0.0,1.7610334,0.0,0.0,6.8216023,6.2912374,0.0,0.59766245,3.0650938,5.0034795
ACH-000971,0.0,0.0,5.1289616,2.6121807,0.0,3.7861497,2.732631,0.0,4.2010303,0.0,0.0,3.290216,0.0,0.0,0.0,0.0,0.0,0.10575945,0.0,0.0,0.0,0.0,0.0,0.0,0.0,5.602467,0.0,0.0,0.0,0.0,8.017749,4.657304,0.0,0.0,0.0,0.0,0.0,0.0,0.0,6.3959136,0.0,0.0,0.0,0.0,2.4055924,0.0,0.0,2.3672633,0.0,0.0,0.0,0.0,0.0,0.0,0.0,0.0,0.0,0.0,0.0,0.0,0.0,0.0,0.0,0.0,1.6375703,6.0163703,6.000498,0.0,0.0,0.0,0.0,0.0,0.0,0.0,0.0,0.0,0.0,0.0,3.017731,0.0,0.0,0.0,6.0568204,4.0632257,2.892782,0.0,4.1458855,0.0,0.0,0.0,0.0,0.0,3.6027644,0.0,0.0,0.0,0.0,0.0,0.0,0.0,3.7520156,0.0,0.0,0.0,0.0,0.0,0.0,0.0,0.0,0.0,0.0,0.0,0.0,0.0,0.0,0.0,11.796836,0.0,0.0,1.1553291,0.0,0.0,7.110719,6.1774573,0.0,0.9650909,2.8538206,4.8895516
ACH-000972,0.0,0.0,5.0609035,1.4465481,0.0,3.9831438,2.1045103,0.0,5.3430142,0.0,0.0,3.5136366,0.0,0.0,0.0,0.0,0.0,0.0,0.0,0.0,0.0,0.0,0.0,0.0,0.0,5.3869305,0.0,0.0,0.11828444,0.0,6.316616,4.69924,0.0,0.0,0.0,0.0,0.0,0.0,0.0,5.526543,0.0,0.0,0.0,0.0,1.6353289,0.0,0.0,2.9824042,0.0,0.0,0.0,0.0,0.0,0.0,0.0,0.30631724,0.0,0.0,0.0,0.0,0.0,0.0,0.0,0.0,1.7430325,5.6185913,5.2890234,0.0,0.0,0.0,0.0,0.0,0.0,0.0,0.0,0.0,0.0,0.0,2.170581,0.0,0.0,0.0,6.0898795,4.1723204,2.8032694,0.0,4.5957623,0.0,0.0,0.0,0.0,0.0,2.995889,0.0,0.0,0.0,0.0,0.0,0.0,0.0,3.2929413,0.0,0.0,0.0,0.0,0.0,0.0,0.0,0.0,0.0,0.0,0.0,0.0,0.0,0.0,0.0,11.198287,0.0,0.0,1.6318394,0.0,0.0,5.7171407,7.192509,0.0,1.1981516,2.6658962,5.313191
ACH-000973,0.0,0.0,5.133442,2.6669881,0.0,4.3145046,3.3023007,0.0,6.49052,0.0,0.0,4.302076,0.0,0.0,0.0,0.0,0.0,0.25645417,0.0,0.0,0.0,0.0,0.0,0.0,0.0,5.6270757,0.0,0.0,0.0,0.0,7.412355,4.772609,0.0,0.0,0.0,0.0,0.0,0.0,0.0,4.9587626,0.0,0.0,0.0,0.0,1.7247888,0.0,0.0,2.753743,0.0,0.0,0.0,0.0,0.0,0.0,0.0,0.16648106,0.0,0.0,0.0,0.0,0.0,0.0,0.0,0.0,0.64790595,6.593681,6.179779,0.0,0.0,0.0,0.0,0.0,0.0,0.0,0.0,0.0,0.0,0.0,2.5404286,0.0,0.0,0.0,6.8258295,5.6973715,2.3102748,0.0,4.7748246,0.0,0.0,0.0,0.0,0.0,3.5558205,0.0,0.0,0.0,0.0,0.0,0.0,0.0,4.814184,0.0,0.0,0.0,0.0,0.0,0.0,0.0,0.0,0.0,0.0,0.0,0.0,0.0,0.0,0.0,12.378818,0.0,0.0,1.1708456,0.0,0.0,6.5280814,6.900562,0.0,1.0614715,2.526854,5.3250422
ACH-000974,0.0,0.0,5.2767506,3.524079,0.0,5.1775856,2.7267973,0.0,4.7219787,0.0,0.0,4.3479514,0.0,0.0,0.0,0.0,0.0,1.2715601,0.0,0.0,0.0,0.0,0.0,0.0,0.0,5.167096,0.0,0.0,0.0,0.0,7.867897,4.327322,0.0,0.0,0.0,0.0,0.0,0.015550179,0.0,5.8765445,0.0,0.0,0.0,0.0,2.5318286,0.0,0.0,3.2354097,0.0,0.0,0.0,0.0,0.0,0.0,0.0,0.0,0.0,0.0,0.0,0.0,0.0,0.0,0.0,0.0,1.7311349,5.706747,7.2823524,0.0,0.0,0.0,0.0,0.0,0.0,0.0,0.0,0.0,0.0,0.0,2.7415855,0.0,0.0,0.0,5.315204,4.3463917,2.9772246,0.0,3.7942252,0.0,0.0,0.0,0.39447325,0.0,3.4809518,0.0,0.0,0.0,0.0,0.0,0.0,0.0,4.988764,0.0,0.0,0.0,0.0,0.0,0.0,0.0,0.0,0.0,0.0,0.0,0.0,0.0,0.0,0.0,10.779691,0.0,0.0,2.0639808,0.0,0.0,6.255268,6.5458126,0.0,1.1595477,3.8523118,5.9566226
ACH-000976,0.0,0.0,6.312456,2.4980893,0.0,4.828683,2.6972246,0.0,5.1994004,0.0,0.0,3.371281,0.0,0.0,0.0,0.0,0.0,1.2639834,0.0,0.0,0.0,0.0,0.0,0.0,0.0,4.7169538,0.0,0.0,0.4969034,0.0,7.1803446,3.8138604,0.0,0.0,0.0,0.0,0.0,0.29226485,0.0,5.369785,0.0,0.0,0.0,0.0,1.4350449,0.0,0.0,3.2092748,0.0,0.0,0.0,0.0,0.0,0.0,0.0,0.023274584,0.0,0.0,0.0,0.0,0.0,0.0,0.0,0.0,0.887519,6.086581,5.420005,0.0,0.0,0.0,0.0,0.0,0.0,0.0,0.0,0.11298187,0.0,0.0,3.1096246,0.0,0.0,0.0,6.5449066,4.808883,2.4546354,0.0,3.789891,0.0,0.0,0.0,0.0,0.0,3.1807625,0.0,0.0,0.0,0.0,0.0,0.0,0.0,3.9444125,0.0,0.0,0.0,0.0,0.0,0.0,0.0,0.0,0.0,0.0,0.0,0.0,0.0,0.0,0.0,11.595714,0.0,0.0,1.4765693,0.0,0.0,7.185527,6.406743,0.0,0.79222083,2.868633,5.0536675
ACH-000977,0.0,0.0,4.603204,2.3151863,0.0,3.6871367,2.600291,0.0,5.554623,0.0,0.0,3.1982734,0.0,0.0,0.0,0.0,0.0,0.0,0.0,0.0,0.0,0.0,0.0,0.0,0.0,4.6024365,0.0,0.0,0.0,0.0,7.458703,4.717616,0.0,0.0,0.0,0.0,0.0,0.1628822,0.0,4.7691827,0.0,0.0,0.0,0.0,0.58306307,0.0,0.0,3.0447667,0.0,0.0,0.0,0.0,0.0,0.0,0.0,0.0,0.0,0.0,0.0,0.0,0.0,0.0,0.0,0.0,1.6281971,5.581155,5.9759865,0.0,0.0,0.0,0.0,0.0,0.0,0.0,0.0,0.0,0.0,0.0,2.6227002,0.0,0.0,0.0,5.9470677,4.9615393,2.9728744,0.0,3.5228715,0.0,0.0,0.0,0.0,0.0,2.4297898,0.0,0.0,0.0,0.0,0.0,0.0,0.0,3.541327,0.0,0.0,0.0,0.0,0.0,0.0,0.0,0.0,0.0,0.0,0.0,0.0,0.0,0.0,0.0,11.114214,0.0,0.0,2.14667,0.0,0.0,6.2328577,6.7783113,0.0,0.24867286,2.8461895,4.638654
ACH-000978,0.0,0.0,5.6739635,2.6943414,0.0,4.3175287,2.0706344,0.0,5.004029,0.0,0.0,3.0888348,0.0,0.0,0.0,0.0,0.0,0.11988003,0.0,0.0,0.0,0.0,0.0,0.0,0.0,4.5729203,0.0,0.0,0.0,0.0,7.4860687,3.998749,0.0,0.0,0.0,0.0,0.0,0.0,0.32103357,5.1526113,0.0,0.0,0.0,0.0,1.2689227,0.0,0.0,3.4126065,0.0,0.0,0.0,0.0,0.0,0.0,0.0,0.0,0.0,0.0,0.0,0.0,0.0,0.0,0.0,0.0,1.946028,6.6792226,6.8049593,0.0,0.0,0.0,0.0,0.0,0.0,0.0,0.0,0.0,0.0,0.0,3.4796715,0.0,0.0,0.0,4.9263425,6.017317,4.268851,0.0,4.6332526,0.0,0.0,0.0,0.21412212,0.0,2.758352,0.0,0.0,0.0,0.0,0.0,0.0,0.0,4.4929533,0.0,0.0,0.0,0.0,0.0,0.0,0.0,0.0,0.0,0.0,0.6329777,0.0,0.0,0.0,1.2280439,10.568765,0.0,0.0,2.0728981,0.0,0.0,7.1004176,6.6210217,0.0,2.0680215,3.160843,4.356548
ACH-000982,0.0,0.0,5.4262657,2.1045702,0.0,3.8462017,2.7862382,0.0,5.008903,0.0,0.0,2.3396237,0.0,0.0,0.0,0.0,0.0,0.618572,0.0,0.0,0.0,0.0,0.0,0.0,0.0,4.757461,0.0,0.0,0.0,0.0,7.5960145,4.0872993,0.0,0.0,0.0,0.0,0.0,0.053683475,0.0,5.1673036,0.0,0.0,0.0,0.0,1.2321914,0.0,0.0,2.6968603,0.0,0.0,0.0,0.0,0.0,0.0,0.0,0.02098064,0.0,0.0,1.2312114,0.0,0.0,0.0,0.0,0.0,1.6872526,5.9895544,6.916913,0.0,0.0,0.0,0.0,0.0,0.0,0.0,0.0,0.0,0.0,0.0,4.3089375,0.0,0.0,0.0,6.564799,5.7651176,3.256284,0.0,3.6230927,0.0,0.0,0.0,0.0,0.0,2.437187,0.0,0.0,0.0,0.0,0.0,0.0,0.0,3.4382703,0.0,0.0,0.0,0.0,0.0,0.0,0.0,0.0,0.0,0.0,1.0524728,0.0,0.0,0.0,0.0,11.338563,0.0,0.0,1.9382585,0.0,0.0,6.7411923,5.8508325,0.0,1.019023,2.34015,5.0564756
ACH-000984,0.0,0.0,4.8508263,2.9032295,0.0,5.214534,2.9095886,0.0,5.0325375,0.0,0.0,3.052288,0.0,0.0,0.0,0.0,0.0,0.0,0.0,0.0,0.0,0.0,0.0,0.0,0.0,5.8274684,0.0,0.0,0.0,0.0,6.9801016,4.2547545,0.0,0.0,0.0,0.0,0.0,0.0,0.0,5.988384,0.0,0.0,0.0,0.0,2.3470807,0.0,0.0,2.6543827,0.0,0.0,0.0,0.0,0.0,0.0,0.0,0.0,0.0,0.0,0.0,0.0,0.0,0.0,0.0,0.0,1.5601305,6.4516053,7.072677,0.0,0.0,0.0,0.0,0.0,0.0,0.0,0.0,0.0,0.0,0.0,3.6474633,0.0,0.0,0.0,6.419312,3.8543723,1.8376398,0.0,3.936505,0.0,0.0,0.0,0.0,0.0,3.13352,0.0,0.0,0.0,0.0,0.0,0.0,0.0,4.8521686,0.0,0.0,0.0,0.0,0.0,0.0,0.0,0.0,0.0,0.0,0.0,0.0,0.0,0.0,0.0,10.643059,0.0,0.0,0.860216,0.0,0.0,5.3480363,6.133193,0.0,1.0248166,3.0687764,5.195578
ACH-000985,0.0,0.0,5.8455524,1.7118953,0.0,4.0866394,3.184285,0.0,5.613826,0.0,0.0,2.858566,0.0,0.0,0.0,0.0,0.0,0.0,0.0,0.0,0.0,0.0,0.0,0.0,0.0,4.5478606,0.0,0.0,0.0,0.0,7.371951,3.5914009,0.0,0.0,0.0,0.0,0.0,0.0,0.0,4.969294,0.0,0.0,0.0,0.0,1.3944033,0.0,0.0,3.6531904,0.0,0.0,0.0,0.0,0.0,0.0,0.0,1.0508606,0.0,0.0,0.5354537,0.0,0.0,0.0,0.0,0.0,1.1004301,6.468777,7.0368724,0.0,0.0,0.0,0.0,0.0,0.0,0.0,0.0,0.0,0.0,0.0,3.0253413,0.0,0.0,0.0,6.9372706,5.0229216,3.2246158,0.0,4.1600604,0.0,0.0,0.0,0.80033064,0.0,2.6231835,0.0,0.0,0.0,0.0,0.0,0.0,0.0,4.0455256,0.0,0.0,0.0,0.0,0.0,0.0,0.0,0.0,0.0,0.0,0.0,0.0,0.0,0.0,0.0,10.904252,0.0,0.0,1.2996957,0.0,0.0,6.2240834,6.10037,0.0,1.0074679,2.7166326,5.483479
ACH-000987,0.0,0.0,4.4582505,3.011656,0.0,3.9948537,2.166688,0.0,4.6971297,0.0,0.0,3.6067636,0.0,0.0,0.0,0.0,0.0,0.0,0.0,0.0,0.0,0.0,0.0,0.0,0.0,5.4239426,0.0,0.0,0.0,0.0,6.9622297,3.646767,0.0,0.0,0.0,0.0,0.0,0.0,0.0,5.3973923,0.0,0.0,0.0,0.0,0.73795146,0.0,0.0,1.9950266,0.3175792,0.0,0.0,0.0,0.0,0.0,0.0,0.55798024,0.0,0.0,0.0,0.0,0.0,0.0,0.0,0.0,1.5074463,5.731562,6.0093765,0.0,0.0,0.0,0.0,0.0,0.0,0.0,0.0,0.0,0.0,0.0,2.9059289,0.0,0.0,0.0,6.555256,5.7649755,3.4829865,0.0,4.33265,0.0,0.0,0.0,0.0,0.0,2.6249568,0.0,0.0,0.0,0.0,0.0,0.0,0.0,4.3437605,0.0,0.0,0.0,0.0,0.0,0.0,0.0,0.0,0.0,0.0,0.0,0.0,0.0,0.0,0.5331197,10.469199,0.0,0.0,1.9726486,0.0,0.0,6.381227,6.5465055,0.0,2.064097,3.6867287,5.0294943
ACH-000988,0.0,0.0,5.82228,2.6321828,0.0,4.6441445,3.3420014,0.0,5.560691,0.0,0.0,2.2132795,0.0,0.0,0.0,0.0,0.0,0.0,0.0,0.0,0.0,0.0,0.0,0.0,0.0,5.5163555,0.0,0.0,0.0,0.0,7.295059,4.510394,0.0,0.0,0.0,0.0,0.0,0.43598276,0.0,6.517835,0.0,0.0,0.0,0.0,1.7610716,0.0,0.0,2.3693073,0.0,0.0,0.0,0.0,0.0,0.0,0.0,0.48756763,0.0,0.0,0.0,0.0,0.0,0.0,0.0,0.0,1.4573429,6.403437,7.421982,0.0,0.0,0.0,0.0,0.0,0.0,0.0,0.0,0.0,0.0,0.0,3.182453,0.0,0.0,0.0,6.315971,4.344617,2.4711115,0.0,4.5930023,0.0,0.0,0.0,0.7984768,0.0,3.2780015,0.0,0.0,0.0,0.0,0.0,0.0,0.0,3.5899236,0.0,0.0,0.0,0.0,0.0,0.0,0.0,0.0,0.0,0.0,0.0,0.0,0.0,0.0,0.0,10.891455,0.0,0.0,3.0557556,0.0,0.0,6.5784416,6.592197,0.0,1.3372679,3.8413997,6.086633
ACH-000990,0.0,0.0,6.044303,3.2916055,0.0,5.919759,2.4917371,0.0,5.4427733,0.0,0.0,3.4892771,0.0,0.0,0.0,0.0,0.0,0.764097,0.0,0.0,0.0,0.0,0.0,0.0,0.0,6.255588,0.0,0.0,0.0,0.0,7.507273,4.6641026,0.0,0.0,0.0,0.0,0.0,0.65943474,0.0,6.5136724,0.0,0.0,0.0,0.0,1.6429001,0.0,0.0,3.1659622,0.0,0.0,0.0,0.0,0.0,0.0,0.0,0.0,0.0,0.0,0.0,0.77532357,0.0,0.0,0.0,0.0,2.5884535,6.8019295,7.432948,0.0,0.0,0.0,0.0,0.0,0.0,0.0,0.0,0.0,0.0,0.0,3.395158,0.0,0.0,0.0,5.3716493,4.9664354,3.411931,0.0,5.780568,0.0,0.0,0.0,0.7731349,0.0,3.6154416,0.0,0.0,0.0,0.0,0.0,0.0,0.0,3.7260458,0.0,0.0,0.0,0.0,0.0,0.0,0.0,0.0,0.0,0.0,0.0,0.0,0.0,0.0,0.0,11.1627035,0.0,0.0,1.2544712,0.0,0.0,5.890162,6.092668,0.0,0.9530714,2.7291563,6.070918
ACH-000991,0.0,0.0,5.3958,3.109715,0.0,4.5316,2.3595326,0.0,6.0525346,0.0,0.0,3.4843097,0.0,0.0,0.0,0.0,0.0,0.0,0.0,0.0,0.0,0.0,0.0,0.0,0.0,4.647979,0.0,0.0,0.23607728,0.0,8.292051,4.836597,0.0,0.0,0.0,0.0,0.0,0.0,0.0,5.019465,0.0,0.0,0.0,0.0,1.5341033,0.0,0.0,2.9426308,0.0,0.0,0.0,0.0,0.0,0.0,0.0,0.30745342,0.0,0.0,0.49755388,0.0,0.0,0.0,0.0,0.0,1.6724381,6.5524635,6.4605103,0.0,0.0,0.0,0.0,0.0,0.0,0.0,0.0,0.0,0.0,0.0,3.4585593,0.0,0.0,0.0,6.9195957,5.7216306,3.4088259,0.0,4.6462817,0.0,0.0,0.0,0.5081396,0.0,2.8057232,0.0,0.0,0.0,0.0,0.0,0.0,0.0,5.1557293,0.0,0.0,0.0,0.0,0.0,0.0,0.0,0.0,0.0,0.0,0.0,0.0,0.0,0.0,0.0,12.243738,0.0,0.0,2.15975,0.0,0.0,7.1694484,6.8394594,0.0,0.7431263,2.803262,5.5465956
ACH-000994,0.0,0.0,4.608869,2.1710677,0.0,5.0175347,2.8342347,0.0,4.51439,0.0,0.0,3.79898,0.0,0.0,0.0,0.0,0.0,0.0,0.0,0.0,0.0,0.0,0.0,0.0,0.0,4.6231084,0.0,0.0,0.0,0.0,6.8680677,4.2537823,0.0,0.0,0.0,0.0,0.0,0.0,0.0,5.1875863,0.0,0.0,0.0,0.0,2.021695,0.0,0.0,3.3367968,0.0,0.0,0.0,0.0,0.0,0.0,0.0,0.0,0.0,0.0,0.0,0.0,0.0,0.0,0.0,0.0,1.7195654,6.2645764,7.051487,0.0,0.0,0.0,0.0,0.0,0.0,0.0,0.0,0.0,0.0,0.0,3.3014977,0.0,0.0,0.0,5.921597,6.4645247,3.1822782,0.0,4.8163967,0.0,0.0,0.0,0.0,0.0,3.3560197,0.0,0.0,0.0,0.0,0.0,0.0,0.0,4.0181937,0.0,0.0,0.0,0.0,0.0,0.0,0.0,0.0,0.0,0.0,0.0,0.0,0.0,0.0,0.0,11.444742,0.0,0.0,1.6817598,0.0,0.0,6.6389403,6.624286,0.0,0.97154254,4.300214,5.518831
ACH-000996,0.0,0.0,5.846443,2.3759494,0.0,4.9460654,2.6286428,0.0,5.7171674,0.0,0.0,3.4957578,0.0,0.0,0.0,0.0,0.0,0.0,0.0,0.0,0.0,0.0,0.0,0.0,0.0,4.789783,0.0,0.0,0.0,0.0,7.8928266,4.7191267,0.0,0.0,0.0,0.0,0.0,0.2854962,0.0,6.1314187,0.0,0.0,0.0,0.0,1.6936358,0.0,0.0,3.1686244,0.0,0.0,0.0,0.0,0.0,0.0,0.0,0.0,0.0,0.0,0.0,0.0,0.0,0.0,0.0,0.0,1.940722,6.6703625,6.4763947,0.0,0.0,0.0,0.0,0.0,0.0,0.0,0.0,0.0,0.0,0.0,4.0965843,0.0,0.0,0.0,6.4593577,4.938819,2.9916239,0.0,4.6656218,0.0,0.0,0.0,0.16770461,0.0,3.4730475,0.0,0.0,0.0,0.0,0.0,0.0,0.0,4.034377,0.0,0.0,0.0,0.0,0.0,0.0,0.0,0.0,0.0,0.0,0.0,0.0,0.0,0.0,0.0,11.866145,0.0,0.0,2.08417,0.0,0.0,7.8425684,6.615022,0.0,0.7241918,3.897435,5.2956586
ACH-000997,0.0,0.0,4.926647,2.5998898,0.0,3.9826934,3.2185662,0.0,5.3495812,0.0,0.0,3.2187283,0.0,0.0,0.0,0.0,0.0,0.71760714,0.0,0.0,0.0,0.0,0.0,0.0,0.0,4.2804937,0.0,0.0,0.025507903,0.0,7.379945,4.161039,0.0,0.0,0.0,0.0,0.0,0.0,0.0,5.099426,0.0,0.0,0.0,0.0,2.0317593,0.0,0.0,2.757214,0.0,0.0,0.0,0.0,0.0,0.0,0.0,0.55431277,0.0,0.0,0.7153898,0.0,0.0,0.0,0.0,0.0,1.7344542,6.506186,6.1770277,0.0,0.0,0.0,0.0,0.0,0.0,0.0,0.0,0.0,0.0,0.0,3.074262,0.0,0.0,0.0,5.737346,5.657568,2.9299414,0.0,3.302752,0.0,0.0,0.0,0.0,0.0,2.232017,0.0,0.0,0.0,0.0,0.0,0.0,0.0,3.4545753,0.0,0.0,0.0,0.0,0.0,0.0,0.0,0.0,0.0,0.0,0.116645016,0.0,0.0,0.0,0.0,10.503553,0.0,0.0,1.3701601,0.0,0.0,6.5209327,5.6917834,0.0,1.059341,2.3710325,5.227082
ACH-001016,0.0,0.0,4.8248825,3.4856942,0.0,5.541655,2.5574007,0.0,5.0350146,0.0,0.0,4.1054325,0.0,0.0,0.0,0.0,0.0,0.0,0.0,0.0,0.0,0.0,0.0,0.0,0.0,4.6605186,0.0,0.0,0.0,0.0,8.3441105,4.0950074,0.0,0.0,0.0,0.0,0.0,0.0,0.0,6.142511,0.0,0.0,0.0,0.0,1.5246614,0.0,0.0,3.65908,0.0,0.0,0.0,0.0,0.0,0.0,0.0,0.0,0.0,0.0,0.0,0.0,0.0,0.0,0.0,0.0,0.86897373,6.294558,7.089493,0.0,0.0,0.0,0.0,0.0,0.0,0.0,0.0,0.036882598,0.0,0.0,3.396102,0.0,0.0,0.0,7.1695547,6.1532173,1.7862933,0.0,4.5025797,0.0,0.0,0.0,0.35146514,0.0,3.4624057,0.0,0.0,0.0,0.0,0.0,0.0,0.0,5.3509407,0.0,0.0,0.0,0.0,0.0,0.0,0.0,0.0,0.0,0.0,0.0,0.0,0.0,0.0,0.0,12.460059,0.0,0.0,1.5125366,0.0,0.0,7.9336042,6.671448,0.0,1.0530187,3.6523964,5.568496
ACH-001075,0.0,0.0,4.9887004,2.2728477,0.0,5.5392394,3.0392163,0.0,5.7185054,0.0,0.0,3.5382442,0.0,0.0,0.0,0.0,0.0,0.0,0.0,0.0,0.0,0.0,0.0,0.0,0.0,4.6787486,0.0,0.0,0.0,0.0,8.428722,4.872448,0.0,0.0,0.0,0.0,0.0,0.8174593,0.0,5.8606524,0.0,0.0,0.0,0.0,2.0605352,0.0,0.0,2.4015148,0.0,0.0,0.0,0.0,0.0,0.0,0.0,0.0,0.0,0.0,0.0,0.0,0.0,0.0,0.0,0.0,0.7658194,6.835829,6.418968,0.0,0.0,0.0,0.0,0.0,0.0,0.0,0.0,0.0,0.0,0.0,2.7057416,0.0,0.0,0.0,7.904017,6.80688,2.807863,0.0,4.9131083,0.0,0.0,0.0,0.0,0.0,3.2296143,0.0,0.0,0.0,0.0,0.0,0.0,0.0,5.292588,0.0,0.0,0.0,0.0,0.0,0.0,0.0,0.0,0.0,0.0,0.0,0.0,0.0,0.0,0.0,12.167702,0.0,0.0,2.0621965,0.0,0.0,6.9434867,6.6281834,0.0,1.1821407,2.928903,5.7053165
ACH-001113,0.0,0.0,5.675131,2.80982,0.0,4.0408707,2.4519506,0.0,5.8989997,0.0,0.0,2.6519015,0.0,0.0,0.0,0.0,0.0,0.0,0.0,0.0,0.0,0.0,0.0,0.0,0.0,4.1883683,0.0,0.0,0.0,0.0,7.7002707,4.154472,0.0,0.0,0.0,0.0,0.0,0.25933233,0.0,4.7315326,0.0,0.0,0.0,0.0,1.2459327,0.0,0.0,4.0885086,0.0,0.0,0.0,0.0,0.0,0.0,0.0,1.1106582,0.0,0.0,0.0,0.0,0.0,0.0,0.0,0.0,2.5751417,6.348247,6.5999975,0.0,0.0,0.0,0.0,0.0,0.0,0.0,0.0,0.0,0.0,0.0,3.9125712,0.0,0.0,0.0,4.89681,7.792533,2.116045,0.0,4.112682,0.0,0.0,0.0,0.23467556,0.0,1.9276818,0.0,0.0,0.0,0.0,0.0,0.0,0.0,3.7011368,0.0,0.0,0.0,0.0,0.0,0.0,0.0,0.0,0.0,0.0,0.0,0.0,0.0,0.0,0.0,10.76658,0.0,0.0,2.2063577,0.0,0.0,8.468559,6.3957686,0.0,1.4772998,3.7847326,5.155979
ACH-001128,0.0,0.0,5.0389614,2.0934808,0.0,3.506232,3.0540423,0.0,5.075457,0.0,0.0,3.165445,0.0,0.0,0.0,0.0,0.0,0.0,0.0,0.0,0.0,0.0,0.0,0.0,0.0,4.041897,0.0,0.0,0.0,0.0,6.7552366,3.5766912,0.0,0.0,0.0,0.0,0.0,0.0,1.4725007,3.2603703,0.0,0.0,0.0,0.0,0.7706626,0.0,0.0,1.5564783,0.0,0.0,0.0,0.0,0.0,0.0,0.0,0.82867354,0.0,0.0,0.0,0.0,0.0,0.0,0.0,0.0,1.5853586,5.932536,4.7054496,0.0,0.0,0.0,0.0,0.0,0.0,0.0,0.0,0.0,0.0,0.0,3.0847046,0.0,0.0,0.0,5.5842915,4.8224106,2.0435412,0.0,3.4872513,0.0,0.0,0.0,0.0,0.0,2.306352,0.0,0.0,0.0,0.0,0.0,0.0,0.0,4.8625326,0.0,0.0,0.0,0.0,0.0,0.0,0.0,0.0,0.0,0.0,1.3346838,0.0,0.0,0.0,1.154508,10.13061,0.0,0.0,2.067885,0.0,0.0,5.5366716,6.24275,0.0,0.6968512,2.0556242,3.429139
ACH-001145,0.0,0.0,5.2952175,2.8865123,0.0,4.978109,2.538668,0.0,5.533371,0.0,0.0,3.5048664,0.0,0.0,0.0,0.0,0.0,1.1694458,0.0,0.0,0.0,0.0,0.0,0.0,0.0,4.6061726,0.0,0.0,0.032819487,0.0,8.063863,4.583905,0.0,0.0,0.0,0.0,0.0,0.1231814,0.0,5.801451,0.0,0.0,0.0,0.0,1.8043665,0.0,0.0,3.087957,0.0,0.0,0.0,0.0,0.0,0.0,0.0,0.3573005,0.0,0.0,0.0,0.0,0.0,0.0,0.0,0.0,2.1196392,6.695006,6.5856237,0.0,0.0,0.0,0.0,0.0,0.0,0.0,0.0,0.0,0.0,0.0,3.447056,0.0,0.0,0.0,6.2622566,5.183914,2.7358294,0.0,4.3637433,0.0,0.0,0.0,0.0,0.0,3.0253246,0.0,0.0,0.0,0.0,0.0,0.0,0.0,4.902042,0.0,0.0,0.0,0.0,0.0,0.0,0.0,0.0,0.0,0.0,0.0,0.0,0.0,0.0,0.5542935,11.694783,0.0,0.0,2.0886493,0.0,0.0,6.7730317,6.0568185,0.0,0.50422573,3.2758157,4.8381715
ACH-001190,0.0,0.0,5.564781,2.751739,0.0,4.152,2.8686798,0.0,5.4713874,0.0,0.0,3.234028,0.0,0.0,0.0,0.0,0.0,0.0,0.0,0.0,0.0,0.0,0.0,0.0,0.0,6.0660896,0.0,0.0,0.0,0.0,7.335079,5.4871683,0.0,0.0,0.0,0.0,0.0,0.907893,0.0,5.9483275,0.0,0.0,0.0,0.0,1.1931856,0.0,0.0,2.6337514,0.0,0.0,0.0,0.0,0.0,0.0,0.0,0.0,0.0,0.0,0.0,0.0,0.0,0.0,0.0,0.0,3.0314498,6.554821,7.5858717,0.0,0.0,0.0,0.0,0.0,0.0,0.0,0.0,0.0,0.0,0.0,2.3590703,0.0,0.0,0.0,6.578769,6.233589,4.157241,0.0,4.203145,0.0,0.0,0.0,0.21450898,0.0,2.853992,0.0,0.0,0.0,0.0,0.0,0.0,0.0,3.8976772,0.0,0.0,0.0,0.0,0.0,0.0,0.0,0.0,0.0,0.037664145,0.0,0.0,0.0,0.0,0.3136617,11.173784,0.0,0.0,1.8623343,0.0,0.0,7.121527,6.6776257,0.0,0.90945804,3.583676,5.660995
ACH-001239,0.0,0.0,5.992635,2.9442027,0.0,4.6186547,1.9130347,0.0,5.5277076,0.0,0.0,3.6118958,0.0,0.0,0.0,0.0,0.0,0.0,0.0,0.0,0.0,0.0,0.0,0.0,0.0,5.160662,0.0,0.0,0.0,0.0,8.205887,4.289462,0.0,0.0,0.0,0.0,0.0,0.5072763,0.0,6.64903,0.0,0.0,0.0,0.0,1.3693079,0.0,0.0,3.420137,0.0,0.0,0.0,0.0,0.0,0.0,0.0,0.0,0.0,0.0,0.0,0.0,0.0,0.0,0.0,0.0,2.4314315,6.1898007,6.2689724,0.0,0.0,0.0,0.0,0.0,0.0,0.0,0.0,0.0,0.0,0.0,3.473266,0.0,0.0,0.0,6.3935595,6.0962462,3.0939157,0.0,4.8413115,0.0,0.0,0.0,0.0,0.0,3.9408915,0.0,0.0,0.0,0.0,0.0,0.0,0.0,4.9361725,0.0,0.0,0.0,0.0,0.0,0.0,0.0,0.0,0.0,0.0,0.0,0.0,0.0,0.0,0.0,12.657514,0.0,0.0,2.4400597,0.0,0.0,7.2909837,6.5044446,0.0,1.5516232,3.4770076,5.7148633
ACH-001306,0.0,0.0,6.333838,3.3440006,0.0,4.11959,2.759146,0.0,5.6986876,0.0,0.0,3.2179697,0.0,0.0,0.0,0.0,0.0,0.0,0.0,0.0,0.0,0.0,0.0,0.0,0.0,5.9215283,0.0,0.0,0.0,0.0,8.506877,3.9290257,0.0,0.0,0.0,0.0,0.0,0.3196402,0.0,6.154861,0.0,0.0,0.0,0.0,2.3026533,0.0,0.0,3.009405,0.0,0.0,0.0,0.0,0.0,0.0,0.0,0.0,0.0,0.0,0.0,0.0,0.0,0.0,0.0,0.0,1.3302467,6.6407785,6.7501183,0.0,0.0,0.0,0.0,0.0,0.0,0.0,0.0,0.00543477,0.0,0.0,3.3043115,0.0,0.0,0.0,7.5465074,6.0836124,2.6751168,0.0,4.665056,0.0,0.0,0.0,0.54378575,0.0,2.8201494,0.0,0.0,0.0,0.0,0.0,0.0,0.0,4.8152995,0.0,0.0,0.0,0.0,0.0,0.0,0.0,0.0,0.0,0.0,0.0,0.0,0.0,0.0,0.0,12.313241,0.0,0.0,2.3891687,0.0,0.0,7.0427284,7.08782,0.0,1.1339096,3.5759418,6.313305
ACH-001307,0.0,0.0,5.996812,2.8092887,0.0,3.64332,2.9787447,0.0,5.4169497,0.0,0.0,4.533189,0.0,0.0,0.0,0.0,0.0,0.0,0.0,0.0,0.0,0.0,0.0,0.0,0.0,5.2159357,0.0,0.0,0.0,0.0,8.43237,5.177309,0.0,0.0,0.0,0.0,0.0,0.0,0.0,5.42863,0.0,0.0,0.0,0.0,2.5744643,0.0,0.0,3.1247056,0.0,0.0,0.0,0.0,0.0,0.0,0.0,0.0,0.0,0.0,0.0,0.0,0.0,0.0,0.0,0.0,0.7841269,6.338021,7.0941777,0.0,0.0,0.0,0.0,0.0,0.0,0.0,0.0,0.49901506,0.0,0.0,2.9878638,0.0,0.0,0.0,7.7642674,5.1491203,3.3325512,0.0,4.777607,0.0,0.0,0.0,0.0,0.0,2.2138922,0.0,0.0,0.0,0.0,0.0,0.0,0.0,4.883417,0.0,0.0,0.0,0.0,0.0,0.0,0.0,0.0,0.0,0.0,0.0,0.0,0.0,0.0,0.0,11.467672,0.0,0.0,2.2586873,0.0,0.0,6.776772,6.7348533,0.0,1.4214178,3.642153,6.04713
ACH-001318,0.0,0.0,5.7973833,1.4501724,0.0,4.5206747,3.2153268,0.0,4.71835,0.0,0.0,3.9167392,0.0,0.0,0.0,0.0,0.0,0.46784687,0.0,0.0,0.0,0.0,0.0,0.0,0.0,4.5766153,0.0,0.0,0.5381357,0.0,7.359708,4.055846,0.0,0.0,0.0,0.0,0.0,0.49602902,0.0,5.2533298,0.0,0.0,0.0,0.0,2.7706156,0.0,0.0,2.4026375,0.0,0.0,0.0,0.0,0.0,0.0,0.0,0.5620042,0.0,0.0,0.0,0.0,0.0,0.0,0.0,0.0,2.137323,5.972207,6.50658,0.0,0.0,0.0,0.0,0.0,0.0,0.0,0.0,0.0,0.0,0.0,2.0864782,0.0,0.0,0.0,7.264972,6.0602903,2.8868225,0.0,4.99285,0.0,0.0,0.0,0.0,0.0,3.020466,0.0,0.0,0.0,0.0,0.0,0.0,0.0,5.2956133,0.0,0.0,0.0,0.0,0.0,0.0,0.0,0.0,0.0,0.0,0.0,0.0,0.0,0.0,0.0,11.36238,0.0,0.0,1.3705744,0.0,0.0,7.505194,6.5936623,0.0,1.290421,3.3273351,5.6797996
ACH-001321,0.0,0.0,5.6967697,3.3258889,0.0,4.607901,1.8422781,0.0,5.846338,0.0,0.0,3.823879,0.0,0.0,0.0,0.0,0.0,0.0,0.0,0.0,0.0,0.0,0.0,0.0,0.0,4.699904,0.0,0.0,0.0,0.0,7.4963894,4.5712624,0.0,0.0,0.0,0.0,0.0,0.9971003,0.8365558,5.215757,0.0,0.0,0.0,0.0,2.0311248,0.0,0.0,4.060252,0.0,0.0,0.0,0.0,0.0,0.0,0.0,0.0,0.0,0.0,0.0,0.0,0.0,0.0,0.0,0.0,1.4029067,6.8026433,6.6067743,0.0,0.0,0.0,0.0,0.0,0.0,0.0,0.0,0.0,0.0,0.0,3.8486016,0.0,0.0,0.0,5.5035176,4.5490093,3.1965487,0.0,3.5922503,0.0,0.0,0.0,0.0,0.0,3.416694,0.0,0.0,0.0,0.0,0.0,0.0,0.0,4.119592,0.0,0.0,0.0,0.0,0.0,0.0,0.0,0.0,0.0,0.0,0.0,0.0,0.0,0.0,0.0,12.003012,0.0,0.0,1.342524,0.0,0.0,6.556476,6.7654634,0.0,1.1470915,3.264057,5.682134
