drug,HR,pvalue,padj
pardoprunox,0.3846356113405159,6.878560632398502e-10,9.953277235080632e-07
litronesib,0.5852505662477364,4.304774868492121e-08,3.1145046173540496e-05
vinblastine,0.4885067965106026,3.7982942594178466e-07,0.00012092587064772554
tyrphostin-ag-1296,0.4164619464623026,4.484508072064096e-07,0.00012092587064772554
brivaracetam,0.45031769065619526,5.271552153014973e-07,0.00012092587064772554
uprosertib,0.32497007318602283,5.600137398207135e-07,0.00012092587064772554
vinflunine,0.46347701666730773,6.478032983002289e-07,0.00012092587064772554
dolastatin-10,0.4296018784228115,6.685604458754695e-07,0.00012092587064772554
bnc105,0.5322431217676216,8.015197735738992e-07,0.00012500951029133407
ispinesib,0.6830698174089942,8.63921978516476e-07,0.00012500951029133407
fr-139317,0.4924681297606335,1.427359002852518e-06,0.00017630238802158798
daunorubicin,0.5766975873630824,1.6751137724122791e-06,0.00017630238802158798
epz-5676,0.6084445683006481,1.9022286167599946e-06,0.00017630238802158798
securinine,0.61423710436957,1.9713295260467704e-06,0.00017630238802158798
verubulin,0.4845123802791541,1.9795438257242677e-06,0.00017630238802158798
mexeneone,0.5258227076275187,1.9913569241021345e-06,0.00017630238802158798
indibulin,0.34075155368904,2.0712789193966798e-06,0.00017630238802158798
vincristine,0.7303917115663532,3.497512433954679e-06,0.0002541043112601318
emetine,0.21752408903245551,3.5559902599617723e-06,0.0002541043112601318
4-(4-fluorobenzoyl)-1-(4-phenylbutyl)-piperidine,0.6690900369208902,3.784440642396118e-06,0.0002541043112601318
clobutinol,1.4530260479540524,3.820908069647403e-06,0.0002541043112601318
bms-265246,0.6221913949961732,3.863368934155426e-06,0.0002541043112601318
isometheptene-mucate,1.576808041550014,4.312300605033148e-06,0.0002712999554557811
selinexor,0.30263955873950493,4.958716108345979e-06,0.00029053933225732894
latrepirdine,1.8438650445438223,5.019684385924826e-06,0.00029053933225732894
combretastatin-a-4,0.7024711584205628,5.601392820154307e-06,0.00031173905426012624
zolantidine,1.5012767640659623,6.832653388256777e-06,0.0003661796093632428
2-methoxyestradiol,0.30173421109276555,7.611341479117318e-06,0.00038149208520238533
sirolimus,0.590547800434737,7.645660311588926e-06,0.00038149208520238533
cediranib,0.44967040824210563,8.398025772449223e-06,0.00040506477642446753
bosutinib,0.6621361464867758,1.0067504390246347e-05,0.0004699251242802085
rigosertib,0.61667882616159,1.1101864849269154e-05,0.0005020124511528896
tivozanib,0.3546041154322953,1.3211936226291416e-05,0.0005678631832331869
golgicide-a,2.1510697323636534,1.367343764861704e-05,0.0005678631832331869
decitabine,0.5799803062743137,1.3735460548142049e-05,0.0005678631832331869
vinorelbine,0.4503342412094912,1.684401060960086e-05,0.0006770356486692346
ly2606368,0.5412819438181037,1.908711994597611e-05,0.0007215436882629266
parbendazole,0.4712230323794319,1.9204854199684003e-05,0.0007215436882629266
demecarium,0.6413140390584757,1.9447272869560567e-05,0.0007215436882629266
azd6482,0.361556322692658,2.0107136452862575e-05,0.0007273756611823036
adapalene,0.4323845430894332,2.17541612155101e-05,0.0007572632060341238
topotecan,0.5915530592385063,2.1994264955893925e-05,0.0007572632060341238
astemizole,0.6793369000689345,2.2720600183181033e-05,0.0007572632060341238
ve-822,0.5178247943018761,2.3026662795785384e-05,0.0007572632060341238
ly2603618,0.34887392012625174,2.394051553412809e-05,0.0007698205772862966
pki-179,0.3134879769103717,3.0898083586774134e-05,0.0009719462380448298
fenaclon,1.8854190274964524,3.177002680926611e-05,0.0009781112509150652
homoharringtonine,0.5774884001376661,3.398496842604492e-05,0.0010245051940101458
paliperidone,0.6840453314427107,3.526823512861844e-05,0.00104149257614512
broxyquinoline,0.49503237300643227,3.623292537084658e-05,0.0010485808602323
taltobulin,0.5018442246850311,4.0102734857568104e-05,0.0011378168105666872
rutin,0.6674542841488332,4.132526222822368e-05,0.001149954893158455
podophyllotoxin,0.47081218133282465,4.273936813149945e-05,0.0011668653903071642
er-27319,0.13137981532112622,4.912324080756926e-05,0.001315067236315264
tagatose,0.570359730193186,4.998527850541778e-05,0.001315067236315264
fudosteine,1.7550896169461478,5.190779481580912e-05,0.0013412603410442106
pf-03758309,0.6392663775991355,5.687189382671406e-05,0.0014437479011799165
terfenadine,0.6599308260830565,5.87172007260487e-05,0.0014559607717050552
sn-38,0.5890849748729619,5.936536664174033e-05,0.0014559607717050552
kx2-391,0.5472292941663649,6.378036280782869e-05,0.0015381697497154686
rimexolone,0.7671269834325302,6.598579685021128e-05,0.0015478111023500458
talazoparib,0.6547113157683098,6.743749614218671e-05,0.0015478111023500458
desoxycortone,0.7507643415614896,6.746443991623654e-05,0.0015478111023500458
tg-02,0.3126815417917379,6.845881862501931e-05,0.0015478111023500458
erlotinib,1.93580102458514,7.873586368632696e-05,0.0016895382632021332
ski-ii,0.5039364099395686,7.919555258203435e-05,0.0016895382632021332
digoxin,0.24088060975005113,7.994210152443281e-05,0.0016895382632021332
cabazitaxel,0.5843480692902768,8.115546966628592e-05,0.0016895382632021332
etoposide-phosphate,0.5388438993256287,8.201340971078157e-05,0.0016895382632021332
vindesine,0.5905380666134985,8.202510793095454e-05,0.0016895382632021332
cnx-2006,1.6821117848086318,8.322892678633445e-05,0.0016895382632021332
pp242,0.3571962027006913,8.406824806534457e-05,0.0016895382632021332
bms-387032,0.29230106385875737,8.948078212681651e-05,0.0017736807087329247
volasertib,0.6792750988187891,9.304136282283209e-05,0.0018193358379005138
cibenzoline,0.4027104457236594,9.874809974148751e-05,0.0018725224272824607
dichlorisone-acetate,0.7372022459468823,9.935794633393829e-05,0.0018725224272824607
carboxypyridine-disulfide,0.5382223905834832,9.964355694592222e-05,0.0018725224272824607
sb-239063,0.5112506211691488,0.00010616829632455257,0.0019695580100208662
levobunolol,0.6211024006823319,0.00010958270241843801,0.002007166713917466
temsirolimus,0.5663989671851722,0.00011418248102218039,0.002065275625488688
temazepam,1.7681028983277742,0.0001213453779768525,0.0021677378016358713
oxiperomide,0.55628441084136,0.00012367202032906308,0.002182358700197003
ciclopirox,0.6379233911895102,0.00012731195346065558,0.0022195228512960075
rubitecan,0.6424195104308108,0.0001394685465872069,0.0024025117489486713
maytansinol-isobutyrate,0.6293285221285688,0.000150250308082813,0.0025577905387744754
gdc-0068,0.5181019959315252,0.00015547235848401404,0.0026159128223996317
tacalcitol,1.4798698813065039,0.00016114178229196128,0.002671978783256191
gsk923295,0.5717175714156576,0.00016505613604747587,0.002671978783256191
yo-01027,1.4682524333380147,0.000166137641846516,0.002671978783256191
primaquine,0.6733756999452482,0.00016740696537691484,0.002671978783256191
beta-naphthol,1.5047292849661726,0.00016829815797737775,0.002671978783256191
gw-842166,0.7006435013905492,0.0001698839309326673,0.002671978783256191
avn-944,0.4785869264580556,0.0001744743286831346,0.0027146704688655455
methocarbamol,1.5918756062868256,0.00019559671063723436,0.003010940854171044
brigatinib,1.7355210178468905,0.00023123368836464901,0.0034461663346687485
wp1066,5.529041671068095,0.00023221121755289962,0.0034461663346687485
tg-101209,0.5656591786098428,0.00023282950137375693,0.0034461663346687485
emd-53998,0.690336706148756,0.0002333961995836471,0.0034461663346687485
doxorubicin,0.4030838250204712,0.0002626840169043368,0.003839432045056317
kw-2478,0.5489714966991002,0.00026765249881707494,0.0038729316578830744
azd2461,0.7819439702661938,0.00027498529448968903,0.003939640803233465
merimepodib,0.5278271242717374,0.0002808141999842694,0.003977944663954523
genipin,0.514282684976404,0.0002831570838889536,0.003977944663954523
everolimus,0.7346261929376029,0.0002949501535310403,0.004103777616917455
trovafloxacin,0.6811988246360402,0.00029845380644958393,0.004112977694595695
s26948,1.3405206859073993,0.00030933497841197587,0.0042227142807748025
nvp-tae226,2.354443559823618,0.0003473843697388696,0.00462718174073513
pralatrexate,0.5982891501115709,0.0003488760681630636,0.00462718174073513
elesclomol,0.6370438961338319,0.00034955914647517156,0.00462718174073513
ggti-298,0.6860670810216383,0.00035236109062181695,0.00462718174073513
ku-0063794,0.49783060194280276,0.0003565483862550263,0.00462718174073513
cpp,1.5940117491721282,0.0003581509018398995,0.00462718174073513
harringtonine,0.4350889022617016,0.00036362188469567756,0.0046562908597756235
ag-14361,0.6250867734855396,0.0003714429126563514,0.004714718373804741
pf-04217903,1.4411467878514184,0.00039593619629294235,0.004981910226399023
tanespimycin,0.6463410000641971,0.0004096836767045744,0.005088478563395376
d-7193,0.6799461645575091,0.0004114388333913331,0.005088478563395376
bi-d1870,0.7147054279446835,0.00042386766341712855,0.005197767025123602
oxiracetam,0.54484207084905,0.000428260431613515,0.005207502895334086
epirubicin,0.4191357342784896,0.0004494152133651463,0.005419198447828056
cp-724714,3.281520562846691,0.00046017568145543164,0.0055030926534380955
lurasidone,0.6849049728877128,0.0004881234167679918,0.005748198086479078
tak-715,0.656759733892636,0.0004886166998181939,0.005748198086479078
etomoxir,0.6306496701636055,0.0005010287350229045,0.005846682093372119
azd7762,0.45579589957013183,0.0005270912693531861,0.006101608534032482
bis(maltolato)oxovanadium(iv),0.6130163069642062,0.0005346558360329745,0.006140055513807255
tetrahydropapaverine,0.6993440491177199,0.0005630221662969283,0.006411669338793591
crenolanib,0.382514157452274,0.0005671690914758671,0.006411669338793591
ikk-2-inhibitor-v,0.48584922291371,0.000575417594492787,0.006454084294011459
bix-01294,0.22869600635902745,0.0005813081315344028,0.006454084294011459
way-600,0.4536513911782412,0.0005843020335283352,0.006454084294011459
tg-101348,0.46704134669768926,0.0005920453973218981,0.006463201359156955
vu0361737,0.7550104070577199,0.0005940606639722703,0.006463201359156955
pu-h71,0.29648160269622015,0.0006370930692558677,0.0068796542627853775
ixabepilone,0.4052104986031999,0.0006529036631596625,0.00699816000438542
nizofenone,1.4977973485559943,0.0006693416987243665,0.007121598809221753
dienogest,0.6907707605956477,0.0006908652835127138,0.0072969493813350135
pyritinol,1.4112540627377395,0.0007084508473935617,0.007375921969945585
nsc-663284,0.5028249342700053,0.0007113874333142548,0.007375921969945585
piretanide,0.7072128254486932,0.0007136344684121506,0.007375921969945585
obatoclax,0.605446529277475,0.0007746280215475134,0.007925300484260402
azd5438,0.24712053425714395,0.0007777419963821542,0.007925300484260402
abt-751,0.5044848774482743,0.0007903081013949127,0.007997033725303767
roquinimex,0.5840533089382193,0.000820629868774796,0.008246190417480068
tipranavir,0.6357186846418105,0.0008607127620591696,0.008589319770342196
difluprednate,0.7402036370342655,0.0008905318985148401,0.008826025048979272
gsk1292263,0.6368537012725398,0.0009174673537466095,0.009031124223614585
niraparib,0.5008346766232414,0.0009320625732554902,0.009112800969599285
penfluridol,0.3507502894682326,0.001000179173768576,0.009713149425792815
gamma-aminobutyric-acid,1.3404385577060114,0.0010183864607801213,0.009824034724992237
raf265,0.6640756941528166,0.0010959793788998082,0.010502530869324652
naloxone,0.8076828168956036,0.0011409002329214341,0.010861069980508653
trapidil,0.6850687065879595,0.0011900541343631687,0.01123493973028762
ibutilide,0.7023699330565708,0.001195701947798406,0.01123493973028762
nsc-319726,0.6475670129423512,0.001220994751246298,0.011398576806796085
sclareol,0.7238401462589271,0.001287433230468098,0.011916092356369536
lanatoside-c,0.41068347982275405,0.0013075687072509605,0.011916092356369536
evodiamine,0.5422559042094153,0.0013092070017270737,0.011916092356369536
atenolol-(+/-),0.642821899692084,0.0013149342126083199,0.011916092356369536
saracatinib,2.011133431263473,0.0013176052363642887,0.011916092356369536
mebendazole,0.4028309657941248,0.0013528892637187126,0.012108324730747685
baicalein,1.4033440117567033,0.0013586658741308881,0.012108324730747685
rita,0.7837651585072071,0.001363964707057272,0.012108324730747685
iododexetimide,0.7070597630805622,0.001391136680087122,0.01227423643954918
entinostat,1.705871431727159,0.001426762082105528,0.012512271107919387
mycophenolate-mofetil,0.6642623480305294,0.0016181265624582095,0.014048424959807515
pi-828,0.6272016270184612,0.00162134552058594,0.014048424959807515
cct128930,0.6967203640551101,0.0016835374471092712,0.014431753612337016
trametinib,1.3444625473527265,0.0016855330756634108,0.014431753612337016
osimertinib,2.094299778809132,0.0017298498887704063,0.014717483576285143
halcinonide,0.8459164591164614,0.0017392465041774425,0.014717483576285143
plinabulin,0.48348881366769514,0.0018040328640198692,0.015176950896725296
nvp-bhg712,0.7215445643836309,0.0018714590486244673,0.015653186377801182
bibx-1382,0.7272388621718994,0.0019138866340638336,0.015916057238450385
gossypol,0.17316839662871494,0.0019446198612200914,0.016008050259508525
kpt-185,0.5266700822570015,0.0019470745305276438,0.016008050259508525
efonidipine-monoethanolate,0.6309835035064603,0.0020760234232761426,0.01697178470892982
mk-8745,0.5716658001662996,0.0020887081445677305,0.016979554411177
jk-184,0.5249090252234206,0.0021812421417182386,0.01763272278807984
tame,0.7612477366799638,0.002221192121107212,0.01785591666245631
fenbendazole,0.6719235178720625,0.0022685654481036247,0.018108744815678642
betamethasone-dipropionate,0.7846408508011299,0.0022871990361742205,0.018108744815678642
nocodazole,0.5182728846288596,0.0022901868011535533,0.018108744815678642
at13387,0.621225245404339,0.00234331219962402,0.018428112787260635
pirenperone,0.48494512025666586,0.0023959362050009893,0.01874010642506179
lacitol,0.7870719003717424,0.0024580508624233157,0.01899817166922972
tosedostat,0.6294025144721965,0.0024583981597122036,0.01899817166922972
pf-05212384,0.3718508610227717,0.0024683180883311594,0.01899817166922972
su3327,0.5541893330629047,0.002530556443563369,0.019374154358921664
cefditoren-pivoxil,1.5606160368053936,0.0025986226664403422,0.019790563149153555
mesoridazine,0.7090020609008056,0.002712560068426194,0.020550127848234047
thiomersal,0.43015374820733465,0.002768580055652763,0.02086528823192473
zardaverine,0.5388549671308683,0.0030325425675578025,0.022626368468771706
letrozole,0.7348234968195019,0.003033528322696414,0.022626368468771706
pyroxamide,0.629754620619014,0.003060747535770126,0.022712316329535246
biib021,0.605315051108868,0.0030983399575143346,0.02287396897205736
tacedinaline,3.1290792966331984,0.003161671264273077,0.02322303715433067
norfloxacin,0.7378940387614925,0.003254551970486937,0.02378452879441716
doxifluridine,0.6203644516271023,0.0033021134599842154,0.02401084510852844
tozasertib,0.6372070170251745,0.003330836639261303,0.02409860308505553
mk-5108,0.5516944340307224,0.0033561821073698735,0.02416117168837914
imiquimod,4.728512708706384,0.003455566452144198,0.024753488397290368
phenylbutazone,0.750590982832141,0.003507110382856512,0.02499895923149445
ac-264613,0.6848794982143439,0.00353376266531965,0.025064889345380936
rociletinib,2.6594107704440444,0.003551003673671798,0.025064889345380936
sb-366791,1.4802028271092287,0.0036317122815748403,0.025510134327372785
acetazolamide,1.3760791556405634,0.0036515814758936813,0.02552578935081235
clonazepam,0.5372469878947472,0.003682600924210509,0.025618863160252917
cyproterone-acetate,0.5937919106553335,0.0037148840797060732,0.02571979551834779
lestaurtinib,1.6689867944999295,0.0037345983576966622,0.025733161064700336
embelin,0.8144518844553215,0.003776327943253619,0.025897376937857756
pf-477736,0.6627222698900176,0.003908058059973688,0.026674339682933618
pf-04457845,0.6362883151450832,0.004048601478159449,0.027503879525336727
albendazole,0.6864269643631403,0.00420862540281477,0.028457387653612016
triapine,0.6452709782331095,0.004238862517061497,0.02852853052180459
azacitidine,0.7305772475691603,0.004299513128170698,0.028802756928069443
brilliant-green,0.421946141260485,0.004324206665154912,0.028834686840917775
pyrimethamine,0.6642570700548543,0.004495141995203705,0.029837020491099826
naftidrofuryl,1.3846084983265745,0.0045444755875438045,0.03002674052591728
oxymatrine,0.7273747820917699,0.004576959637161716,0.030103911795331832
tivantinib,0.5848567871696437,0.0046377665901545856,0.030365829212460112
bisindolylmaleimide-ix,0.3805749330578802,0.004686630554605413,0.030417816807481343
fosbretabulin,0.6087018699868281,0.004693876302294262,0.030417816807481343
streptozotocin,0.8089296667326977,0.004708770535505059,0.030417816807481343
bekanamycin,0.7721275684027019,0.0047365371983327095,0.03046119700438858
camptothecin,0.7880439751107866,0.004851070837413626,0.03093784716367151
gw-843682x,0.5678783682164447,0.00485341486258012,0.03093784716367151
torasemide,0.7471543790707232,0.004877854403614656,0.030957260184343888
gdc-0349,0.4909546580681976,0.004929545285857744,0.031148698815005045
tedizolid,0.6325798861774056,0.004967657641882564,0.031253046120887265
bromosporine,0.8040851546359205,0.005253455166100583,0.032685269036008324
napabucasin,0.6422313730723607,0.005275828713463871,0.032685269036008324
prednisolone-hemisuccinate,0.8710118032450261,0.005281301045622296,0.032685269036008324
ban-orl-24,1.355504131470261,0.005285662027937767,0.032685269036008324
5-hydroxymethyl-tolterodine,0.6634011822669938,0.005315556925672503,0.03273025902743877
a-674563,0.4218353128796312,0.005460471255960205,0.0334800928278577
anguidine,0.5473307804558647,0.00549579007822118,0.033554465161122565
acetylcysteine,1.4248499520684206,0.005550074185598839,0.03374351826286352
bms-690514,1.5530339523078769,0.0055849571008193466,0.03380914449288602
dasatinib,1.3055543213072325,0.005607598257285864,0.03380914449288602
narasin,0.6468308538883254,0.005998387868278309,0.036015216785886775
nvp-auy922,0.6646539557426052,0.0060757851674313225,0.036203116202895895
flumethasone,0.8620369766864019,0.006079721656740637,0.036203116202895895
bw-180c,1.405908580420485,0.006163346826689456,0.03655066745171985
tas-103,0.5691654918732774,0.006347373835386708,0.03748836710124313
piperine,0.6783888590823872,0.00639190348487054,0.0375979038317385
acetylsalicylsalicylic-acid,0.7199134455744843,0.0064345889900596035,0.03769575007536942
bexarotene,0.499565018585954,0.0066958421944128595,0.039038020821704315
ccmi,0.7583150751386344,0.006728756546944424,0.039038020821704315
pelitinib,1.563141433639197,0.00674464768861512,0.039038020821704315
way-170523,0.7545078413879026,0.006772783127367594,0.039044689981278524
toremifene,0.6575349389975963,0.006876552319801367,0.03940684688021205
acdpp,0.776057960432243,0.006915654880453487,0.03940684688021205
mexiletine,0.5662786037443819,0.006917304151744203,0.03940684688021205
dinaciclib,0.6436552903875089,0.006956979731677245,0.039477449693086177
hypoestoxide,0.6403534439744462,0.007040101002755282,0.039708273868406224
indirubin,2.2588818152863634,0.007060513888495853,0.039708273868406224
azd8931,1.600918727607883,0.007089256159277107,0.039708273868406224
prednisolone-acetate,0.826828776673405,0.007133340599836539,0.039708273868406224
fluvastatin,0.5853572230441574,0.0071348660717246845,0.039708273868406224
th-302,0.619795218989143,0.00719398963042121,0.03988391952191376
amfenac,1.4571796371760195,0.007355283546652372,0.04062250111452665
lovastatin,0.7500908157275309,0.007391584554933198,0.04066776749425224
bvd-523,1.3617423868733847,0.007432914266838871,0.04074025357619639
estradiol,1.358355554327763,0.007524388376380263,0.04094941760353017
methylprednisolone,0.8536700718350726,0.007551396402566673,0.04094941760353017
azathioprine,0.774914032242116,0.007555974084410888,0.04094941760353017
broxaldine,0.7212768252072093,0.0076281822497778345,0.04118649147547958
epothilone-d,0.6247287165937992,0.007754831716042563,0.041648614188324544
marimastat,0.5527226319471016,0.0077713378236680215,0.041648614188324544
semaxanib,1.5697186235586886,0.007843331217425975,0.041879336795628726
disulfiram,0.45227659674888904,0.00795976736481302,0.04234479182678103
mevastatin,0.6785153228975775,0.008038371429277338,0.0426063130335689
apatinib,0.7253908508148821,0.008081399770245296,0.04267804915162388
nanchangmycin,0.5992232904341679,0.00817059851783939,0.04284226527815377
gsk256066,0.7931974832049342,0.00820070012624671,0.04284226527815377
nadifloxacin,0.807865905805942,0.008224368040848714,0.04284226527815377
sb-743921,0.636902463846081,0.008250820120422659,0.04284226527815377
4-chlorophenylguanidine,1.3712762150156184,0.008260533526333725,0.04284226527815377
nan-190,1.3462451680642091,0.008326886266617073,0.042975014445198946
gsk461364,0.7691273422009338,0.008345528029786388,0.042975014445198946
melphalan,0.75583644866411,0.008400174275890909,0.0431030219050147
xl888,0.5017303377509642,0.008448552904779931,0.04319807792656028
diphemanil,0.7443659511321484,0.008558594004981181,0.04360663917326679
7-hydroxystaurosporine,1.9481765806738316,0.008627883407027562,0.043805429087610114
methotrexate,0.6374214223208625,0.008685578982784535,0.043944170587724554
dolutegravir,1.7630174867468815,0.009047381844951453,0.04549753699291488
dehydrocholate-acid,0.8039867689159634,0.009092771220522473,0.04549753699291488
nvp-bez235,0.679818586224183,0.009094138691644205,0.04549753699291488
8-bromo-cgmp,1.5678681531125893,0.009118372997888953,0.04549753699291488
at-7519,0.6176427129666756,0.009151763832884047,0.04550722428241655
sb-505124,0.6915966916929934,0.009439624294177919,0.04677786422491592
cep-33779,1.4529316966954655,0.009504601058300888,0.04693910488519244
cyc116,0.8110954331624196,0.009659786077267163,0.04741967264284673
indoprofen,0.7836067226856148,0.009667452266509873,0.04741967264284673
3'-fluorobenzylspiperone,1.3928664370937907,0.009723932556808024,0.04746468283702411
clofibrate,0.7469637718815213,0.009742232759223332,0.04746468283702411
xanomeline,0.7498317313478502,0.009810466485493332,0.04763672820304984
metaraminol,3.0303289198523657,0.01004335003604432,0.04858118964079444
indiplon,0.6697986841377189,0.010077128212004592,0.04858118964079444
propranolol,0.815863908244425,0.010105693214843902,0.04858118964079444
kf-38789,0.46447689949698995,0.010245317253698353,0.04899868836884096
raltitrexed,0.6644842162110974,0.01027311691451507,0.04899868836884096
cetrimonium,0.5527668145773711,0.010294126651090292,0.04899868836884096
etoposide,0.7407398104013075,0.010499270205486081,0.049769033468812986
azodicarbonamide,0.7206684436800858,0.010524757596030943,0.049769033468812986
eprobemide,0.8251178584422604,0.010702866187101293,0.05044640838024616
ganetespib,0.6720338094019078,0.01089551047098571,0.05118767419323481
metronidazole,1.2885585025659787,0.010955794916455314,0.051304321178352236
ppt,0.7490278620929914,0.01108132236380221,0.05172475309813483
lorlatinib,1.484700409026936,0.01119115936071652,0.05206947779728876
8-hydroxy-pipat,0.7150252239369641,0.01124656788960071,0.052159563257218676
oridonin,0.5953464154233747,0.011416917482506277,0.05261741444919703
fenretinide,0.58789000531266,0.011418015298581802,0.05261741444919703
linsitinib,1.8175063567529435,0.011569423504399823,0.05314589146306839
paclitaxel,0.7281625566130008,0.011606192217660433,0.053146076389096984
halobetasol-propionate,0.8665348707079054,0.011652453341162002,0.053189589856976076
gsk2656157,1.3757899905529858,0.012018664064942397,0.054654890163532005
voxtalisib,0.8102332341195323,0.012049004811449006,0.054654890163532005
cyclophosphamide,0.7172657176603527,0.012302193898226505,0.055628983033542974
ci-844,1.3730029665319199,0.012717763290618704,0.05720661083839389
ly364947,1.2347386600693038,0.012766612758561936,0.05720661083839389
mk-1775,0.6055006090489461,0.012769685764202643,0.05720661083839389
pp-121,0.4682554908421021,0.01287245176024576,0.0574890052378877
tiotidine,0.8211401263812081,0.013063882271852307,0.057993431296341595
poziotinib,1.2987056021322299,0.013065555357710684,0.057993431296341595
sb-228357,0.7821903633327473,0.01313608609881223,0.058060393030701644
sb-2343,0.46611208574880914,0.013160890749184617,0.058060393030701644
clenbuterol,0.7400659893388418,0.013231386629115393,0.05819397097972637
dapivirine,0.6517999981484506,0.013351302882267217,0.05854344021406261
d-64131,0.7551061053851381,0.013486310839580044,0.05885075214443643
flumethasone-pivalate,0.8535165123140144,0.013502729586698615,0.05885075214443643
oleoylethanolamide,0.7333774391564957,0.013626993614990798,0.059213993275951005
asymmetrical-dimethylarginine,0.7445412357475559,0.013850348301678158,0.0600043532710428
lenvatinib,0.518250276055421,0.013932408961779984,0.06017968885879294
daclatasvir,1.3776587859633718,0.014258844502750386,0.0614063928436899
maxacalcitol,1.3294851948204707,0.014429857028035037,0.06195846623016824
docetaxel,0.7344765511203544,0.014538831236769606,0.06224168283906989
idazoxan,1.4295623911038335,0.014816574054504155,0.0632436066574263
chicago-sky-blue-6b,1.3243602085322594,0.014967706896419216,0.06370079964446648
novobiocin,1.3738478591964802,0.015062108266056896,0.06391457671842911
ki-16425,0.7094031792422915,0.015107058481512173,0.06391787608990677
epothilone-b,0.6967342960582013,0.015485199191180297,0.06532677326425042
bgt226,0.491640111694442,0.015631076042251488,0.0657504855614474
ranitidine,1.4440262695903143,0.015785740520107554,0.06620859864520472
tedizolid-phosphate,0.6152301235311224,0.015877330080604844,0.06640027926773183
ver-49009,0.6272035197789402,0.01605773758317355,0.06696122848084186
fdcyd,0.7323141574270873,0.01622839501711235,0.06747841261425738
zk-93426,0.7270942226078179,0.01632065643554613,0.06764487989689325
lonafarnib,0.8052882292054173,0.0163619267200502,0.06764487989689325
simvastatin,0.7570426368897865,0.016592949169804843,0.06835435498910507
iproniazid,0.8182164772916258,0.01662801171815134,0.06835435498910507
lapatinib,1.6506892462299294,0.016954157984774305,0.06949763910472641
crizotinib-(s),0.5069866905038982,0.017135382386310405,0.07004208562991852
onc201,0.49390024639268126,0.017393073156567636,0.07088062540483864
ly3023414,0.49432058209762936,0.017485364023484353,0.07088062540483864
mln0128,0.7103112284224306,0.01748747979925874,0.07088062540483864
otx015,0.865677780408179,0.017627413211579172,0.07124823161216498
cycloheximide,0.6641267741964635,0.017858442849756587,0.07198096602673477
eprosartan,0.7767928525814042,0.017995204319285103,0.07216355413149018
genz-644282,0.5985587827207122,0.01800348517033031,0.07216355413149018
alvocidib,0.648004430357678,0.01809986556622467,0.0723494626362627
irinotecan,0.7226343487247449,0.01817135890799756,0.07243514143215557
linalool,1.3093359188918194,0.018235325643209132,0.07249042913660333
hmn-214,0.6186221202245149,0.01865117876303368,0.07394042649345133
az960,0.6755512871857363,0.018710039387691963,0.07397111200543789
i-bet-762,1.7460957914717206,0.019106352013164716,0.07533212905463037
unc2250,1.2603472648073555,0.019311243254173438,0.07593306790431784
nizatidine,1.347132803683516,0.019455676999081736,0.07629367105059966
chloramphenicol-palmitate,1.4032507175491105,0.019686702463535606,0.07699096882361087
eprinomectin,1.2634355302276845,0.020103828956665206,0.07841035175281551
bntx,0.49992810165261653,0.0201979972936495,0.078501872283131
capecitabine,0.4685326789529841,0.020274404450692212,0.078501872283131
chromocarb,0.8254737516502969,0.0202900485375888,0.078501872283131
acetophenazine,0.7302592993358294,0.020349171194985104,0.07852066858438252
fluoromethylcholine,1.3227129903299655,0.020459783589562255,0.07873751822898027
sb-242235,0.759757138178555,0.020718430614721513,0.07952140344695499
fk-3311,0.6903434161828926,0.021065701737381017,0.08064039792060934
hydrocortisone,1.4281167922569582,0.021226993324566405,0.08089816453322166
gdc-0879,1.1353074562933552,0.021244853160072033,0.08089816453322166
tg-100572,0.5274044894134686,0.021341146706954778,0.0810515466796944
chlorpyrifos,1.267366018939701,0.021488700135954258,0.08139829606472726
oxyphencyclimine,0.7395086570530305,0.021872269128459763,0.08263491756888063
tiletamine,1.2547587006275807,0.022201703532572677,0.08366110680112672
colchicine,0.748354694891246,0.02231112247691303,0.08385504993270948
naftifine,0.7462432549822839,0.022437410834224222,0.08411122662466956
tioxolone,0.782657569891554,0.02263296602294953,0.08450854358720189
refametinib,1.3928718157716078,0.022661714618045822,0.08450854358720189
diazooxonorleucine,0.7647968837864282,0.022718606396283023,0.08450854358720189
estrone,1.2482988588211903,0.02337977979060613,0.08674497783847966
levonorgestrel,1.353657299051802,0.023694405216743857,0.08722428207311562
imiloxan,1.3099448791792891,0.02371902343607519,0.08722428207311562
quinethazone,0.7990325264405536,0.023745425658813914,0.08722428207311562
dioscin,0.63264363477621,0.023770412133102638,0.08722428207311562
metoprolol,1.3060772842110064,0.023810360344768952,0.08722428207311562
triciribine,1.528594701769419,0.02391685116939921,0.0873931405104057
quizartinib,0.8607325989453417,0.02399107524843612,0.08744354127074828
y-320,1.1810714290338986,0.02455005443956525,0.08925610244736411
mrs-1220,0.735688042691232,0.024698489150225312,0.0895707112791379
vlx600,0.8681516582259527,0.024777344818027538,0.08963204487921463
dcebio,0.6166575484448085,0.02486475204086553,0.08972393068112823
acivicin,0.6753704023808441,0.024991389050315477,0.08978230250971304
palbociclib,1.2151382219198024,0.025005022744584906,0.08978230250971304
tofogliflozin,0.7297003988711213,0.025175069570619817,0.09014135626165047
amg-208,0.8557728958902017,0.025229612498941564,0.09014135626165047
ruxolitinib,2.141827192261318,0.025314047241145218,0.09022026196536238
tyrphostin-a9,0.638126826494624,0.025496156901999852,0.09064604186042699
raloxifene,1.3445779150292534,0.025890024430514306,0.09182074840920147
pilocarpine,1.1914062908524834,0.026159863342835283,0.09255091016401627
tandutinib,0.7593211107745342,0.026429902538666568,0.09322773767335839
4-iodo-6-phenylpyrimidine,0.7348269050645754,0.026480027770387212,0.09322773767335839
ixazomib,0.677161578702501,0.027043175200854856,0.09497930707678878
k-ras(g12c)-inhibitor-6,0.7987451987508684,0.027299882148511142,0.09564873963412983
lenalidomide,0.7126454230539003,0.027366712898940562,0.09565128880378501
cytochlor,0.7750170869777269,0.027454167166302244,0.09572573467382975
exatecan-mesylate,0.8090453756986244,0.027699370005749322,0.09634852980365209
tioguanine,0.7486707412045355,0.02793894224888395,0.0969487996022424
sb-431542,0.6479514982126319,0.02803753095008769,0.09705815139898777
atorvastatin,0.8414267537343958,0.028186956638987248,0.09734254476518985
deforolimus,0.7717656797698829,0.028319110977243853,0.09756607996207585
dorzolamide,0.7884020340369713,0.028526977867024125,0.09802890775181092
ly2608204,1.5232314041877104,0.028613489589838382,0.09802890775181092
tws-119,1.3805266613056928,0.028656688306161728,0.09802890775181092
m-344,0.5416125109700409,0.029058527619204147,0.09916907892685943
digitoxin,0.763751179222232,0.029155656224865892,0.09926643425266105
fludarabine,1.3697904124818072,0.029448087541441733,0.10002671988841827
chloroxine,0.6455801227278994,0.029812112487041575,0.10102605800643831
"mns-(3,4-methylenedioxy-nitrostyrene)",0.6529171861789789,0.029983306709123532,0.10136879628061156
azd8055,0.5775467768237098,0.030082630827692577,0.10139389625835553
ramatroban,0.7853031476738667,0.030130874492807793,0.10139389625835553
cyclovalone,2.116308438147254,0.030251211726666095,0.10149097979106345
mepivacaine,1.4127044307946672,0.03030000225966787,0.10149097979106345
blebbistatin-(-),1.3054986601610659,0.03066214358295197,0.10235039494100019
torin-2,0.43760596532526563,0.030702686196809104,0.10235039494100019
cl-218872,1.4287910902231582,0.030768778023037378,0.10235039494100019
mocetinostat,1.3277351682366214,0.03108544685526182,0.1031666091733116
axitinib,0.5769483015350018,0.0313797796020893,0.10390512833918356
oprozomib,2.434846812959262,0.03190676505063959,0.1052845218077607
cefdinir,1.2852669452191108,0.03194188325750307,0.1052845218077607
aminoglutethimide,0.7860782278382006,0.03203843073707512,0.10536274835579024
salvinorin-a,0.8269744454874028,0.03238230727113514,0.10625215106878129
afobazole,0.8173814377994079,0.03247500995346355,0.10631524751733429
ml133,0.5755064850733963,0.03281215590498866,0.10717650021336027
voreloxin,0.6781932535237193,0.03297442720844321,0.1074639553392282
cgm097,0.854388914364255,0.033132179998123026,0.10760928221473631
tropisetron,1.2500309221942996,0.03316775388235826,0.10760928221473631
fenofibrate,1.257907349856347,0.03330270262891406,0.10780539307391197
vx-765,0.6798777820909244,0.03366485002749608,0.1087344597986313
chlorpropamide,0.7896037106966028,0.03374929450003877,0.10876443015936772
pepstatin,1.414185871644954,0.03384182206644017,0.10877190433698784
tiludronate,0.7952203338183853,0.03390195497994576,0.10877190433698784
gw-788388,1.1602014612042215,0.0342217254838997,0.10955494861770546
gimeracil,1.3507619689766228,0.03469491045084521,0.1107560684431832
licochalcone-a,0.757073459189161,0.034750003506016015,0.1107560684431832
taselisib,1.2182088781256477,0.03503878075023457,0.11143102361668003
fk-866,0.683918078432614,0.03612404669250887,0.1146304727282025
bvt-948,0.692281137463137,0.036563607114536656,0.11561153876436918
vs-4718,1.187261505994996,0.036703327327844516,0.11561153876436918
hyodeoxycholic-acid,0.7995146624220838,0.03673449307143948,0.11561153876436918
desonide,0.8736960763379042,0.036752804306572094,0.11561153876436918
lb42708,0.6227362371559132,0.03691665521851216,0.1158750544494297
cinalukast,1.351149524160399,0.037304664154546495,0.11670954939772574
gs-9973,1.3901282159338197,0.037343829558498284,0.11670954939772574
rs-67506,0.7842698676315835,0.037574085850516296,0.11717608238296784
parthenolide-(-),0.6403006849477781,0.03776455351074007,0.11751679339793737
diphenyleneiodonium,0.6573321804668054,0.03822615148480977,0.1185630406644228
dmh1,0.7956290418103397,0.03826464408450964,0.1185630406644228
amoxicillin,1.3468342568917482,0.03868145696719591,0.11937556644485789
captamine,0.810786987670742,0.03869187329829879,0.11937556644485789
a61603,0.7661658132549681,0.03915545113400669,0.12054880381044186
cgp-52411,1.346741965138483,0.039979174958619766,0.12282349504272357
dabrafenib,0.8492262049080589,0.04027373904327032,0.12311701377741822
acesulfame-potassium,0.7126441994097292,0.04028430124204705,0.12311701377741822
ketoconazole,1.3654966468901606,0.040329968576707835,0.12311701377741822
uric-acid,1.27974251802913,0.04062660855127689,0.12376147910252137
osi-930,0.7909869034649107,0.04098655374126345,0.12439144178767918
baricitinib,0.7386914555592365,0.041005333609345516,0.12439144178767918
ixazomib-citrate,0.4945443168964927,0.04159784206086558,0.12592484824701358
betulinic-acid,0.7456163657887943,0.04179086520590521,0.1262450562691959
sb-218795,0.8373375796993254,0.042137842100945795,0.12692991849338692
cyt-997,0.6964796750746932,0.04224242760204893,0.12692991849338692
unbs-5162,0.7240523540058016,0.04234778039082854,0.12692991849338692
sc-12267,0.7585865900730567,0.042368452406569376,0.12692991849338692
olaparib,0.7876149190859194,0.043263349643860215,0.12934311350137548
phlorizin,1.2991005178471569,0.04339375625777564,0.12946549547422959
pha-665752,1.4059248572833778,0.043586792611415986,0.12977384549119123
aspirin,1.2363660581212557,0.043874501017025586,0.1303622237610596
dianhydrogalactitol,0.7837246437733865,0.04398604063077234,0.130371273671791
cpi-1189,1.2632527038511256,0.04406731486009822,0.130371273671791
dexrazoxane,0.629656747443581,0.04414783973681934,0.130371273671791
kpt-276,0.6565387343123846,0.0443712820813531,0.13076424678557624
oleanolic-acid,1.3041998171052884,0.044635488268535466,0.13127551122880246
oligomycin-a,0.7531304766511373,0.0447756989885347,0.1314207635626972
tak-733,1.3325157818773292,0.045052516847917064,0.1319655706051336
cep-37440,1.738736442843267,0.045355625775603155,0.13258503130767224
arry-334543,1.634693617147692,0.0460036516094405,0.13420823362673467
papaverine,1.471979553399844,0.04611820254256866,0.13427170840864558
3-deazaneplanocin-a,0.7437021185469704,0.04657210491720973,0.13532095545221381
gsk1070916,0.7747285950025955,0.0467444773979,0.13552203266147106
tamoxifen,1.3046665790210246,0.04682862220506947,0.13552203266147106
abt-702,1.28958281113675,0.047102624931212596,0.1360429107294703
cb-10-277,0.8271064771253142,0.047290350943004954,0.13631302353491667
tecastemizole,0.8303311672670651,0.04741808694318005,0.13640948669340267
sulfasalazine,0.8379961958822513,0.047730628382562576,0.13703614934438105
"hydroxytacrine-maleate-(r,s)",0.838643655223428,0.047901099744678946,0.13725325015950582
ro-90-7501,1.2295612897883896,0.04907714615812258,0.14034511954704224
mgcd-265,0.7298652001543848,0.049435551730658465,0.14109120977172152
psb-1115,0.8673768556316244,0.050074916233699744,0.14263465313024315
sb-216641,0.6041090999032368,0.051139491643758354,0.14538083380848396
scriptaid,0.6182073705581037,0.0513317593667754,0.14564128588965491
pha-793887,0.854964918160384,0.052131705710011515,0.14762148368373124
vtp-27999,1.3380466844083043,0.05298835110358407,0.1497541875915745
trimebutine,0.8239734804213389,0.05326394539771463,0.15023962766177987
bruceantin,0.6181387633620005,0.05354334245067058,0.15073388429206291
azithromycin,0.6154568704185154,0.053712323056344526,0.15091598342238938
torcetrapib,0.8231447545450086,0.054485720458529355,0.15273589346276145
lgx818,0.8865295099222202,0.05467602726526603,0.15273589346276145
flubendazole,0.6586481433770217,0.05472137306551167,0.15273589346276145
gsk-j4,0.7088245225925169,0.054782258954508084,0.15273589346276145
repaglinide,0.7751800262542969,0.05560177414890421,0.15472262921820074
1-naphthyl-pp1,1.2666390120293773,0.056210665147278564,0.1561167609752631
prt062607,1.6887298555156587,0.05678926213954417,0.15714102598361301
repsox,0.8174470492324701,0.05679665279158923,0.15714102598361301
levocarnitine,0.8491338870499119,0.05695170786889529,0.157269315431854
ciclesonide,0.8590638912727585,0.05715916230133767,0.15754153876197258
mycophenolic-acid,0.6112142600639264,0.05735581297704258,0.15778300642163615
ki-8751,0.7531526341030916,0.0575311014266734,0.1579649027787408
selamectin,0.8361589082597543,0.05790936246977576,0.15833835006677877
ym-155,0.7156467035547909,0.057937164774903446,0.15833835006677877
gsk2126458,1.5024249661396891,0.057995387377603826,0.15833835006677877
nonoxynol-9,0.7885554408758971,0.058130379865116884,0.15840802196765372
deflazacort,0.820501029253035,0.058676553720854174,0.15959581434976688
norepinephrine,0.7201103789502847,0.05896120466505937,0.16006916163290977
nintedanib,1.1947708398446968,0.05921113161046413,0.1603117197294285
mozavaptan,1.5626365266021773,0.05927212857998911,0.1603117197294285
dacarbazine,1.5857645382394592,0.05956883572114521,0.16064196029257605
du-728,0.8354795035965913,0.05961626308024418,0.16064196029257605
tirapazamine,0.8232602961886847,0.05991529065801459,0.16114763119358197
gastrodin,0.7992024829930273,0.06019966174973316,0.16161207894594412
inh1,0.7935274053866636,0.06049048660386995,0.16209210021444412
tipifarnib,0.7804377238132968,0.06088817495808797,0.1628103685567555
azilsartan,0.7085086045945655,0.061060080222518895,0.1628103685567555
mk-2461,0.8866507993423308,0.06109608163532705,0.1628103685567555
sulfabenzamide,0.7946389301983298,0.06215788684095241,0.165126340677254
mk-0773,0.7798176718624119,0.062268054414218385,0.165126340677254
osi-420,1.2983221913580554,0.06232674860180232,0.165126340677254
alexidine,0.5423570511933894,0.06242163673148441,0.165126340677254
benzethonium,1.2719744840464742,0.06259057631870706,0.16527110206782683
bardoxolone-methyl,0.6743009507841757,0.06379596587315176,0.16814710859462767
bisacodyl,0.8004834806434701,0.0639950651138898,0.1683651985814519
meloxicam,0.850589421302842,0.06444132266419648,0.1691262797524592
nadide,1.168858613093735,0.06451811086617655,0.1691262797524592
erastin,0.7376716448751858,0.0648981768080449,0.16981494003841044
lorazepam,0.8091576850853234,0.0651959176215335,0.17028608808368045
levocetirizine,0.8418558704976324,0.06563667606009996,0.17112841488101738
hydroxyurea,0.8018127414268341,0.0658157867874823,0.17128676885159513
chidamide,1.4392263842715036,0.06610968619632175,0.17174275749744627
clofazimine,0.7925508961274663,0.06628830299603075,0.1717880594840196
p276-00,0.6685073523249642,0.06636456479030196,0.1717880594840196
jq1-(+),0.8864690295197333,0.06659092426344083,0.17206619180214086
temoporfin,0.4296172472642339,0.06681993480986524,0.17235017053453655
lanoconazole,0.8075325118986518,0.0671022704298739,0.17277043649826965
rs-504393,0.7539539783049489,0.0676154053050366,0.17378240049092
bx-912,0.6837697064834705,0.0679835104418022,0.17441868725051027
bam7,0.8679241414378274,0.06864085749532892,0.1755297018598788
fluroxene,0.8541412451557511,0.06867469874006726,0.1755297018598788
hexaminolevulinate,0.6857306980342314,0.06878047059747842,0.1755297018598788
vandetanib,1.5345877400104924,0.06934351480730791,0.17638288776194327
ym-201636,0.8110045217820366,0.0693585785325126,0.17638288776194327
beclomethasone-dipropionate,0.9021727410793784,0.0697931591312095,0.17701813023336255
pi-103,0.7008099496157666,0.06985304240722184,0.17701813023336255
bortezomib,0.8008626482736511,0.07047936032436096,0.17829306711424878
xylazine,0.8233556331849374,0.07074472479827117,0.1786520362706778
busulfan,0.8359311820177796,0.07129380187933508,0.17972496745539696
cmpd-1,0.6965108056507516,0.07148531272233899,0.1798943434943035
vemurafenib,0.8177888710857064,0.07180751107950596,0.18039143842368946
sevelamer,1.2647370031036989,0.07198688318213076,0.18050808372815502
cyromazine,1.234622218552184,0.07210343634752842,0.18050808372815502
domiphen,1.2437214303114759,0.07227927065408313,0.18063575930303674
tms,0.7838887301619819,0.07267631526283609,0.1813148761815928
isoxsuprine,0.8276682278155916,0.07294527924968211,0.181672666220809
jte-607,0.7379697535373788,0.0732487324745981,0.1818633766691696
itraconazole,1.2630487545923155,0.07327321948730192,0.1818633766691696
hyoscyamine,0.6946900632158429,0.07356328504623989,0.18227067373614578
ribavirin,1.3250678189881568,0.07424432786367867,0.1836436622542616
metatinib,0.7936138929915532,0.07456919958006106,0.1841324774613453
uracil,0.7629217862853142,0.0747275836867465,0.18420922247823196
sunitinib,0.7530241206765846,0.07509085332015558,0.18478990604466858
hexachlorophene,0.7428591963476089,0.07571159795115269,0.18600115829425798
bts-54505,0.831299098782808,0.07603814799970281,0.18648677992469484
amprolium,1.2337061378432548,0.07709464785375479,0.18875796183482774
gw-583340,1.2404164557711,0.078758372613748,0.19250568441231986
wz8040,0.6800537980648484,0.08126101524854998,0.19828783990666413
cnx-774,1.1961861121050728,0.08177328090897915,0.1992019149415704
niacin,0.8541428371424907,0.0820110466803085,0.19944535217883425
mefexamide,0.7626386873089016,0.0834765850490304,0.20252028544369166
terconazole,0.8376954903349769,0.08358293259706197,0.20252028544369166
teriflunomide,1.2370705709907936,0.08376071439036725,0.20252028544369166
curcumin,0.6448364336959008,0.08383528056722274,0.20252028544369166
sch-58261,0.8835933718786777,0.08453647625237301,0.20387380189530624
tanaproget,1.239148112527441,0.08550177276256554,0.20566834153145744
mephenytoin,0.8479945774597836,0.08556485252379915,0.20566834153145744
norethindrone-acetate,0.8505158772627219,0.08641215487199963,0.20736051094491453
bucladesine,1.1596479939042366,0.08707517385335233,0.20825017559908882
triptolide,0.6485146846501275,0.08722396197585978,0.20825017559908882
eptifibatide,1.4047579002171513,0.08732645474059038,0.20825017559908882
camylofine-chlorhydrate,0.7813389992535007,0.08745010964990037,0.20825017559908882
masitinib,1.1476267095075983,0.08755646696428786,0.20825017559908882
tw-37,0.5428778087036423,0.08765863284035552,0.20825017559908882
tryptanthrin,1.4760587290584901,0.08779032972732839,0.20825017559908882
ldn-212854,2.201282742150945,0.08831842507284077,0.20916000176824975
formestane,0.8556183334690266,0.0895114466889177,0.2115163269714987
mibefradil,1.1945017501895634,0.0896057418338139,0.2115163269714987
carmustine,1.1404417327415683,0.09167039634989103,0.21603756273337513
lcl-161,0.8303169654823818,0.09191716053991376,0.21619068110124967
defactinib,1.2209835693728557,0.09203418075906689,0.21619068110124967
meglitinide,1.2838620325685803,0.09257284759405777,0.2171035826071339
temocapril,0.7972300817013326,0.09295628233835743,0.21758590362998423
vu0364770,0.7397292511843736,0.09307924972146527,0.21758590362998423
bitopertin,0.756431036346004,0.09438118301464732,0.22027350293902367
colforsin-daproate,1.15928709536397,0.09520550768170649,0.22183956459811482
aurora-a-inhibitor-i,0.6302649633758094,0.09569227860168654,0.22261531693993636
bentazepam,0.702333511002712,0.09648276313658227,0.22409399399459798
iowh032,1.192370829494773,0.09753783888996677,0.22618149499003512
ifosfamide,0.8332892182744946,0.09792158727283512,0.22670805885406786
bix-02188,0.7324326902787429,0.09877308563429975,0.22831414522816573
riluzole,0.8565725423738165,0.09978761699181313,0.23029135851220667
cudc-101,1.1469610644557433,0.10023051579990419,0.23092324298146438
almorexant,0.8234799538587595,0.10038059421930969,0.23092324298146438
idasanutlin,1.315402718719246,0.10240302040768366,0.23520185798399723
radezolid,0.804119834812111,0.10359609661552284,0.23756505832434477
mek1-2-inhibitor,1.3350291801463956,0.10390965780160265,0.23790708044132758
felbamate,0.6866880806153249,0.10520431887343848,0.24049075736155684
bms-754807,1.2157007326541132,0.1055154945779709,0.2408216414106055
etofylline-clofibrate,1.267131658617974,0.10598605044058136,0.24108356097149497
pf-04691502,0.6201225010744797,0.10601541784039821,0.24108356097149497
triamterene,1.2478709497927916,0.10619436981238287,0.24108356097149497
10-deacetylbaccatin,1.2743335094184665,0.10629669101576628,0.24108356097149497
cudc-907,0.6360446021142211,0.10659750676695064,0.24138746837523878
sulfanilamide,0.8135902914476446,0.10745860094137434,0.24295718056588853
nitrocaramiphen,1.2537034438397978,0.10779314291285408,0.24298022378886142
scs,0.8680624966921675,0.10780463280749761,0.24298022378886142
gilteritinib,1.3047807851496518,0.10801867237650421,0.2430840107757412
sid-7969543,0.8654899788925032,0.10976051557364287,0.2466202888743187
lomitapide,1.1842916644878063,0.11066259624183339,0.2482616693983456
at-9283,0.8103516044621375,0.11088761776254359,0.24838139768173464
equol,1.255616990463548,0.11171854909509499,0.24985585864080748
evacetrapib,0.8365239138506476,0.11225850843288254,0.25044479572949585
bicalutamide,1.2937575903455523,0.11232803899685058,0.25044479572949585
finafloxacin,0.8634042640082472,0.11270141226026799,0.2508906823701658
cyt387,1.5093412515337963,0.11293878505325515,0.25103290625508484
gsk429286a,0.7916242219328296,0.11349738931855305,0.2518876109569728
cobicistat,0.8202914806767232,0.11371565464167531,0.2519855318016909
jib04,0.744895616317656,0.1140807945297232,0.2524081187836536
"2,3-dcpe",0.7812470873821402,0.11514131285518417,0.2540554124803821
orantinib,1.249365054117834,0.11517646896138954,0.2540554124803821
pibenzimol,1.157523717829385,0.11801829578542886,0.2596767596115799
pentagastrin,0.8248935108533878,0.11808383401825814,0.2596767596115799
methiazole,0.8027440499421674,0.11848793864951081,0.2601700261393659
thioguanine,1.4689760464940769,0.11896252980645618,0.26052173551440005
oncrasin-1,0.8203960372943596,0.1190082012266886,0.26052173551440005
isofloxythepin,0.871620715275759,0.11976859936846587,0.2617902768673265
ap26113,1.2233854966689737,0.12087869986683426,0.26381821826140145
fendiline,1.298812745246534,0.12187787011953875,0.2652974718756793
fluocinolone-acetonide,0.9156902915728306,0.12210503283785415,0.2652974718756793
azd5363,0.8558708270952977,0.1221788517431049,0.2652974718756793
avanafil,0.835582596370581,0.12228985054670222,0.2652974718756793
estramustine,0.5520863543502328,0.12349040047459948,0.26732748879107143
nsc-3852,1.2260469757616455,0.12359508638647324,0.26732748879107143
taltirelin,0.8305830395570827,0.1241527273106483,0.2681328304753852
quinidine,0.854525479394181,0.12658049290943013,0.2729686635468635
alpelisib,1.4703546251409796,0.1274466324650063,0.2744274957989049
betamethasone,0.8931163515256872,0.12770399717810574,0.27455204102292186
cs-110266,0.8760625082428115,0.12788394999961944,0.27455204102292186
amg-232,1.1847027863138921,0.128369730376237,0.2751866664509851
oxymetazoline,0.8644776831803959,0.12868026662110785,0.2754442985218093
xilobam,1.18495537569426,0.1290511824870918,0.27583022312972205
pf-03814735,0.8497934214760794,0.12982004926628077,0.277064323434083
gdc-0152,0.9135076900891812,0.13022013728839152,0.27746034712569373
etp-46464,0.6747897258704163,0.1305884461200297,0.27746034712569373
pacritinib,0.45832287042754677,0.13062570057050774,0.27746034712569373
r547,0.6933373315587948,0.13077260313733458,0.27746034712569373
melengestrol-acetate,0.8912992468895468,0.13242514851234602,0.28007440018679003
ribitol,0.799726107048417,0.13248500871233276,0.28007440018679003
zm-447439,0.8565199707638009,0.13258532420729177,0.28007440018679003
dimethisoquin,1.146809232220723,0.13442732057880383,0.28355150565237486
rs-16566,0.7794344751056841,0.13483264616968954,0.28399248763834173
bf2.649,0.9028726514714854,0.13535016244915438,0.28466814689524184
ciprofibrate,0.8663206115035175,0.1363320083127117,0.2863170043954918
nomegestrol-acetate,1.1575667561844978,0.1378960941654992,0.2891820989238802
carfilzomib,0.7299142241211848,0.13889001789617264,0.2908449434092067
i-bet151,0.9203191880934251,0.1395866934381058,0.2915621860375069
kp-1212,0.7879885241304394,0.13963551826122478,0.2915621860375069
vidarabine,0.7442024575887369,0.14033276076301157,0.29259582827676905
dichlorvos,0.7817949354885316,0.14209710516857535,0.2958482175236382
sulfamethazine,1.1587351721421382,0.14241241088002793,0.29607867606810406
venetoclax,0.884027190752504,0.14363818842571358,0.29788098281580994
lucitanib,1.2262844244507762,0.14370438666134222,0.29788098281580994
alisertib,0.8622492818011204,0.14397928388495235,0.29788098281580994
obidoxime,0.840712618518864,0.14464857030762582,0.29788098281580994
pitavastatin,0.8460992873515323,0.14485287651914439,0.29788098281580994
adarotene,0.5229566697501947,0.1449075908468267,0.29788098281580994
avl-292,1.5848674660720123,0.14490959269771067,0.29788098281580994
istradefylline,1.1464500013231047,0.14492620034715287,0.29788098281580994
fluorometholone,0.7972095386745818,0.14584680753727053,0.2989279744355307
monensin,0.7694313819771634,0.14584875601346556,0.2989279744355307
idoxuridine,0.884783893214256,0.1462039247805335,0.29923207801616974
sgi-1027,0.7742423948451788,0.14647564305841712,0.29935942563132806
raclopride,0.8622203613559918,0.14667991207505984,0.29935942563132806
xl-647,1.294902520236778,0.14730709602709366,0.30021601119887964
meclizine,1.3683252151641216,0.14792307270094696,0.3010473786192268
isopropyl-myristate,0.8186303764036053,0.14814370044071162,0.3010729417664462
mitomycin-c,0.7674915639434935,0.1486143844108114,0.301605910578463
cyclocytidine,0.8181601495239541,0.14888469579126268,0.30173130925764297
odanacatib,0.588773550247363,0.15020266956129108,0.30395804724449144
pevonedistat,0.8220931413047697,0.15040356726126872,0.30395804724449144
latanoprost,1.1405584503733173,0.15118732072591448,0.30511583415676186
resatorvid,0.8285664204364248,0.15156233994022272,0.3054466655898361
gsk2110183,0.7910224847552788,0.15286334309206795,0.30764013554133846
talmapimod,0.8541462485281439,0.15376541922957476,0.30902578003499265
nutlin-3,0.8707997021143143,0.15426621187097705,0.3096022310364824
rucinol,1.1791970668680503,0.1549049320748857,0.31045351345202166
nafcillin,0.8608615078808016,0.15543303884345067,0.31061903014482917
butylscopolamine-bromide,1.2083134994612756,0.15547408983506109,0.31061903014482917
olda,0.8810795843863016,0.155631511302696,0.31061903014482917
hypericin,0.8644759679204467,0.15640226564573534,0.3113878304845703
cholecalciferol,0.8082852784102328,0.15644709935195758,0.3113878304845703
ap1903,0.8457803477988939,0.15826700174018823,0.3145774059313906
le-135,0.8070844605189926,0.15863574397732794,0.3148778073185096
sns-314,0.8972507835282292,0.1596079963462847,0.3163736585110602
estramustine-phosphate,1.183603625640329,0.16004776488815653,0.316811375914039
cp-673451,0.8714942112425448,0.16133574396840966,0.3189246195659683
d-4476,0.8712576503231195,0.16276056279956136,0.32107172470178724
rgfp966,0.8503940760609575,0.16286568481763086,0.32107172470178724
dalcetrapib,0.8605594073898232,0.1639652383380643,0.32279959166691025
pomalidomide,0.846780517756715,0.1646814588399776,0.3237691181269668
as-1949490,0.8441782349102062,0.16537267981590437,0.32468693038482177
bay-11-7082,0.5557481889671708,0.16632062215469728,0.3261056101054837
gzd824,1.1908991868496126,0.16657690805827002,0.32616615150245837
ldn-57444,0.6202363823186773,0.16762905373789094,0.3272658724925497
sertindole,0.7573000906752029,0.1676680974342304,0.3272658724925497
kd-023,0.8206082317841512,0.16781705417378845,0.3272658724925497
cgs-15943,0.794615248883695,0.16831776523194183,0.327800546824522
ch5132799,0.6488862135907235,0.1711236714447366,0.33248380280041534
fludarabine-phosphate,0.8002227336583719,0.17118205465536243,0.33248380280041534
bafetinib,0.7697573729501807,0.17141621533409396,0.33249231044026
oseltamivir-phosphate,1.1607839600546523,0.17198366268469042,0.33314639880153557
amonafide,0.8971824911101117,0.1733648960571511,0.3349542035888088
ramifenazone,0.8651210023983115,0.1733798883814912,0.3349542035888088
zstk-474,1.1421245423137638,0.17406883776789242,0.3358368110001871
sb-225002,1.3219236661168265,0.17611290965132187,0.3392799127625765
enocitabine,0.8759067343584135,0.1763223872822789,0.3392799127625765
colfosceril-palmitate,0.8212649282057531,0.1766800304954268,0.339516605746192
diclazuril,0.7850723369076862,0.17743892880187348,0.3405227188014734
isoflupredone-acetate,0.9094717746628278,0.17936662454498803,0.34320511107088475
naltrexone,0.8699383518711279,0.17951227635339884,0.34320511107088475
alectinib,0.770428014496158,0.17954821636534884,0.34320511107088475
ly456236,1.1801553111550516,0.18047735098244744,0.34452602489657186
methoxyflurane,1.1895636309224318,0.18123194116840197,0.3453365948693736
caffeic-acid-phenethyl-ester,1.1278568922685481,0.18150586264151136,0.3453365948693736
aeg3482,0.8410300440207156,0.1816179327543838,0.3453365948693736
imidapril,0.7471140130529612,0.18228575302624545,0.3461515546312036
teprenone,0.7728308438506517,0.18288980317998604,0.3468434406309827
zk811752,1.2551609156086156,0.184189013200983,0.3488501336411288
halofantrine,0.8476051422832539,0.18586339772249852,0.3515612241888305
nms-873,1.3874204494235662,0.18625675054325613,0.35184532380690814
7-aminocephalosporanic-acid,1.1616278258784254,0.18947304368642248,0.3574543601228857
10-hydroxycamptothecin,0.7822967907994253,0.18985404751602192,0.35754943005748935
gw-501516,1.1341285890420005,0.1900176307631025,0.35754943005748935
ro-04-5595,1.1039222511350286,0.19028850526824198,0.357594113146943
sobetirome,1.1445930307948837,0.19078079652468025,0.3580542316098733
bay-k-8644-(s)-(-),1.137172607053093,0.19388672081931718,0.36301581897576635
cyclovirobuxin-d,0.8008698455421819,0.19392621151918962,0.36301581897576635
bms-345541,0.8997225902489726,0.19512986921184616,0.3647970552319656
cetylpyridinium,0.7216994431799759,0.19628995814870664,0.3652083692379333
bindarit,1.1820894142350462,0.19629013781355303,0.3652083692379333
idarubicin,0.6930340654442088,0.19656941101748923,0.3652083692379333
adaprev,0.8483515307522537,0.1967726654368171,0.3652083692379333
clotrimazole,0.8889700281014411,0.19680698477074032,0.3652083692379333
phenelzine,0.8884065123543129,0.19686422115106286,0.3652083692379333
bephenium-hydroxynaphthoate,0.8593407687482865,0.19809425779331932,0.36701970682065693
spiradoline,0.814001227045172,0.19959479774740116,0.3686218926550894
picolinic-acid,0.8511524811472861,0.199948336236136,0.3686218926550894
suxibuzone,1.1305290211013337,0.20019033902233804,0.3686218926550894
dirithromycin,1.1334467302489855,0.2001940749008751,0.3686218926550894
n-acetylmannosamine,0.8769266138821072,0.20023276270000018,0.3686218926550894
nvp-aew541,1.179020106538031,0.20121361609034125,0.3699569281864343
tetrandrine,0.7325145941184855,0.20353814653437274,0.37375596197365146
ethinyl-estradiol,0.8976179352844079,0.20516185259665337,0.37626007694215136
fph1-(brd-6125),0.8484046481142742,0.2059337309101117,0.37719760585687545
acipimox,0.8771940577947253,0.20798031288842742,0.3804646178881852
ammonium-lactate,1.143420846932928,0.21047143974874116,0.3837245553993467
bay-11-7085,0.7333114201355166,0.21050659466388166,0.3837245553993467
sodium-stibogluconate,1.1510540644186797,0.2105579108411066,0.3837245553993467
ingenol-mebutate,1.0715006611380578,0.21083822174807287,0.38375208411253015
aztreonam,0.8763304755373125,0.21160680193602568,0.38451853414482334
cr8-(r),0.696266082445025,0.21179078902102572,0.38451853414482334
cephalomannine,0.7885510584569462,0.21344515998844674,0.38703652444020353
doxercalciferol,1.11583187031497,0.21445337421994787,0.387947887574941
metyrapone,0.7905674951693804,0.2144839737802023,0.387947887574941
ptc-209,0.8492468890344942,0.21531952188167783,0.3889729689922445
barasertib-hqpa,0.887210018053357,0.2176114501648964,0.3926231526042457
smi-4a,0.8834890046859423,0.21861965634294692,0.39349657623433526
carmofur,0.7499803029030603,0.2186394245282692,0.39349657623433526
osi-027,0.677806027033935,0.22029477253417287,0.3959832743564573
fludroxycortide,0.850129477972202,0.22109995195339255,0.3969375067947382
fleroxacin,1.0889274447410426,0.22160205208920153,0.3973459347869574
nemonapride,1.087067475009001,0.2222662168591005,0.3980435839048495
pi3k-in-2,1.3021739451606413,0.22646071027221343,0.4050539527365795
alvespimycin,1.1616183192323868,0.22726123833928252,0.40598396528017505
bendroflumethiazide,1.127186078692452,0.22856922064737817,0.4075406289955232
ikk-16,0.6548727907316213,0.22870874558396917,0.4075406289955232
dronedarone,1.6037137804302732,0.22897756141904652,0.4075406289955232
zaleplon,0.830556618032108,0.23234427765716736,0.4130247785871267
pd-318088,1.1293728110580046,0.23291051586876088,0.41333186528897253
iobenguane,0.8921354919283857,0.23308832209799696,0.41333186528897253
rifampin,0.8286542780810577,0.23362792838036747,0.4137816552832212
pha-767491,0.8202587988548062,0.2349237793704424,0.4155681036051713
nsc-697923,0.5977274653993045,0.2353084071290537,0.41574025044656987
parthenolide,0.6962615941471565,0.23636524037354276,0.41688110067050754
deoxycorticosterone-acetate,0.8033953013874116,0.23708560204376453,0.41688110067050754
dihydromyricetin,1.1103200005143203,0.23721853634859846,0.41688110067050754
salinomycin,0.8406454398491328,0.23724692839233602,0.41688110067050754
erdafitinib,0.8422788543884129,0.2376357088699759,0.41688110067050754
flutamide,0.8915304909786934,0.23768272844033775,0.41688110067050754
cromakalim,1.1543542090217873,0.23851362067899418,0.4178319723032743
bibu-1361,0.8848581177537831,0.24026129440171212,0.42038463482379373
uridine,1.1394554087653044,0.2405822101551977,0.4204377513219458
clopamide,0.9226190036694661,0.24199908418217383,0.4224037090610441
imatinib,0.7860462883392078,0.24234386437995675,0.42249586958770774
cebranopadol,1.1115403804850024,0.24274302477597914,0.4226824992188229
lerisetron,1.179874942490085,0.24306259752777915,0.42273026276766396
piroxicam,0.8722203553996298,0.24378234639941015,0.42347305551013986
pd-0325901,0.871766366045582,0.2484735130860517,0.4311045245030178
sb-200646,1.1459842537508476,0.24954931574395656,0.43245252680419777
gemcitabine,0.8667737331333261,0.2522989705434615,0.43655696948094647
cct137690,0.7965781381011101,0.25252120487598634,0.43655696948094647
clocortolone-pivalate,0.9091968945691579,0.2530169211631899,0.4368756999093987
palomid-529,0.8910886411595919,0.25330940720386,0.4368756999093987
nsc-632839,0.8293115409149703,0.2538058569368021,0.4372108035566103
nitisinone,1.1741126407178204,0.25465168394878623,0.4381462386134289
tak-285,1.142932198898766,0.25501841700534666,0.43825611568496037
sorafenib,0.8678101876578064,0.25582340169461937,0.4391179860641924
narlaprevir,0.9144303013734285,0.25790873168583595,0.44217290847085855
cep-32496,1.1243296146484982,0.2585424770983222,0.4427348690665943
p22077,1.087347365017772,0.25896124382818414,0.4429278012049438
vu0238429,0.812595420898063,0.25997642882078437,0.4441391883160271
piperazine,0.886905058854281,0.2613412070852997,0.44556523094350453
se-methylselenocysteine,1.1457974578085255,0.26158367736628785,0.44556523094350453
gsk650394,1.1677118058285219,0.2617349317912777,0.44556523094350453
lafutidine,0.8578970135201442,0.2621368677688939,0.4457250853837714
rg108,0.895642887151867,0.2624850623248853,0.44579329246961147
niridazole,1.1307115038100575,0.2630154381116067,0.4461703856359847
sc-144,0.908946440409474,0.2640146625691554,0.4470395455864169
eltrombopag,1.1434318786130897,0.26414568864988697,0.4470395455864169
belinostat,0.8062022688402203,0.26993673984251504,0.4563066151309804
nemorubicin,1.3076093284083414,0.27094525370474376,0.4574769919612185
oltipraz,1.5399145645192702,0.27206701806743355,0.4584906177748276
pd-168393,1.2486902824116288,0.27217929555533993,0.4584906177748276
satraplatin,0.8964886459982153,0.2730896202671192,0.45948916340293194
wye-125132,0.8325173038846286,0.27371694063922214,0.46000977131818166
warfarin,0.9047368175350918,0.27409049869784485,0.4601031921296769
ha14-1,1.396989235032147,0.2751872573883539,0.46140899355845666
tepoxalin,0.806027856249718,0.27617683199886156,0.4622300243406563
floxuridine,0.8856000727673259,0.27631580584289406,0.4622300243406563
hesperadin,1.1444865553680184,0.2787345047482356,0.46573767710242137
bi-2536,0.8908075577588472,0.27910986501845847,0.4658269604171965
uk-383367,0.8594592093521226,0.2795091821692949,0.4659559753444351
racecadotril,1.1192190751526296,0.2808546148975527,0.46766010098591343
gw-3965,0.8870857315012418,0.28139319536132795,0.46801833757223166
dacomitinib,1.1730309976387892,0.28244822792088414,0.4692337380040406
rs-17053,0.6984668565456136,0.2829778889718296,0.46957454741082283
ferb-033,1.1573270954449257,0.28436801871943856,0.47134080536887474
indisulam,0.8166172179170559,0.2859262619583029,0.473381351319982
skf-96365,1.405315647610097,0.28745713368771136,0.4752667669418972
favipiravir,1.1484509884171148,0.2877219681002778,0.4752667669418972
afatinib,1.1953749407883367,0.2887475529215768,0.4764170000883941
azd1480,1.151952267042725,0.2901945503895659,0.4782591280338289
birinapant,0.9162415788715856,0.2914774650348691,0.4798269532485274
peruvoside,0.7161005925308901,0.2919250285839474,0.4800176322283772
barasertib,0.8210858736228199,0.2940805485300903,0.4824915863378398
exemestane,0.8939931555454446,0.29409646105734255,0.4824915863378398
tetrahydrouridine,0.906274447081065,0.29496382654779985,0.4833665424854659
dpi-201106,1.3656022661468297,0.29625570167106685,0.484667311627603
zaldaride,1.135566161224386,0.2964274849968408,0.484667311627603
am-404,0.8697269386005541,0.297170035150203,0.48490868639552176
mk-2206,0.8153598452692313,0.2972453385161215,0.48490868639552176
neratinib,1.2243818330508525,0.2982434868364679,0.48598910523915434
terbutaline,1.09262676558861,0.3011471541622319,0.4901686525002808
ro-9187,1.201432770664073,0.3036019281907873,0.49360897763153844
nobiletin,0.9150114437709875,0.3053761638819985,0.49553721563935943
bms-599626,1.1225862817425782,0.3054728378371172,0.49553721563935943
abemaciclib,0.7676608885987666,0.3062796729059141,0.4962896827490008
oxaliplatin,0.8740388457168575,0.30689648136516606,0.4967328954534623
nisoxetine,0.879447681117101,0.3082925960028029,0.4984350686212914
bosentan,1.091693330504768,0.3091757824940764,0.49882490969852816
ketoprofen,0.8891481321317343,0.3094469620517172,0.49882490969852816
dvd-111,1.1361413622753338,0.3098510479740859,0.49882490969852816
ornithine,0.8985328604891187,0.3099126425839508,0.49882490969852816
sulmazole,0.9130644215360825,0.3120600239295391,0.5017231718067144
ibrutinib,1.1931549357490308,0.31306954860578506,0.5027876102470266
fk-888,0.8538701626897066,0.3147805959331207,0.5049750801720905
tetramethylthiuram-monosulfide,0.8610703880248597,0.3174854412261133,0.5087502031607818
bibr-1532,0.8443308066633973,0.31957072042739654,0.5115252571442951
serdemetan,1.0990231271573514,0.3202608413525785,0.5115483150135206
flumatinib,1.1238086266683849,0.3205528714863359,0.5115483150135206
florfenicol,1.1094890856955848,0.3206456957272033,0.5115483150135206
gdc-0941,1.1605936165710355,0.3227856514475226,0.5143951956437942
ar-12,0.7970896129686146,0.32339224117603976,0.5146525067950205
buphenine,0.9275027575737196,0.3240064301267846,0.5146525067950205
arctigenin,0.8600193549973334,0.3240141214169065,0.5146525067950205
tamibarotene,0.7417090159806535,0.32455786471431447,0.5149509103526458
pd-153035,1.1276437938703567,0.3260159489047089,0.5156955008260828
spermidine,1.2018483780098028,0.3260627333357644,0.5156955008260828
sb-205384,1.1319462500029296,0.3260963256778616,0.5156955008260828
famciclovir,1.1001242518374754,0.32735197208300515,0.5171160519695507
srt1720,0.839360886799715,0.3283560137509322,0.5181364797138484
5-fluorouracil,1.116083896359207,0.32898749453312404,0.5185674341932794
tremorine,0.8384754004751159,0.3294047150688769,0.5186600899941947
spironolactone,1.421204621367103,0.3335620470084081,0.5246350891534418
petcm,0.8935178445881743,0.33414959711010833,0.5249885635378141
4-hydroxy-phenazone,1.109212898181545,0.3373889896280982,0.5295031106202366
rki-1447,0.8980806265320938,0.3410915735479302,0.5347340270030931
minocycline,1.0802585962115143,0.34426482371499345,0.5391246752333285
homoquinolinic-acid,0.9348076683293675,0.3467032474031795,0.5423563232350278
thioproperazine,1.1456677196585048,0.34777770937141594,0.5434496171279037
plx-4720,0.8756407985873357,0.3493021702960004,0.5452429777975324
sr-27897,0.9297404025460162,0.3497670081221399,0.5453802378801039
sparfloxacin,1.1882097724383518,0.3522296575849423,0.5486289715020576
tyrphostin-ag-494,0.8809782489278084,0.35283421386987424,0.5489796854512989
nelarabine,1.1132381278107297,0.35631821834470867,0.5538050074594989
thiostrepton,0.8565547199273928,0.357568198410525,0.5551514840129074
cx-4945,1.0853974325841507,0.3590318553248182,0.5568264680118027
idronoxil,1.16118441246291,0.35974518983714443,0.5573354279382741
gsk1904529a,0.9324121588097469,0.36219714079740606,0.5605339708383386
mifepristone,1.113139380270081,0.3626591499812377,0.5606493483150118
capsaicin,1.1206967844448024,0.3634136623690999,0.5610520107276897
remoxipride,0.9052806791505923,0.36407665776516385,0.5610520107276897
ftorafur,1.1363818540566364,0.3640828182953011,0.5610520107276897
benzocaine,1.1200883871880192,0.36463391398636513,0.5613034824875216
dovitinib,0.8269332864559299,0.36609124665250437,0.5629479637685163
torin-1,0.7617276167153088,0.36692342453766524,0.563628657437369
snx-5422,0.7321739026221052,0.37139928851772075,0.5698990143002565
sdz-wag-994,0.9029762588655001,0.374606725130602,0.5741545548091462
sta-5326,0.9178980129069969,0.3749661743570444,0.5741545548091462
stf-118804,0.7667372730342314,0.3763013735324402,0.5755899445046945
sodium-tanshinone-ii-a-sulfonate,0.9099490210161475,0.37924360001175894,0.5780424292196977
cisplatin,0.9044682524481352,0.3793123711262567,0.5780424292196977
su014813,0.8636357112413514,0.3796071436762205,0.5780424292196977
polydatin,0.8333325670274561,0.3799408861514493,0.5780424292196977
colistin-b-sulfate,1.0797114059761115,0.38018630034444145,0.5780424292196977
bay-87-2243,0.886582147611232,0.3803015843933326,0.5780424292196977
thiram,1.1647131785785079,0.38287037489557474,0.5813362355444875
am-580,1.1243007475025364,0.38377311683113713,0.5820961216505822
beta-lapachone,1.5574141288786958,0.3853564983062625,0.5838857099991224
ro-106-9920,0.6922767510022073,0.3863414259609316,0.5847657357379372
theophylline,0.891863799827177,0.38760228950039766,0.5855485874977754
ro-4987655,1.1192075171208964,0.38808789693954104,0.5855485874977754
proflavine-hemisulfate,0.8479434969046331,0.3883937071853023,0.5855485874977754
azd8330,0.8925699608983809,0.38847729370965056,0.5855485874977754
tucatinib,0.8016711675871838,0.38927634877009976,0.5861424314987871
whi-p154,0.9289957390069201,0.3912322684716124,0.588475148106469
gsk2830371,1.1970016387693603,0.3929322175278852,0.5904183995460539
pha-848125,1.2050844741569378,0.3935161539845551,0.590682442754825
4-methylhistamine,0.9421932293055002,0.39532201936251044,0.5927781989819199
digoxigenin,0.7099680813982177,0.3964760614105244,0.5938932307049988
tilmicosin,1.1381323754638768,0.39849085589548094,0.5962939694733825
ly2090314,1.090083816208651,0.4009597343289675,0.5993685284855537
methacycline,1.1133536884030848,0.40216361668961753,0.600547733075208
vx-702,1.0877614283942505,0.40389004290819697,0.6010527881939899
cytarabine,1.1266612873620638,0.404114137379182,0.6010527881939899
oxprenolol,0.8634436304448444,0.40413540479119126,0.6010527881939899
canertinib,1.2052698868612428,0.40416334686437605,0.6010527881939899
givinostat,1.3017108490212335,0.405206302938415,0.6019851338315056
riociguat,1.0823097237746708,0.4068960125231966,0.6036611932940904
tak-632,1.2555755631443515,0.4073663943714547,0.6036611932940904
riboflavin,1.0965355456137247,0.40758603030292073,0.6036611932940904
balapiravir,0.9301395003725983,0.4088240113352717,0.6048756077731474
sodium-glucoheptonate,1.075759671432748,0.4109899130201413,0.6074590440655204
mk-3207,0.8997018298101145,0.4114808270904864,0.6075640375509529
elacridar,1.2098444643756274,0.4121180286895949,0.6078845948153352
jzl-184,0.9031422632992193,0.4129599798018504,0.6085062024167796
cinacalcet,1.2565522725395024,0.4143134147178734,0.6098794619499113
flufenamic-acid,1.0878581893816626,0.41622478317845335,0.6120703874585589
cgs-20625,1.0881234111007883,0.41672106545596976,0.612178052502323
romidepsin,1.1625544421976355,0.41726779503735434,0.6123595328793628
caffeic-acid,0.9204562058809538,0.41776264788897155,0.6124645911806909
buparlisib,0.753455019580098,0.41880360585294607,0.6133692486530495
ly2874455,1.1942280505833727,0.4199077979448047,0.6143645941619135
linifanib,0.7687651820393209,0.42106154368065696,0.6154303572786975
tc1,0.8903161682109031,0.42382792851972884,0.6181878137689314
sulconazole,1.2168926626253525,0.4240950871738066,0.6181878137689314
adl5859,1.074182301460131,0.4242297851227014,0.6181878137689314
chloropyramine,0.8709249956058379,0.42497864336563695,0.6186560331489704
penicillamine-(d),1.1214951058223863,0.4263558424802746,0.62003708951654
y-39983,0.9302676126744347,0.4274823830233925,0.621027804134724
secnidazole,1.1017530799617292,0.42829076858035,0.621027804134724
psi-7976,0.851918538726849,0.4287185243382782,0.621027804134724
filgotinib,0.8962519198126153,0.4291517394326494,0.621027804134724
triamcinolone-acetonide,1.0553051789171664,0.42918300216636074,0.621027804134724
clomifene,0.8880230144572945,0.42983597951162467,0.6213513110422786
gidazepam,1.18106383861907,0.4315344174497874,0.6231839341814794
cinromide,0.8735638738220223,0.43197894278001203,0.6232039184473354
dofetilide,0.9014046040642794,0.43265123402103545,0.6235521271199584
as-703026,1.1047852228305284,0.4335440108083862,0.6242170981489898
eplerenone,1.164315424426544,0.4348573816327356,0.6253902886507722
cidofovir,0.8974082108635455,0.4352232347417606,0.6253902886507722
ulipristal,1.1282645002571634,0.4369964871528812,0.627315393760138
clindamycin-phosphate,0.8975794998964929,0.43847418731990295,0.62881283354995
kifunensine,1.0728766211090137,0.4395945240092013,0.6295270644814444
chir-98014,0.916907983425032,0.4398423373812994,0.6295270644814444
pyrithione-zinc,0.7870903077862947,0.4405891804098464,0.629718538456017
tyloxapol,0.9323743742239465,0.44084649582304436,0.629718538456017
menadione,1.2255364884096245,0.4418207381477851,0.6304877791911687
sar131675,0.9538605723044994,0.44467961791692867,0.6339422730303407
tpca-1,0.8920229588872489,0.4464350605100197,0.6358184375570851
teniposide,0.8511629184429366,0.4469745387687485,0.6359608235972263
ribociclib,1.26933712620433,0.44839950324326316,0.6373615728811413
paricalcitol,1.0921705386528828,0.44896474322313884,0.637538747246204
1-azakenpaullone,0.9389084263833213,0.4495048292623076,0.6376798901397639
ponatinib,1.1311744454241128,0.45132632121561567,0.6393667659354084
ym-976,0.9392808537186248,0.451611001046372,0.6393667659354084
tranilast,1.1188994773151235,0.45201948966960803,0.6393667659354084
anagrelide,0.8379537725262969,0.45293849663284624,0.6400410201442661
icotinib,1.2230584285887576,0.45557460406603156,0.6431380020327294
sch-900776,0.8761481238451644,0.45950142798080584,0.6473252960797343
prednisolone-tebutate,1.0815841552463101,0.4598955384946505,0.6473252960797343
idelalisib,0.7616365988714242,0.46036327901896,0.6473252960797343
nms-e973,0.8235744839619701,0.4606460053250224,0.6473252960797343
carboxyamidotriazole,1.1578900622074944,0.46077750861238864,0.6473252960797343
palmatine-chloride,1.0590420370811244,0.4624163750909269,0.6489975700839682
rg2833,0.9399875128984497,0.4630468343591042,0.6490138765307701
methscopolamine,0.9239133978223105,0.46332504108934724,0.6490138765307701
rheochrysidin,1.1127712190389092,0.4638107797213369,0.6490659557609038
mpi-0479605,1.080553728133762,0.4665239772723172,0.6515549256518265
trans-4-hydroxycrotonic-acid,1.081071068601338,0.46661582515928435,0.6515549256518265
trichostatin-a,1.2994767045183695,0.46694019205317483,0.6515549256518265
xl388,0.8796970460395186,0.4681637992295167,0.6526329648218792
ky02111,0.9486144667638203,0.46907131441091643,0.6531908707280007
pq-401,0.941350951694178,0.46972122080001866,0.6531908707280007
pentamidine,0.9182053610946425,0.4700221781103403,0.6531908707280007
galeterone,0.846228280189664,0.47036965259058516,0.6531908707280007
mk-8245,1.0816484808614828,0.472033529779184,0.6548729794731345
drospirenone,0.9057749136452246,0.4727242273068142,0.6552030238629887
jnj-16259685,0.9271135324933865,0.4747528975623485,0.6573851127011658
nicotine,0.9193887583743203,0.4766813838074344,0.6594244382116229
a-803467,0.9017607761659462,0.4789956496028832,0.661993032450212
sb-939,1.218251395552456,0.47960993036587496,0.6622095126330354
prazosin,0.9189366227985777,0.48161265676988363,0.6643408144385334
buthionine-sulfoximine,0.9217051512824249,0.48240773868037645,0.6648038074957188
mechlorethamine,0.9062227045333725,0.48367322205746566,0.6650924673049681
clofarabine,0.8896128789847114,0.4842330953632603,0.6650924673049681
artemisinin,1.0878434191890836,0.4842341809704852,0.6650924673049681
wye-354,1.1728381479920043,0.48445574328917507,0.6650924673049681
gw-441756,0.8994360952830046,0.48699774984581,0.6679485725373338
gestrinone,0.9166171068757758,0.48746690626139944,0.6679589141668987
ajmaline,1.0765134422390459,0.48844835216242366,0.6686705445402337
octopamine,0.9399764563756005,0.4904120016121982,0.6707241647758515
abiraterone,0.9309788561112676,0.4921023777723684,0.6724005105161636
pindolol,1.080293923700741,0.49262881839364214,0.6724848115241512
dihydroartemisinin,1.046353856633431,0.4935525819949259,0.6731108257744183
pd-198306,0.9013699252080846,0.4943261666529958,0.6735310387447127
lidamidine,0.924165440428942,0.49508730166687254,0.673933514122262
nexturastat-a,1.0523119672974224,0.4956842343742427,0.6741119240033169
isoetharine,0.9268953925102383,0.5007717614329915,0.6803913040314917
methylphenidate,0.9244884067966301,0.5019504809605184,0.6813530449811165
cgp-54626,1.0833290883136766,0.5059881444783454,0.686190107835207
benzydamine,0.9415121025456246,0.5083928866414976,0.6888057181369355
azd9668,1.0764883929713374,0.5090844936552792,0.689097532571739
alfacalcidol,1.081638602840276,0.5124108481911616,0.6929518666659914
posaconazole,0.9249193352491081,0.5141471661611123,0.6946507464380295
motesanib,1.2758425490080092,0.5172252368597914,0.6981575725150355
epothilone-a,0.8465317693828976,0.5186559941968014,0.6994363686885104
pac-1,1.057917959814141,0.5196215230239899,0.6997330727449421
navarixin,0.8977585911979742,0.5198431604704995,0.6997330727449421
josamycin,1.0786070220775412,0.520737324137559,0.6999855258853542
inc-280,1.1738374385801984,0.5214770426044504,0.6999855258853542
estradiol-cypionate,0.918215354361168,0.5214819605420953,0.6999855258853542
zm-306416,0.9148893930089328,0.5241236062138923,0.7028793866464339
aee788,1.0710470442615492,0.5248996241591208,0.7032682927391184
dequalinium,0.9065901787702991,0.5259489386184233,0.703394255383476
anisomycin,0.8171260796499588,0.5267916415347909,0.703394255383476
echinomycin,0.8597930662475897,0.5268051262807131,0.703394255383476
forskolin,0.9215993534875606,0.5271855943527478,0.703394255383476
tipiracil,1.150184371613461,0.527424165232254,0.703394255383476
pik-75,1.370501273363277,0.5284583389956587,0.7041245087723005
endo-iwr-1,1.0948749795924917,0.5294410806171225,0.7047849527626276
snx-2112,0.7985941122860171,0.530500391032193,0.70554601638197
ilomastat,1.1029669706441347,0.532959427487084,0.7081655570007442
pf-562271,0.8505305491680483,0.5378024944996225,0.7139451463678474
norethindrone,0.9265964482722379,0.5385460457019742,0.7142769277092178
kd025,0.9100949075032703,0.5394576445853443,0.714830779958785
rn-1734,0.8740736381486688,0.5409160007895417,0.715555440048933
fenoprofen,0.8969618039522196,0.5409935393320889,0.715555440048933
ritodrine,0.9138993432740816,0.5443874893700609,0.7193869380077426
atipamezole,0.9392573096630735,0.5459684369192166,0.7203479665307206
vorinostat,0.8597832541079734,0.5461103796020736,0.7203479665307206
idra-21,0.945328491165836,0.5496184346717461,0.7243150045264268
ro-10-5824,0.933148425768323,0.5502783597834524,0.724391949707161
ast-1306,0.931577163609868,0.550678054373101,0.724391949707161
salvianolic-acid-b,1.103836858891534,0.5512785585259705,0.7244434755062154
noretynodrel,0.9129502153490592,0.5517185279943672,0.7244434755062154
spermine,0.9144710257336173,0.5549134339716266,0.7279780044940559
orotic-acid,0.9372891243333943,0.5560635253732433,0.7288260155933725
octenidine,0.8563272841606523,0.5572139980356778,0.7292249075178957
kw-2449,0.9236009254068435,0.5575982293027936,0.7292249075178957
pd-184352,0.9435974017043826,0.5578797322890882,0.7292249075178957
amg900,1.0535741270046703,0.5612158713961197,0.7329236154424054
bms-626529,0.9331553226159355,0.5624146062971749,0.7337420567440132
gsk-3-inhibitor-ix,1.048334811784623,0.5628567263205629,0.7337420567440132
nefiracetam,0.9350401447216161,0.565153465013382,0.7360729647834058
domperidone,1.0596634835678567,0.5737614844143795,0.7463885068979
panobinostat,1.0789129187440405,0.5741053270057794,0.7463885068979
cd-437,1.1817895196393895,0.5756044584240244,0.7476657552419779
triclabendazole,0.9057922659039734,0.577609192055466,0.7495968617975419
gw-405833,1.0540355742600904,0.5786425171187388,0.7502649841136336
piperacetazine,1.0405959749115687,0.5798835467723167,0.7512009777793575
ebastine,1.0749987470796223,0.5816671445573804,0.7522300383878116
cimetidine,1.1084985334591342,0.5821391373728587,0.7522300383878116
nh125,1.1588704338693157,0.5822374865199371,0.7522300383878116
kynurenic-acid,1.0435752623601122,0.5856191572634541,0.7559241039787851
"l-798,106",0.9549940662344777,0.5878045406228115,0.7580687792167631
vatalanib,0.9372491834602326,0.5934480876078567,0.7646655233914236
maprotiline,1.0640785319711308,0.5958661311017219,0.7670981242919854
trolox,0.9417834808685294,0.5964084147419786,0.7671137565614604
trometamol,1.0581764346912785,0.5983192664862391,0.7682674972187592
gdc-0980,0.9177717464743076,0.5984760900398197,0.7682674972187592
danusertib,0.9183555332078345,0.5988982286542919,0.7682674972187592
gtp-14564,1.064614247644232,0.6020658777474117,0.7713513162471064
sangivamycin,0.8183235968333856,0.6023683395709953,0.7713513162471064
cefpiramide,0.9590537314523359,0.6055713424135669,0.7747672258819022
wz-4002,0.9575408916033864,0.6062323803880292,0.7749277865914118
ouabain,0.8598856340853653,0.6072864844460246,0.7749693311382007
zln005,0.9705120773732128,0.6076193877514138,0.7749693311382007
propoxycaine,0.9480943689079504,0.6078715900773032,0.7749693311382007
butamben,0.9367178965302385,0.6085934260337793,0.774982134659506
evp4593,0.9172934762090028,0.6089527899846983,0.774982134659506
clobetasol-propionate,0.9717692284060847,0.6095384440625503,0.7750458071691655
lidocaine,0.939301758471719,0.6102795410588812,0.7753068445234426
ivermectin,1.0826419477002385,0.6118031446256524,0.7765606581344905
tacrolimus,1.0685401667314056,0.6137757707163156,0.7779560848537561
selumetinib,0.9138957773064259,0.6149306085886568,0.7779560848537561
teroxirone,0.915132495199523,0.6153699840632856,0.7779560848537561
chlorogenic-acid,0.9516777874084912,0.6154871732288378,0.7779560848537561
morin,0.9478328002006648,0.6160796160550395,0.7779560848537561
gsk1838705a,1.0639542241839615,0.6166224358603999,0.7779560848537561
pfk-015,0.8997791242285823,0.6167928340648907,0.7779560848537561
cilostamide,0.9352743910183876,0.6172035835605474,0.7779560848537561
ly2109761,1.0557913052892725,0.6190551400631754,0.7789536156563691
vincamine,0.9465669851641545,0.6200023000471746,0.7789536156563691
mk-0812,0.9465561381472443,0.6200692382238551,0.7789536156563691
tak-901,1.109960046250456,0.6202788826692736,0.7789536156563691
mesna,0.953843145481638,0.6206866059791248,0.7789536156563691
monobenzone,1.0788849735654726,0.6231095216785896,0.7813167052590287
ly303511,0.9599764761064519,0.624059670786072,0.7818072715011908
ethacridine-lactate-monohydrate,1.0631345333389755,0.6249635056065004,0.7818072715011908
rabeprazole,1.068070157891801,0.6264623752980858,0.7818072715011908
phenazone,0.9434230782774038,0.626871811467235,0.7818072715011908
enmd-2076,0.9169647839595108,0.6272632573631678,0.7818072715011908
mtpg,0.9335726367256654,0.6274737742561414,0.7818072715011908
mek162,1.078833180359866,0.6276816082697686,0.7818072715011908
cyclosporine,0.9087672790999908,0.6278231164370308,0.7818072715011908
pf-4981517,0.9494041082922197,0.6286714469728822,0.7821905277469996
sib-1757,1.0613015235343946,0.6295075982492075,0.7825579851087657
kenpaullone,0.9681835656413147,0.6307681960068341,0.7832717563774039
ambazone,1.0524743200955433,0.6312820600253433,0.7832717563774039
cobimetinib,0.9339812994133074,0.6317056943278716,0.7832717563774039
nvp-bvu972,1.047566129861977,0.6324959725014414,0.7833296092630657
chlormidazole,1.0765739014275784,0.6334653982576242,0.7833296092630657
carbachol,1.0765274368374018,0.6338578039659024,0.7833296092630657
pp-1,1.0301768890491063,0.6339177418431583,0.7833296092630657
berberine,1.1024510345604843,0.6367219541048089,0.7861234365099476
nithiamide,1.07383707135894,0.6397420333181193,0.7885303812628286
cid-5458317,1.2099256783726868,0.6404195907424539,0.7885303812628286
aphidicolin,1.0973748855111556,0.6406318268448344,0.7885303812628286
naproxen,1.055853617957715,0.6408512290014419,0.7885303812628286
azd2014,0.9217124262571909,0.6414249150425034,0.7885657196826699
oxyquinoline,0.8876266899743017,0.6442460817444744,0.7905840076011582
tideglusib,0.9447299791852485,0.644645964440109,0.7905840076011582
nilutamide,1.0821463827826976,0.6447056869173232,0.7905840076011582
trequinsin,0.9328989709428906,0.6482674880198116,0.7935008929748595
oxazepam,0.9548034265037633,0.6490690008626989,0.7935008929748595
az-628,1.0437465470889253,0.6494093832791187,0.7935008929748595
jnj-26481585,1.083840400100834,0.6497443512056882,0.7935008929748595
vanoxerine,0.884765140115793,0.6498262323256452,0.7935008929748595
cx-5461,0.9170621534083044,0.6546499055131049,0.7987170432356347
sonidegib,1.1842471935076508,0.65672578236956,0.8005747321724965
prt062070,0.9685538872384594,0.657656178162116,0.8010340823237221
usniacin-(+),1.045586341827717,0.6585636270245525,0.8014647336455235
abt-737,0.946460083002056,0.6600621051187998,0.8026133328629439
enzalutamide,0.9571601090728395,0.662062549501242,0.8043698649272016
pj-34,0.9446381384788592,0.662910556094406,0.8047244753931254
ccg-50014,0.9019075230238457,0.6636824575900936,0.8049218310337999
ar-42,0.9303004507254246,0.6641856712193207,0.8049218310337999
nvp-tae684,0.9305328344429283,0.6672214049148727,0.8074190857379635
triamcinolone,1.0490364448301448,0.6673622851020071,0.8074190857379635
taurine,0.9527494211198014,0.6700781383187367,0.809406508706977
forodesine,0.9216485294658193,0.6701237024401924,0.809406508706977
4e1rcat,0.9623924485814832,0.6718732021265492,0.8105980263958681
chlorquinaldol,0.9492684185140313,0.6722305678472991,0.8105980263958681
av-412,1.1008376082598437,0.6748891890087247,0.8125736218723623
famotidine,0.9642682737017766,0.6749920480238973,0.8125736218723623
jtc-801,0.87644100186492,0.6765291910260685,0.8137470818077482
dexamethasone-acetate,0.9679764931794972,0.6803368619706162,0.8163721188810317
diaveridine,0.9554828024372374,0.6803546365528763,0.8163721188810317
tezacaftor,1.0520071677515752,0.6810565854911776,0.8163721188810317
erteberel,0.9533690383214688,0.6811845390816353,0.8163721188810317
sevoflurane,0.9580670045842735,0.681532494546155,0.8163721188810317
az3146,0.9549193437478545,0.6824923307026055,0.8168456596581226
tiagabine,0.9685808010320798,0.6835943479309652,0.8174822551302738
cytochalasin-b,0.9192411846906772,0.6842043614048936,0.8174822551302738
chir-124,0.9356177233540132,0.6847190692590821,0.8174822551302738
pd-98059,0.9518351811836668,0.6883666875247134,0.8209211001021438
fulvestrant,0.9690357494757649,0.6887525727457813,0.8209211001021438
pd-407824,0.9261661083178074,0.6893014074803765,0.8209211001021438
acy-1215,0.9352733999742328,0.6932830321485821,0.8249840028939132
ri-1,0.9601717520978699,0.6948529647884687,0.8261727527106937
chir-99021,1.0299310448895487,0.6965041591294862,0.8274560905257524
pentostatin,1.0568397678286652,0.6976928871915715,0.8281883574784281
skepinone-l,1.0367794340088907,0.6990364889984566,0.8284519082329201
9-aminoacridine,0.8635061216045766,0.6990599723237011,0.8284519082329201
mitoxantrone,0.9252323067210555,0.7017015512862964,0.8309019187489942
pha-680632,0.8989414399443232,0.7058684926861813,0.8351526646908458
benzyldimethylhexadecylammonium,1.055823314810629,0.7081158123694735,0.8364629722631267
atenolol-(-),0.9690159813712598,0.7081320946940776,0.8364629722631267
ru-58841,0.9627719663183542,0.7089385596299942,0.8367325414230029
sb-590885,1.0346100935848381,0.7108802307250066,0.837867671562336
artesunate,0.9675320719813073,0.7110583971517268,0.837867671562336
cinnarazine,0.9654872634104604,0.7125422955668766,0.8389330363590485
hexylresorcinol,0.9536122584830818,0.7145520651387776,0.840615315655131
azd4547,0.9723715477942767,0.7155514985759102,0.8408295763391955
brequinar,0.8859771636394707,0.7158963635451893,0.8408295763391955
candesartan,0.9632066368780178,0.7186433091067015,0.8433713449127307
deferasirox,0.9615813875333127,0.7209814914942138,0.8445615032750627
az20,0.905007110456322,0.7213684032685443,0.8445615032750627
nu6027,1.0440685668148195,0.7217608881532946,0.8445615032750627
sgi-1776,0.9670377527797595,0.7219921074991379,0.8445615032750627
tu-2100,1.0443136348911806,0.7239907463316846,0.8456152754239076
aminopurvalanol-a,0.9663147575312357,0.724061732031943,0.8456152754239076
pheniramine,0.956057435183457,0.7250244699670748,0.8458750865355765
fg-4592,0.9658963241902252,0.7254533395927094,0.8458750865355765
2'-meccpa,0.9770120208011981,0.7270482950493,0.8470522406894825
bms-707035,0.9753779329416069,0.7303615922596187,0.849328180716578
pfi-1,0.9348713752805953,0.7304707205149411,0.849328180716578
saxagliptin,1.0428129003869753,0.7307626710381062,0.849328180716578
at7867,1.034218299980721,0.7354396897137419,0.853921503351083
arcyriaflavin-a,1.0411057333235245,0.7358950343322739,0.853921503351083
anastrozole,1.0325226346168845,0.7395240945130652,0.8574450038144273
ercalcitriol,1.0362011965824465,0.7414865536419809,0.8583718668191257
bardoxolone,1.0663553524996359,0.7415099056834189,0.8583718668191257
valnemulin,1.0673828540883712,0.7442695312521204,0.8607288947871558
inosine,1.0725381575418895,0.7449370313624661,0.8607288947871558
r406,0.9621283167370779,0.7453305495288916,0.8607288947871558
mericitabine,1.0325813033561777,0.746684577835807,0.8616049315218601
cariporide,0.9724355010302381,0.747876189259054,0.862292307456455
pazopanib,1.0364902237140967,0.7497161142105895,0.8637254914512126
12-o-tetradecanoylphorbol-13-acetate,0.9829712700828377,0.7507579900975326,0.8641584368254317
sb-525334,1.0347913293741335,0.7515676076904093,0.8641584368254317
ipsapirone,1.0538161836722075,0.7518835328011185,0.8641584368254317
bi-78d3,1.113228947415068,0.7532647729528836,0.8650588305260496
wz-3146,1.0613598883321822,0.7556471963779702,0.8671066559547366
parachlorophenol,0.9640236315364784,0.7594031020264325,0.8707260607228589
cabozantinib,1.032422321617712,0.7601260247481093,0.8708648913780793
wp1130,0.8771353052671265,0.7649501723218027,0.8756984963209244
pr-619,0.9284217414054295,0.766945702428886,0.8772888785886152
stattic,0.8849817287132539,0.7683118082523244,0.8781573353405319
pp-2,0.9745561793651386,0.7700010521009095,0.8793934667640222
loxistatin-acid,1.038984216294507,0.773116087880923,0.8816876214948565
sufentanil,1.0377292890221534,0.7732284669502232,0.8816876214948565
dicycloverine,1.0388684025150807,0.775554207795626,0.8836432588033629
lasalocid,0.9069566435072721,0.7767548092259666,0.8843148772226386
thonzonium,0.9192569183810985,0.7794342714503157,0.8866677600539362
zk-93423,1.0349109583014846,0.78194420338302,0.8888242437511625
niclosamide,1.0462821694116755,0.7839823809062726,0.8904415268221165
tenovin-6,0.9346284193856726,0.7852043302823541,0.8911299340537777
homosalate,0.9670419831138406,0.7868886705213024,0.8923416193137339
palmitoylethanolamide,1.0327184111799093,0.7877458469783716,0.892614127312219
cladribine,0.9577610679540349,0.7887430318433488,0.8930447316723988
darifenacin,0.9603945141890607,0.7911214923538028,0.8938866713407434
costunolide,1.023627848401047,0.7912291089656823,0.8938866713407434
pf-3845,1.0211362102312642,0.7913398935642656,0.8938866713407434
lomefloxacin,0.9611080919134495,0.795773977788647,0.8981941855383558
stemregenin-1,1.0240152980947308,0.7966089275479609,0.8982985583212257
leucovorin,0.9750499623277568,0.7971080503693531,0.8982985583212257
atiprimod,1.0613159081013612,0.7995130564359975,0.9003076985703411
nicorandil,0.9711821496760719,0.8002938927294643,0.900381886007763
oxonic-acid,0.9676708395240126,0.8008304215182439,0.900381886007763
u-18666a,1.0262606198419397,0.8014456594181055,0.900381886007763
4-methylgenistein,1.0233163135357233,0.8039970102221146,0.9012620009939867
chlorambucil,1.0377741175183552,0.8055912453580669,0.9012620009939867
d-serine,0.9700744439115172,0.8057578968060088,0.9012620009939867
alogliptin,0.9724642863289733,0.8060895262653861,0.9012620009939867
ly2334737,0.9251435707803997,0.8062636423158481,0.9012620009939867
pilaralisib,1.0308119075545668,0.8064016238288183,0.9012620009939867
salidroside,1.0292917184735746,0.8070826224547816,0.9012620009939867
mubritinib,0.957334528875517,0.8081659366065888,0.9012620009939867
gs-39783,0.9729284826162716,0.8084759249983087,0.9012620009939867
thiamine,0.9708390300299578,0.8096229756912465,0.9012620009939867
delanzomib,1.0799646978201305,0.8102723379307589,0.9012620009939867
e7449,0.9752830123354909,0.8102924261494338,0.9012620009939867
icg-001,0.9655102714033748,0.8103260976455955,0.9012620009939867
4-pyrimidinecarbonitrile,1.0264124132536112,0.8138369683881728,0.9038225093101818
practolol,0.9576473293953325,0.8138774911065425,0.9038225093101818
bendamustine,1.034217958801528,0.8145349660344325,0.9038589692115214
tg100-115,1.033874516639306,0.8154947214347064,0.9040736697215943
epinephrine,1.025826910606294,0.8159780322435398,0.9040736697215943
r306465,1.0628264939649217,0.8183294629357204,0.9056011013785374
pf-573228,1.0241020222271415,0.8186083210802537,0.9056011013785374
erythritol,1.0270607420414497,0.8202576376545619,0.9067324688205891
nsc-23766,1.0357010390088466,0.821812983029113,0.9077583102619287
tyrphostin-ag-99,1.0510874233972372,0.8233462835918343,0.9087507282498506
foscarnet,0.9817312945364984,0.8244877568837955,0.9087507282498506
metoxibutropate,0.9775558526751814,0.8251842869759756,0.9087507282498506
vismodegib,1.0944468008448296,0.8252235362268858,0.9087507282498506
iodipamide,0.9672785476729577,0.8269619831686684,0.9099726156996679
ly2801653,1.0546672787117217,0.831300210930397,0.9140512197692131
frentizole,1.0259308256568005,0.8323756676815781,0.9145387935726983
3-amino-benzamide,0.9679034058560567,0.8331851851797527,0.9147336592982566
onx-0914,1.073820736495975,0.835302087097979,0.9163624867557055
ziprasidone,0.9826516818606464,0.836062614340189,0.9165019719320102
gambogic-acid,0.9284466685041806,0.8369344303719445,0.916711850944655
protirelin,1.027619165310977,0.8375211243599405,0.916711850944655
y-27632,0.9695356516169503,0.8390209885922083,0.9170486434628153
guanidine,0.9733150697272368,0.8390963399756514,0.9170486434628153
azomycin-(2-nitroimidazole),0.9755220345135331,0.841128747402732,0.9177941240178099
pf-04136309,0.977813098020862,0.8411941696116491,0.9177941240178099
darapladib,1.051083022575785,0.8418597517528468,0.9177941240178099
nilotinib,0.9757328849521014,0.8424228789397145,0.9177941240178099
adefovir-dipivoxil,1.038753120683121,0.8429498208843603,0.9177941240178099
proscillaridin-a,0.930235462594731,0.8446520871086634,0.9184878816515001
mibampator,1.0379969819984938,0.8448565103511725,0.9184878816515001
unc0631,0.9448571758340358,0.8483071503366761,0.9215468817846624
zolmitriptan,0.9795170289734362,0.8494396051856847,0.9218879266716073
mercaptopurine,1.0161893722587911,0.8507563271381074,0.9218879266716073
phenylmercuric-acetate,0.9341049639342418,0.850793593434398,0.9218879266716073
sarafloxacin,1.0237732071682661,0.8511695024417881,0.9218879266716073
nimorazole,1.0341557827036623,0.8531495197777998,0.9226710249763618
clebopride,1.021543927415265,0.8536264243647564,0.9226710249763618
dacinostat,0.9526751746745494,0.8538054612600887,0.9226710249763618
crystal-violet,1.0220741745053579,0.8552200073860768,0.9235099631997411
tg-100713,1.0303128990666088,0.8583126354839674,0.9261583769912758
ve-821,0.9811422100936268,0.8604110712028974,0.9277308644043163
trifluridine,1.0341614969449386,0.8627357910228822,0.9295448172822863
resiquimod,0.9423521320238883,0.8644288997376366,0.9306760550002678
carvedilol,1.0198716511988528,0.8669506204680119,0.9326970615741362
temozolomide,1.024292809592988,0.8678133235816128,0.9329315596007383
altretamine,1.019300629557707,0.8698480098307526,0.9339151216119944
azalomycin-b,0.9480597133084754,0.8701812260586917,0.9339151216119944
oxcarbazepine,1.0155547767552178,0.8706644775774571,0.9339151216119944
estradiol-benzoate,1.0193975738769785,0.8726482272091396,0.9349529664990307
epiandrosterone,0.9829881720193344,0.8729242969870009,0.9349529664990307
calcitriol,1.0216443722308675,0.874620442361145,0.9360767604264623
bms-986020,1.0117651974125366,0.876220047915638,0.9366179009673664
dihydroergocristine,1.0215209624673878,0.876420620532007,0.9366179009673664
telatinib,0.9836859410273774,0.8783414493979417,0.9379779168109385
ici-162846,0.9884728991083864,0.87935240470491,0.9383649923362868
epinastine,1.0157163612770852,0.880226551670502,0.9386056155248462
mg-132,0.9400722247969052,0.8817311587426111,0.9395176632551975
sr-57227a,0.9851771695240826,0.8826522511397092,0.9397526286158799
valrubicin,0.9677562424141452,0.8832505700881802,0.9397526286158799
azd2858,1.0218233395496676,0.8847664094251327,0.9400352345616985
telotristat-ethyl,0.986522156003753,0.8861746995258367,0.9400352345616985
bifemelane,1.0186044871946192,0.886556347836988,0.9400352345616985
fluticasone-propionate,1.0146636759470158,0.8869257660806483,0.9400352345616985
pd-173074,1.0121397249843866,0.8876540418148137,0.9400352345616985
pci-24781,0.9559383511948475,0.8877641318722064,0.9400352345616985
ots167,0.9615750492887329,0.8880636942956751,0.9400352345616985
golvatinib,1.0298599036790097,0.8909456623152002,0.9423964717617652
ly2784544,0.9843717583346154,0.8930686930710603,0.9439520809889147
benfotiamine,0.9879776949302803,0.8949337866086442,0.9445186826558787
"cp-945,598",1.018976365934084,0.8949537728024597,0.9445186826558787
xbd173,1.0139041628935939,0.8955629803758572,0.9445186826558787
puromycin,0.9638619953406264,0.8966850881981645,0.945013344954657
tanshinone-i,1.0198444268648568,0.8973494139391573,0.9450251833842509
digitoxigenin,1.0314747613338424,0.899546983839872,0.9458949302912181
creatine,1.0118344915208026,0.8999816602916748,0.9458949302912181
pterostilbene,1.0189227691909215,0.9001363642094038,0.9458949302912181
ecamsule-triethanolamine,1.0126344781906014,0.9013303343150254,0.9461643223442906
lappaconite,1.0352886453928405,0.9020233694394544,0.9461643223442906
p5091,0.9800528290083306,0.9023543640878515,0.9461643223442906
carboplatin,0.9897323343961704,0.9062091759355627,0.9488407431102958
cct129202,1.0182473632498177,0.9064999803865438,0.9488407431102958
abiraterone-acetate,1.0159986450552831,0.90687404818351,0.9488407431102958
tmc-353121,1.0199197001947367,0.9082886616529917,0.9496341715403751
nms-1286937,1.040708757775575,0.9114356711912747,0.9522364015983931
jnj-7706621,0.9766895835020785,0.9149423934546553,0.9542960837776766
amisulpride,0.9830360385099184,0.9152258467742075,0.9542960837776766
norgestrel,0.9909979876870105,0.915385600748732,0.9542960837776766
ly2183240,1.012553163426712,0.9163106492502617,0.954572720997213
tazemetostat,0.9872905189828466,0.918813264592717,0.9564912186083896
gefitinib,0.9880635031718643,0.9209823801697488,0.9580600317078551
chlorhexidine,0.9799952257645775,0.9219747998227424,0.958403401827233
iem1754,1.0152672622557657,0.9238161910133024,0.9595262580250103
dichloroacetate,0.9805871643888291,0.9243812050358426,0.9595262580250103
u-0126,1.0109823996697294,0.9258942837445182,0.9601397971345792
foretinib,0.9774723159745956,0.9262993481685365,0.9601397971345792
crizotinib,0.9845425428249742,0.9277380236979039,0.9603703137390405
methyldopa,0.9844201334817306,0.9278491351811877,0.9603703137390405
ubenimex,1.011464741418423,0.9302562219642072,0.961829479296925
oxibendazole,1.0214927379225232,0.930588300632823,0.961829479296925
brefeldin-a,1.0334329720859883,0.9334286374203512,0.9640765441450736
ginkgolide-a,1.0091651370097334,0.9373052776864979,0.966648338356895
pranidipine,1.0059721234865031,0.9378131938947051,0.966648338356895
cgp-37849,1.0096921746387597,0.9379227830359922,0.966648338356895
sb-218078,0.9901802266449018,0.9421747306130921,0.9690090132401648
danazol,0.990569573739894,0.9423238097838577,0.9690090132401648
am-251,1.0103036324007155,0.9433939331966347,0.9690090132401648
ryuvidine,0.9696544857620002,0.943483242621553,0.9690090132401648
midostaurin,0.9797799140162626,0.9435616445441548,0.9690090132401648
thiocolchicoside,1.007732576982521,0.9482690294857811,0.9727578491597209
prednisolone,0.9957048065912556,0.9485565481439988,0.9727578491597209
bumetanide,1.0066118598095286,0.9530185083434657,0.9766414883661437
midodrine,1.0064583171658754,0.9550652017314066,0.9780462469252268
omeprazole,1.0077192171715421,0.9569013242390692,0.9792335333620461
clofoctol,0.9913209355257516,0.9585159096662558,0.9801925945491676
amsacrine,0.9907559929604524,0.961890379073139,0.9824950379699959
k-858,0.9906795987997503,0.9626236316424398,0.9824950379699959
navitoclax,1.006810134040088,0.9628043979553933,0.9824950379699959
amg458,0.9961122317627357,0.9655769986748947,0.9842956492951929
baicalin,0.9944032203919071,0.9664693239379281,0.9842956492951929
cyproheptadine,1.0061992953726158,0.9666096182781402,0.9842956492951929
tasisulam,0.9846471202368525,0.967396124935232,0.9843762358128858
filanesib,0.995301612754273,0.9680493321090093,0.9843762358128858
1-phenylbiguanide,0.9961102836637474,0.9704718988012853,0.9861466555937217
chlorindanol,0.9955166305378816,0.971744034713041,0.9867463987577336
nitarsone,0.9956320953067173,0.973117409350634,0.9874480303859519
s-methylcysteine,1.0039201249949121,0.9763670885700213,0.9890751376294408
azd3463,1.0065232687984764,0.9767355154564787,0.9890751376294408
sb-657510,0.9976302382523947,0.9767715077211271,0.9890751376294408
mln-8054,1.0045453889099332,0.9779732471732715,0.9895995025592473
regorafenib,0.9963987999919862,0.979676446108096,0.9906302009213241
g-1,0.9982761050669496,0.983621189177575,0.9939244837569492
enoximone,1.0047613053306763,0.9844172689792223,0.9940347440425223
cyclosporin-a,1.0019320607502176,0.9866005280324656,0.9952151496749319
batimastat,1.0035342031339443,0.9869618104931079,0.9952151496749319
fexinidazole,0.9993313661716667,0.994113445572117,0.9997102780536746
uh-232-(+),0.9992772381395953,0.9946036237721563,0.9997102780536746
tyrphostin-ag-1478,1.0009549490153713,0.9954611527313492,0.9997102780536746
7-nitroindazole,1.0005567724156603,0.9959699233337629,0.9997102780536746
sr-33805,0.9993201211511374,0.9972801585859553,0.9997102780536746
k-strophanthidin,0.9993425541385036,0.9974099233934627,0.9997102780536746
halofuginone,1.0008283036555707,0.9978859221037856,0.9997102780536746
fr-122047,0.9997747366206506,0.9982234732393044,0.9997102780536746
resminostat,1.0001459538159374,0.9987737410919604,0.9997102780536746
doxycycline,0.9999277041183166,0.9995293325155066,0.9997102780536746
canrenone,0.9999587875118704,0.9997057663917794,0.9997102780536746
fli-06,0.9999521393210324,0.9997102780536746,0.9997102780536746
