drug,HR,pvalue,padj
pardoprunox,0.1034732687168706,1.8997861970575536e-19,2.74899062714228e-16
litronesib,0.2854599891598577,4.583901737532462e-15,3.316452907104736e-12
tyrphostin-ag-1296,0.11900071992437103,2.065019787068195e-14,9.960278772958928e-12
vinblastine,0.18880540081613942,1.2872349451996616e-13,4.656572414259776e-11
uprosertib,0.06892733869658423,3.198276677552922e-13,9.255812704838156e-11
brivaracetam,0.15978840894555404,4.22392036199109e-13,1.0186687939668512e-10
bnc105,0.23505631847045896,1.9738926450695093e-12,3.84223390382813e-10
fr-139317,0.19513506618726192,2.1242481845628914e-12,3.84223390382813e-10
securinine,0.3176765038038548,3.0443347402893957e-12,4.894613743554172e-10
dolastatin-10,0.14509194714314566,3.9107327716187246e-12,5.626578981360238e-10
vinflunine,0.1772179300718214,4.519923597905335e-12,5.626578981360238e-10
verubulin,0.18529032783626548,4.666133225730674e-12,5.626578981360238e-10
ispinesib,0.4197532079330419,5.746177578445593e-12,5.96419421175152e-10
mexeneone,0.22028574676943005,5.770471248411975e-12,5.96419421175152e-10
4-(4-fluorobenzoyl)-1-(4-phenylbutyl)-piperidine,0.3837742956507827,9.643017955841295e-12,9.302297988068236e-10
daunorubicin,0.2822047302731892,1.2592201516284073e-11,1.138807224628941e-09
epz-5676,0.3183789294896696,2.7726752661519755e-11,2.360035947130535e-09
selinexor,0.0628784041181605,3.322631386969286e-11,2.6710264538580867e-09
indibulin,0.08841197918897774,3.5494088696966254e-11,2.7031550707636934e-09
latrepirdine,4.119481528579304,4.2745621879488516e-11,2.998980467500222e-09
zolantidine,2.6791250899571364,4.3523558961648005e-11,2.998980467500222e-09
emetine,0.029275443549957633,6.273240241950417e-11,4.005835130785519e-09
isometheptene-mucate,2.811918958283226,6.367256945961779e-11,4.005835130785519e-09
bms-265246,0.33822909873944607,1.5074887852147361e-10,9.088901134190512e-09
combretastatin-a-4,0.44554102798225104,1.5814874583077653e-10,9.153649408685346e-09
bosutinib,0.3802954096850601,1.686766342807007e-10,9.38750345400669e-09
vincristine,0.4896605862974507,2.423205365864993e-10,1.2986585794098684e-08
sirolimus,0.2965716844711958,2.6897607257264297e-10,1.3900299179021942e-08
clobutinol,2.3087766843023325,3.265711756309004e-10,1.629477555647975e-08
ly2606368,0.23764625527427416,3.4577432569980883e-10,1.6677848309587445e-08
tivozanib,0.09165373169649763,6.330221553255196e-10,2.924731468147241e-08
pki-179,0.06362680647965195,6.467961781666325e-10,2.924731468147241e-08
adapalene,0.13525231323569567,7.132995296266905e-10,3.127710361726731e-08
2-methoxyestradiol,0.06758412259870542,7.554107607027261e-10,3.214939325696602e-08
demecarium,0.3479487547270243,9.232780464263883e-10,3.81709523765424e-08
cpp,3.5705670600581816,1.0216151307590299e-09,4.106325261689767e-08
cediranib,0.17150797542433482,1.076846743308746e-09,4.211343885318258e-08
temazepam,4.213664901394701,1.2519426278101657e-09,4.767265743266605e-08
azd6482,0.10147772537439881,1.713164383040683e-09,6.230074408661953e-08
rigosertib,0.34012644964136113,1.7222043976950803e-09,6.230074408661953e-08
golgicide-a,5.714625112806587,1.9794880641562163e-09,6.98614446057084e-08
broxyquinoline,0.19237170733897585,2.6776962898277696e-09,9.225301265192338e-08
vinorelbine,0.17018773242011587,3.1108250018260216e-09,1.0468287854981985e-07
digoxin,0.03186564302437387,3.1858673878205127e-09,1.047715934130973e-07
ly2603618,0.09439688514531903,3.827321888646789e-09,1.2306966161937565e-07
decitabine,0.3036238060033971,4.10280631028335e-09,1.290600158908697e-07
sb-239063,0.19931981910879612,4.315547269135127e-09,1.3286376379656443e-07
er-27319,0.008717338899967592,4.552671880998234e-09,1.3724408774592594e-07
parbendazole,0.18626746997945187,5.395595525896729e-09,1.593352393055626e-07
fenaclon,4.252793297114492,5.66601380573335e-09,1.6397443953792314e-07
terfenadine,0.3846820851867096,5.910618149028783e-09,1.6769930316950293e-07
rutin,0.3911965022590078,6.348560816123835e-09,1.7519212549153497e-07
fudosteine,3.622829024630034,6.416850484486077e-09,1.7519212549153497e-07
bms-387032,0.05540755374389559,7.417251364385257e-09,1.987548652641753e-07
podophyllotoxin,0.1781467505469912,9.675356890430148e-09,2.545498440082259e-07
yo-01027,2.519278188100739,1.1255086215643382e-08,2.908233884649281e-07
vindesine,0.299159941808064,1.3808511972139094e-08,3.5054240041553106e-07
topotecan,0.3189744555930839,1.441401044918595e-08,3.596047089650357e-07
ve-822,0.23441756329465355,1.568556915426362e-08,3.84695229935923e-07
pf-03758309,0.350165324598902,1.6622513889696646e-08,4.008796266398508e-07
tagatose,0.2816255121130588,1.7757528734119678e-08,4.185954583898928e-07
cnx-2006,3.3833747510863232,1.7935672716083864e-08,4.185954583898928e-07
tacalcitol,2.5227783420009686,1.937682429938077e-08,4.4314624469382976e-07
astemizole,0.4231633047587448,1.9600110338911612e-08,4.4314624469382976e-07
cibenzoline,0.12213312540214191,2.012346154973368e-08,4.4797921326868666e-07
kx2-391,0.25556313929860325,2.2136671509095335e-08,4.853297526312265e-07
temsirolimus,0.2637517858471373,2.6349616326220083e-08,5.690730570752308e-07
taltobulin,0.21556197557309378,2.684533293674097e-08,5.712528935215321e-07
homoharringtonine,0.30158390461000883,2.834092480809978e-08,5.943379448887012e-07
gdc-0068,0.21325017155237008,3.3012404481606835e-08,6.824135612126441e-07
volasertib,0.41764073164828946,3.369685265224327e-08,6.867513491238874e-07
etomoxir,0.3116771296227303,3.444971717286353e-08,6.923436215157434e-07
nvp-tae226,8.413361965449234,3.5339018976857855e-08,7.004871295823742e-07
elesclomol,0.32703377247710463,3.7676402159593576e-08,7.367264043909716e-07
paliperidone,0.4396975964874353,4.226103703754736e-08,8.15356274577747e-07
tg-101209,0.2590533619825938,4.973614582428664e-08,9.469500395755627e-07
primaquine,0.3923943782662814,5.662431712731188e-08,1.0640959335483156e-06
sn-38,0.3135622068748676,5.898343139078575e-08,1.09421827208291e-06
pp242,0.10015684173968739,6.326051058918803e-08,1.1587083395260137e-06
cabazitaxel,0.3034283936056771,6.466463929790636e-08,1.1632320379215748e-06
dichlorisone-acetate,0.504362639217115,6.511526957266591e-08,1.1632320379215748e-06
carboxypyridine-disulfide,0.2479847149954683,7.295618130257292e-08,1.2784855587631145e-06
desoxycortone,0.5331831435492668,7.333400233402799e-08,1.2784855587631145e-06
ag-14361,0.318250172966463,8.22769784238885e-08,1.4173189021353172e-06
erlotinib,4.283536997642289,8.95607364014286e-08,1.5246398302690258e-06
tg-02,0.0780889579849524,9.348340189695605e-08,1.572912587731342e-06
nizofenone,2.7992260963039164,9.707364289370574e-08,1.6145466812320944e-06
everolimus,0.47880372072559113,9.850430981440075e-08,1.6197242761527032e-06
wp1066,54.443809354498164,1.0287416141573448e-07,1.6725720400962673e-06
emd-53998,0.4247506191463621,1.0625336303775187e-07,1.7083179590625219e-06
gsk923295,0.2849485519393611,1.2904561771074107e-07,2.0519671299718937e-06
methocarbamol,2.97625915757999,1.3735502440684232e-07,2.1603556556163133e-06
etoposide-phosphate,0.259888933787828,1.4961009679967256e-07,2.327804409345443e-06
rimexolone,0.557732448150206,1.5203159609488798e-07,2.340316165418116e-06
ski-ii,0.22311083972834705,1.633377543291456e-07,2.4878919001502494e-06
brigatinib,3.6261540032575788,1.7005862672486477e-07,2.5632795090716596e-06
tetrahydropapaverine,0.4251631723618947,1.885136715488534e-07,2.812157553929803e-06
gw-842166,0.44524882641042285,2.0322242514513645e-07,3.0006413182144127e-06
ciclopirox,0.37155171667202636,2.0905674964629094e-07,3.0458925712931574e-06
tg-101348,0.16265271195477393,2.104970678156985e-07,3.0458925712931574e-06
tanespimycin,0.3625419305462025,2.1927413071674655e-07,3.1414818529419033e-06
merimepodib,0.2336592018201668,2.435492293867873e-07,3.4550562247321687e-06
bi-d1870,0.45824274758136657,2.670928948293663e-07,3.7522662021174077e-06
oxiperomide,0.2775642999167994,2.723340149825686e-07,3.7891088430747768e-06
maytansinol-isobutyrate,0.3589282180622111,2.776557594444275e-07,3.826360799200825e-06
levobunolol,0.3543474879763806,2.8887961987643793e-07,3.943479339256657e-06
kw-2478,0.25042203244349065,2.9368339296747806e-07,3.971587566578885e-06
dienogest,0.40941068083177684,3.2411973843753e-07,4.342604273325055e-06
talazoparib,0.40484767577118985,3.682804218325734e-07,4.889007067814071e-06
bis(maltolato)oxovanadium(iv),0.318198157170295,3.7726166863645684e-07,4.962705768335937e-06
phenylbutazone,0.4514564015367621,4.442544808127984e-07,5.79131742104612e-06
vu0361737,0.5169327083650741,4.951454855151479e-07,6.397102835182313e-06
rubitecan,0.3880082120160868,5.765575057507542e-07,7.3474084059493215e-06
crenolanib,0.10658019891374823,5.788559490519852e-07,7.3474084059493215e-06
tipranavir,0.33884139335456687,6.117014229745261e-07,7.696179979001834e-06
lanatoside-c,0.11234567107957405,6.169708898163185e-07,7.696179979001834e-06
azd2461,0.5732676663720679,6.292096418891476e-07,7.781763690714502e-06
beta-naphthol,2.4208616609550293,6.44834619256664e-07,7.907421136138922e-06
pf-04217903,2.3099783768547746,6.962661136280832e-07,8.4663619026877e-06
bix-01294,0.03298751156576813,8.233319129177336e-07,9.928010649933005e-06
cp-724714,14.596851873532756,8.306048406078965e-07,9.932935573220052e-06
lurasidone,0.4183031841427018,9.209062040576574e-07,1.0922551453044512e-05
avn-944,0.2065305565148152,9.719475216713933e-07,1.1434211901288667e-05
sclareol,0.4552976965664593,1.027505762318029e-06,1.1990329339307967e-05
azd5438,0.03606093131105899,1.1247835299296924e-06,1.2984343987133008e-05
harringtonine,0.15893266343184473,1.1306339615609944e-06,1.2984343987133008e-05
osimertinib,6.383312748744484,1.1745636030190298e-06,1.338262624857115e-05
azd7762,0.17199890550778033,1.3261149528202893e-06,1.4991315130710614e-05
ku-0063794,0.21361808987848413,1.354660026634667e-06,1.5195295027444675e-05
ikk-2-inhibitor-v,0.19352023866529347,1.4393492023688082e-06,1.6021063814058965e-05
cct128930,0.41145798698735586,1.4804561804913561e-06,1.6352825138709867e-05
saracatinib,5.499586063505141,1.5292930572876977e-06,1.6764295862843174e-05
ggti-298,0.4344774727813454,1.5565397377405993e-06,1.693468421436577e-05
genipin,0.2318035388192261,2.023918842740748e-06,2.1855302727207925e-05
s26948,1.8922913223305555,2.0473212246202714e-06,2.194425045944839e-05
trovafloxacin,0.4344343933434403,2.198682429157434e-06,2.3393334374932407e-05
pf-05212384,0.08251209114218598,2.2935361190450816e-06,2.4224428936191484e-05
roquinimex,0.2982544402259368,2.3660705952413454e-06,2.4809450371842226e-05
doxorubicin,0.14658423260468492,2.403567940086445e-06,2.5021315174856736e-05
tak-715,0.40174229874398426,2.8440031467129828e-06,2.9394803952097755e-05
way-600,0.17448620691767838,2.8971810966112613e-06,2.973206416167727e-05
ixabepilone,0.13593738350608658,3.2632960770039305e-06,3.325344664383582e-05
mebendazole,0.11819928657913788,3.308873609512438e-06,3.3482098692059424e-05
oxiracetam,0.26806343745219174,3.4374070418508793e-06,3.454116659415432e-05
pralatrexate,0.3392254214480438,3.8321758533863655e-06,3.824247213689704e-05
pelitinib,3.419099570527163,3.9872980203244305e-06,3.951794681787295e-05
evodiamine,0.24770123238913913,4.093352075681056e-06,4.029306430959516e-05
trametinib,1.9970703140462076,4.84421964562622e-06,4.7362066400142835e-05
naloxone,0.6028650997805844,4.932903343721347e-06,4.7905443881642884e-05
d-7193,0.43419925827094785,5.148458806751788e-06,4.9665465955798915e-05
pf-477736,0.35834755274357794,5.406334126120932e-06,5.180771841388734e-05
epirubicin,0.15226994989521944,5.943944859241972e-06,5.658479086396799e-05
ac-264613,0.3906112799846821,6.082424324606283e-06,5.7524627435982293e-05
efonidipine-monoethanolate,0.3428625071569641,7.23132549373751e-06,6.794628564570245e-05
difluprednate,0.5067745405114543,7.291183921719675e-06,6.806672990147335e-05
sb-366791,2.619071781710133,7.533997278758529e-06,6.988265424592045e-05
fenbendazole,0.3921778357401796,7.759095825606833e-06,7.151217617613433e-05
gsk1292263,0.37086315757649274,8.72681003049823e-06,7.970530556156354e-05
gossypol,0.01806066641405192,8.758219477739187e-06,7.970530556156354e-05
piretanide,0.4654982350025672,9.168094528791634e-06,8.291395489475933e-05
entinostat,3.2782212103650146,9.329108908099361e-06,8.361619612191335e-05
letrozole,0.4716018783093791,9.397207154855586e-06,8.361619612191335e-05
pi-828,0.34911267133687146,9.419101567292243e-06,8.361619612191335e-05
iododexetimide,0.45794363792851606,9.684556618378004e-06,8.544849650483518e-05
penfluridol,0.10524183826685045,1.1106010991574233e-05,9.739635093822978e-05
cefditoren-pivoxil,2.7970302703197456,1.1270562729897442e-05,9.82440016274795e-05
pu-h71,0.07419460203431033,1.1430402217339171e-05,9.904067070951965e-05
obatoclax,0.3489841424580746,1.2608632238943889e-05,0.0001085993502961417
baicalein,2.1071721788293516,1.2991231847931356e-05,0.00011123261824826435
bw-180c,2.359398146928592,1.3970034788619597e-05,0.00011890964905372092
at13387,0.3387432539764971,1.4223037010556272e-05,0.00012035517283201713
dapivirine,0.3022474145736554,1.4764121531394031e-05,0.0001242074642786463
jk-184,0.23228002301027434,1.4983824659450628e-05,0.0001253271345793356
streptozotocin,0.5899355527291467,1.5268206498861203e-05,0.00012697180921754115
albendazole,0.40382051801580005,1.5481798494629375e-05,0.0001280123566955926
gdc-0349,0.17032481997477653,1.605023441279099e-05,0.00013195846133698047
5-hydroxymethyl-tolterodine,0.3678318521659171,1.6787910877207476e-05,0.00013724354259502382
tacedinaline,14.22763762444384,1.7015146729185794e-05,0.00013831976020860587
lovastatin,0.4795422998464175,1.740054245579753e-05,0.0001406624856622292
lacitol,0.5733359040833761,1.817451399276687e-05,0.00014610289859740924
rita,0.5846148784615572,1.9159890410093995e-05,0.00015317326753262988
plinabulin,0.20013726543437618,1.93188046546148e-05,0.00015359511173201987
zardaverine,0.2422327019487872,2.109561993623012e-05,0.00016680525709139335
mycophenolate-mofetil,0.40379912991754774,2.140181677733582e-05,0.00016830667867828765
pyritinol,2.04937360498414,2.231592292898232e-05,0.00017454670528776982
nsc-663284,0.23683300927550116,2.348205142525228e-05,0.00018044006724862185
mk-5108,0.25220138831850986,2.3532999324577825e-05,0.00018044006724862185
piperine,0.3817364714537467,2.3558914017163507e-05,0.00018044006724862185
eprobemide,0.6007967937671376,2.356819123012407e-05,0.00018044006724862185
niraparib,0.23807188159051257,2.4588816893974224e-05,0.00018726325287147738
mk-8745,0.29326681748712063,2.497981289642525e-05,0.00018924496995354628
indirubin,7.665022293012161,2.5919920865974132e-05,0.00019499104644775617
doxifluridine,0.3370060231477708,2.6007789885568032e-05,0.00019499104644775617
norfloxacin,0.4794759602281757,2.6410099804407187e-05,0.0001969866722524598
gamma-aminobutyric-acid,1.8445543513071854,2.764804588163049e-05,0.00020516267892676574
trapidil,0.44762896243296624,2.8622868260797723e-05,0.0002113127059866036
clofibrate,0.47055389324836927,2.938420758350561e-05,0.00021583222524534324
pyroxamide,0.35299684370978185,3.1724951048712144e-05,0.00023184850589639633
bvd-523,2.1988747913862983,3.189633175972017e-05,0.00023192960832319135
ibutilide,0.4732347634166334,3.3449595089044764e-05,0.00024200782046923888
bms-690514,2.8803471466494317,3.3637192725846265e-05,0.0002421543177825848
mesoridazine,0.4654211259617283,3.499814037197833e-05,0.0002507045005854091
raf265,0.42013396291265215,3.543910669478873e-05,0.00025166159167356537
nocodazole,0.23751285837875236,3.5479588598070034e-05,0.00025166159167356537
nvp-bhg712,0.4895492727874537,3.761942289070465e-05,0.00026553807279438847
betamethasone-dipropionate,0.5874114593432002,3.8647911440424264e-05,0.00027147343618589274
xl888,0.1802795883990089,3.952490389816005e-05,0.00027629244415766955
abt-751,0.2477251935589535,4.0215555920738995e-05,0.0002797687952755256
levonorgestrel,2.4266378278055427,4.101588788084711e-05,0.0002839712428879702
pirenperone,0.20624081962504368,4.270835492637841e-05,0.000294280902754617
lestaurtinib,3.183919527418261,4.298143980319318e-05,0.00029475897343706414
gdc-0879,1.433277803726893,4.4143534961560944e-05,0.0003013004485348051
brilliant-green,0.1360058555083277,4.4916513371789904e-05,0.0003051370650186854
tivantinib,0.28586635569349506,4.54220273415344e-05,0.0003071293157158891
gw-843682x,0.27236304318926957,4.595617344331462e-05,0.0003092957347557035
mln0128,0.3921265449803332,4.635133041181063e-05,0.0003105109958606018
dasatinib,1.9447890219694912,4.8576120628581e-05,0.0003239154218873581
bibx-1382,0.5003634602031305,5.311681731369644e-05,0.0003525689662977925
kpt-185,0.25502369408694087,5.396528191890208e-05,0.0003565557051752236
chicago-sky-blue-6b,2.1105430426201743,5.42102661634756e-05,0.0003565557051752236
way-170523,0.5046896212676147,5.642500062520687e-05,0.00036944332988540426
lenvatinib,0.17604788435190244,5.7347173471967387e-05,0.0003737899099726883
tozasertib,0.36600085539611243,5.762127645836328e-05,0.00037389231854372944
tame,0.5494949817584608,5.845607102764011e-05,0.00037761578025444307
tedizolid,0.3521327908258462,5.991945227661052e-05,0.0003853486553078019
idazoxan,2.544572469108809,6.577696532095307e-05,0.00042037587094028345
sb-2343,0.13915225085122135,6.594700947024488e-05,0.00042037587094028345
halcinonide,0.7040355813900423,6.859596212915119e-05,0.000435343671933692
pf-04457845,0.3632319398889569,6.99391200566927e-05,0.00044192972367700583
hypoestoxide,0.3464436694697893,7.334726340827348e-05,0.0004614499571816162
nsc-319726,0.413070138853465,7.462418044322523e-05,0.00046745103507076587
estradiol,2.081809938936353,7.495360690111626e-05,0.00046749081545653117
ki-16425,0.41096362197254793,7.88358921669588e-05,0.000489594574959611
nan-190,2.0412860918204823,7.953092105045266e-05,0.0004918001827350641
biib021,0.3404986276174292,8.275240909438445e-05,0.0005095435572747843
methotrexate,0.34194144778465896,8.696122576843944e-05,0.0005331902274869994
imiquimod,28.77494456423242,8.934316145682586e-05,0.0005454833528608735
disulfiram,0.1548291165824464,9.046746165562852e-05,0.0005500269622508171
apatinib,0.46941200152051044,9.221982546175168e-05,0.0005583350939044129
ppt,0.49229328298505415,9.974590595132497e-05,0.0006013846912981968
acetazolamide,2.005497100085866,0.00010223115892274088,0.0006138111492166227
mrs-1220,0.4200500261496833,0.00010829451068625407,0.0006475295742273125
acetylsalicylsalicylic-acid,0.4724836747989124,0.00010908390102313939,0.0006495654517715338
chlorpyrifos,1.9141589052004604,0.0001108822329749819,0.0006575679963721264
rociletinib,8.26247322522956,0.00011310418110489457,0.000667032416426562
diphemanil,0.4939737222908982,0.00011340012055351366,0.000667032416426562
thiomersal,0.16865859029376074,0.0001150796263960826,0.0006741709287252288
poziotinib,1.90312742966718,0.00011680972431372677,0.0006815470608143655
atenolol-(+/-),0.41459826904578895,0.0001201406217946864,0.0006981665852888001
cyclophosphamide,0.44706936750426274,0.00012246313426764755,0.0007088166211411441
cyclovalone,8.25006684174115,0.0001310983754665444,0.0007557743000003575
torasemide,0.5294668975312251,0.00013543049482348275,0.000777650500038014
acetylcysteine,2.183719582762234,0.00013697123646999533,0.0007833888504825426
prednisolone-acetate,0.6470875010213487,0.00014315724317205997,0.0008155453971258692
sb-505124,0.4234016837223897,0.00014791848547164805,0.000839364895990097
dioscin,0.29495174611070824,0.00014918261016785963,0.0008432313941909879
ly3023414,0.16503008632160807,0.00015599146076655465,0.000877328399000721
nadifloxacin,0.6030744767897257,0.00015642759291097859,0.000877328399000721
tosedostat,0.38747908599013303,0.00015778229665793037,0.0008815095878919894
cyproterone-acetate,0.3333741242527278,0.00016016280691424204,0.0008913676215573393
bexarotene,0.20088445852732661,0.00016383599145648015,0.0009083167802204092
bgt226,0.17397841689604784,0.00017359883759711297,0.0009587691526832918
narasin,0.3825007855376196,0.00018298848980319112,0.0010067845807802949
tas-103,0.28924387223349823,0.00018860489655842558,0.001033754868636522
pp-121,0.16176113412662782,0.00019236742637417429,0.0010503987394846423
capecitabine,0.14360296695516864,0.00019339015688553737,0.001052013372230724
bekanamycin,0.5736663685431954,0.00019465614157610948,0.0010549342204517994
ly2608204,3.1358611440700424,0.00019666781479760656,0.0010618594328811071
ccmi,0.5365354449420198,0.00019803967149877486,0.001065291467132815
nvp-auy922,0.40886093999881096,0.00020378376501617307,0.0010921300295496387
lb42708,0.2555248945249001,0.00021110538938390176,0.0011271937211752984
paclitaxel,0.47458994005938926,0.0002146255839745597,0.0011417765441587792
acdpp,0.5615671866592621,0.00023243224148894071,0.0012314941755898127
prednisolone-hemisuccinate,0.7453236992442577,0.0002331924009064331,0.0012314941755898127
acetophenazine,0.451803994789623,0.00024279710489300826,0.0012753326326501828
azodicarbonamide,0.47202561448791813,0.0002442805734562774,0.0012753326326501828
toremifene,0.3842818878487391,0.0002447234748498596,0.0012753326326501828
nvp-bez235,0.41858466163159896,0.00024501898540203927,0.0012753326326501828
azd8931,2.819197752606665,0.00024642868229420343,0.0012780727716118724
imiloxan,2.0069126189058784,0.0002732291130427901,0.0014120090234747045
voxtalisib,0.6107556563387266,0.00027553000258433304,0.0014188324332367612
pepstatin,2.571532675773464,0.0002825070841023336,0.001449601952822967
eprinomectin,1.7836239738951605,0.0002936966976770762,0.0015016930089707748
m-344,0.19766415808899404,0.0002954164222775939,0.0015051674754777407
i-bet-762,3.9767715184542287,0.00029881489836847,0.0015171409050497408
gsk256066,0.5991246065109702,0.0003002386269019329,0.0015190394864583808
azathioprine,0.5728033592162127,0.0003023817473878739,0.0015228018807164144
metronidazole,1.778752753898507,0.0003030870363830873,0.0015228018807164144
ver-49009,0.32471679727960073,0.00031638879269853227,0.0015788510584023587
semaxanib,2.683692615468897,0.00031642488385396267,0.0015788510584023587
rs-67506,0.5122868210871155,0.0003202950878763596,0.001589869391707155
ban-orl-24,1.9030585913818205,0.00032083058906599117,0.001589869391707155
hyodeoxycholic-acid,0.5409944163239753,0.0003307344044074464,0.0016333538675002558
clonazepam,0.2787056777278997,0.0003320201695622127,0.001634126480804496
diazooxonorleucine,0.5110731943493206,0.00034965170473389383,0.0017150712432201503
bromosporine,0.6336791265017866,0.00035513681217767823,0.0017360911054766905
fosbretabulin,0.3636226002006461,0.00035666826776675704,0.001737707015011776
lapatinib,3.3138760580047166,0.00035879154699271616,0.0017421858003304038
tioxolone,0.5400522025977351,0.00036056970621660173,0.0017449644310883702
epothilone-d,0.35775725617394993,0.0003623925268481379,0.0017462814819904548
dehydrocholate-acid,0.6090449287754047,0.00036325551214867096,0.0017462814819904548
triapine,0.41354888131085915,0.0003773675917098318,0.0018081155801461144
pyrimethamine,0.43130602861514816,0.00038484118968654866,0.0018378389487671155
sb-743921,0.3751309781027648,0.0003873621672382444,0.001843792947347828
naftidrofuryl,1.952554808398079,0.00038998057952886316,0.001850170159273
bisindolylmaleimide-ix,0.12887018094426597,0.0004001220409662722,0.0018920803701901825
oxymatrine,0.5201189965974893,0.00040310296348662557,0.0018999673881600885
bisacodyl,0.5084211662217167,0.0004134809194156446,0.00194255483894298
dorzolamide,0.5368983106065878,0.0004148840605611835,0.0019428389502654775
4-iodo-6-phenylpyrimidine,0.45685891222067637,0.00041696687674105774,0.0019442823888855061
napabucasin,0.39738197724873564,0.00041880513415885087,0.0019442823888855061
th-302,0.36058306212912156,0.00041922329324967377,0.0019442823888855061
indiplon,0.4133237668325001,0.0004247501812834038,0.001963621445102509
levocarnitine,0.6159880553479119,0.0004329099324130745,0.0019949702936360473
naftifine,0.4863377366337705,0.0004355622901106961,0.002000821059651356
oleanolic-acid,2.1269125926855272,0.00044436966392371127,0.0020348193154987666
maxacalcitol,1.9221817640686503,0.0004643630513337302,0.002119663518233147
azd8055,0.24158975250814274,0.00046972445752696106,0.0021373939938412346
camptothecin,0.6174301163705815,0.00047295780290675517,0.0021453603160065038
novobiocin,2.0754497118492576,0.000491641418933215,0.002223141041238631
fenofibrate,1.8245451408384885,0.0004973714962377037,0.0022420453428534494
clenbuterol,0.5063283727696162,0.0005275181616370965,0.0023705552170462073
amoxicillin,2.2322440270364665,0.0005328400137921222,0.0023870572754092906
docetaxel,0.498831671778782,0.0005435582320425511,0.002427557906683862
gsk461364,0.573540757823643,0.00055996209746395,0.0024931235539394944
fluvastatin,0.3282395603561899,0.0005868490921390841,0.0026048179028382045
su3327,0.32540090742843975,0.000609087642487907,0.0026952593843425116
pilocarpine,1.5350193850521907,0.0006285682317544084,0.002772982412648259
torcetrapib,0.5760938229926004,0.000636279106586146,0.002798467681550618
dcebio,0.3095474727591943,0.0006475960661149205,0.002839610629297848
azacitidine,0.5387604358488466,0.0006631602555219718,0.0028990721744419734
asymmetrical-dimethylarginine,0.5151967405408626,0.0006881164475210689,0.002999109938442731
lorlatinib,2.3573266463039646,0.0006931182171080796,0.003011838018484658
methylprednisolone,0.720906893833756,0.0007088762610138536,0.003071089669721695
marimastat,0.292098754595352,0.000733716251200914,0.0031692161656349926
tamoxifen,2.0534137270938286,0.0007393885716376413,0.0031842120927371037
4-chlorophenylguanidine,1.9487212170413424,0.0007611022314722221,0.0032679968217813214
amfenac,2.161756662940053,0.0007679811068613073,0.0032877771054092065
anguidine,0.2989737197660849,0.0007804916567784221,0.0033314791367503745
chloramphenicol-palmitate,2.171718612816333,0.0007935592157933595,0.0033736883920862304
oridonin,0.3273821504180179,0.0007960992137845802,0.0033736883920862304
a-674563,0.1793803017529417,0.0007973748653030343,0.0033736883920862304
hmn-214,0.3326725533656404,0.0008066439687857451,0.0034029557516996305
oleoylethanolamide,0.5061391787229033,0.0008113846121495752,0.0034130044586640563
crizotinib-(s),0.20883455411095586,0.0008456503355385585,0.0035468290884762147
ci-844,1.99930498320653,0.0008528151194688644,0.0035665418435590953
torin-2,0.13103308696593405,0.0008594690084541289,0.0035840105338130384
digitoxin,0.5146825558770509,0.0008792305366662507,0.0036558809958507606
metaraminol,10.172979908111506,0.0008880529675251814,0.003681984653320738
selamectin,0.6044020192391681,0.0009459294129180268,0.0039009699777637114
mk-1775,0.3434473911490649,0.0009462615495473826,0.0039009699777637114
palbociclib,1.5829363388005775,0.0009607075642551281,0.003949272288287415
8-bromo-cgmp,2.5022069577205848,0.0009749117551750728,0.0039963096593153835
k-ras(g12c)-inhibitor-6,0.5837470359646509,0.0009824702942356784,0.004015916711183691
fludarabine,2.1504861567939613,0.000987855196435291,0.00402655343448413
sb-228357,0.5831674504674729,0.0010046342166651126,0.004083443009871961
flubendazole,0.31808657567454673,0.001043196248525882,0.004224776110443462
blebbistatin-(-),1.9124381153760155,0.0010452452298125496,0.004224776110443462
3'-fluorobenzylspiperone,1.986147553321595,0.0010517836992338563,0.004239362152622257
dolutegravir,3.179477655489308,0.0010987755825584272,0.004416467411005679
dinaciclib,0.41911116511690205,0.0011396498046004346,0.004568069992401188
mexiletine,0.32070206931257883,0.0011493554124196918,0.004588968794764043
y-320,1.473117287335831,0.0011512064080852439,0.004588968794764043
embelin,0.6788869275612113,0.0011710201988607684,0.004651545761172528
vtp-27999,2.1712479456813023,0.0011738771701795862,0.004651545761172528
epothilone-b,0.4543474444382161,0.0011765485477464722,0.004651545761172528
flumethasone,0.7474887111846943,0.001195836944681083,0.004714921141562744
propranolol,0.6579429837568319,0.001200741518556236,0.004719731969181077
indoprofen,0.6109621196799211,0.0012035805781809381,0.004719731969181077
bntx,0.2103165294877584,0.001211989998943008,0.004739863590460899
nanchangmycin,0.36119320931810023,0.0012362475584757357,0.004821698698421535
chloroxine,0.3471325733760373,0.0012512784318488466,0.004867204007756132
sulfasalazine,0.6312212489884528,0.001338579154100159,0.005192825833734397
tiludronate,0.571752987368697,0.0013583226251024003,0.005255328445249127
iproniazid,0.6468626263291004,0.0013623543506080026,0.005256871320879412
nizatidine,1.9255896718559624,0.0013800646467676118,0.0053110466592359955
7-hydroxystaurosporine,3.8403886970109395,0.0014019323715999475,0.005380891622560011
at-7519,0.3783288511070939,0.0014074911493280624,0.005387935695972768
cep-33779,2.1043358215144385,0.0014524072836964309,0.005545206700550753
xanomeline,0.5590810360546336,0.0014808180116342147,0.005638799112722918
taselisib,1.6051945590385774,0.001493418802752468,0.0056718556629470375
sb-242235,0.5447270507984989,0.0015017471605549856,0.005688555343777655
ixazomib-citrate,0.1767901134921391,0.001546163480271889,0.005841510589956719
"hydroxytacrine-maleate-(r,s)",0.6337410335695818,0.0015513284652503164,0.005844892359079532
ml133,0.27048947811079294,0.0015551372206258603,0.005844892359079532
oprozomib,8.085279755792794,0.0015864622381289537,0.005932746750877748
salvinorin-a,0.6394123202017616,0.0015867125035174076,0.005932746750877748
benzethonium,1.9569838790526246,0.0016148324529081121,0.00602232618391247
cetrimonium,0.29852002797463356,0.0016478914712307073,0.006129817374989289
eprosartan,0.5744754179568886,0.0016671962770950103,0.006185725674247384
daclatasvir,1.9466124794479391,0.001703704328341333,0.006305013204884677
halobetasol-propionate,0.7488923675256011,0.0017368722006966648,0.006411362434714474
colchicine,0.5260292958272674,0.0017427390833811653,0.006416650009294011
tofogliflozin,0.4918442908312744,0.0018056121136614499,0.006631270884436847
etoposide,0.5515900644410453,0.0018134310354483306,0.006643125843781606
lanoconazole,0.5582721752785497,0.0018438567475566232,0.006737527054834429
lenalidomide,0.46001138659352064,0.0018610968720757833,0.00677894876426034
dabrafenib,0.6710218873297453,0.0018645622724088565,0.00677894876426034
acivicin,0.41263407551653414,0.0018853988117206507,0.006837524011428024
sch-58261,0.6994033041813568,0.0019014261066426779,0.006866089304062403
tedizolid-phosphate,0.3646666352920639,0.0019027655915197124,0.006866089304062403
linalool,1.7800015465308776,0.0019156476505436577,0.006886574815826838
cyc116,0.6637302213528854,0.0019179610578978685,0.006886574815826838
parthenolide-(-),0.3462597646934419,0.0019267951580671451,0.006901169786443463
clofazimine,0.5346037822794798,0.0019639600716879727,0.00701691413267283
tiletamine,1.6390581697099798,0.0019717614213536905,0.007027435410588153
gimeracil,2.019737910010475,0.0020066732769984286,0.0071342904958641915
erastin,0.4358396929154437,0.0020382122943127952,0.007228659779094644
cinalukast,2.0693928918639077,0.0020464113359410646,0.0072399931616301235
mepivacaine,2.189454398807757,0.002065038966313974,0.007276051603899268
quinethazone,0.610396624884753,0.0020666601307550788,0.007276051603899268
betulinic-acid,0.4900349196497814,0.0020777858056041506,0.007297466166769917
ixazomib,0.4174274098269538,0.002115135089651727,0.007410654902484381
tioguanine,0.5194818436757407,0.0021291046811550713,0.007441580854182097
fluoromethylcholine,1.817668911469407,0.0021385904379888905,0.0074567237681203
quizartinib,0.7205803849077307,0.002149777117091405,0.0074777103087289975
refametinib,2.0402936323913368,0.0021790949439210424,0.007561511711879493
metoprolol,1.7927074328319885,0.0021890906965515576,0.007578024492607903
raltitrexed,0.4508024713395139,0.0021953776374926226,0.007581650218262111
melphalan,0.5850121000524945,0.002205180993733475,0.007597373566505568
fenretinide,0.34767808273827405,0.0022399403083599744,0.007698797211869081
triciribine,2.495459733691229,0.0022772997129923583,0.007808655650947731
irinotecan,0.5108802765265433,0.0022832367554466424,0.007810504929388396
unc2250,1.617953810019938,0.0023288747235180583,0.007947834256911864
az960,0.44111955133530395,0.0023768989065184984,0.008080641559916226
zk-93426,0.5167444303727265,0.002378958745351978,0.008080641559916226
sb-218795,0.6543671390997298,0.0024179065547339745,0.008193702071897098
terconazole,0.6109529281889989,0.0024245743016542125,0.008193986380491751
mk-2461,0.7335860165275887,0.0024293159345065386,0.008193986380491751
mevastatin,0.4822022577023182,0.002443528059244873,0.008222756050528676
kf-38789,0.22549426537184322,0.0024846050973279105,0.008341586022815513
triamterene,1.9399819276893209,0.0025076251952785736,0.008399383466592815
tipifarnib,0.5292281188231559,0.0025159683348140627,0.00840786646761189
cl-218872,2.2362569247491715,0.002524665105650117,0.008417139546735003
flumethasone-pivalate,0.725651777941621,0.002530377127041967,0.008417139546735003
ganetespib,0.46074450716504706,0.0025678470325015135,0.008502946602104556
linsitinib,3.299088279975829,0.0025679251313888676,0.008502946602104556
lonafarnib,0.6405926765364203,0.0025857142283462137,0.008542302484970253
broxaldine,0.5393515814418252,0.0026182822926889763,0.008618382954108135
gsk2656157,1.8646832712091412,0.002620655493992799,0.008618382954108135
prt062607,3.721873648080874,0.002642112271801844,0.008669243667340744
tecastemizole,0.6370903225595953,0.0026540574176241263,0.00868873548258396
tiotidine,0.6782420924105182,0.0027286359695913804,0.008912722907446336
fk-3311,0.4579548207131005,0.002821114005728519,0.009194035960110735
otx015,0.7471414595375949,0.00286811014853244,0.00931108925535457
isoxsuprine,0.6060151418102127,0.002869900350993876,0.00931108925535457
8-hydroxy-pipat,0.5236516099678931,0.00294612362416758,0.009537004215146506
equol,1.9750833162019117,0.003046990131398795,0.009841506071727804
pha-665752,2.219729584388732,0.0031341970052127586,0.010100630437734659
bam7,0.6928647547476015,0.003145528769264726,0.01011462250916902
hyoscyamine,0.3847441789235149,0.0031946905231638742,0.01024992724394263
mephenytoin,0.6323996625567619,0.0032419501221933244,0.010378543864632168
"mns-(3,4-methylenedioxy-nitrostyrene)",0.3963062096137157,0.0032495816585223014,0.010380010286714725
kpt-276,0.37335537604219654,0.003285966361731093,0.010473113051596677
ribitol,0.49588571191385006,0.00329339628440837,0.010473724007777827
riluzole,0.6441031928944356,0.0033077373522079475,0.010496263045273903
sulfabenzamide,0.5619846545456879,0.003366760365965298,0.010660179977137387
osi-420,1.9218316345380408,0.0035046706829572217,0.011051921528960857
ramatroban,0.5922909979957126,0.003505758107666229,0.011051921528960857
sunitinib,0.47749848846886533,0.003589538908557238,0.01128445811102294
cudc-907,0.27276990639259124,0.003601791985906417,0.01128445811102294
gastrodin,0.5756809511722045,0.0036029161349637857,0.01128445811102294
voreloxin,0.4304949807284661,0.0037180886851419684,0.011620030944709349
cgm097,0.7078974318533954,0.003734010278644832,0.011644639812929033
acesulfame-potassium,0.4671728841043681,0.0038484149853103907,0.011975605341385236
fdcyd,0.5406898307665139,0.003868087909768497,0.012001809538883046
bardoxolone-methyl,0.37292866442818673,0.0038734243639657103,0.012001809538883046
diphenyleneiodonium,0.3902875729418911,0.003935190162405822,0.012121684847034814
d-64131,0.5815351231444975,0.003935252446613566,0.012121684847034814
eptifibatide,2.4919085689061835,0.003937243868767355,0.012121684847034814
jte-607,0.4593102140565111,0.003954448081713552,0.012148803342334416
deforolimus,0.5748959777572339,0.00399566062007407,0.012249408722981314
cb-10-277,0.6411146336378433,0.004068887974750447,0.012428449223550323
pha-793887,0.6845332717867731,0.0040712404505617505,0.012428449223550323
ly364947,1.4952034537412162,0.0041271833954882545,0.012572703943729483
niacin,0.6529817789635024,0.004282174647473939,0.013017451081711743
mocetinostat,1.8355165260166868,0.0043052037562937035,0.013060020619197043
oligomycin-a,0.5206512271489654,0.004329407359397069,0.013105967466626692
scriptaid,0.3241323487655374,0.004394340107994725,0.013274760200977802
teriflunomide,1.7656262918558656,0.00444812195637613,0.013409234314325544
mgcd-265,0.47700189751503386,0.004517654524325232,0.013590532425568836
resatorvid,0.5507953180869664,0.004599585456473281,0.013808299077835762
bix-02188,0.4264471459713203,0.004646966868032075,0.013921658505263793
axitinib,0.3121755974127219,0.004674384983433849,0.013974865849233015
1-naphthyl-pp1,1.7617683408981841,0.004701893232163134,0.014028122694721762
genz-644282,0.3690805815066264,0.004735213728535992,0.014098465566237822
alectinib,0.4121990789449542,0.004768122347646703,0.014167295763952318
bucladesine,1.496028903499235,0.004919395096456954,0.014586812919207404
onc201,0.2573185884716358,0.004968813915547683,0.014681878115013326
cycloheximide,0.45527199777058097,0.004973559373365042,0.014681878115013326
uracil,0.5049646794302435,0.004981895061832442,0.014681878115013326
azilsartan,0.44029534940935783,0.004992602641191009,0.014683528499600385
aminoglutethimide,0.5960577220328089,0.0050525312842305565,0.014829640503613824
gsk1070916,0.5626756386385876,0.005100183745274948,0.014939202185046253
bephenium-hydroxynaphthoate,0.5870271554795679,0.0051182194454564185,0.014961744520354418
chromocarb,0.6835507849957572,0.005166892276412651,0.015073574846711906
norepinephrine,0.46160398762887656,0.005269025113888767,0.015340602293354214
deflazacort,0.6279528051748131,0.005441327063075054,0.015810442289698
ingenol-mebutate,1.2814954951517368,0.005452312036431572,0.01581061225794887
ketoconazole,1.9648441821194196,0.005499319281042343,0.01591502999933654
sc-12267,0.5423167313605527,0.005537034329691043,0.015992192964197485
tg-100572,0.28407538909280866,0.00555188422487667,0.016003140385252076
papaverine,2.34894918280767,0.005566415290657685,0.016013127088631552
chlorpropamide,0.6069492996972645,0.005609707423070669,0.01610564809758583
pf-04691502,0.2666557817050227,0.005625656681301936,0.016119455876918615
sulfanilamide,0.565837445869665,0.005673631935388772,0.016224793301398328
temocapril,0.553059352903022,0.005823716828463646,0.016621140534096444
abt-702,1.7569689339413455,0.005864736137424344,0.016705262186718556
tyrphostin-a9,0.40037769154316805,0.006040045888017056,0.017170818074578938
arry-334543,2.963924596404216,0.00613249514352032,0.017399451907203732
cefdinir,1.6795031400283391,0.006187846705102313,0.017522141256913985
sid-7969543,0.6723805064150171,0.0062759959944404045,0.01773704336710013
mibefradil,1.5741753203229096,0.006327387304708335,0.017847425789304018
ranitidine,1.9685646871223939,0.006492320626484226,0.01827701935121143
almorexant,0.596411415692434,0.006635288607701219,0.018643228379308083
bx-912,0.404125869874481,0.006679882449367521,0.01873215097719923
fk-866,0.45262884040335866,0.0067209756022026425,0.018810931714482056
afobazole,0.661566768555405,0.006814154107199999,0.01903490539212046
olaparib,0.5997005608637717,0.0069147762935783605,0.019278769358011344
tanaproget,1.721776716320987,0.007050822616486046,0.01962026985779867
mk-0773,0.5623802579115357,0.007069622117536141,0.01963482380820498
tandutinib,0.5850407214194623,0.007195068344715946,0.019944949990045927
bentazepam,0.3983107706559668,0.007412199613563165,0.020507558013051434
oxyphencyclimine,0.5643388141556273,0.0074447712854048935,0.020525860705818338
ruxolitinib,4.378615388327795,0.007456546564074145,0.020525860705818338
amg-208,0.7361440538476587,0.007461370235839975,0.020525860705818338
dmh1,0.6203230169202623,0.007500393871056274,0.02059406059092681
meglitinide,1.8807141954564222,0.007653933376495435,0.020975836355660787
hydrocortisone,1.9569111407240947,0.007745444828575393,0.021186500315592806
lomitapide,1.5746621123594193,0.007839458516724653,0.021403200893774666
rs-504393,0.5210423547988379,0.007864733599890792,0.0214317693390621
metatinib,0.5759130957837677,0.008136889818672575,0.022131728510562436
estrone,1.5254138452690076,0.00825424991433703,0.02240881730965419
phlorizin,1.7490410458493653,0.008347533525706533,0.02259609565976254
azd5363,0.6543459822808597,0.008354465223201768,0.02259609565976254
ciclesonide,0.7105356417742463,0.008424389901185724,0.02274270930413385
gw-583340,1.6753241718426581,0.008680557947980786,0.023390628213646552
carmustine,1.391134312440978,0.0090898149314461,0.024447885140896852
chidamide,2.287271855317227,0.009119739754015173,0.024482863495473017
inh1,0.5975559362697088,0.009208886283412229,0.024676404540921286
alvocidib,0.4551068383554543,0.009297707962285509,0.02486836122260098
baricitinib,0.5353998498297421,0.00933010020410077,0.024908957555966445
simvastatin,0.6063181622631498,0.009403431850730561,0.02505850071456192
tropisetron,1.5591766008367414,0.009470067148000512,0.025189682285214596
adarotene,0.15471559827770096,0.009496553018345838,0.025213783885406293
psb-1115,0.7337822820216979,0.009547993740764654,0.02530393212982867
raclopride,0.6531022101830374,0.009697561101297573,0.02565332890964824
nadide,1.4265041362204043,0.009815814823061007,0.02589320661643757
tws-119,1.849836307349087,0.009824029324412042,0.02589320661643757
vx-765,0.46859900185355763,0.009862350961035733,0.025946948801124917
vemurafenib,0.6325868770684289,0.009882845472667,0.02595367948992586
tirapazamine,0.6436723787447106,0.009915505132634863,0.025992275229932332
bms-345541,0.7109308306352645,0.00997881170827065,0.026078852082236117
bruceantin,0.35546345511294475,0.00998457778407658,0.026078852082236117
cep-37440,3.1638069537157887,0.010057610292720903,0.02622227404246333
mefexamide,0.521093238885659,0.01039192637316358,0.02704517529130881
ki-8751,0.5436880062836968,0.010673318071427077,0.02772763240458704
gsk2110183,0.5098906775385109,0.010796959052826599,0.027998565859211632
radezolid,0.5773139868770866,0.01113065587394487,0.028812270213950317
cyt-997,0.48242892440279156,0.011343517203242908,0.029310838201950868
a61603,0.5910078451044887,0.01138556028959588,0.029367033402932684
busulfan,0.6694220311708846,0.01151075178317012,0.02963711357695225
ribavirin,1.885611167090091,0.011663555798400674,0.02997720291347385
raloxifene,1.7356051918302122,0.01191394301261748,0.0305664459915913
bvt-948,0.4909815543523048,0.011947951207156235,0.030599443180097476
mozavaptan,2.681307316348905,0.012322680163544392,0.031503389040015435
vs-4718,1.4006294578465457,0.012451819621506044,0.03177739504818209
temoporfin,0.15293563790972697,0.012546573333117919,0.03196283734686906
camylofine-chlorhydrate,0.564102852447297,0.013023082292290447,0.033118453562292226
cyclovirobuxin-d,0.5083146368655914,0.013067621998662937,0.03317341935450047
obidoxime,0.6200933006692996,0.013136542302051177,0.03328997672691428
hexachlorophene,0.5136218681192858,0.01317687129221682,0.03333379853118486
"2,3-dcpe",0.5372431168645679,0.013240470704859784,0.03342190381273696
sb-216641,0.3563251938936038,0.013257894117837605,0.03342190381273696
levocetirizine,0.6822661508524337,0.013281708414232313,0.03342370795720723
mk-2206,0.455231222834034,0.013341886170870232,0.033516856404946574
cnx-774,1.5005251848578995,0.01346980724132682,0.03377956859306743
alexidine,0.2674299132171405,0.013581938597463802,0.03400184282098637
cpi-1189,1.5959536095038667,0.013684043789283921,0.03419829250966119
oxymetazoline,0.6821945631207949,0.014279697917353335,0.03562538428691427
captamine,0.6675495260076127,0.014337878081422782,0.03570896658144366
osi-930,0.6365509851757641,0.01437504104837604,0.03574000755498304
gsk2126458,2.331101500175411,0.014454352466167237,0.03587555406268266
p276-00,0.42308776588122415,0.0147172396086836,0.03646548923589926
fluroxene,0.7105635560546804,0.014790000339518479,0.036583129044928615
vu0364770,0.4922236364673892,0.014864443884151495,0.03670452269687238
gw-788388,1.332340042601919,0.015555827309093464,0.038346306842007225
jq1-(+),0.7716795554801433,0.015633322332405296,0.03847179832481371
avl-292,3.388009803643846,0.01571495421772651,0.038607026745416405
ym-155,0.5029300944370241,0.01596768538515805,0.03916142500393847
cgp-52411,1.765461348529143,0.016129509239978128,0.0394913703388297
du-728,0.6916391642824625,0.016280579180493783,0.03979391566583531
pi-103,0.4611133011849442,0.016403557400177994,0.04002689301527413
exatecan-mesylate,0.6841020358311309,0.0169932654476417,0.041396052361511004
meclizine,2.267378901786314,0.017362216317334183,0.042223742875937074
dirithromycin,1.4498686334042719,0.017545420326023013,0.04259768995260956
vlx600,0.7792271711990174,0.01758601303545855,0.04262472506249333
norethindrone-acetate,0.6978263591210815,0.017696470487486186,0.04282072373811457
ap26113,1.640537454711821,0.01779458785074315,0.042888893387803884
mycophenolic-acid,0.37409505484664374,0.017824615932923588,0.042888893387803884
cytochlor,0.6384875043990721,0.01783599355375104,0.042888893387803884
le-135,0.5539872060909342,0.0178432023631361,0.042888893387803884
hydroxyurea,0.6350999857607277,0.018068355784052595,0.04335806106057065
ro-90-7501,1.5006668942316672,0.01810120440310636,0.04336497147565381
ym-201636,0.6446721990310643,0.018207027378389973,0.04354639440748809
sb-431542,0.4656917624872474,0.018547165078224723,0.04428671265378082
hesperadin,1.6047854321077943,0.019206549581990435,0.04576436852568558
ldn-212854,5.569722741095911,0.019229257818670926,0.04576436852568558
desonide,0.7806435797692098,0.019286312090322232,0.04582478422774428
serdemetan,1.4311125942870255,0.019389736178348906,0.04599499713126371
trimebutine,0.6848475014769244,0.01946764295509195,0.04610422153194444
nonoxynol-9,0.6229447310615891,0.019603382281675637,0.04634982706141282
uric-acid,1.5872252362974697,0.019740079059382774,0.04659689135224612
ibrutinib,1.9247000212070162,0.019989763142893833,0.04710942551753644
beclomethasone-dipropionate,0.8021991143014716,0.020226977432550513,0.04759095340634243
thioguanine,2.5279501874765606,0.020309802992523718,0.04770825475678867
3-deazaneplanocin-a,0.5671782700652415,0.02044024519824968,0.04793684732879625
felbamate,0.4229869383219859,0.020545085516733928,0.048104755247110026
sevelamer,1.64431231136638,0.02090610438562243,0.04887097422616423
bms-754807,1.5626970516217085,0.02094918871477603,0.04889270333916277
fph1-(brd-6125),0.6204246863178926,0.02132622899804956,0.04969251748820888
dexrazoxane,0.42146875305008574,0.021411482329000173,0.049767402213554586
dianhydrogalactitol,0.6375991202592467,0.021427153821039744,0.049767402213554586
bay-11-7085,0.4016265067976593,0.02160805694648628,0.05010714487430392
xylazine,0.6729757393289354,0.021761313052652484,0.05038179197950103
monensin,0.514047825512263,0.02188346178901218,0.0504889962746984
fendiline,1.8512559626948077,0.021894434381156055,0.0504889962746984
sobetirome,1.4597214167967894,0.021912294167595433,0.0504889962746984
repaglinide,0.6064908108618771,0.022187548879086263,0.05104194471866108
bts-54505,0.6816323269997888,0.022330288993255745,0.051288774878160415
unbs-5162,0.5555575172937355,0.022558588016026438,0.05165455647960299
nsc-3852,1.6215391614205146,0.022560939664899162,0.05165455647960299
terbutaline,1.3757091235641803,0.022709725912174083,0.05191307013414834
cyromazine,1.53442574380107,0.022939536549461206,0.05235569303954316
tak-733,1.688552553935781,0.023207373729934047,0.05288357446805444
bortezomib,0.6322277407050969,0.023445694891249376,0.05334264230760668
imidapril,0.4572563222984452,0.023828697192245514,0.05412892439117623
smi-4a,0.6964687321056772,0.023965259415638793,0.0543538093643093
cobicistat,0.637547760731026,0.02401455287742273,0.05438037247829529
licochalcone-a,0.6142863939294814,0.02438422596352335,0.05513121088940357
afatinib,1.8386553877568055,0.024535203001104844,0.055386019879249154
defactinib,1.5344347980190713,0.024716021183085118,0.0556922540966286
phenelzine,0.7175633902727122,0.024747836478322176,0.0556922540966286
avanafil,0.6544821097983198,0.025225576716544757,0.056679207311863766
finafloxacin,0.7185074737009441,0.025308099904374236,0.05677646598702251
idasanutlin,1.8123018162883522,0.025636912044214442,0.05741195830385141
amg-232,1.4930395067091435,0.025696925271065808,0.05741195830385141
nintedanib,1.4026533648692443,0.025731473318795932,0.05741195830385141
formestane,0.7118499319067889,0.025750076668417114,0.05741195830385141
pevonedistat,0.6139633300022472,0.02594000880451219,0.05774645036942944
orantinib,1.6530788472302103,0.026023903815456082,0.057844222459239564
curcumin,0.39915227751831683,0.026132180731036774,0.057995806008911376
atorvastatin,0.7481965949893612,0.026433776786898518,0.05857530629501096
tryptanthrin,2.265953669425474,0.026569941649572326,0.05870827127605814
gs-9973,1.7749240074147246,0.026574925836778215,0.05870827127605814
aurora-a-inhibitor-i,0.3653681883344432,0.026702998007146123,0.058901277616372615
tms,0.6160408135487491,0.028268686601452632,0.062259953595588974
lerisetron,1.6408861217273407,0.028323961367026165,0.0622868876870621
itraconazole,1.59250035838897,0.0284166520825451,0.06239589615089949
wz8040,0.4535227475920717,0.029025714273240782,0.06363667962633245
5-fluorouracil,1.4921311432121291,0.029270043722408882,0.06407526969186937
xl-647,1.8719817293414966,0.029625154610307482,0.06475468084760563
ciprofibrate,0.7153938957372753,0.029744649069901583,0.06491780875437042
ramifenazone,0.6943796955592978,0.031113933844434553,0.06780400944713373
tyloxapol,0.7267513917004074,0.031484448848258975,0.06842298040021393
rgfp966,0.6704616634752121,0.03149253970044401,0.06842298040021393
dacarbazine,2.3435682083209803,0.03181720937437524,0.06902474057679306
quinidine,0.6970628657091499,0.03194192252299214,0.069191559716721
repsox,0.6911940267165027,0.032023461085883616,0.06926449654898893
estramustine,0.26824135083881484,0.03246082212321125,0.07010568598848757
bicalutamide,1.7482750221941308,0.03281070740457708,0.07072606996465433
cyt387,2.438274326431065,0.03284583207757271,0.07072606996465433
fleroxacin,1.2714535053881635,0.0334907077986579,0.07200750993262701
10-deacetylbaccatin,1.66425999367121,0.033768566780919676,0.07241182497235506
bay-11-7082,0.23772336771771638,0.033778840260082696,0.07241182497235506
dimethisoquin,1.3650351267241942,0.03463344525078399,0.074134016683261
domiphen,1.5134525257814697,0.03487547728252577,0.07454182515186823
amprolium,1.4970175019910834,0.03505920796999769,0.0748240028504228
butylscopolamine-bromide,1.5795560150865413,0.03518643242681807,0.07498493037055338
ifosfamide,0.683265393536178,0.03618612297004041,0.07698470012686894
wye-125132,0.5724861336495399,0.036231223763923806,0.07698470012686894
nafcillin,0.7015636693836196,0.03628505579858944,0.07698603481020369
aspirin,1.4317705089412653,0.03711538275205814,0.07863244340004118
bafetinib,0.5273248516569278,0.03725882242386671,0.07882092989376481
carfilzomib,0.492636462517255,0.037376042526653705,0.07895347961469767
triptolide,0.42864997587740505,0.03758056372921137,0.07926978967371553
gw-501516,1.3789781532941743,0.03786955839618663,0.07976310189124025
ap1903,0.6770839935228096,0.03823416600558977,0.08041400902629128
dalcetrapib,0.6945158401925446,0.03843170850494667,0.08071216575712313
azithromycin,0.42545637947432247,0.038503418633737026,0.0807455750188659
meloxicam,0.7451158073948456,0.03898463488672445,0.08163642066727972
kd-023,0.6239736790361625,0.039176559730521095,0.08191977157523704
gsk-j4,0.5489476561992572,0.03941181929386717,0.08229278862658845
oncrasin-1,0.6583321399894334,0.03970741115473785,0.0827905244105269
vandetanib,2.2119542522706928,0.039795550762484776,0.08285490928534602
nutlin-3,0.7240098936165581,0.039932502836348464,0.0830205913853394
dacomitinib,1.6409074734495661,0.040461067193549125,0.08399880090253312
lorazepam,0.682758940344898,0.04054233177375759,0.0840469256112138
ornithine,0.7072555073652048,0.041033639392244706,0.08494374277622044
hexaminolevulinate,0.5035075908458915,0.041804661212184374,0.08641620682004399
n-acetylmannosamine,0.7114026154124032,0.042337388536253906,0.08739258375457831
lgx818,0.8148317288762406,0.04417972026505207,0.09106560573152471
aeg3482,0.6594153997142146,0.045410168719891904,0.09346872565815588
ribociclib,2.7621206032860606,0.04570339887135285,0.09393866216881756
cp-673451,0.731979952712207,0.04639984011036602,0.09523484913432571
racecadotril,1.3981718137139623,0.046934001736026534,0.0961947599320544
naltrexone,0.7157408862677226,0.04706484906962225,0.09632650156116464
etp-46464,0.4363492183861932,0.047204402282487644,0.09647566398694861
cudc-101,1.3100681782793258,0.04735133477755775,0.0966394660410805
lucitanib,1.5577340142021645,0.04755367078994713,0.0969157206099345
odanacatib,0.3120333931442245,0.04822118884359977,0.098137918785779
taltirelin,0.6825719478384393,0.04939026185992442,0.10037599566195314
spiradoline,0.605795547652231,0.049642828933168744,0.10074778887278425
cmpd-1,0.5258167259296144,0.0499946014478096,0.1013195914495525
nitisinone,1.552928336033693,0.050744862149706034,0.10269624549737709
osi-027,0.3690534667440546,0.051095357565821294,0.1032611486002003
exemestane,0.7159999138025348,0.05273324892618869,0.1064226097575942
vidarabine,0.5374599956868695,0.05325950527997321,0.10733496398345577
4-methylhistamine,0.8047491892116881,0.0533959310042106,0.10746023944797321
petcm,0.7003829852773742,0.0552622767153514,0.1110618255654354
iobenguane,0.7362505414597327,0.05560069015916415,0.11158696069391195
pomalidomide,0.6942805886630398,0.05610736762684243,0.11244786836016758
methoxyflurane,1.4968616010630769,0.05635416683667999,0.11278627857908154
filgotinib,0.6541121177028064,0.05673040780866989,0.11338245870047697
pd-153035,1.446775762463307,0.057922692863278155,0.11560570561815654
cebranopadol,1.3145926947353468,0.05827062523679625,0.11613993762760905
peruvoside,0.38430074500947703,0.05886468341036652,0.11716258169848742
alisertib,0.7362117656562743,0.059225594478966276,0.11771900441080248
sgi-1027,0.5806097891008062,0.05990955190740423,0.11891511880660345
gsk429286a,0.6372588740159275,0.06002590726772484,0.11898286002246279
kp-1212,0.6134649215292642,0.06020853083059685,0.11918159249230321
pacritinib,0.2086520407520792,0.06069062356460122,0.11997176543439612
xilobam,1.410614932184818,0.0608544136549882,0.12013142777458106
ptc-209,0.6731345677649002,0.06121793307809649,0.1206843994060022
tremorine,0.5788716548435939,0.061629416850559435,0.1213302941262034
lafutidine,0.6668937906032769,0.062325422101852324,0.12253381220296237
picolinic-acid,0.6898933928872408,0.06325575630896445,0.12408875437276838
scs,0.7655263019412029,0.0632896962615114,0.12408875437276838
idarubicin,0.4261258671158891,0.06337359328367369,0.12408875437276838
isopropyl-myristate,0.6564346378204243,0.06395810697792932,0.12506402810414016
bitopertin,0.6042040123899343,0.06442235679905822,0.12580182225133232
cgs-15943,0.6105309535163893,0.06462500632835258,0.12602747190987357
7-aminocephalosporanic-acid,1.4118090765137457,0.06496109508362916,0.1265123884064756
ro-4987655,1.4704311015053115,0.06512966021168298,0.12667018592245333
menadione,2.1875757242043052,0.06557344676561651,0.1273621174091907
piperazine,0.7299644074461495,0.06607619465654893,0.12816655987671086
linifanib,0.37857249677191734,0.0661658379367704,0.12816863118407867
gsk1904529a,0.7996732258077938,0.06728137428074561,0.13015527885593436
dronedarone,3.1398319193236284,0.06738315030952145,0.13017812883561755
piroxicam,0.7076340979211211,0.06812631502309544,0.13143837045122547
etofylline-clofibrate,1.5378048916373208,0.06833148115086238,0.13165865942116892
sr-27897,0.7978463272642369,0.06917761164955927,0.1329741803176582
belinostat,0.560164267248681,0.06919803578382627,0.1329741803176582
pentamidine,0.710976136566783,0.07110684043591238,0.13645248128327686
mifepristone,1.4060156557387278,0.0711966989418618,0.13645248128327686
pd-318088,1.344573910534613,0.07155683356525953,0.13696129387424674
iowh032,1.3654177006585244,0.07183855435126901,0.13731887469786824
nomegestrol-acetate,1.3326382545303859,0.07251404209221839,0.1384272017248549
ro-9187,1.6612590010010666,0.07290668877359752,0.1389933842627083
jib04,0.5792241603010342,0.07309138033297864,0.13916214123923695
ch5132799,0.4055940692877625,0.07374215346100871,0.14021668338775242
cgp-54626,1.4172415471700759,0.0742562940985592,0.1410089994233795
ikk-16,0.3635436319847216,0.0743885628923866,0.14107503342763225
neratinib,1.7329646104769674,0.07490591877475798,0.14187024144905078
pentagastrin,0.7017441236119044,0.07556800302139256,0.14288970535427373
flumatinib,1.3948384465313406,0.07564168230917323,0.14288970535427373
i-bet151,0.8494455002451035,0.07605463609731462,0.14307469374682952
rucinol,1.3930377667346419,0.0760553587738066,0.14307469374682952
dihydromyricetin,1.2860811450803724,0.076104449626064,0.14307469374682952
masitinib,1.2638456970130987,0.0761351169212569,0.14307469374682952
parthenolide,0.41962024489720895,0.07689924419656814,0.14421396434404582
octopamine,0.7708183597446728,0.07694069141230364,0.14421396434404582
adaprev,0.6957628236313828,0.07709035779915302,0.14430756498754777
sdz-wag-994,0.7198152493204003,0.07786284247711454,0.1455652881968795
lcl-161,0.7273089494232619,0.07809863605347461,0.1458177114443584
talmapimod,0.7304205320624789,0.07839394283713912,0.14604595460641293
amonafide,0.7979985234877338,0.07842274134705103,0.14604595460641293
gsk650394,1.476182233379669,0.07874824799166603,0.1464636437582786
ro-106-9920,0.30370753882853097,0.07901587006066524,0.14677273938097896
tetramethylthiuram-monosulfide,0.65807568648373,0.07927835391089842,0.1470715103962436
cs-110266,0.7778905237989299,0.079502027446588,0.1472976103907975
indisulam,0.5870981679732898,0.08085253853258108,0.14960821388317752
ferb-033,1.477837436538478,0.08141354086753588,0.15045388714600821
olda,0.7757988208184063,0.08209023919402496,0.15151093892060474
sns-314,0.8057832734404414,0.0834693161513711,0.1538600006000433
favipiravir,1.439856737404374,0.084011440603823,0.1546622831472416
bay-87-2243,0.6843541397255917,0.0842298929796848,0.15486741441118668
mek1-2-inhibitor,1.6385152373731913,0.0846735708721135,0.1554856053958734
as-1949490,0.7118826625916403,0.08569729521189134,0.15716601542662456
zm-447439,0.7467872853097924,0.08590210231985307,0.15734220513522454
gzd824,1.4256368278474185,0.08619655245123684,0.15768193602647246
uk-383367,0.6833527345057774,0.08632745336899587,0.1577220012941124
penicillamine-(d),1.4891495503353784,0.08704704780276384,0.15864710138090574
cromakalim,1.3976495081427514,0.08713013472428195,0.15864710138090574
nemorubicin,1.9442061440680518,0.08716271292178304,0.15864710138090574
teprenone,0.5908259019745695,0.08841614970928045,0.1607263424991568
fludroxycortide,0.6937756021064401,0.08902544022663286,0.16163088081297083
zstk-474,1.3072794745542653,0.09024491807474581,0.1636395945540817
latanoprost,1.283783456815336,0.09044487012819724,0.16375297912618988
fluorometholone,0.654383699037095,0.09053378251620726,0.16375297912618988
methiazole,0.6781185681279571,0.09152810262118033,0.16534477464775024
balapiravir,0.7904653673337734,0.09232656444677356,0.16657922537965253
erdafitinib,0.6732092221840915,0.09361460022382574,0.16853883557523555
mitomycin-c,0.6057705328217191,0.09372409475015167,0.16853883557523555
ldn-57444,0.3892456698541479,0.09385991460605299,0.16853883557523555
bms-599626,1.349626313318041,0.09387857738330328,0.16853883557523555
sulmazole,0.7871387536689347,0.09437212492392258,0.16921495014239898
fluocinolone-acetonide,0.8575168264510075,0.09508785073231191,0.17026961672098537
tc1,0.6750671383220689,0.09528916889984826,0.17026961672098537
nitrocaramiphen,1.4642832476300072,0.0953223834304153,0.17026961672098537
ly456236,1.387635400504609,0.09543100149324059,0.17026961672098537
alpelisib,1.970942778480043,0.09682289565413287,0.17254030789597322
atipamezole,0.754224819185938,0.09704814680289243,0.1727289894511505
eplerenone,1.6685161844441991,0.10049411044809463,0.17857826608405986
rs-16566,0.640927903560237,0.10058140073151954,0.17857826608405986
eltrombopag,1.3677285999741142,0.10225502292937885,0.18132722816030783
nsc-697923,0.32077815404433857,0.1030191006459981,0.18245855402051317
aphidicolin,1.6907681548108973,0.10427044934756652,0.1844490711563921
bf2.649,0.8356631427101269,0.10583433546685744,0.18678422372862885
pibenzimol,1.2819459628855319,0.10589107813057021,0.18678422372862885
clopamide,0.8361436970453505,0.10597778001465395,0.18678422372862885
cephalomannine,0.6096203614145521,0.10616235692213091,0.18688191054297254
ky02111,0.8288818614910899,0.10671035875218712,0.1876183342823995
uridine,1.330854480580079,0.10744095832834719,0.18867362463727957
cetylpyridinium,0.521134985139947,0.1076663204136205,0.1888402007739501
alvespimycin,1.3730481067968505,0.10873672180483912,0.19048672693898572
gw-3965,0.7534887172535687,0.11087952316827038,0.19400564694617561
ftorafur,1.4318714364904404,0.11111659758288477,0.1941856481913457
nobiletin,0.8029906082601231,0.11171221168522469,0.19499103776661053
clocortolone-pivalate,0.8086252949987109,0.11251219026189654,0.19615077025176422
zln005,0.8624553142161266,0.1126485945284458,0.1961522458275103
homoquinolinic-acid,0.8344251404994134,0.11283927885481586,0.1962481207967771
wye-354,1.7871339635961376,0.11313689332461224,0.19652951337420638
sb-225002,1.7024528274918882,0.11331241247838722,0.19659839431202197
metyrapone,0.6202115192610991,0.11387753406141786,0.19710404144205979
aztreonam,0.7569471210576684,0.11389602395537558,0.19710404144205979
ulipristal,1.483707170312493,0.11405277565831681,0.19710404144205979
pq-401,0.8095288124962802,0.11414871232097173,0.19710404144205979
isoflupredone-acetate,0.8345666866270947,0.11535137946612724,0.19894332072405974
methscopolamine,0.7627247440389063,0.11568452580123394,0.19928036765998275
skf-96365,2.2545495940731626,0.11821736225793492,0.20340133553773107
nvp-aew541,1.392112750240095,0.11837476511422346,0.20343026736375458
buthionine-sulfoximine,0.7478023898858543,0.12050905331969627,0.2068524319734288
doxercalciferol,1.2447640608226576,0.12279843633845744,0.2103419220887117
nsc-632839,0.663082364589984,0.12283270502070587,0.2103419220887117
sparfloxacin,1.5786866500423038,0.12339487004195594,0.21105481909067406
av-412,1.7815794042566386,0.1247598050250575,0.21308290299118873
salvianolic-acid-b,1.502594124188961,0.12491214325956923,0.21308290299118873
acipimox,0.7727774473647668,0.12502238053871406,0.21308290299118873
dovitinib,0.5955390031958896,0.12535665891735903,0.21340127700402178
ritodrine,0.6952157126392202,0.12590323414285653,0.21375081181438604
sulfamethazine,1.2863109247980398,0.12595695771618462,0.21375081181438604
galeterone,0.5680144977011294,0.12600514338470717,0.21375081181438604
clindamycin-phosphate,0.710517742491218,0.12628109947995,0.21396809244436493
ethinyl-estradiol,0.8114202513778394,0.1266571006792619,0.2143541809156631
am-404,0.7224519399331722,0.12691046857440924,0.21453206545230158
melengestrol-acetate,0.8281456032615706,0.1273728154598159,0.21506238502958416
salinomycin,0.6950584206242095,0.12816948658925953,0.21613447020412324
dichlorvos,0.6618798171692463,0.1283065030444657,0.21613447020412324
tamibarotene,0.47848709804156964,0.12913343086778348,0.2172745051926543
nms-873,1.8426091776020501,0.1301547307388165,0.21873855444723284
tiagabine,0.8243940318673617,0.1315686472113029,0.22054653571611518
xl388,0.6465781996830422,0.132012533049215,0.22054653571611518
isofloxythepin,0.8051116592329971,0.13209984923364798,0.22054653571611518
buphenine,0.8327289857725888,0.1321036651949768,0.22054653571611518
mk-8245,1.3007590417151491,0.1321154458702886,0.22054653571611518
estramustine-phosphate,1.3398706287915256,0.13214502174559217,0.22054653571611518
mk-3207,0.7331827357889512,0.13379789979183235,0.22290325106600517
gidazepam,1.6563766773266693,0.13386518671482964,0.22290325106600517
at-9283,0.7223941300371214,0.13405994532726007,0.22297096653855783
bindarit,1.3723972305198522,0.13634737520151324,0.2264633877682853
cholecalciferol,0.6938279097006964,0.13647525989498785,0.2264633877682853
gilteritinib,1.4956077568532025,0.13662925882633936,0.2264633877682853
tetrahydrouridine,0.7983034849205154,0.13708572328929305,0.2269592350386442
tw-37,0.41279863714762427,0.1372421082645568,0.2269592350386442
pitavastatin,0.760636447509511,0.1381016142607504,0.228119903921582
sertindole,0.6077323299997732,0.13828895076021205,0.22816888454963152
colforsin-daproate,1.2418988188808389,0.13871336755150127,0.22844515509366534
proflavine-hemisulfate,0.6348149183416893,0.13877214328080983,0.22844515509366534
abiraterone,0.7814697309771121,0.1393204647795797,0.22908717333642253
evacetrapib,0.7619719035211134,0.1397021497157236,0.22945404158757324
capsaicin,1.341294421158989,0.14128705366735725,0.2317940665041564
ammonium-lactate,1.2905400442320816,0.1417043559873474,0.23221115635732945
se-methylselenocysteine,1.331518307124938,0.14186224064953645,0.23221115635732945
r547,0.5589503891794828,0.14203186640434884,0.2322261137707263
sulconazole,1.7707071023027232,0.14230478011446848,0.2323923354370178
octenidine,0.536063852335897,0.14245473499145458,0.2323923354370178
pha-767491,0.6704747675468239,0.14273190921540563,0.23247103708148198
whi-p154,0.8182232530148013,0.14282429299615582,0.23247103708148198
halofantrine,0.743607174419942,0.14349952953507422,0.23330766206432854
spironolactone,2.331819673985923,0.1451751984305318,0.23576712921322057
pf-03814735,0.7747873088663464,0.14578413764503112,0.23649063584345295
ouabain,0.5030290226821592,0.1470110892992632,0.23817916143416817
sb-200646,1.3136879856734265,0.14715422966285166,0.23817916143416817
fk-888,0.6941520704815857,0.14946247146890979,0.24164491197263963
tyrphostin-ag-494,0.7309195085826802,0.15039972968676898,0.2428888491704852
gsk2830371,1.6256741042244869,0.15147782445838348,0.24359575098213399
gdc-0152,0.8703439957902075,0.15149082103460607,0.24359575098213399
riboflavin,1.2900389589356356,0.15150225134605486,0.24359575098213399
10-hydroxycamptothecin,0.6482900292372907,0.15151083336829343,0.24359575098213399
ketoprofen,0.769840890748296,0.15500230279227603,0.2489326660826009
venetoclax,0.8235828097514676,0.1560359846224692,0.25031493320256426
jzl-184,0.7540170372365452,0.1569916550381081,0.2515691304984966
d-4476,0.7954288273893264,0.15762668744672576,0.25230731939757983
rg108,0.8011256618393124,0.15782251578553924,0.2523416357366578
rheochrysidin,1.396568808729285,0.1582698308588859,0.25277753339162023
tilmicosin,1.4079713609108533,0.1608784409600659,0.25666053370365527
cep-32496,1.2616590662164688,0.16148063544572738,0.2573375324779378
caffeic-acid-phenethyl-ester,1.2260606770508446,0.1634470308935705,0.26018465753905
sorafenib,0.7555908734915773,0.16534937282673662,0.2629236730552614
bendroflumethiazide,1.2487691931559584,0.1669869790515744,0.2652361785813701
idoxuridine,0.824437679045061,0.1676335884367572,0.26597127463595144
digoxigenin,0.4081682892437704,0.1686099725472453,0.2672274154171566
at7867,1.2474208463452663,0.16936508261891808,0.2681304973190093
amg900,1.2181559702442382,0.17119888465855665,0.270737471148559
kifunensine,1.2195236399750204,0.1720416379388592,0.2717731987964293
istradefylline,1.2336588975758447,0.17389162011873593,0.27439604614156043
triamcinolone,1.2741591323348465,0.1743898070085066,0.2748824082149336
vatalanib,0.7681472136232252,0.17496736461541224,0.2754667921588197
cyclocytidine,0.7367835349220763,0.17514129149005814,0.2754667921588197
oxprenolol,0.6856500910207127,0.17684504752114039,0.27784449919988075
sodium-stibogluconate,1.2778440870059904,0.1771127758518946,0.2779633260929409
diaveridine,0.78646979510709,0.1785318888284017,0.2798869373073643
betamethasone,0.8491504870575074,0.18290477315180725,0.28643204193794924
pd-0325901,0.7745281497893074,0.18438747133445327,0.28816475136991465
vx-702,1.2400491115138559,0.18440950916968968,0.28816475136991465
tucatinib,0.5813152502346057,0.18510994052601032,0.28894723186746163
zk811752,1.4389448621420482,0.18605106873098304,0.29005474534717385
tak-285,1.2880918074645338,0.18622035827748756,0.29005474534717385
diclazuril,0.682203575809915,0.18843837318079787,0.2931938989167898
abemaciclib,0.5792003770616172,0.18872149339647026,0.2933190128299597
flutamide,0.8127594626489766,0.19231211082427666,0.298578996097348
ajmaline,1.2482547369346249,0.19253095714628993,0.2985983869139137
beta-lapachone,2.866413510998685,0.19296058491135334,0.2989442894718718
sc-144,0.836088252273378,0.19346269485413936,0.2994016250844274
sb-205384,1.2998465823956136,0.19439754131737175,0.3005269682545266
bi-2536,0.7974483578404435,0.19497358555639888,0.3010958146212478
tideglusib,0.7735846489216972,0.19618488472438006,0.30264342025178886
cyclosporine,0.6630764093105787,0.19672561027226904,0.30315437493500885
clotrimazole,0.826859095266137,0.1989827612406177,0.30630644203741897
ly2874455,1.5726330620978186,0.19956563648394937,0.3068772327229275
deoxycorticosterone-acetate,0.68277787225472,0.20159868400751657,0.30967441163362686
vorinostat,0.5997997753410111,0.20472462833285981,0.3141426693506343
lidamidine,0.7868519083405229,0.20569158093687842,0.3152920737454058
oseltamivir-phosphate,1.2546814918179157,0.2059150315040832,0.31530058263112
ro-04-5595,1.1675733077847068,0.2069341399217359,0.3165261104299702
ym-976,0.844921207785409,0.20753857929883598,0.3171154427089923
enmd-2076,0.698059372573174,0.20861578758770213,0.318425152573212
chlorogenic-acid,0.819563169404397,0.21080494918729523,0.3214275674120297
canertinib,1.561359658822009,0.21151157549859848,0.32216552604891785
snx-5422,0.5015529443654835,0.21331019301054022,0.3245634587657747
fludarabine-phosphate,0.7196733020585536,0.21422635707719687,0.325615061649899
famotidine,0.8391476522530211,0.2160618563380076,0.32806034220471875
a-803467,0.7476185331009557,0.21645528262488814,0.32831320121405994
oxaliplatin,0.7701108987311117,0.21753707834525013,0.3296085365084575
su014813,0.7208954238751417,0.21860852972527134,0.33088550472015443
hypericin,0.8143389195477955,0.2196424516459814,0.3321030590718235
orotic-acid,0.8064813050736388,0.22306181091615251,0.3366756979049504
sar131675,0.8839638916373027,0.22325469199371284,0.3366756979049504
arctigenin,0.7410676501523846,0.22336466481600026,0.3366756979049504
sta-5326,0.8292140452913557,0.22466707364366462,0.3381770829291296
spermidine,1.4376820317395458,0.22482816432468744,0.3381770829291296
azd8330,0.775350668031277,0.2259614541611143,0.3395287893781229
niridazole,1.2400552325298848,0.22714093836606858,0.34094703092915063
"l-798,106",0.8496061062326683,0.22862910198462505,0.34282519230233416
stf-118804,0.5606333990573544,0.231162308069209,0.3459707137210517
nelarabine,1.2484118356093619,0.23120503121510505,0.3459707137210517
pik-75,2.59833563563812,0.2320755460559856,0.3465621742887171
chloropyramine,0.7126204430380962,0.2320792998519467,0.3465621742887171
givinostat,1.8209342810953053,0.23498632061993635,0.35033835180656037
pha-848125,1.519122687719962,0.23511925351674742,0.35033835180656037
methacycline,1.2740422631959887,0.23533440079887816,0.35033835180656037
pilaralisib,1.2673648953727827,0.23784701980979253,0.35371494107376134
bibu-1361,0.8209670805134458,0.23873486549693063,0.35467079093845855
ponatinib,1.3776161320231128,0.24001083382444582,0.35620069389125447
bms-626529,0.7943162728563498,0.2410765348511818,0.3574157232885862
estradiol-cypionate,0.7804368146095142,0.24144704648925241,0.3575986451074189
bosentan,1.1798138282894615,0.24185741555732893,0.3578401639176431
plx-4720,0.7672622010793,0.2436331666399561,0.36009927694383703
ri-1,0.8231358144244177,0.2442224306141088,0.3606018949985872
buparlisib,0.5197015816392627,0.2445697137537775,0.3607465604502712
ha14-1,1.7699704012894055,0.24492016517568435,0.36089559980571817
satraplatin,0.8272440907337945,0.24530297183437033,0.36109196362597545
az-628,1.1924297788944027,0.24560626761590154,0.3611710053254162
bibr-1532,0.7303139596981533,0.24652736992282046,0.3621127021462902
ly2784544,0.802807689165217,0.24674714880182597,0.3621127021462902
aee788,1.2215122392415594,0.24938062930426552,0.36560665714617246
metoxibutropate,0.8253084318650221,0.24979378682766656,0.3658417100603578
tetrandrine,0.6326783715761156,0.25017302045944523,0.3660266537965796
cct137690,0.6883023013798887,0.25064851016090156,0.36635191333618644
as-703026,1.2633878864824732,0.2526829922512398,0.3686665116282189
y-39983,0.8457378835350059,0.2527416582827872,0.3686665116282189
colfosceril-palmitate,0.7631134520304208,0.25560533340672875,0.37246819480315857
jnj-16259685,0.8248031862269369,0.2562159175085151,0.3729823265943876
bay-k-8644-(s)-(-),1.2008580344501527,0.2587893909043221,0.3763499986317127
trans-4-hydroxycrotonic-acid,1.2119318944985702,0.2605948282669386,0.37843941783006263
tipiracil,1.4871828517777925,0.26088673441920784,0.37843941783006263
rifampin,0.7502037106170967,0.26101073876600034,0.37843941783006263
evp4593,0.7363200123123154,0.2621369206918007,0.3796918160570928
mubritinib,0.7229944032542562,0.2651133625760067,0.38361903564748173
cinromide,0.7378796526242348,0.2660564067723682,0.3844198525600115
narlaprevir,0.8678181475020744,0.266392778388808,0.3844198525600115
birinapant,0.8621422315920445,0.26646379552017385,0.3844198525600115
trichostatin-a,1.8831630954526861,0.2681210763269162,0.38642549546319493
srt1720,0.7240702987348201,0.2704886632933255,0.38944984655267856
pd-168393,1.4322088809351579,0.273078612960904,0.39278802480559455
sonidegib,1.9638351624531614,0.2735327328445193,0.39284280225611595
suxibuzone,1.1859398943176356,0.27373951930870055,0.39284280225611595
norethindrone,0.8047998693098299,0.2739311592787982,0.39284280225611595
rn-1734,0.6828167633588694,0.27467465528566565,0.39351903583995856
oltipraz,2.000294021654444,0.2768222422897033,0.39620354559169213
paricalcitol,1.2276942140251066,0.27719081778718113,0.3963390448004458
sb-590885,1.1729115781718105,0.27822924073414007,0.39739294353425003
imatinib,0.6963828880122399,0.2784771560081061,0.39739294353425003
dvd-111,1.246570350876323,0.2792048940963996,0.3977034740711436
josamycin,1.2260212582102443,0.2792444572607339,0.3977034740711436
dequalinium,0.7666669477554903,0.28076873099603217,0.39948117379671444
tranilast,1.3063827641401846,0.28108043749870826,0.3995318202953152
morin,0.8324533656724733,0.28202853107808457,0.4004860495289385
az3146,0.8227636377878025,0.2833807945849496,0.40201177427884516
zaleplon,0.7610079972856115,0.28540480037247407,0.40448652902935356
pi3k-in-2,1.4631554396139033,0.2860444484139577,0.40499639613991856
parachlorophenol,0.8156304968445317,0.28790821921876014,0.40723674800542126
trequinsin,0.7738210965685852,0.2897448748205226,0.4093823134006604
sib-1757,1.2304819339435924,0.290013013601928,0.4093823134006604
cr8-(r),0.6082985012353578,0.29027384488533353,0.4093823134006604
famciclovir,1.181526769470221,0.29146292101895527,0.410659052302267
methylphenidate,0.8197333901518804,0.2921892212085646,0.4109439304426166
trolox,0.8240200905003935,0.2922331060300294,0.4109439304426166
secnidazole,1.2297468533507854,0.29256572036706374,0.41101223045741864
palmatine-chloride,1.142005297004584,0.2957361321911908,0.41506322335659857
idronoxil,1.3129623486502013,0.29727858201074764,0.4168237482263099
kenpaullone,0.8929631739166881,0.30107426487186073,0.4216985703707298
p22077,1.1332942942157336,0.3015482519006587,0.4216985703707298
minocycline,1.1467828242255105,0.3016295924904667,0.4216985703707298
9-aminoacridine,0.5332517316164411,0.30270924300022606,0.42267608922071975
usniacin-(+),1.181925339166459,0.3029129955230728,0.42267608922071975
romidepsin,1.3561136746726206,0.3041910919027469,0.4240505876524805
dpi-201106,1.642962889290537,0.30580411038899485,0.4258888813598417
triamcinolone-acetonide,1.1183662540064336,0.30862148644890436,0.4292024551019512
barasertib-hqpa,0.8516942711891354,0.3087766107540644,0.4292024551019512
warfarin,0.8608264572723257,0.31159003722385237,0.432697489311818
carmofur,0.6841946340655455,0.3159006280960712,0.4382629039837153
anagrelide,0.6854481645005056,0.3176778319409161,0.44030634369588656
zaldaride,1.2183559753536959,0.31873707952151104,0.44106919746032375
mk-0812,0.8383511253649751,0.3188378580120931,0.44106919746032375
epiandrosterone,0.8408427626820282,0.3201638296835203,0.44248047903730076
nemonapride,1.118228188496416,0.3207470628229553,0.4424856063089221
azd9668,1.192442813858197,0.3207791299364612,0.4424856063089221
navarixin,0.767527367170271,0.3216486603695809,0.4432624871950319
sodium-tanshinone-ii-a-sulfonate,0.8450980625928678,0.32604688475620736,0.44889613914579646
rg2833,0.8767367857821765,0.3266750978528778,0.449333523377485
jtc-801,0.6117841915129664,0.33066036608678895,0.4543832381078667
ly2090314,1.1732048994727913,0.3326072188664269,0.45662490104337733
nisoxetine,0.8218709731694298,0.3369500936226524,0.46214861182178013
prednisolone-tebutate,1.1762660399810543,0.33839207196714804,0.4636868637655902
cgs-20625,1.173306962742238,0.3397112722636444,0.4650541257951688
pd-407824,0.7456553259521156,0.3402807460805909,0.46539342115181004
ar-12,0.7043626702764667,0.3423821158693925,0.46700737986626545
pyrithione-zinc,0.6239836640186702,0.34240103383965015,0.46700737986626545
pf-4981517,0.8502773183512122,0.34248317861074773,0.46700737986626545
cinacalcet,1.5410314422994835,0.34275178812575946,0.46700737986626545
teroxirone,0.7637210748850255,0.3432672518512655,0.4672697210054385
enocitabine,0.8580014025827035,0.3443567654626828,0.46803084982834103
gdc-0980,0.7769139984077725,0.3444732930664708,0.46803084982834103
psi-7976,0.7357587659114744,0.34610268964363977,0.4698035571429144
vanoxerine,0.6650016771116117,0.3466165331959348,0.4700600970332874
azd2014,0.7663871096228968,0.3485762624925103,0.47218992473268206
cx-4945,1.144482916197867,0.34883968869332216,0.47218992473268206
mericitabine,1.1595397470396274,0.3498096125476746,0.47306028911821046
azd4547,0.8909893051546807,0.3503460727338539,0.47334338678420784
zm-306416,0.8115752770189173,0.35326037429081947,0.47680172529467635
cinnarazine,0.8651011708836065,0.35356479007684016,0.47680172529467635
nithiamide,1.2550813621164916,0.35410430052016284,0.4770846581496049
jnj-26481585,1.300922657319255,0.3546620220476373,0.47739157758412204
thiostrepton,0.777088370480379,0.35641249917999895,0.47907186981930316
vu0238429,0.757973200878407,0.3567496545084744,0.47907186981930316
benzocaine,1.201986218140224,0.3569035768246087,0.47907186981930316
pentostatin,1.2357518406095112,0.35801842588892663,0.48012294926902394
torin-1,0.6391351484246928,0.3593868868171872,0.4813919368198529
crizotinib,0.773606321870927,0.35963005093452727,0.4813919368198529
erteberel,0.8433027270031841,0.36064433737486,0.48230347151702624
atenolol-(-),0.8848163875736181,0.36119097236968767,0.48258849216891786
cefpiramide,0.8877753915933473,0.36356484825863034,0.4853121175555702
4-hydroxy-phenazone,1.17110955031076,0.3672736160675074,0.48981098843288773
chir-124,0.7873201906679942,0.3680006162295706,0.49023974623076155
forskolin,0.8305401825883437,0.36827270501232745,0.49023974623076155
pr-619,0.6950249898299773,0.3693456081714883,0.49121607998542616
thonzonium,0.6433993802337306,0.3703849663246379,0.49214604799977135
phenazone,0.8417061930606762,0.3707682092001793,0.4922033015712472
cid-5458317,1.8121972903201087,0.37133490146103076,0.49234750284015394
ethacridine-lactate-monohydrate,1.1976721123219158,0.371557341466101,0.49234750284015394
pf-562271,0.6866799957100854,0.3752709560958659,0.4959245653242194
alfacalcidol,1.187591247322131,0.3753485810637428,0.4959245653242194
caffeic-acid,0.8624038260808937,0.37550615443177926,0.4959245653242194
ly303511,0.886684385034549,0.37562772881502726,0.4959245653242194
monobenzone,1.2446953918433956,0.37714362068086904,0.49747203201934137
artesunate,0.8805536283318263,0.3780076802255242,0.49815766237371
kd025,0.8054264073523342,0.3786241230195837,0.4985160200266948
endo-iwr-1,1.2238316586259936,0.38042268401311075,0.5004287488790647
gs-39783,0.8527613664813873,0.38263919610044916,0.5028872995071298
barasertib,0.7687398172543426,0.38561981222746855,0.5063447080700063
g-1,1.125960596868173,0.3870312344351451,0.5077372585926155
2'-meccpa,0.9119457388083594,0.38801629999577814,0.5085684656647563
nicotine,0.8501952452636707,0.3920077054516167,0.5133349771841532
rki-1447,0.8557327584024033,0.39414719212708593,0.5156699701698855
dihydroergocristine,1.2078296340313797,0.3948731906975175,0.516153122799736
nvp-bvu972,1.1405485711794296,0.39560484176207944,0.5166427852253871
carbachol,1.231513060315598,0.3975219063996962,0.518678267412408
gw-441756,0.81325005676217,0.39901726214223276,0.5201603408286584
posaconazole,0.8486014334815449,0.4049583100488816,0.5269875502486021
epinephrine,1.1571814824893802,0.4049828305987875,0.5269875502486021
nsc-23766,1.232911167349946,0.41092349359442215,0.5337959679825892
floxuridine,0.861842187179779,0.41095280465280193,0.5337959679825892
ly2183240,1.172048413158925,0.4113873214817104,0.5338811248287308
palomid-529,0.8736088795548106,0.4121673219541775,0.5344140814226657
dicycloverine,1.1916920188551263,0.4126672288599569,0.5345832409671958
artemisinin,1.16926910952089,0.4218244552986077,0.5459570543981086
cytochalasin-b,0.7659929495031134,0.4223936255227658,0.5462051618690278
pheniramine,0.8496312266682405,0.4245125843543852,0.5484550978221387
vincamine,0.869164166805015,0.42498763558765573,0.5485790443312558
am-251,1.2035600121640515,0.42556468579239604,0.5488343140299439
gemcitabine,0.8506029944527868,0.42850650717923755,0.5520242392898562
gdc-0941,1.2153371882711534,0.42880113680843013,0.5520242392898562
tmc-353121,1.2440386659210798,0.42968356143060205,0.5526685452356277
tak-632,1.4104906029048898,0.43043005931784195,0.5531370300469959
adl5859,1.1208320357449693,0.4309748850477666,0.553345748592829
motesanib,1.6070117509655566,0.43187023788417045,0.5536563160890221
pd-98059,0.8564224058269807,0.4319820185656572,0.5536563160890221
pha-680632,0.700881089020026,0.4328074582971754,0.5542233558902768
benfotiamine,0.8914498097430126,0.4386966966121275,0.5605477790677096
ly2109761,1.1450225216544478,0.4387785510536263,0.5605477790677096
fenoprofen,0.8017464668679242,0.4389085236238528,0.5605477790677096
colistin-b-sulfate,1.11576223388371,0.4432034792725692,0.565454800655928
acy-1215,0.8115505047811611,0.4440567382592966,0.565454800655928
wz-3146,1.2632901671959496,0.4441251857579055,0.565454800655928
pac-1,1.1132831507800516,0.4443138274677195,0.565454800655928
remoxipride,0.8717289471723538,0.44503009079862965,0.5658686655409642
tepoxalin,0.7824967744741481,0.44597059611971734,0.5665666835691229
icotinib,1.4006514752307566,0.4466985674343633,0.5669937079627402
oxyquinoline,0.7310177285609691,0.44770787458086114,0.5677767699548695
chir-98014,0.8715207166398172,0.4481871008860432,0.5678868082155031
sr-33805,0.7833927440516596,0.44959723235183147,0.5691751489178478
pf-04136309,0.8708991969245701,0.45019340365114113,0.5694316915062947
spermine,0.8345373197809545,0.452781783281729,0.5722054501385694
lasalocid,0.6587155436906013,0.4531797890753193,0.5722086865549625
idelalisib,0.6438368022475577,0.4544381658798282,0.5731162758082258
enzalutamide,0.8865687204253897,0.45473964687016943,0.5731162758082258
xbd173,1.1359596774806762,0.4550868009009339,0.5731162758082258
chlormidazole,1.2057445530941138,0.4559605325187708,0.573464388867631
dacinostat,0.7283285999399828,0.45615584767563455,0.573464388867631
azd1480,1.1735829056951816,0.459327175519494,0.5762477652854431
practolol,0.8030943438557023,0.4598204202410452,0.5762477652854431
nilutamide,1.2252386856039414,0.46013243430387274,0.5762477652854431
leucovorin,0.8908744506598117,0.46050143921039943,0.5762477652854431
arcyriaflavin-a,1.1510795388929682,0.460602816939111,0.5762477652854431
prazosin,0.8648703183218367,0.4607592705150364,0.5762477652854431
domperidone,1.12726565815358,0.46315404644307545,0.5787425778956219
elacridar,1.312150792263631,0.4684909051726497,0.584868825248046
ivermectin,1.1977860368171886,0.4688651259763188,0.584868825248046
nms-e973,0.7380070371866816,0.47071724252797786,0.586673428025826
snx-2112,0.6652682268706901,0.4734077375368597,0.5895189296177591
ebastine,1.1653724796993596,0.47537032930574374,0.5914079804318416
ar-42,0.8253685389429516,0.47574214873715526,0.5914079804318416
dihydroartemisinin,1.080420636258342,0.4789246246953959,0.5948531604585733
d-serine,0.868193889643659,0.4806320494431604,0.5964619001237162
isoetharine,0.8804769390799833,0.48137226003984346,0.5968686034941333
rs-17053,0.6809332575559404,0.48184251888580587,0.5969401753662339
sgi-1776,0.9002956309428969,0.483026441489776,0.5978950049920495
teniposide,0.788266443101775,0.48945930257694714,0.6050579509269042
amg458,0.9030353701466467,0.4896495235213578,0.6050579509269042
filanesib,0.8754078701007655,0.49015952013335884,0.6051713529291556
thioproperazine,1.173224781927724,0.4947492438655663,0.6103172684343346
butamben,0.8699710523359389,0.4962563139560169,0.6116549287004739
anastrozole,1.1136045795129403,0.4974321697636689,0.612582425232365
mpi-0479605,1.123587519728474,0.4984714176952163,0.612861597688074
selumetinib,0.8242266004290758,0.4985059436619649,0.612861597688074
4e1rcat,0.907209507672065,0.5003837001662427,0.6146478897627786
pfk-015,0.7988044321287803,0.5041666301008849,0.6187693924987112
tyrphostin-ag-1478,0.8366503438096302,0.5089562407095436,0.6241183731412793
cd-437,1.3688334000663211,0.5097056536977886,0.6245081125323456
cct129202,1.1788712260400893,0.5103567499362869,0.624776833466842
mitoxantrone,0.8098139480718051,0.51133632026566,0.6248061698090343
epothilone-a,0.7626243551183736,0.5116156873905537,0.6248061698090343
ilomastat,1.1786597405814692,0.5116760962154151,0.6248061698090343
kw-2449,0.8688298065081957,0.514542335860309,0.627514568338242
nefiracetam,0.8858597646384666,0.5147614323548675,0.627514568338242
oxibendazole,1.289259588276089,0.51745539480229,0.6302676399654155
cidofovir,0.8671790587795166,0.5203950625777327,0.6333151013877033
valrubicin,1.260341009406381,0.5212119104836495,0.6336191805034002
tezacaftor,1.139823667853144,0.5215206938352105,0.6336191805034002
abiraterone-acetate,0.8690806306019896,0.5228389558146327,0.6346878935098771
sch-900776,0.8327655113813422,0.5253842593299306,0.637243104149547
nimorazole,1.2002274765360001,0.5271471575815445,0.6388458434007495
sb-939,1.3294417935610747,0.5281366224092834,0.638858976078211
gsk1838705a,1.1331480718809566,0.5282918699458224,0.638858976078211
trifluridine,1.2178773558593803,0.528482511655576,0.638858976078211
ziprasidone,1.0903340034943276,0.5305148466924403,0.6407804533922882
niclosamide,1.1799904687827345,0.5334616476600863,0.6435057491548214
fulvestrant,0.9224876297484889,0.5336606074538948,0.6435057491548214
panobinostat,1.145505774622336,0.5377586822763023,0.6475658665441753
pp-2,0.9156549917676418,0.5379227170601926,0.6475658665441753
cisplatin,0.8924194912809562,0.5387037253553887,0.6479669913460079
sb-525334,1.1119549952987238,0.5396267592782522,0.648538140096039
ambazone,1.1113752066158455,0.5417447491698164,0.6505432797084849
golvatinib,1.236388428879289,0.5429150832930023,0.6514080642827316
gestrinone,0.88348299684269,0.5440532503021069,0.6522086290839935
"cp-945,598",1.1496557924998612,0.544483776042477,0.6522086290839935
benzydamine,0.915721822406747,0.5469898723413664,0.6546686065160937
norgestrel,0.9204740489579705,0.5490543284915822,0.6565963746506772
propoxycaine,0.9057975144341888,0.5509042715698601,0.6582646415867774
polydatin,0.8167139857308195,0.552059011461537,0.659034273807435
maprotiline,1.118427462051407,0.5524592772138346,0.659034273807435
thiocolchicoside,0.8923932736843079,0.553326798699969,0.6595254346942794
fli-06,1.1339563530166497,0.554988610004576,0.6609617437667666
inosine,1.2224665914320973,0.5564674883868979,0.6621780063288168
florfenicol,1.1042893706642223,0.5593688008304325,0.665083529007096
4-pyrimidinecarbonitrile,1.108778095861287,0.5602281074871265,0.6655583510130312
frentizole,1.1192627812020788,0.5617111217178734,0.6667727589218726
taurine,0.9010370016573859,0.5665421836738951,0.6719561801443656
costunolide,1.0841750427672456,0.5693056683732088,0.6746808371302484
mtpg,0.8793677895398868,0.5700796716638148,0.6750452413236825
cimetidine,1.1835982443234823,0.5730273330331037,0.6779808265730999
gw-405833,1.088812915871153,0.5747108432098487,0.6794171487946495
cgp-37849,1.118027606485337,0.5798992106296472,0.6848597615663742
oxonic-acid,0.8919499477714363,0.5802612769041982,0.6848597615663742
chir-99021,1.068737945489091,0.5810326337197573,0.6852112640525582
bardoxolone,1.186475600983208,0.5817474896409753,0.6854956168652209
resiquimod,0.735190098023383,0.5835233193166564,0.6870286762011406
triclabendazole,0.8570092402692878,0.5884529831852205,0.6922694850967595
unc0631,0.7687117902990421,0.590012915743619,0.6935407709837667
omeprazole,0.8855053329406923,0.5931704665835469,0.6966864165149289
jnj-7706621,1.2069773813033458,0.5974115604035075,0.7010985627768657
pf-573228,1.0906832927575345,0.5999948925819734,0.7033064943197301
tpca-1,0.8805834970266758,0.6002650452556093,0.7033064943197301
kynurenic-acid,1.0673820869086736,0.6011955045841222,0.7038267759977548
mln-8054,1.1465797102444164,0.6025929684192344,0.7048925022656687
gtp-14564,1.1063435495564289,0.6038245362408439,0.7050209946424161
erythritol,1.1021123325079591,0.604157048300614,0.7050209946424161
valnemulin,1.1786493548976622,0.6043658349714611,0.7050209946424161
lidocaine,0.9026551205962601,0.6046517307195842,0.7050209946424161
riociguat,1.0820281127521374,0.6080092448085895,0.7083650380338399
anisomycin,0.7697117354590128,0.6094023255304787,0.709416866486406
lomefloxacin,1.13569958448979,0.6110527050485288,0.7097761296368813
tu-2100,1.1049639782853997,0.6112627193217179,0.7097761296368813
ecamsule-triethanolamine,0.9207460448498844,0.6116328452246009,0.7097761296368813
alogliptin,0.9126938834570877,0.6116730018363448,0.7097761296368813
uh-232-(+),1.0903917359126987,0.6148928243489526,0.7129406384879282
inc-280,1.225023361651556,0.6178216756589481,0.7157629821285011
nvp-tae684,0.8738401082310178,0.6187550606929095,0.7162708582581121
atiprimod,1.2036897995236184,0.6200318735644236,0.7171751567128065
cytarabine,1.121644089966047,0.6215720065050494,0.7178603386177268
danusertib,0.8801522961723689,0.6216164507864628,0.7178603386177268
forodesine,0.8594070916836439,0.6236296525261156,0.7191903866670093
tyrphostin-ag-99,1.1907587609877024,0.6237622220228727,0.7191903866670093
clebopride,1.0941235507926705,0.6267370744394567,0.7220450212690238
fexinidazole,1.074940021751608,0.627529949129626,0.7221360789648675
carboxyamidotriazole,1.1700147174834972,0.627814227600417,0.7221360789648675
berberine,1.170070876447206,0.6347110981063366,0.7294892446067268
delanzomib,1.2723630376580066,0.6362934918996659,0.7307275260149337
abt-737,0.9098043921628762,0.6373508026098011,0.7313613095768297
creatine,1.0730322326389465,0.6398744170390007,0.7336753418822775
cariporide,0.9373213345924709,0.6416345441078712,0.7351109939224779
skepinone-l,1.0726140759409133,0.6436581139971391,0.7368459580331174
wz-4002,0.9399317982705384,0.6482474562306209,0.7415130981547102
digitoxigenin,0.8380389147197127,0.65663931632994,0.7495004348986676
stemregenin-1,1.0684496776343015,0.6570251590589176,0.7495004348986676
tazemetostat,1.0947857151344094,0.6571573098722907,0.7495004348986676
idra-21,0.9350699454540483,0.6573020400044293,0.7495004348986676
saxagliptin,1.0891966094130097,0.6607235198150356,0.7528086087971312
ly2801653,0.8384944611198573,0.6620467072970031,0.7537227265607895
4-methylgenistein,1.06791588178473,0.6629255643226153,0.7541299462066229
nexturastat-a,1.0536204131470157,0.6666090546568675,0.7577245106743812
pj-34,0.9139788876337098,0.6682387946792918,0.7589807974104673
prednisolone,1.046838594692706,0.6699879575706454,0.7597848194328319
candesartan,0.9311962314992703,0.6699968414625388,0.7597848194328319
k-858,0.8735296589843506,0.6713660666440768,0.7605129111622333
nicorandil,0.923776395866107,0.6716900486975357,0.7605129111622333
trometamol,1.0755910205058736,0.6724447780061903,0.7607721608873786
az20,0.8296509800449474,0.6759439961890441,0.7641335644418334
1-azakenpaullone,0.9447829822544997,0.6775949040780136,0.7654018939897623
thiram,1.1232522688683229,0.6858847634505014,0.7741616635825863
pindolol,1.0746729287883492,0.692225927257127,0.7801787752011855
clofarabine,0.8970712458669033,0.6922940893975966,0.7801787752011855
cilostamide,0.91989590006694,0.69610109954716,0.7838585922527164
mechlorethamine,0.9157552617592504,0.6966981493671768,0.7839208570251204
tanshinone-i,0.9095779433381282,0.6979776858664553,0.7847503585460457
sodium-glucoheptonate,1.056824036686219,0.7031160763279329,0.7894438330901451
prt062070,0.9562181221449215,0.7036399765849993,0.7894438330901451
pranidipine,1.048151368020618,0.7037889044134673,0.7894438330901451
tak-901,1.1348371395506442,0.7049651556071602,0.7901507204984979
clofoctol,1.1092201507261925,0.7058967359612784,0.7905824898885216
mibampator,1.1208105271510163,0.7101525002148965,0.7947336951360829
r406,0.9315005616878939,0.7114056435760754,0.795520839454854
1-phenylbiguanide,0.9407063563384452,0.7160693626381637,0.8001176584844963
pci-24781,0.8325457550651633,0.7208710573131585,0.8048614351328243
nilotinib,1.0723809469742567,0.7253590163242261,0.8085728449743388
k-strophanthidin,0.8891853282447503,0.7256347422007896,0.8085728449743388
sb-657510,0.955453352040742,0.7258715450046068,0.8085728449743388
temozolomide,1.0833920270406772,0.7279726625321565,0.8102895712954081
navitoclax,1.083878627495591,0.7300273895396655,0.8115756866615282
calcitriol,0.9273781096014213,0.7307588838768608,0.8115756866615282
cyproheptadine,1.0854981824342493,0.7313244732205546,0.8115756866615282
naproxen,1.0673421049389942,0.7318976885290567,0.8115756866615282
vismodegib,1.2504685539967335,0.7319324610181717,0.8115756866615282
ru-58841,0.9464511897115105,0.7348497525887296,0.8141865176078804
bendamustine,1.0799507112753668,0.7375535381075102,0.8165569775375419
ro-10-5824,0.9397490238666345,0.7400388501936788,0.8186821225001935
azd3463,0.8895143913852567,0.7410117800482368,0.8191321968906025
ve-821,0.9439482333936465,0.7420723476689275,0.8194614589974543
sangivamycin,0.8160877581720185,0.7424422755671475,0.8194614589974543
nms-1286937,1.211461777974703,0.7435070094511036,0.8197253433386087
doxycycline,1.067596891610493,0.743814357846298,0.8197253433386087
dofetilide,0.9324844049748866,0.7452860754386509,0.820224248895201
pd-173074,0.9568240198807525,0.7454007514147818,0.820224248895201
cobimetinib,0.9282783318800272,0.7464260481412857,0.8207283371279942
pd-198306,0.9238419252109504,0.7497032207555145,0.8237058165780027
nitarsone,1.0683750363373816,0.751044861389566,0.8245538045756465
tacrolimus,1.068589187838562,0.7518335272824582,0.8247938695812865
hexylresorcinol,0.9370522140328461,0.7539927048194242,0.8265359423285658
adefovir-dipivoxil,1.1025214729034851,0.7550416861290357,0.8270592882882019
tenovin-6,1.131983809625594,0.7570501047469769,0.8280409169246549
y-27632,0.9261493814299359,0.7570823310928255,0.8280409169246549
brefeldin-a,1.2108374833696471,0.7597950863204006,0.8303802793849091
guanidine,1.0654572825070237,0.767698554464034,0.8383847609882695
fg-4592,0.9543471740371028,0.768373868055692,0.8384894321844542
theophylline,0.9383637087692976,0.7698438227552675,0.8394604457625261
drospirenone,0.9374864392404474,0.7722358708968244,0.8410637310829872
halofuginone,1.1556404317736872,0.7730461426113518,0.8410637310829872
ots167,0.8799059301716148,0.773057886897286,0.8410637310829872
tg-100713,1.0799810511285575,0.7763404999819208,0.8440005285303076
dexamethasone-acetate,0.9645568027452661,0.7780256460406674,0.8451975298955298
thiamine,0.9453402176254374,0.7800517590688358,0.8467628622450154
icg-001,0.9377452371247692,0.7836069318531034,0.8499844305782913
azd2858,1.0667549173455448,0.786533150563905,0.8525194523340603
ginkgolide-a,1.0504592079598931,0.7907911762173387,0.8563108343460942
methyldopa,0.9296293598691032,0.7912146409956655,0.8563108343460942
sb-218078,0.9440825379687596,0.7927078576771425,0.8572857025850712
clomifene,0.9375567290607892,0.793793928277602,0.8578191293634728
u-0126,0.9525745789462274,0.7948678017434714,0.8581416093881041
carboplatin,0.9634869338479575,0.7952784368966467,0.8581416093881041
midostaurin,0.890704605390681,0.8008281077310888,0.8634860446251009
altretamine,1.048024658359132,0.8038864948664854,0.8661383157645602
nu6027,1.0490046570419833,0.8075224104052697,0.8694084284646021
nh125,1.1098118528039589,0.8089631996516198,0.8698100371285798
am-580,1.0543522232348062,0.8090976572046085,0.8698100371285798
fluticasone-propionate,1.0400349033544087,0.8116856066957194,0.8719443748245775
cyclosporin-a,0.9577754423176994,0.8146660917596362,0.8737151077803688
gambogic-acid,0.8733612251022758,0.814886844305677,0.8737151077803688
noretynodrel,0.9437812448742484,0.8159242382455858,0.8737151077803688
wp1130,0.850154850083815,0.8160048624559656,0.8737151077803688
proscillaridin-a,0.8718959547998208,0.8163530239938206,0.8737151077803688
sufentanil,1.0477961677137468,0.8211065415431377,0.8781531157523432
cladribine,0.9435411638315759,0.8219720289745033,0.8784294873900341
ubenimex,1.048001860512015,0.8229086845981324,0.878781451375275
iem1754,0.9440774553545229,0.8244167105046404,0.8797426106933737
regorafenib,0.9514985935921577,0.8260479778035568,0.8808337685200786
chlorquinaldol,0.9583070130977823,0.8299794824378162,0.8843743086064212
rabeprazole,1.0467613306192398,0.8343442552871019,0.888067069012933
azomycin-(2-nitroimidazole),0.9586921439750559,0.8346725735021346,0.888067069012933
gefitinib,0.9617871296136848,0.8433093532988829,0.8965970861304068
u-18666a,1.0328496091348915,0.844295963692627,0.8969869746426073
epinastine,1.0331768158778687,0.8467242993083139,0.8989068680111008
mercaptopurine,0.9743193809642289,0.8494200831265823,0.9005211409448024
telatinib,0.9681126667456297,0.8494895351690775,0.9005211409448024
enoximone,1.075103793726398,0.8517964511342243,0.9023056111209535
carvedilol,1.0363160606641943,0.8534766221756139,0.9031249123358635
pp-1,0.9814492447822905,0.8538181617660409,0.9031249123358635
foscarnet,0.9761065553032866,0.8585126794833916,0.9070181373441515
mg-132,0.8877888301490001,0.8587524866354441,0.9070181373441515
azalomycin-b,0.9122185931716709,0.8602330954125299,0.9073751820496476
ast-1306,1.0353237652604874,0.8603446784879865,0.9073751820496476
midodrine,0.9692601885732246,0.8645453488158632,0.9111413836391509
baicalin,0.9644754355087163,0.8653141558597764,0.9112879064986147
palmitoylethanolamide,1.0329627496898532,0.8662010947582637,0.9115585339019692
benzyldimethylhexadecylammonium,1.0399222484982054,0.8669479974591836,0.9116815060490107
iodipamide,0.9605318465892498,0.8676933719043933,0.9118026936424526
12-o-tetradecanoylphorbol-13-acetate,1.0145701488631542,0.8698150526485436,0.9124611702695902
pfi-1,0.949743049526003,0.8703107795768497,0.9124611702695902
oxcarbazepine,1.0253657446017512,0.8707091570758471,0.9124611702695902
danazol,1.0344203001990262,0.8711374665999077,0.9124611702695902
oxazepam,0.9738331082341891,0.8714729352540245,0.9124611702695902
salidroside,0.969664511437158,0.8723653632783333,0.9127351270164484
cx-5461,0.951510343258299,0.8738085381910425,0.9135845048861552
darapladib,1.0622949858106918,0.8806755447117242,0.9200992875074836
p5091,0.9613960455688965,0.8813441084001996,0.92013342341637
3-amino-benzamide,0.9639770316682611,0.8825990177017646,0.9207792203420717
bms-707035,0.9832842065740945,0.8850546144028717,0.9226758119891608
puromycin,0.9425488805695535,0.8956542341704012,0.9330537630270488
tasisulam,0.9234437360617687,0.896762134805726,0.9335358338589105
bi-78d3,0.9313820138841225,0.8980725418003616,0.9340403251858824
zk-93423,1.0255106888242016,0.8989274052824561,0.9340403251858824
ercalcitriol,1.0219167218942762,0.8994282137103173,0.9340403251858824
tg100-115,1.029122562676059,0.900013321086184,0.9340403251858824
r306465,0.9472690285862767,0.9004742595952356,0.9340403251858824
onx-0914,1.0708739560705434,0.9026667581027303,0.9356438388070565
echinomycin,0.9540014766707717,0.903596461230522,0.9359370647104976
chlorambucil,1.0280234682928815,0.9088432820369569,0.9406983040826012
bumetanide,0.9797295280623354,0.9099919381619203,0.9412139632025008
aminopurvalanol-a,0.9823644696383453,0.9115413880892789,0.9421431346894189
mesna,0.9834804031554145,0.913471093976037,0.9434637209017313
pazopanib,0.9810200016430836,0.91533585255132,0.9445835689272069
stattic,0.9320556111349112,0.915860917211383,0.9445835689272069
canrenone,1.0187851371979098,0.9169618767321855,0.9450454669739832
7-nitroindazole,0.9831569196398889,0.9233396823474368,0.9509412956275737
clobetasol-propionate,0.9915211010152997,0.9247538669543789,0.9517203737432335
telotristat-ethyl,0.986031017493797,0.9266611221434752,0.9530054326521737
phenylmercuric-acetate,1.0499530515856694,0.9327384379241429,0.95814515855248
amisulpride,1.0215781431667732,0.9334806844759228,0.95814515855248
batimastat,0.9716616771287696,0.9336452477947456,0.95814515855248
deferasirox,1.0147076928941425,0.9343956066097899,0.9582356079123784
estradiol-benzoate,1.0161162893316888,0.9350989297027632,0.9582777275353388
e7449,0.9867570430846684,0.9360620890393179,0.9585858760367254
flufenamic-acid,1.0135624604549103,0.9367962816597007,0.9586592783320984
loxistatin-acid,0.9857546157679926,0.9466425432694964,0.9657717627794383
ipsapirone,1.0173187750417123,0.9487522144503203,0.9657717627794383
chlorhexidine,1.0210665919141,0.9495380314801952,0.9657717627794383
gsk-3-inhibitor-ix,1.0083631277705472,0.9499794645417192,0.9657717627794383
sevoflurane,0.9894950472293679,0.9501488724051983,0.9657717627794383
lappaconite,1.0285808497720972,0.9502610071519609,0.9657717627794383
chlorindanol,1.0126249134887628,0.9510278602252402,0.9657717627794383
homosalate,1.0121091395676738,0.9513060243725279,0.9657717627794383
crystal-violet,0.988085043662602,0.9514749659168091,0.9657717627794383
bms-986020,0.9927601634514982,0.9516423916257473,0.9657717627794383
amsacrine,1.019167314159374,0.9519807573740015,0.9657717627794383
cabozantinib,1.0100977981698434,0.9523153695919616,0.9657717627794383
resminostat,0.9910735327286524,0.9529655837655466,0.9657717627794383
darifenacin,0.9857018358614449,0.9530905855211044,0.9657717627794383
pterostilbene,1.0130488061126075,0.9565640505981448,0.9686131429079884
bifemelane,1.0110361860885035,0.9578545768411199,0.9692416592231471
zolmitriptan,0.9911041021693415,0.9591844601662013,0.9699090942421336
ryuvidine,1.0352306672016491,0.9603662049364277,0.9704259068037786
ly2334737,1.0239748119250147,0.9627625071091777,0.972049637105412
brequinar,1.0248906674119433,0.96331664105678,0.972049637105412
foretinib,0.9826802328462837,0.9646683547352687,0.9727352678062257
pd-184352,0.9931730987541387,0.9658846139079061,0.9732834514796241
piperacetazine,1.0048805212805774,0.9669648346248121,0.973693887057831
ccg-50014,1.0120010360916345,0.9754820877599224,0.9815873303119665
sr-57227a,0.9953374818970324,0.976962591717945,0.9823939334370163
ici-162846,0.9965493176933774,0.977670732203191,0.9824232982625122
dichloroacetate,1.007962439654335,0.980810198533092,0.9848940716706345
protirelin,0.9958356434075659,0.9845065344754784,0.9879202187142977
pf-3845,0.9986054519540803,0.991460172969325,0.9942085033171264
mek162,0.9987162661877297,0.9959850652101427,0.9969321658157412
s-methylcysteine,1.0010587250049157,0.9960216499175272,0.9969321658157412
sarafloxacin,1.0009435406041953,0.9962432009464836,0.9969321658157412
fr-122047,1.0002763174555833,0.9986512076310375,0.9986512076310375
