ModelID,OncotreeLineage,OncotreeSubtype,ModelSubtypeFeatures
ACH-000001,Ovary/Fallopian Tube,High-Grade Serous Ovarian Cancer,
ACH-000002,Myeloid,AML with Myelodysplasia-Related Changes,"NRAS, BCOR and CDKN2A"
ACH-000003,Bowel,Colon Adenocarcinoma,
ACH-000004,Myeloid,"AML, NOS",JAK2 and TP53
ACH-000005,Myeloid,Acute Myeloid Leukemia,
ACH-000006,Myeloid,Acute Myeloid Leukemia,"KMT2A::MLLT3, TP53, ASXL1 and U2AF1"
ACH-000007,Bowel,Colon Adenocarcinoma,
ACH-000008,Skin,Melanoma,
ACH-000009,Bowel,Colon Adenocarcinoma,
ACH-000011,Bladder/Urinary Tract,Bladder Urothelial Carcinoma,
ACH-000012,Lung,Lung Adenocarcinoma,
ACH-000013,Ovary/Fallopian Tube,High-Grade Serous Ovarian Cancer,
ACH-000014,Skin,Melanoma,
ACH-000015,Lung,Large Cell Lung Carcinoma,
ACH-000016,Kidney,Renal Clear Cell Carcinoma,
ACH-000017,Breast,Invasive Breast Carcinoma,HER2+
ACH-000018,Bladder/Urinary Tract,Bladder Urothelial Carcinoma,
ACH-000019,Breast,Invasive Breast Carcinoma,ER+
ACH-000020,Lymphoid,B-Cell Acute Lymphoblastic Leukemia,Near haploid
ACH-000021,Lung,Lung Adenocarcinoma,
ACH-000022,Pancreas,Pancreatic Adenocarcinoma,
ACH-000023,Pancreas,Pancreatic Adenocarcinoma,
ACH-000024,Lymphoid,Plasma Cell Myeloma,
ACH-000025,CNS/Brain,Meningioma,
ACH-000026,Bladder/Urinary Tract,Bladder Urothelial Carcinoma,
ACH-000027,CNS/Brain,Glioblastoma,
ACH-000028,Breast,Invasive Breast Carcinoma,ER+
ACH-000029,Lung,Lung Adenocarcinoma,
ACH-000030,Lung,Lung Adenocarcinoma,
ACH-000031,Pancreas,Pancreatic Adenocarcinoma,
ACH-000032,Lymphoid,B-Cell Acute Lymphoblastic Leukemia,TCF3::PBX1
ACH-000033,Lung,Lung Adenocarcinoma,
ACH-000034,Myeloid,Acute Myeloid Leukemia,
ACH-000035,Lung,Non-Small Cell Lung Cancer,
ACH-000036,CNS/Brain,Glioblastoma,
ACH-000037,Soft Tissue,"Sarcoma, NOS",
ACH-000038,Lymphoid,"Transformed cell line, B lymphoblast",
ACH-000039,Bone,Ewing Sarcoma,EWS::FLI
ACH-000040,CNS/Brain,Astrocytoma,
ACH-000041,Bone,Ewing Sarcoma,EWS::FLI
ACH-000042,Pancreas,Pancreatic Adenocarcinoma,
ACH-000043,Fibroblast,"Fibroblast, Skin",
ACH-000044,Breast,Breast Invasive Lobular Carcinoma,luminal ER+
ACH-000045,Myeloid,Acute Myeloid Leukemia,"KMT2A::AFF1, FLT3-ITD, TP53, STAG2 and MGA"
ACH-000046,Kidney,Papillary Renal Cell Carcinoma,
ACH-000047,Esophagus/Stomach,Stomach Adenocarcinoma,
ACH-000048,Ovary/Fallopian Tube,Endometrioid Ovarian Cancer,
ACH-000049,Kidney,Immortalized Embyonic Kidney Cells,
ACH-000050,Lymphoid,Plasma Cell Myeloma,
ACH-000051,Soft Tissue,Rhabdomyosarcoma,
ACH-000052,Bone,Ewing Sarcoma,EWS::FLI
ACH-000053,Lymphoid,Anaplastic Large-Cell Lymphoma ALK Positive,
ACH-000054,Soft Tissue,Fibrosarcoma,
ACH-000055,CNS/Brain,Medulloblastoma,MYC_Exp
ACH-000056,Lymphoid,"Diffuse Large B-Cell Lymphoma, NOS",
ACH-000057,Lymphoid,Plasma Cell Myeloma,
ACH-000058,Thyroid,Follicular Thyroid Cancer,
ACH-000059,Lymphoid,B-Cell Acute Lymphoblastic Leukemia,BCR::ABL1
ACH-000060,Pancreas,Pancreatic Adenocarcinoma,
ACH-000061,Lymphoid,Mature T and NK Neoplasms,
ACH-000062,Lung,Lung Adenocarcinoma,
ACH-000063,Fibroblast,"Fibroblast, Lymphoid",
ACH-000064,Lung,Immortalized Lung Cells,
ACH-000065,Myeloid,Acute Myeloid Leukemia,
ACH-000066,Lung,Lung Adenocarcinoma,
ACH-000067,CNS/Brain,Oligodendroglioma,
ACH-000068,Lymphoid,Mantle Cell Lymphoma,
ACH-000069,Lymphoid,Hodgkin Lymphoma,
ACH-000070,Lymphoid,B-Cell Acute Lymphoblastic Leukemia,TCF3::PBX1
ACH-000071,Fibroblast,"Fibroblast, Bone",
ACH-000072,Myeloid,"Chronic Myeloid Leukemia, BCR-ABL1+",
ACH-000073,Lymphoid,Mantle Cell Lymphoma,
ACH-000074,Myeloid,"Chronic Myeloid Leukemia, BCR-ABL1+",BCR::ABL1
ACH-000075,CNS/Brain,Glioblastoma,
ACH-000076,Myeloid,"Chronic Myeloid Leukemia, BCR-ABL1+",BCR::ABL1
ACH-000077,Lymphoid,Mature T and NK Neoplasms,
ACH-000078,Peripheral Nervous System,Neuroblastoma,MYC_Amplified
ACH-000079,Fibroblast,"Fibroblast, Soft Tissue",
ACH-000080,Myeloid,Acute Monoblastic/Monocytic Leukemia,
ACH-000081,Myeloid,Acute Myeloid Leukemia,MNX1 SV and PTPN11
ACH-000082,Bone,Osteosarcoma,
ACH-000083,Fibroblast,"Fibroblast, Breast",
ACH-000084,Myeloid,AML with Myelodysplasia-Related Changes,"ETV6::AL133456.1 (ETV6::MN1), SF3B1, KRAS and GATA2"
ACH-000085,Pancreas,Pancreatic Adenocarcinoma,
ACH-000086,Pleura,"Pleural Mesothelioma, Epithelioid Type",
ACH-000087,Bone,Ewing Sarcoma,EWS::FLI
ACH-000088,Fibroblast,"Fibroblast, Urinary Tract",
ACH-000089,Bowel,Colon Adenocarcinoma,
ACH-000090,Prostate,Prostate Adenocarcinoma,
ACH-000091,Ovary/Fallopian Tube,Serous Ovarian Cancer,
ACH-000092,Pleura,"Pleural Mesothelioma, Biphasic Type",
ACH-000093,Pancreas,Pancreatic Adenocarcinoma,
ACH-000094,Pancreas,Pancreatic Adenocarcinoma,
ACH-000095,CNS/Brain,Medulloblastoma,MYC_Amplified
ACH-000096,Kidney,Rhabdoid Cancer,
ACH-000097,Breast,Breast Invasive Ductal Carcinoma,"luminal ER, PR+"
ACH-000098,CNS/Brain,Glioblastoma,
ACH-000099,Peripheral Nervous System,Neuroblastoma,
ACH-000100,Soft Tissue,Alveolar Rhabdomyosarcoma,
ACH-000101,Lymphoid,T-Cell Acute Lymphoblastic Leukemia,"TAL1, TRA/D::MYC"
ACH-000102,CNS/Brain,Glioblastoma,
ACH-000103,Ovary/Fallopian Tube,High-Grade Serous Ovarian Cancer,
ACH-000104,Lymphoid,T-Cell Acute Lymphoblastic Leukemia,"ETP-like, SET::NUP214"
ACH-000105,Lymphoid,T-Cell Acute Lymphoblastic Leukemia,"TLX1, NUP214::ABL1"
ACH-000106,Lymphoid,Mantle Cell Lymphoma,
ACH-000107,Pancreas,Pancreatic Adenocarcinoma,
ACH-000108,Pancreas,Adenosquamous Carcinoma of the Pancreas,
ACH-000109,Lung,Lung Adenocarcinoma,
ACH-000110,Esophagus/Stomach,Stomach Adenocarcinoma,
ACH-000111,Breast,Breast Invasive Ductal Carcinoma,basal_A TNBC
ACH-000112,Myeloid,Acute Monoblastic/Monocytic Leukemia,
ACH-000113,Myeloid,Acute Myeloid Leukemia,
ACH-000114,Pancreas,Pancreatic Adenocarcinoma,
ACH-000115,Prostate,Prostate Adenocarcinoma,
ACH-000116,Ovary/Fallopian Tube,High-Grade Serous Ovarian Cancer,
ACH-000117,Breast,Invasive Breast Carcinoma,HER2+
ACH-000118,Pancreas,Pancreatic Adenocarcinoma,
ACH-000119,Fibroblast,"Fibroblast, Bone",
ACH-000120,Peripheral Nervous System,Neuroblastoma,MYC_Amplified
ACH-000121,Lung,Lung Adenocarcinoma,
ACH-000122,Lymphoid,T-Cell Acute Lymphoblastic Leukemia,"TAL1, TP53"
ACH-000123,Ovary/Fallopian Tube,Small Cell Carcinoma of the Ovary,
ACH-000124,Lymphoid,"Diffuse Large B-Cell Lymphoma, NOS",
ACH-000125,Fibroblast,"Fibroblast, Lymphoid",
ACH-000126,CNS/Brain,Oligodendroglioma,
ACH-000127,Bladder/Urinary Tract,Bladder Urothelial Carcinoma,
ACH-000128,CNS/Brain,Astrocytoma,
ACH-000129,Cervix,Small Cell Neuroendocrine Carcinoma of the Cervix,
ACH-000130,Lymphoid,B-Cell Acute Lymphoblastic Leukemia,
ACH-000131,Fibroblast,"Fibroblast, Lung",
ACH-000132,Ovary/Fallopian Tube,High-Grade Serous Ovarian Cancer,
ACH-000133,Fibroblast,Fibroblast,
ACH-000134,Fibroblast,"Fibroblast, Breast",
ACH-000135,Fibroblast,"Fibroblast, Skin",
ACH-000136,Peripheral Nervous System,Neuroblastoma,MYC_Amplified
ACH-000137,CNS/Brain,Glioblastoma,
ACH-000138,Pancreas,Pancreatic Adenocarcinoma,
ACH-000139,Pancreas,Pancreatic Adenocarcinoma,
ACH-000140,Lymphoid,"Diffuse Large B-Cell Lymphoma, NOS",
ACH-000141,Biliary Tract,"Gallbladder Adenocarcinoma, NOS",
ACH-000142,Bladder/Urinary Tract,Bladder Urothelial Carcinoma,
ACH-000143,Lung,NUT Carcinoma of the Lung,
ACH-000144,Esophagus/Stomach,Stomach Adenocarcinoma,
ACH-000145,Soft Tissue,Leiomyosarcoma,
ACH-000146,Myeloid,Acute Myeloid Leukemia,"KMT2A::MLLT3, NRAS and TP53"
ACH-000147,Breast,Breast Invasive Ductal Carcinoma,"luminal ER, PR+"
ACH-000148,Breast,"Breast Invasive Carcinoma, NOS",basal_B TNBC
ACH-000149,Peripheral Nervous System,Neuroblastoma,
ACH-000150,Lung,Lung Adenocarcinoma,
ACH-000151,Lymphoid,B-Cell Acute Lymphoblastic Leukemia,
ACH-000152,CNS/Brain,Glioblastoma,
ACH-000153,Pleura,"Pleural Mesothelioma, Sarcomatoid Type",
ACH-000154,Fibroblast,"Fibroblast, Bone",
ACH-000155,Pancreas,Pancreatic Adenocarcinoma,
ACH-000156,Lymphoid,B-Cell Acute Lymphoblastic Leukemia,"CRLF2 Ph-like, IGH::CRLF2"
ACH-000157,Lymphoid,"Diffuse Large B-Cell Lymphoma, NOS",
ACH-000158,Lymphoid,Activated B-cell Type,
ACH-000159,Kidney,Renal Clear Cell Carcinoma,
ACH-000160,CNS/Brain,Atypical Teratoid/Rhabdoid Tumor,
ACH-000161,Lung,Lung Adenocarcinoma,
ACH-000162,Lymphoid,Burkitt Lymphoma,
ACH-000163,Head and Neck,Head and Neck Squamous Cell Carcinoma,
ACH-000164,Pancreas,Pancreatic Adenocarcinoma,
ACH-000165,Fibroblast,"Fibroblast, Lymphoid",
ACH-000166,Myeloid,Acute Myeloid Leukemia,KMT2A-PTD and FLT3
ACH-000167,Lymphoid,Plasma Cell Myeloma,
ACH-000168,Myeloid,Acute Monoblastic/Monocytic Leukemia,
ACH-000169,Soft Tissue,Embryonal Rhabdomyosarcoma,
ACH-000170,Prostate,"Immortalized Epithelial Cells, Prostate",
ACH-000171,Kidney,Renal Cell Carcinoma,
ACH-000172,Soft Tissue,Extrarenal Rhabdoid Cancer,
ACH-000173,Uterus,Endometrial Carcinoma,
ACH-000174,Thyroid,Anaplastic Thyroid Cancer,
ACH-000175,Fibroblast,"Fibroblast, Soft Tissue",
ACH-000176,Lung,Lung Squamous Cell Carcinoma,
ACH-000177,Prostate,Prostate Small Cell Carcinoma,
ACH-000178,Pancreas,Pancreatic Adenocarcinoma,
ACH-000179,Lung,Small Cell Lung Cancer,
ACH-000180,Fibroblast,"Fibroblast, Skin",
ACH-000181,Head and Neck,Oral Cavity Squamous Cell Carcinoma,
ACH-000182,Ampulla of Vater,Ampullary Carcinoma,
ACH-000183,Lymphoid,Plasma Cell Myeloma,
ACH-000184,Fibroblast,"Fibroblast, Breast",
ACH-000185,Fibroblast,"Fibroblast, Bone",
ACH-000186,Lung,Non-Small Cell Lung Cancer,
ACH-000187,Lung,Small Cell Lung Cancer,
ACH-000188,Head and Neck,Oral Cavity Squamous Cell Carcinoma,
ACH-000189,Kidney,Renal Cell Carcinoma,
ACH-000190,Myeloid,Acute Myeloid Leukemia,
ACH-000191,Thyroid,Anaplastic Thyroid Cancer,
ACH-000192,Uterus,Endometrial Carcinoma,
ACH-000193,Lymphoid,Plasma Cell Myeloma,
ACH-000194,Fibroblast,"Fibroblast, Skin",
ACH-000195,Myeloid,"AML, NOS","DNMT3A, JAK2 and TP53"
ACH-000196,Breast,Breast Invasive Ductal Carcinoma,basal_A TNBC
ACH-000197,Lymphoid,T-Cell Acute Lymphoblastic Leukemia,"TAL1, TP53"
ACH-000198,Myeloid,Acute Myeloid Leukemia,"FIP1L1::PDGFRA, KMT2A-PTD, PHF6"
ACH-000199,Fibroblast,"Fibroblast, Colorectal",
ACH-000200,CNS/Brain,Glioblastoma,
ACH-000201,Kidney,Rhabdoid Cancer,
ACH-000202,Bowel,Colon Adenocarcinoma,
ACH-000203,Peripheral Nervous System,Neuroblastoma,MYC_Amplified
ACH-000204,Lymphoid,Plasma Cell Myeloma,
ACH-000205,Pancreas,Pancreatic Adenocarcinoma,
ACH-000206,Lymphoid,"Transformed cell line, B lymphoblast",
ACH-000207,Head and Neck,Oropharynx Squamous Cell Carcinoma,
ACH-000208,CNS/Brain,Astrocytoma,
ACH-000209,Biliary Tract,Intrahepatic Cholangiocarcinoma,
ACH-000210,Bone,Ewing Sarcoma,EWS::ERG
ACH-000211,CNS/Brain,Medulloblastoma,MYC_No
ACH-000212,Breast,Invasive Breast Carcinoma,basal_B TNBC
ACH-000213,Pancreas,Pancreatic Adenocarcinoma,
ACH-000214,Fibroblast,"Fibroblast, Colorectal",
ACH-000215,CNS/Brain,Glioblastoma,
ACH-000216,Esophagus/Stomach,Esophageal Adenocarcinoma,
ACH-000217,Liver,Hepatocellular Carcinoma,
ACH-000218,Myeloid,AML with Myelodysplasia-Related Changes,"TP53, KRAS, ASXL1 and MYC"
ACH-000219,Skin,Melanoma,
ACH-000220,Lymphoid,Mantle Cell Lymphoma,
ACH-000221,Liver,Hepatocellular Carcinoma,
ACH-000222,Pancreas,Pancreatic Adenocarcinoma,
ACH-000223,Breast,Breast Invasive Ductal Carcinoma,basal_A TNBC
ACH-000224,Fibroblast,"Fibroblast, Bone",
ACH-000225,Esophagus/Stomach,Small Cell Carcinoma of the Stomach,
ACH-000226,Lymphoid,Anaplastic Large-Cell Lymphoma ALK Positive,
ACH-000227,Peripheral Nervous System,Neuroblastoma,MYC_Amplified
ACH-000228,Head and Neck,Oral Cavity Squamous Cell Carcinoma,
ACH-000229,Fibroblast,"Fibroblast, Bone",
ACH-000230,Fibroblast,"Fibroblast, Breast",
ACH-000231,CNS/Brain,Glioblastoma,
ACH-000232,CNS/Brain,Astrocytoma,
ACH-000233,Lymphoid,Anaplastic Large-Cell Lymphoma ALK Positive,
ACH-000234,Kidney,Papillary Renal Cell Carcinoma,
ACH-000235,Pancreas,Pancreatic Adenocarcinoma,
ACH-000236,Bowel,Colon Adenocarcinoma,
ACH-000237,Ovary/Fallopian Tube,Mucinous Ovarian Cancer,
ACH-000238,Head and Neck,Oral Cavity Squamous Cell Carcinoma,
ACH-000239,Esophagus/Stomach,Tubular Stomach Adenocarcinoma,
ACH-000240,Fibroblast,"Fibroblast, Skin",
ACH-000241,Myeloid,"Chronic Myeloid Leukemia, BCR-ABL1+",BCR::ABL1
ACH-000242,Bladder/Urinary Tract,Bladder Urothelial Carcinoma,
ACH-000243,Pancreas,Pancreatic Adenocarcinoma,
ACH-000244,CNS/Brain,Glioblastoma,
ACH-000245,Lymphoid,Burkitt Lymphoma,
ACH-000246,Kidney,Renal Clear Cell Carcinoma,
ACH-000247,Esophagus/Stomach,Diffuse Type Stomach Adenocarcinoma,
ACH-000248,Breast,Invasive Breast Carcinoma,HER2+
ACH-000249,Bowel,Colon Adenocarcinoma,
ACH-000250,Kidney,Renal Clear Cell Carcinoma,
ACH-000251,Lung,Non-Small Cell Lung Cancer,
ACH-000252,Bowel,Colon Adenocarcinoma,
ACH-000253,Bowel,Colon Adenocarcinoma,
ACH-000254,Head and Neck,Oral Cavity Squamous Cell Carcinoma,
ACH-000255,Esophagus/Stomach,Stomach Adenocarcinoma,
ACH-000256,Ovary/Fallopian Tube,High-Grade Serous Ovarian Cancer,
ACH-000257,Lung,Small Cell Lung Cancer,
ACH-000258,Breast,Invasive Breast Carcinoma,luminal TNBC
ACH-000259,Peripheral Nervous System,Neuroblastoma,MYC_Amplified
ACH-000260,Peripheral Nervous System,Neuroblastoma,
ACH-000261,Lung,Lung Squamous Cell Carcinoma,
ACH-000262,Kidney,Renal Clear Cell Carcinoma,
ACH-000263,Myeloid,Acute Myeloid Leukemia,"RUNX1::RUNX1T1, TP53, RAD21 and KIT"
ACH-000264,Lung,Lung Adenocarcinoma,
ACH-000265,Pancreas,Pancreatic Adenocarcinoma,
ACH-000266,Pancreas,Pancreatic Adenocarcinoma,
ACH-000267,Lymphoid,Hodgkin Lymphoma,
ACH-000268,Biliary Tract,Extrahepatic Cholangiocarcinoma,
ACH-000269,CNS/Brain,Glioblastoma,
ACH-000270,Pancreas,Pancreatic Adenocarcinoma,
ACH-000271,Lymphoid,"Diffuse Large B-Cell Lymphoma, NOS",
ACH-000272,Kidney,Renal Clear Cell Carcinoma,
ACH-000273,CNS/Brain,Gliosarcoma,
ACH-000274,Skin,Melanoma,
ACH-000275,Fibroblast,"Fibroblast, Skin",
ACH-000276,Breast,Breast Invasive Ductal Carcinoma,basal_A TNBC
ACH-000277,Breast,Breast Invasive Ductal Carcinoma,HER2+
ACH-000278,Ovary/Fallopian Tube,High-Grade Serous Ovarian Cancer,
ACH-000279,Bone,Ewing Sarcoma,EWS::FLI
ACH-000280,Ovary/Fallopian Tube,"Brenner Tumor, Malignant",
ACH-000281,Pancreas,Pancreatic Adenocarcinoma,
ACH-000282,Lung,Lung Adenocarcinoma,
ACH-000283,CNS/Brain,Glioblastoma,
ACH-000284,Fibroblast,"Fibroblast, Upper Aerodigestive",
ACH-000285,Lymphoid,"Diffuse Large B-Cell Lymphoma, NOS",
ACH-000286,Bowel,Rectal Adenocarcinoma,
ACH-000287,Lymphoid,Activated B-cell Type,
ACH-000288,Breast,"Breast Invasive Carcinoma, NOS",basal_B TNBC
ACH-000289,CNS/Brain,Glioblastoma,
ACH-000290,Lung,Small Cell Lung Cancer,
ACH-000291,Ovary/Fallopian Tube,Serous Ovarian Cancer,
ACH-000292,Lung,SMARCA4-deficient undifferentiated tumor,
ACH-000293,Uterus,Endometrial Carcinoma,
ACH-000294,Myeloid,Acute Promyelocytic Leukemia,PML::RARA; TP53; KRAS
ACH-000295,Myeloid,"Chronic Myeloid Leukemia, BCR-ABL1+",
ACH-000296,Bowel,Colon Adenocarcinoma,
ACH-000297,Lung,Small Cell Lung Cancer,
ACH-000298,Lung,Small Cell Lung Cancer,
ACH-000299,Myeloid,Acute Myeloid Leukemia,"BCR::ABL1;GATA2::MECOM, PTPN11, SF3B1 and RAD21"
ACH-000300,Kidney,Renal Clear Cell Carcinoma,
ACH-000301,Myeloid,"Chronic Myeloid Leukemia, BCR-ABL1+",BCR::ABL1
ACH-000302,Uterus,Uterine Carcinosarcoma/Uterine Malignant Mixed Mullerian Tumor,
ACH-000303,Esophagus/Stomach,Stomach Adenocarcinoma,
ACH-000304,Skin,Melanoma,
ACH-000305,Esophagus/Stomach,Esophageal Squamous Cell Carcinoma,
ACH-000306,Fibroblast,"Fibroblast, Skin",
ACH-000307,Pancreas,Pancreatic Adenocarcinoma,
ACH-000308,Ovary/Fallopian Tube,Serous Ovarian Cancer,
ACH-000309,Lung,Lung Adenocarcinoma,
ACH-000310,Peripheral Nervous System,Neuroblastoma,MYC_Amplified
ACH-000311,Lung,Lung Adenocarcinoma,
ACH-000312,Peripheral Nervous System,Neuroblastoma,MYC_Amplified
ACH-000313,Kidney,Renal Clear Cell Carcinoma,
ACH-000314,Lung,Lung Adenocarcinoma,
ACH-000315,Lymphoid,"Diffuse Large B-Cell Lymphoma, NOS",
ACH-000316,Liver,Hepatocellular Carcinoma,
ACH-000317,Kidney,Renal Cell Carcinoma,
ACH-000318,Esophagus/Stomach,Esophageal Squamous Cell Carcinoma,
ACH-000319,Pleura,"Pleural Mesothelioma, Epithelioid Type",
ACH-000320,Pancreas,Pancreatic Adenocarcinoma,
ACH-000321,Myeloid,"Chronic Myeloid Leukemia, BCR-ABL1+",BCR::ABL1
ACH-000322,Skin,Melanoma,
ACH-000323,CNS/Brain,Glioblastoma,
ACH-000324,Ovary/Fallopian Tube,Clear Cell Ovarian Cancer,
ACH-000325,Esophagus/Stomach,Stomach Adenocarcinoma,
ACH-000326,Myeloid,"Chronic Myeloid Leukemia, BCR-ABL1+",BCR::ABL1
ACH-000327,Lung,Lung Adenocarcinoma,
ACH-000328,CNS/Brain,Glioblastoma,
ACH-000329,CNS/Brain,Astrocytoma,
ACH-000330,Breast,Breast Invasive Ductal Carcinoma,"luminal ER+, PR+, HER2+"
ACH-000331,Pleura,"Pleural Mesothelioma, Epithelioid Type",
ACH-000332,Pancreas,Pancreatic Adenocarcinoma,
ACH-000333,Ovary/Fallopian Tube,Mucinous Ovarian Cancer,
ACH-000334,Lymphoid,"Diffuse Large B-Cell Lymphoma, NOS",
ACH-000335,Pleura,"Pleural Mesothelioma, Biphasic Type",
ACH-000336,Myeloid,Acute Myeloid Leukemia,"NPM1c, DNMT3A, NRAS"
ACH-000337,Lung,Lung Adenocarcinoma,
ACH-000338,Lymphoid,Anaplastic Large-Cell Lymphoma ALK Positive,
ACH-000339,Lung,Lung Adenocarcinoma,
ACH-000340,Fibroblast,"Fibroblast, Bone",
ACH-000341,Peripheral Nervous System,Neuroblastoma,
ACH-000342,Bowel,Colon Adenocarcinoma,
ACH-000343,Lung,Lung Adenocarcinoma,
ACH-000344,Esophagus/Stomach,Diffuse Type Stomach Adenocarcinoma,
ACH-000345,Peripheral Nervous System,Neuroblastoma,MYC_Amplified
ACH-000346,Lymphoid,B-Cell Prolymphocytic Leukemia,
ACH-000347,Pancreas,Pancreatic Neuroendocrine Tumor,
ACH-000348,Skin,Melanoma,
ACH-000349,Breast,Breast Ductal Carcinoma In Situ,"luminal ER, PR+"
ACH-000350,Bowel,Colon Adenocarcinoma,
ACH-000351,Esophagus/Stomach,Adenosquamous Carcinoma of the Stomach,
ACH-000352,Breast,Invasive Breast Carcinoma,"luminal ER, PR+"
ACH-000353,Esophagus/Stomach,Esophageal Squamous Cell Carcinoma,
ACH-000354,Pancreas,Pancreatic Adenocarcinoma,
ACH-000355,Lung,Small Cell Lung Cancer,
ACH-000356,Esophagus/Stomach,Diffuse Type Stomach Adenocarcinoma,
ACH-000357,Lymphoid,Mantle Cell Lymphoma,
ACH-000358,Lung,Small Cell Lung Cancer,
ACH-000359,Bone,Osteosarcoma,
ACH-000360,Bowel,Colon Adenocarcinoma,
ACH-000361,Liver,Hepatocellular Carcinoma,
ACH-000362,Myeloid,Acute Myeloid Leukemia,KMT2A::MLLT3; FLT3-ITD
ACH-000363,Lymphoid,Plasma Cell Myeloma,
ACH-000364,Bone,Osteosarcoma,
ACH-000365,Lymphoid,"Diffuse Large B-Cell Lymphoma, NOS",
ACH-000366,Peripheral Nervous System,Neuroblastoma,MYC_Amplified
ACH-000367,Pleura,"Pleural Mesothelioma, Epithelioid Type",
ACH-000368,CNS/Brain,Glioblastoma,
ACH-000369,Myeloid,Acute Myeloid Leukemia,
ACH-000370,CNS/Brain,Glioblastoma,
ACH-000371,Lymphoid,"Diffuse Large B-Cell Lymphoma, NOS",
ACH-000372,Lymphoid,T-Cell Acute Lymphoblastic Leukemia,LMO2
ACH-000373,Myeloid,Acute Myeloid Leukemia,
ACH-000374,Breast,Breast Invasive Ductal Carcinoma,basal_A TNBC
ACH-000375,Kidney,Rhabdoid Cancer,
ACH-000376,CNS/Brain,Glioblastoma,
ACH-000377,Ampulla of Vater,Ampullary Carcinoma,
ACH-000378,Lung,Lung Adenosquamous Carcinoma,
ACH-000379,Lung,Lung Adenocarcinoma,
ACH-000380,Lymphoid,Plasma Cell Myeloma,
ACH-000381,Bowel,Colon Adenocarcinoma,
ACH-000382,Lung,Small Cell Lung Cancer,
ACH-000383,Esophagus/Stomach,Esophageal Adenocarcinoma,
ACH-000384,Bladder/Urinary Tract,Bladder Urothelial Carcinoma,
ACH-000385,Kidney,Renal Cell Carcinoma,
ACH-000386,Myeloid,Acute Myeloid Leukemia,
ACH-000387,Myeloid,"AML, NOS",CBFA2T3::ABHD12 and TP53
ACH-000388,Lymphoid,"Diffuse Large B-Cell Lymphoma, NOS",
ACH-000389,CNS/Brain,Astrocytoma,
ACH-000390,Lung,Lung Squamous Cell Carcinoma,
ACH-000391,Bone,Ewing Sarcoma,EWS::FLI
ACH-000392,Lung,Lung Adenocarcinoma,
ACH-000393,Liver,Hepatocellular Carcinoma,
ACH-000394,Lung,Small Cell Lung Cancer,
ACH-000395,Lung,Lung Squamous Cell Carcinoma,
ACH-000396,Bladder/Urinary Tract,Bladder Urothelial Carcinoma,
ACH-000397,Uterus,Uterine Clear Cell Carcinoma,
ACH-000398,Lymphoid,Activated B-cell Type,
ACH-000399,Lung,Small Cell Lung Cancer,
ACH-000400,Bowel,Colon Adenocarcinoma,
ACH-000401,Skin,Cutaneous Melanoma,
ACH-000402,Lymphoid,Burkitt Lymphoma,
ACH-000403,Bowel,Colon Adenocarcinoma,
ACH-000404,Skin,Cutaneous Melanoma,
ACH-000405,Lymphoid,Chronic Lymphocytic Leukemia/Small Lymphocytic Lymphoma,
ACH-000406,Myeloid,Acute Myeloid Leukemia,"PICALM::MLLT10, TP53, PTPN11, JAK3 and CCND3"
ACH-000407,Uterus,Uterine Carcinosarcoma/Uterine Malignant Mixed Mullerian Tumor,
ACH-000408,Esophagus/Stomach,Esophageal Squamous Cell Carcinoma,
ACH-000409,Ovary/Fallopian Tube,High-Grade Serous Ovarian Cancer,
ACH-000410,Bone,Osteosarcoma,
ACH-000411,Kidney,Renal Clear Cell Carcinoma,
ACH-000412,Bowel,Colon Adenocarcinoma,
ACH-000413,Fibroblast,"Fibroblast, Breast",
ACH-000414,Lung,Lung Adenocarcinoma,
ACH-000415,Head and Neck,Hypopharynx Squamous Cell Carcinoma,
ACH-000416,Lung,Lung Adenocarcinoma,
ACH-000417,Pancreas,Pancreatic Adenocarcinoma,
ACH-000418,Bone,Chondrosarcoma,
ACH-000419,Lymphoid,Plasma Cell Myeloma,
ACH-000420,Liver,Hepatocellular Carcinoma,
ACH-000421,Bowel,Rectal Adenocarcinoma,
ACH-000422,Liver,Hepatocellular Carcinoma,
ACH-000423,Skin,Cutaneous Melanoma,
ACH-000424,Bone,Ewing Sarcoma,
ACH-000425,Skin,Melanoma,
ACH-000426,Lymphoid,Plasma Cell Myeloma,
ACH-000427,Esophagus/Stomach,Tubular Stomach Adenocarcinoma,
ACH-000428,Kidney,Renal Cell Carcinoma,
ACH-000429,Kidney,Renal Cell Carcinoma,
ACH-000430,Ovary/Fallopian Tube,High-Grade Serous Ovarian Cancer,
ACH-000431,Lung,Small Cell Lung Cancer,
ACH-000432,Lymphoid,B-Cell Acute Lymphoblastic Leukemia,BCR::ABL1
ACH-000433,Kidney,Renal Clear Cell Carcinoma,
ACH-000434,Lung,Large Cell Lung Carcinoma,
ACH-000435,Uterus,Endometrial Carcinoma,
ACH-000436,Lymphoid,Plasma Cell Myeloma,
ACH-000437,CNS/Brain,Astrocytoma,
ACH-000438,Lung,Giant Cell Carcinoma of the Lung,
ACH-000439,Myeloid,Acute Myeloid Leukemia,"CBFB::MYH11, NRAS, GATA2 and SF3B1"
ACH-000440,Lymphoid,Burkitt Lymphoma,
ACH-000441,Skin,Melanoma,
ACH-000442,Lung,Lung Squamous Cell Carcinoma,
ACH-000443,Ovary/Fallopian Tube,High-Grade Serous Ovarian Cancer,
ACH-000444,Lung,Giant Cell Carcinoma of the Lung,
ACH-000445,CNS/Brain,Glioblastoma,
ACH-000446,Peripheral Nervous System,Neuroblastoma,
ACH-000447,Lung,Lung Adenocarcinoma,
ACH-000448,Lung,Lung Adenocarcinoma,
ACH-000449,Uterus,Uterine Sarcoma/Mesenchymal,
ACH-000450,Skin,Melanoma,
ACH-000451,Lung,Lung Adenocarcinoma,
ACH-000452,Esophagus/Stomach,Esophageal Squamous Cell Carcinoma,
ACH-000453,Lymphoid,Plasma Cell Myeloma,
ACH-000454,Lung,Lung Squamous Cell Carcinoma,
ACH-000455,CNS/Brain,Glioblastoma,
ACH-000456,Thyroid,Poorly Differentiated Thyroid Cancer,
ACH-000457,Kidney,Renal Cell Carcinoma,
ACH-000458,Skin,Melanoma,
ACH-000459,Kidney,Renal Clear Cell Carcinoma,
ACH-000460,Ovary/Fallopian Tube,Serous Ovarian Cancer,
ACH-000461,Biliary Tract,Extrahepatic Cholangiocarcinoma,
ACH-000462,Myeloid,"Chronic Myeloid Leukemia, BCR-ABL1+",BCR::ABL1
ACH-000463,Lung,Large Cell Lung Carcinoma,
ACH-000464,CNS/Brain,Glioblastoma,
ACH-000465,Skin,Melanoma,
ACH-000466,Esophagus/Stomach,Tubular Stomach Adenocarcinoma,
ACH-000467,Bowel,Colon Adenocarcinoma,
ACH-000468,Pancreas,Pancreatic Adenocarcinoma,
ACH-000469,CNS/Brain,Glioblastoma,
ACH-000470,Bowel,Rectal Adenocarcinoma,
ACH-000471,Liver,Hepatocellular Carcinoma,
ACH-000472,Head and Neck,Oral Cavity Squamous Cell Carcinoma,
ACH-000473,Bladder/Urinary Tract,Bladder Urothelial Carcinoma,
ACH-000475,Liver,Hepatocellular Carcinoma,
ACH-000476,Liver,Hepatocellular Carcinoma,
ACH-000477,Skin,Melanoma,
ACH-000478,Liver,Hepatocellular Carcinoma,
ACH-000479,CNS/Brain,Glioblastoma,
ACH-000480,Liver,Hepatocellular Carcinoma,
ACH-000481,Lung,Lung Squamous Cell Carcinoma,
ACH-000482,Lung,Lung Adenocarcinoma,
ACH-000483,Liver,Hepatocellular Carcinoma,
ACH-000484,Kidney,Renal Cell Carcinoma,
ACH-000485,Esophagus/Stomach,Stomach Adenocarcinoma,
ACH-000486,Bladder/Urinary Tract,Bladder Urothelial Carcinoma,
ACH-000487,Myeloid,"AML, NOS",RAD21
ACH-000488,Esophagus/Stomach,Esophageal Squamous Cell Carcinoma,
ACH-000489,Bowel,Colon Adenocarcinoma,
ACH-000490,Cervix,Cervical Squamous Cell Carcinoma,
ACH-000491,Bowel,Colon Adenocarcinoma,
ACH-000492,Lymphoid,B-Cell Acute Lymphoblastic Leukemia,"CRLF2 Ph-like, IGH::CRLF2"
ACH-000493,Liver,Hepatocellular Carcinoma,
ACH-000494,Ovary/Fallopian Tube,Immortalized Ovarian Cells,
ACH-000495,Kidney,Renal Cell Carcinoma,
ACH-000496,Lung,Lung Adenocarcinoma,
ACH-000498,Myeloid,Acute Myeloid Leukemia,
ACH-000499,Bone,Ewing Sarcoma,EWS::FLI
ACH-000500,Head and Neck,Larynx Squamous Cell Carcinoma,
ACH-000501,Bowel,Colon Adenocarcinoma,
ACH-000502,Pancreas,Pancreatic Adenocarcinoma,
ACH-000503,Head and Neck,Oral Cavity Squamous Cell Carcinoma,
ACH-000504,CNS/Brain,Glioblastoma,
ACH-000505,Soft Tissue,Leiomyosarcoma,
ACH-000506,Lung,Small Cell Lung Cancer,
ACH-000507,Esophagus/Stomach,Stomach Adenocarcinoma,
ACH-000508,Lung,Small Cell Lung Cancer,
ACH-000509,Lymphoid,Sezary Syndrome,
ACH-000510,Lung,Large Cell Lung Carcinoma,
ACH-000511,Lung,Lung Squamous Cell Carcinoma,
ACH-000512,Lymphoid,Plasma Cell Myeloma,
ACH-000513,Kidney,Renal Clear Cell Carcinoma,
ACH-000514,Lung,Small Cell Lung Cancer,
ACH-000515,Lung,Small Cell Lung Cancer,
ACH-000516,Bone,Dedifferentiated Chondrosarcoma,
ACH-000517,Pancreas,Pancreatic Adenocarcinoma,
ACH-000518,Head and Neck,Oral Cavity Squamous Cell Carcinoma,
ACH-000519,Lymphoid,T-Cell Acute Lymphoblastic Leukemia,"NKX2-5, NUP214::ABL1;BCL11B::NKX2::5"
ACH-000520,Ovary/Fallopian Tube,High-Grade Serous Ovarian Cancer,
ACH-000521,Lung,Lung Adenocarcinoma,
ACH-000522,Bladder/Urinary Tract,Bladder Urothelial Carcinoma,
ACH-000523,Lung,Small Cell Lung Cancer,
ACH-000524,Ovary/Fallopian Tube,High-Grade Serous Ovarian Cancer,
ACH-000525,Lung,Small Cell Lung Cancer,
ACH-000526,Fibroblast,"Fibroblast, Bone",
ACH-000527,Ovary/Fallopian Tube,Clear Cell Ovarian Cancer,
ACH-000528,Lung,Lung Adenocarcinoma,
ACH-000529,Fibroblast,"Fibroblast, Bone",
ACH-000530,Lung,SMARCA4-deficient undifferentiated tumor,
ACH-000531,Fibroblast,"Fibroblast, Lung",
ACH-000532,Bowel,Rectal Adenocarcinoma,
ACH-000533,Kidney,Rhabdoid Cancer,
ACH-000534,Lymphoid,"Diffuse Large B-Cell Lymphoma, NOS",
ACH-000535,Pancreas,Pancreatic Adenocarcinoma,
ACH-000536,Breast,Breast Invasive Ductal Carcinoma,basal_A TNBC
ACH-000537,Liver,Hepatocellular Carcinoma,
ACH-000538,Bowel,Duodenal Adenocarcinoma,
ACH-000539,Fibroblast,"Fibroblast, Lung",
ACH-000540,Fibroblast,"Fibroblast, Breast",
ACH-000541,Lymphoid,Plasma Cell Myeloma,
ACH-000542,Ovary/Fallopian Tube,High-Grade Serous Ovarian Cancer,
ACH-000543,CNS/Brain,Glioblastoma,
ACH-000544,Esophagus/Stomach,Esophageal Squamous Cell Carcinoma,
ACH-000545,Bladder/Urinary Tract,Bladder Urothelial Carcinoma,
ACH-000546,Head and Neck,Oral Cavity Squamous Cell Carcinoma,
ACH-000547,Bladder/Urinary Tract,Bladder Urothelial Carcinoma,
ACH-000548,Head and Neck,Oral Cavity Squamous Cell Carcinoma,
ACH-000549,Head and Neck,Larynx Squamous Cell Carcinoma,
ACH-000550,Skin,Melanoma,
ACH-000551,Myeloid,"Chronic Myeloid Leukemia, BCR-ABL1+",
ACH-000552,Bowel,Colon Adenocarcinoma,
ACH-000553,Lung,Lung Squamous Cell Carcinoma,
ACH-000554,Breast,Breast Invasive Lobular Carcinoma,HER2+
ACH-000555,Kidney,Renal Cell Carcinoma,
ACH-000556,Cervix,Cervical Squamous Cell Carcinoma,
ACH-000557,Myeloid,AML with Myelodysplasia-Related Changes,"SFPQ::ZFP36L1, NRAS, EZH2, PHF6"
ACH-000558,CNS/Brain,Glioblastoma,
ACH-000559,Lung,Small Cell Lung Cancer,
ACH-000560,Esophagus/Stomach,Small Cell Carcinoma of the Stomach,
ACH-000561,Esophagus/Stomach,Esophageal Squamous Cell Carcinoma,
ACH-000562,Lung,Lung Adenocarcinoma,
ACH-000563,Lung,Lung Squamous Cell Carcinoma,
ACH-000564,Lymphoid,Plasma Cell Myeloma,
ACH-000565,Bowel,Rectal Adenocarcinoma,
ACH-000566,Bladder/Urinary Tract,Bladder Urothelial Carcinoma,
ACH-000567,Lymphoid,Burkitt Lymphoma,
ACH-000568,Breast,Breast Invasive Lobular Carcinoma,"luminal ER+, PR+, HER2+"
ACH-000569,Pleura,"Pleural Mesothelioma, Epithelioid Type",
ACH-000570,CNS/Brain,Glioblastoma,
ACH-000571,CNS/Brain,Glioblastoma,
ACH-000572,Skin,Melanoma,
ACH-000573,Breast,"Breast Invasive Carcinoma, NOS",basal_B TNBC
ACH-000574,Ovary/Fallopian Tube,High-Grade Serous Ovarian Cancer,
ACH-000575,Lung,Lung Adenocarcinoma,
ACH-000576,Lymphoid,Plasma Cell Myeloma,
ACH-000577,Liver,Hepatocellular Carcinoma,
ACH-000578,Lung,Lung Adenocarcinoma,
ACH-000579,Skin,Melanoma,
ACH-000580,Skin,Melanoma,
ACH-000581,Esophagus/Stomach,Stomach Adenocarcinoma,
ACH-000582,Skin,Melanoma,
ACH-000583,Lymphoid,Mature B-Cell Neoplasms,
ACH-000584,Ovary/Fallopian Tube,High-Grade Serous Ovarian Cancer,
ACH-000585,Lung,Lung Squamous Cell Carcinoma,
ACH-000586,Lung,Small Cell Lung Cancer,
ACH-000587,Lung,Lung Adenocarcinoma,
ACH-000588,Lymphoid,Plasma Cell Myeloma,
ACH-000589,Lung,Lung Adenocarcinoma,
ACH-000590,Lung,Lung Adenocarcinoma,
ACH-000591,CNS/Brain,Astrocytoma,
ACH-000592,CNS/Brain,Astrocytoma,
ACH-000593,Bladder/Urinary Tract,Bladder Urothelial Carcinoma,
ACH-000594,Lung,Small Cell Lung Cancer,
ACH-000595,CNS/Brain,Glioblastoma,
ACH-000596,Lung,Large Cell Lung Carcinoma,
ACH-000597,Soft Tissue,Extrarenal Rhabdoid Cancer,
ACH-000598,Lymphoid,Plasma Cell Myeloma,
ACH-000599,Pancreas,Pancreatic Adenocarcinoma,
ACH-000600,Kidney,Renal Clear Cell Carcinoma,
ACH-000601,Pancreas,Pancreatic Adenocarcinoma,
ACH-000602,Myeloid,Acute Myeloid Leukemia,CBFA2T3::GLIS2 and TP53
ACH-000603,Lung,Non-Small Cell Lung Cancer,
ACH-000604,Myeloid,"Chronic Myeloid Leukemia, BCR-ABL1+",BCR::ABL1
ACH-000605,Esophagus/Stomach,Esophageal Squamous Cell Carcinoma,
ACH-000606,Head and Neck,Oral Cavity Squamous Cell Carcinoma,
ACH-000607,Kidney,Rhabdoid Cancer,
ACH-000608,Ovary/Fallopian Tube,Mucinous Ovarian Cancer,
ACH-000609,CNS/Brain,Glioblastoma,
ACH-000610,Lung,Small Cell Lung Cancer,
ACH-000611,Lymphoid,"Diffuse Large B-Cell Lymphoma, NOS",
ACH-000612,Lymphoid,Mycosis Fungoides,
ACH-000613,Bone,Osteosarcoma,
ACH-000614,Skin,Melanoma,
ACH-000615,Skin,Cutaneous Melanoma,
ACH-000616,Esophagus/Stomach,Stomach Adenocarcinoma,
ACH-000617,Ovary/Fallopian Tube,High-Grade Serous Ovarian Cancer,
ACH-000618,Head and Neck,Hypopharynx Squamous Cell Carcinoma,
ACH-000619,Head and Neck,Oral Cavity Squamous Cell Carcinoma,
ACH-000620,Liver,Hepatocellular Carcinoma,
ACH-000621,Breast,Breast Invasive Ductal Carcinoma,basal_B TNBC
ACH-000622,CNS/Brain,Glioblastoma,
ACH-000623,CNS/Brain,Glioblastoma,
ACH-000624,Breast,Breast Ductal Carcinoma In Situ,basal_A TNBC
ACH-000625,Liver,Hepatocellular Carcinoma,
ACH-000626,Lymphoid,Plasma Cell Myeloma,
ACH-000627,Lung,Large Cell Lung Carcinoma,
ACH-000628,Lung,Lung Adenosquamous Carcinoma,
ACH-000629,CNS/Brain,Meningioma,
ACH-000630,Head and Neck,Oral Cavity Squamous Cell Carcinoma,
ACH-000631,CNS/Brain,Glioblastoma,
ACH-000632,Skin,Cutaneous Melanoma,
ACH-000633,Esophagus/Stomach,Diffuse Type Stomach Adenocarcinoma,
ACH-000634,CNS/Brain,Glioblastoma,
ACH-000635,Ovary/Fallopian Tube,High-Grade Serous Ovarian Cancer,
ACH-000636,Lymphoid,T-Cell Acute Lymphoblastic Leukemia,"TAL1, LMO1::TRD, STIL::TAL1"
ACH-000637,Esophagus/Stomach,Esophageal Squamous Cell Carcinoma,
ACH-000638,Lung,Lung Adenocarcinoma,
ACH-000639,Lung,Small Cell Lung Cancer,
ACH-000640,Skin,Cutaneous Melanoma,
ACH-000641,Myeloid,Myeloid Leukemia Associated with Down Syndrome,TP53::FXR2
ACH-000642,Breast,Immortalized Breast Cells,
ACH-000643,Breast,Breast Invasive Ductal Carcinoma,basal_A TNBC
ACH-000644,Skin,Cutaneous Melanoma,
ACH-000645,Pleura,"Pleural Mesothelioma, Epithelioid Type",
ACH-000646,Ovary/Fallopian Tube,Clear Cell Ovarian Cancer,
ACH-000647,Esophagus/Stomach,Esophageal Squamous Cell Carcinoma,
ACH-000648,Pleura,"Pleural Mesothelioma, Epithelioid Type",
ACH-000649,Kidney,Renal Clear Cell Carcinoma,
ACH-000650,Skin,Melanoma,
ACH-000651,Bowel,Colon Adenocarcinoma,
ACH-000652,Pancreas,Pancreatic Adenocarcinoma,
ACH-000653,Lymphoid,Plasma Cell Myeloma,
ACH-000654,Lymphoid,Non-Hodgkin Lymphoma,MYC::IGH
ACH-000655,CNS/Brain,Astrocytoma,
ACH-000656,Lymphoid,"Diffuse Large B-Cell Lymphoma, NOS",
ACH-000657,Ovary/Fallopian Tube,Endometrioid Ovarian Cancer,
ACH-000658,Lymphoid,Plasma Cell Myeloma,
ACH-000659,Lung,Small Cell Lung Cancer,
ACH-000660,Lymphoid,"Diffuse Large B-Cell Lymphoma, NOS",
ACH-000661,Skin,Melanoma,
ACH-000662,Lung,Large Cell Lung Carcinoma,
ACH-000663,Ovary/Fallopian Tube,Clear Cell Ovarian Cancer,
ACH-000664,Lymphoid,Anaplastic Large-Cell Lymphoma ALK Positive,
ACH-000665,Lung,Lung Squamous Cell Carcinoma,
ACH-000666,Lung,Lung Adenocarcinoma,
ACH-000667,Lung,Lung Adenocarcinoma,
ACH-000668,Breast,Breast Invasive Ductal Carcinoma,basal_A TNBC
ACH-000669,Lung,Lung Squamous Cell Carcinoma,
ACH-000670,Lung,Small Cell Lung Cancer,
ACH-000671,Liver,Hepatoblastoma,
ACH-000672,Lung,Large Cell Lung Carcinoma,
ACH-000673,CNS/Brain,Glioblastoma,
ACH-000674,Esophagus/Stomach,Diffuse Type Stomach Adenocarcinoma,
ACH-000675,Lung,Lung Adenocarcinoma,
ACH-000676,Skin,Melanoma,
ACH-000677,Lung,Lung Adenocarcinoma,
ACH-000678,Esophagus/Stomach,Tubular Stomach Adenocarcinoma,
ACH-000679,Esophagus/Stomach,Esophageal Squamous Cell Carcinoma,
ACH-000680,Bowel,Colon Adenocarcinoma,
ACH-000681,Lung,Lung Adenocarcinoma,
ACH-000682,Head and Neck,Larynx Squamous Cell Carcinoma,
ACH-000683,Bowel,Rectal Adenocarcinoma,
ACH-000684,Kidney,Renal Clear Cell Carcinoma,
ACH-000685,Pancreas,Adenosquamous Carcinoma of the Pancreas,
ACH-000686,Liver,Hepatocellular Carcinoma,
ACH-000687,Lymphoid,Mature B-Cell Neoplasms,
ACH-000688,Ovary/Fallopian Tube,Mixed Ovarian Carcinoma,
ACH-000689,Soft Tissue,Embryonal Rhabdomyosarcoma,
ACH-000690,Lung,Lung Squamous Cell Carcinoma,
ACH-000691,Breast,Breast Invasive Ductal Carcinoma,basal_A TNBC
ACH-000692,Head and Neck,Larynx Squamous Cell Carcinoma,
ACH-000693,Esophagus/Stomach,Esophageal Squamous Cell Carcinoma,
ACH-000694,Esophagus/Stomach,Esophageal Squamous Cell Carcinoma,
ACH-000695,Lung,Small Cell Lung Cancer,
ACH-000696,Ovary/Fallopian Tube,High-Grade Serous Ovarian Cancer,
ACH-000697,Lymphoid,"Diffuse Large B-Cell Lymphoma, NOS",
ACH-000698,Lung,Small Cell Lung Cancer,
ACH-000699,Breast,Breast Invasive Ductal Carcinoma,basal_B TNBC
ACH-000700,Lung,Lung Squamous Cell Carcinoma,
ACH-000701,Ovary/Fallopian Tube,Mucinous Ovarian Cancer,
ACH-000702,Lymphoid,Hodgkin Lymphoma,
ACH-000703,Lung,Small Cell Lung Cancer,
ACH-000704,Ovary/Fallopian Tube,Serous Ovarian Cancer,
ACH-000705,Lung,Lung Squamous Cell Carcinoma,
ACH-000706,Lung,Lung Adenocarcinoma,
ACH-000707,Lymphoid,Burkitt Lymphoma,
ACH-000708,Bowel,Rectal Adenocarcinoma,
ACH-000709,Kidney,Renal Clear Cell Carcinoma,
ACH-000710,Bowel,Colon Adenocarcinoma,
ACH-000711,Breast,Breast Invasive Ductal Carcinoma,basal_A HER2+
ACH-000712,Lung,Lung Adenocarcinoma,
ACH-000713,Ovary/Fallopian Tube,High-Grade Serous Ovarian Cancer,
ACH-000714,Lymphoid,Plasma Cell Myeloma,
ACH-000715,Head and Neck,Larynx Squamous Cell Carcinoma,
ACH-000716,Thyroid,Follicular Thyroid Cancer,
ACH-000717,Esophagus/Stomach,Esophageal Squamous Cell Carcinoma,
ACH-000718,Lung,Lung Adenocarcinoma,
ACH-000719,Ovary/Fallopian Tube,Clear Cell Ovarian Cancer,
ACH-000720,Bladder/Urinary Tract,Bladder Urothelial Carcinoma,
ACH-000721,Breast,Breast Invasive Ductal Carcinoma,basal_B TNBC
ACH-000722,Bowel,Colon Adenocarcinoma,
ACH-000723,Head and Neck,Oral Cavity Squamous Cell Carcinoma,
ACH-000724,Bladder/Urinary Tract,Bladder Urothelial Carcinoma,
ACH-000725,Breast,Breast Ductal Carcinoma In Situ,HER2+
ACH-000726,Esophagus/Stomach,Esophageal Squamous Cell Carcinoma,
ACH-000727,Lung,Small Cell Lung Cancer,
ACH-000728,Lymphoid,B-Cell Acute Lymphoblastic Leukemia,TCF3::PBX1
ACH-000729,Lung,Small Cell Lung Cancer,
ACH-000730,Skin,Cutaneous Melanoma,
ACH-000731,Lung,Lung Adenosquamous Carcinoma,
ACH-000732,Head and Neck,Oral Cavity Squamous Cell Carcinoma,
ACH-000733,Lung,Lung Adenocarcinoma,
ACH-000734,Liver,Hepatocellular Carcinoma,
ACH-000735,Head and Neck,Oral Cavity Squamous Cell Carcinoma,
ACH-000736,Esophagus/Stomach,Signet Ring Cell Carcinoma of the Stomach,
ACH-000737,Lung,Lung Squamous Cell Carcinoma,
ACH-000738,CNS/Brain,Glioblastoma,
ACH-000739,Liver,Hepatoblastoma,
ACH-000740,Head and Neck,Oral Cavity Squamous Cell Carcinoma,
ACH-000741,Bladder/Urinary Tract,Bladder Urothelial Carcinoma,
ACH-000742,Fibroblast,"Fibroblast, Lung",
ACH-000743,Lung,Small Cell Lung Cancer,
ACH-000744,Lung,Lung Adenocarcinoma,
ACH-000745,Lymphoid,Plasma Cell Myeloma,
ACH-000746,Esophagus/Stomach,Stomach Adenocarcinoma,
ACH-000747,Lung,Lung Squamous Cell Carcinoma,
ACH-000748,Bone,Osteosarcoma,
ACH-000749,Lung,Small Cell Lung Cancer,
ACH-000750,Skin,Melanoma,
ACH-000751,Myeloid,Acute Myeloid Leukemia,
ACH-000752,Lung,SMARCA4-deficient undifferentiated tumor,
ACH-000753,Bladder/Urinary Tract,Bladder Urothelial Carcinoma,
ACH-000754,Lymphoid,Hodgkin Lymphoma,
ACH-000755,Breast,Breast Ductal Carcinoma In Situ,HER2+
ACH-000756,CNS/Brain,Gliosarcoma,
ACH-000757,Lung,Lung Adenocarcinoma,
ACH-000758,Esophagus/Stomach,Tubular Stomach Adenocarcinoma,
ACH-000759,Breast,Breast Invasive Ductal Carcinoma,"ER+, PR+, HER2+"
ACH-000760,CNS/Brain,Glioblastoma,
ACH-000761,Esophagus/Stomach,Stomach Adenocarcinoma,
ACH-000762,Head and Neck,Head and Neck Squamous Cell Carcinoma,
ACH-000763,Lymphoid,Plasma Cell Myeloma,
ACH-000764,Esophagus/Stomach,Mucinous Stomach Adenocarcinoma,
ACH-000765,Skin,Melanoma,
ACH-000766,Lung,Lung Adenocarcinoma,
ACH-000767,Lung,Small Cell Lung Cancer,
ACH-000768,Breast,Invasive Breast Carcinoma,basal_B TNBC
ACH-000769,Lung,Lung Squamous Cell Carcinoma,
ACH-000770,Myeloid,Acute Myeloid Leukemia,
ACH-000771,Head and Neck,Oral Cavity Squamous Cell Carcinoma,
ACH-000772,Soft Tissue,CIC-DUX4 Sarcoma,CIC::DUX4
ACH-000773,Lymphoid,Anaplastic Large-Cell Lymphoma ALK Positive,
ACH-000774,Lung,Lung Adenocarcinoma,
ACH-000775,Lung,Lung Carcinoid,
ACH-000776,CNS/Brain,Medulloblastoma,MYC_No
ACH-000777,Esophagus/Stomach,Esophageal Squamous Cell Carcinoma,
ACH-000778,Head and Neck,Oral Cavity Squamous Cell Carcinoma,
ACH-000779,Lung,Lung Adenocarcinoma,
ACH-000780,Lung,Small Cell Lung Cancer,
ACH-000781,Lung,Lung Adenocarcinoma,
ACH-000782,Lymphoid,B-Cell Acute Lymphoblastic Leukemia,KMT2A::AFF1
ACH-000783,Breast,Breast Invasive Lobular Carcinoma,"luminal ER+, PR+, HER2+"
ACH-000784,Esophagus/Stomach,Esophageal Squamous Cell Carcinoma,
ACH-000785,Lung,Lung Adenocarcinoma,
ACH-000786,Lymphoid,Burkitt Lymphoma,
ACH-000787,Lung,Lung Adenocarcinoma,
ACH-000788,Skin,Melanoma,
ACH-000789,Lung,Large Cell Lung Carcinoma,
ACH-000790,Lung,Small Cell Lung Cancer,
ACH-000791,Lung,Lung Adenocarcinoma,
ACH-000792,Kidney,Renal Cell Carcinoma,
ACH-000793,Esophagus/Stomach,Signet Ring Cell Carcinoma of the Stomach,
ACH-000794,Head and Neck,Oral Cavity Squamous Cell Carcinoma,
ACH-000795,Lymphoid,T-Cell Acute Lymphoblastic Leukemia,LMO2::STAG2
ACH-000796,Ovary/Fallopian Tube,Mucinous Ovarian Cancer,
ACH-000797,Fibroblast,"Fibroblast, Lung",
ACH-000798,Bowel,Colon Adenocarcinoma,
ACH-000799,Skin,Melanoma,
ACH-000800,Lung,Small Cell Lung Cancer,
ACH-000801,Skin,Melanoma,
ACH-000802,Bladder/Urinary Tract,Bladder Urothelial Carcinoma,
ACH-000803,Lung,Small Cell Lung Cancer,
ACH-000804,Peripheral Nervous System,Neuroblastoma,MYC_Amplified
ACH-000805,Skin,Cutaneous Melanoma,
ACH-000806,Lymphoid,Hodgkin Lymphoma,
ACH-000807,CNS/Brain,Oligodendroglioma,
ACH-000808,Biliary Tract,Intrahepatic Cholangiocarcinoma,
ACH-000809,Esophagus/Stomach,Esophageal Squamous Cell Carcinoma,
ACH-000810,Skin,Cutaneous Melanoma,
ACH-000811,Ovary/Fallopian Tube,Serous Ovarian Cancer,
ACH-000812,Skin,Melanoma,
ACH-000813,Lung,Large Cell Lung Carcinoma,
ACH-000814,Skin,Melanoma,
ACH-000815,Lymphoid,Hodgkin Lymphoma,
ACH-000816,Lung,Small Cell Lung Cancer,
ACH-000817,Lymphoid,Plasma Cell Myeloma,
ACH-000818,Breast,Breast Invasive Ductal Carcinoma,"luminal ER+, PR+, HER2+"
ACH-000819,CNS/Brain,Glioblastoma,
ACH-000820,Bowel,Colon Adenocarcinoma,
ACH-000821,Lymphoid,Plasma Cell Myeloma,
ACH-000822,Skin,Melanoma,
ACH-000823,Esophagus/Stomach,Esophageal Squamous Cell Carcinoma,
ACH-000824,Esophagus/Stomach,Esophageal Squamous Cell Carcinoma,
ACH-000825,Lung,Non-Small Cell Lung Cancer,
ACH-000826,Lung,Non-Small Cell Lung Cancer,
ACH-000827,Skin,Melanoma,
ACH-000828,Breast,Breast Invasive Lobular Carcinoma,"ER+, PR+, HER2+"
ACH-000829,Lymphoid,Plasma Cell Myeloma,
ACH-000830,Lung,Small Cell Lung Cancer,
ACH-000831,Uterus,Endometrial Carcinoma,
ACH-000832,Head and Neck,Oral Cavity Squamous Cell Carcinoma,
ACH-000833,Soft Tissue,Alveolar Rhabdomyosarcoma,
ACH-000834,Bladder/Urinary Tract,Bladder Urothelial Carcinoma,
ACH-000835,Soft Tissue,Undifferentiated Pleomorphic Sarcoma/Malignant Fibrous Histiocytoma/High-Grade Spindle Cell Sarcoma,
ACH-000836,Head and Neck,Oral Cavity Squamous Cell Carcinoma,
ACH-000837,Lung,Lung Adenocarcinoma,
ACH-000838,Lymphoid,Plasma Cell Myeloma,
ACH-000839,Bladder/Urinary Tract,Bladder Squamous Cell Carcinoma,
ACH-000840,Lung,Lung Adenosquamous Carcinoma,
ACH-000841,Lung,Lung Adenocarcinoma,
ACH-000842,Bowel,Colon Adenocarcinoma,
ACH-000843,Lung,Lung Squamous Cell Carcinoma,
ACH-000844,Lung,Small Cell Lung Cancer,
ACH-000845,Lung,Lung Adenocarcinoma,
ACH-000846,Head and Neck,Hypopharynx Squamous Cell Carcinoma,
ACH-000847,Esophagus/Stomach,Stomach Adenocarcinoma,
ACH-000848,Liver,Hepatocellular Carcinoma,
ACH-000849,Breast,Invasive Breast Carcinoma,basal_A TNBC
ACH-000850,Fibroblast,"Fibroblast, Colorectal",
ACH-000851,Lung,Lung Adenocarcinoma,
ACH-000852,Lung,Lung Adenocarcinoma,
ACH-000853,Lung,Large Cell Lung Carcinoma,
ACH-000854,Lymphoid,Plasma Cell Myeloma,
ACH-000855,Esophagus/Stomach,Esophageal Squamous Cell Carcinoma,
ACH-000856,Breast,Invasive Breast Carcinoma,basal_B TNBC
ACH-000857,Breast,Breast Invasive Ductal Carcinoma,basal TNBC
ACH-000858,Lung,Lung Squamous Cell Carcinoma,
ACH-000859,Breast,Breast Ductal Carcinoma In Situ,basal_A HER2+
ACH-000860,Lung,Lung Adenocarcinoma,
ACH-000861,Lung,Lung Adenocarcinoma,
ACH-000862,Bladder/Urinary Tract,Bladder Urothelial Carcinoma,
ACH-000863,CNS/Brain,Glioblastoma,
ACH-000864,Uterus,Endometrial Carcinoma,
ACH-000865,Esophagus/Stomach,Esophageal Squamous Cell Carcinoma,
ACH-000866,Lung,Small Cell Lung Cancer,
ACH-000867,Lung,Non-Small Cell Lung Cancer,
ACH-000868,Lung,Lung Adenosquamous Carcinoma,
ACH-000869,Lung,Lung Adenocarcinoma,
ACH-000870,Lung,Small Cell Lung Cancer,
ACH-000871,Lung,Small Cell Lung Cancer,
ACH-000872,Lung,Lung Adenocarcinoma,
ACH-000873,Esophagus/Stomach,Esophageal Squamous Cell Carcinoma,
ACH-000874,Lymphoid,B-Cell Acute Lymphoblastic Leukemia,KMT2A::AFF1
ACH-000875,Lung,Lung Adenocarcinoma,
ACH-000876,Breast,Invasive Breast Carcinoma,"luminal ER+, HER2+"
ACH-000877,Lymphoid,Burkitt Lymphoma,
ACH-000878,Lung,Lung Squamous Cell Carcinoma,
ACH-000879,Uterus,Endometrial Carcinoma,
ACH-000880,Esophagus/Stomach,Stomach Adenocarcinoma,
ACH-000881,Skin,Cutaneous Melanoma,
ACH-000882,Skin,Melanoma,
ACH-000883,CNS/Brain,Anaplastic Astrocytoma,
ACH-000884,Skin,Melanoma,
ACH-000885,Ovary/Fallopian Tube,Clear Cell Ovarian Cancer,
ACH-000886,Lung,Lung Adenocarcinoma,
ACH-000887,CNS/Brain,Glioblastoma,
ACH-000888,Lung,Lung Adenocarcinoma,
ACH-000889,Lymphoid,Plasma Cell Myeloma,
ACH-000890,Lung,SMARCA4-deficient undifferentiated tumor,
ACH-000891,Lung,Large Cell Lung Carcinoma,
ACH-000892,Lung,Lung Adenocarcinoma,
ACH-000893,Lung,Lung Adenocarcinoma,
ACH-000894,Lung,Lung Squamous Cell Carcinoma,
ACH-000895,Bowel,Colon Adenocarcinoma,MSI
ACH-000896,Bladder/Urinary Tract,Bladder Urothelial Carcinoma,
ACH-000897,Thyroid,Follicular Thyroid Cancer,
ACH-000898,Esophagus/Stomach,Tubular Stomach Adenocarcinoma,
ACH-000899,Skin,Melanoma,
ACH-000900,Lung,Lung Adenocarcinoma,
ACH-000901,Lung,Giant Cell Carcinoma of the Lung,
ACH-000902,Breast,Breast Invasive Ductal Carcinoma,luminal HER2+
ACH-000903,Thyroid,Follicular Thyroid Cancer,
ACH-000904,Lung,Large Cell Lung Carcinoma,
ACH-000905,Bladder/Urinary Tract,Bladder Urothelial Carcinoma,
ACH-000906,Ovary/Fallopian Tube,Clear Cell Ovarian Cancer,
ACH-000907,Kidney,Renal Clear Cell Carcinoma,
ACH-000908,Esophagus/Stomach,Stomach Adenocarcinoma,
ACH-000909,Uterus,Endometrial Carcinoma,
ACH-000910,Breast,Invasive Breast Carcinoma,HER2+
ACH-000911,Esophagus/Stomach,Stomach Adenocarcinoma,
ACH-000912,Lung,Small Cell Lung Cancer,
ACH-000913,Uterus,Endometrial Stromal Sarcoma,
ACH-000914,Lymphoid,"Diffuse Large B-Cell Lymphoma, NOS",
ACH-000915,Skin,Cutaneous Melanoma,
ACH-000916,Lung,Lung Adenocarcinoma,
ACH-000917,Esophagus/Stomach,Esophageal Squamous Cell Carcinoma,
ACH-000918,Lymphoid,T-Cell Acute Lymphoblastic Leukemia,"TAL1, STIL::TAL1;TCR::MYC"
ACH-000919,Esophagus/Stomach,Stomach Adenocarcinoma,
ACH-000920,Myeloid,"Chronic Myeloid Leukemia, BCR-ABL1+",BCR::ABL1; TCR::MYB
ACH-000921,Lung,Lung Squamous Cell Carcinoma,
ACH-000922,Lymphoid,B-Cell Acute Lymphoblastic Leukemia,TCF3::PBX1
ACH-000923,Lymphoid,Primary Effusion Lymphoma,
ACH-000924,Lung,Non-Small Cell Lung Cancer,
ACH-000925,Lung,Lung Adenocarcinoma,
ACH-000926,Bowel,Colon Adenocarcinoma,
ACH-000927,Breast,Breast Invasive Ductal Carcinoma,"ER+, PR+, HER2+"
ACH-000928,Uterus,Endometrial Carcinoma,
ACH-000929,Lung,Non-Small Cell Lung Cancer,
ACH-000930,Breast,Breast Invasive Ductal Carcinoma,basal_A HER2+
ACH-000931,Skin,Melanoma,
ACH-000932,Esophagus/Stomach,Stomach Adenocarcinoma,
ACH-000933,Pancreas,Pancreatic Adenocarcinoma,
ACH-000934,Breast,Invasive Breast Carcinoma,"luminal ER+, HER2+"
ACH-000935,Bowel,Colon Adenocarcinoma,
ACH-000936,Ovary/Fallopian Tube,Mucinous Ovarian Cancer,
ACH-000937,Lymphoid,T-Cell Acute Lymphoblastic Leukemia,"TAL1, STIL::TAL1"
ACH-000938,Lymphoid,B-Cell Acute Lymphoblastic Leukemia,IGH::DUX4
ACH-000939,Uterus,Uterine Leiomyosarcoma,
ACH-000940,Uterus,Endometrial Carcinoma,
ACH-000941,Uterus,Endometrial Carcinoma,
ACH-000942,Lymphoid,T-Cell Acute Lymphoblastic Leukemia,"TLX3, BCL11B::TLX3"
ACH-000943,Bowel,Colon Adenocarcinoma,MSI
ACH-000944,Lymphoid,Burkitt Lymphoma,
ACH-000945,Lung,Lung Adenocarcinoma,
ACH-000946,Uterus,Endometrial Carcinoma,
ACH-000947,Ovary/Fallopian Tube,Endometrioid Ovarian Cancer,
ACH-000948,Esophagus/Stomach,Stomach Adenocarcinoma,
ACH-000949,Esophagus/Stomach,Stomach Adenocarcinoma,
ACH-000950,Bowel,Colon Adenocarcinoma,MSI
ACH-000951,Lung,Lung Adenocarcinoma,
ACH-000952,Prostate,Prostate Adenocarcinoma,
ACH-000953,Lymphoid,T-Cell Acute Lymphoblastic Leukemia,TAL1 DP-like
ACH-000954,Uterus,Endometrial Carcinoma,
ACH-000955,Bowel,Colon Adenocarcinoma,MSI
ACH-000956,Prostate,Prostate Adenocarcinoma,
ACH-000957,Bowel,Colon Adenocarcinoma,MSI
ACH-000958,Bowel,Colon Adenocarcinoma,MSI
ACH-000959,Bowel,Colon Adenocarcinoma,MSI
ACH-000960,Lymphoid,B-Cell Acute Lymphoblastic Leukemia,ETV6::RUNX1
ACH-000961,Uterus,Endometrial Carcinoma,
ACH-000962,Ovary/Fallopian Tube,Serous Ovarian Cancer,
ACH-000963,Bowel,Colon Adenocarcinoma,MSI
ACH-000964,Lymphoid,T-Cell Acute Lymphoblastic Leukemia,"TAL1, TAL1 prom"
ACH-000965,Uterus,Uterine Adenosquamous Carcinoma,
ACH-000966,Ovary/Fallopian Tube,Endometrioid Ovarian Cancer,
ACH-000967,Bowel,Colon Adenocarcinoma,MSI
ACH-000968,Skin,Melanoma,
ACH-000969,Bowel,Colon Adenocarcinoma,MSI
ACH-000970,Bowel,Colon Adenocarcinoma,
ACH-000971,Bowel,Colon Adenocarcinoma,MSI
ACH-000972,Uterus,Endometrial Carcinoma,
ACH-000973,Bladder/Urinary Tract,Urethral Urothelial Carcinoma,
ACH-000974,Uterus,Endometrial Carcinoma,
ACH-000975,Lung,Lung Squamous Cell Carcinoma,
ACH-000976,Biliary Tract,Intrahepatic Cholangiocarcinoma,
ACH-000977,Prostate,Prostate Adenocarcinoma,
ACH-000978,Uterus,Endometrial Carcinoma,
ACH-000979,Prostate,Prostate Adenocarcinoma,
ACH-000980,Lung,Large Cell Lung Carcinoma,
ACH-000981,Lymphoid,T-Cell Acute Lymphoblastic Leukemia,"TLX3, TLX3::BCL11B"
ACH-000982,Bowel,Colon Adenocarcinoma,MSI
ACH-000983,Myeloid,"Chronic Myeloid Leukemia, BCR-ABL1+",BCR::ABL1
ACH-000984,Uterus,Uterine Adenosquamous Carcinoma,
ACH-000985,Bowel,Colon Adenocarcinoma,MSI
ACH-000986,Bowel,Colon Adenocarcinoma,
ACH-000987,Skin,Cutaneous Melanoma,
ACH-000988,Uterus,Uterine Adenosquamous Carcinoma,
ACH-000989,Bowel,Mucinous Adenocarcinoma of the Colon and Rectum,MSI
ACH-000990,Uterus,Endometrial Carcinoma,
ACH-000991,Bowel,Colon Adenocarcinoma,
ACH-000992,Head and Neck,Larynx Squamous Cell Carcinoma,
ACH-000993,Uterus,Endometrial Carcinoma,
ACH-000994,Uterus,Endometrial Carcinoma,
ACH-000995,Lymphoid,T-Cell Acute Lymphoblastic Leukemia,"TAL1, TAL1 prom"
ACH-000996,Uterus,Endometrial Carcinoma,
ACH-000997,Bowel,Colon Adenocarcinoma,MSI
ACH-000998,Bowel,Colon Adenocarcinoma,MSI
ACH-000999,Bowel,Colon Adenocarcinoma,MSI
ACH-001000,CNS/Brain,Astrocytoma,
ACH-001001,Bone,Osteosarcoma,
ACH-001002,Skin,Cutaneous Melanoma,
ACH-001007,Bone,Ewing Sarcoma,EWS::FLI
ACH-001008,Bone,Ewing Sarcoma,EWS::FLI
ACH-001009,Bone,Ewing Sarcoma,EWS::FLI
ACH-001010,Bone,Ewing Sarcoma,EWS::FLI
ACH-001015,Bowel,Duodenal Adenocarcinoma,
ACH-001016,CNS/Brain,Astrocytoma,
ACH-001017,Cervix,Endocervical Adenocarcinoma,
ACH-001018,Fibroblast,"Fibroblast, NOS",
ACH-001019,Skin,Merkel Cell Carcinoma,
ACH-001020,CNS/Brain,Atypical Teratoid/Rhabdoid Tumor,
ACH-001021,Liver,Hepatoblastoma,
ACH-001022,Bone,Ewing Sarcoma,
ACH-001023,Head and Neck,Head and Neck Squamous Cell Carcinoma,
ACH-001024,Skin,Melanoma,
ACH-001028,CNS/Brain,Atypical Teratoid/Rhabdoid Tumor,
ACH-001029,Bone,Ewing Sarcoma,EWS::FLI
ACH-001030,Bone,Ewing Sarcoma,
ACH-001031,CNS/Brain,Atypical Teratoid/Rhabdoid Tumor,
ACH-001032,Bone,Ewing Sarcoma,EWS::FLI
ACH-001033,CNS/Brain,Primitive Neuroectodermal Tumor,
ACH-001034,Bone,Ewing Sarcoma,EWS::FLI
ACH-001035,Bone,Ewing Sarcoma,EWS::FLI
ACH-001036,Myeloid,Myeloid Leukemia Associated with Down Syndrome,TP53::FXR2
ACH-001037,Myeloid,Myeloid Leukemia Associated with Down Syndrome,TP53::FXR2
ACH-001038,Bone,Ewing Sarcoma,EWS::ERG
ACH-001039,Bowel,Colon Adenocarcinoma,
ACH-001041,Skin,Melanoma,
ACH-001042,Uterus,Endometrial Carcinoma,
ACH-001043,Lymphoid,Plasma Cell Myeloma,
ACH-001044,Skin,Cutaneous Melanoma,
ACH-001045,Skin,Cutaneous Melanoma,
ACH-001046,Lung,Small Cell Lung Cancer,
ACH-001047,Lung,Small Cell Lung Cancer,
ACH-001048,Ovary/Fallopian Tube,Serous Ovarian Cancer,
ACH-001049,Lung,Small Cell Lung Cancer,
ACH-001050,Soft Tissue,Alveolar Rhabdomyosarcoma,
ACH-001052,CNS/Brain,Medulloblastoma,MYC_Amplified
ACH-001053,CNS/Brain,Medulloblastoma,MYC_Amplified
ACH-001054,CNS/Brain,Medulloblastoma,MYC_Amplified
ACH-001055,CNS/Brain,Medulloblastoma,
ACH-001057,Lymphoid,Hepatosplenic T-cell Lymphoma,
ACH-001059,Soft Tissue,Extrarenal Rhabdoid Cancer,
ACH-001060,Lymphoid,Anaplastic Large-Cell Lymphoma ALK Negative,
ACH-001061,Bowel,Colon Adenocarcinoma,
ACH-001063,Ovary/Fallopian Tube,Serous Ovarian Cancer,
ACH-001064,Lymphoid,Burkitt Lymphoma,
ACH-001065,Breast,Breast Invasive Lobular Carcinoma,PR+
ACH-001066,Bone,Ewing Sarcoma,
ACH-001067,CNS/Brain,Meningioma,
ACH-001068,Lymphoid,Anaplastic Large-Cell Lymphoma ALK Negative,
ACH-001071,Cervix,Endocervical Adenocarcinoma,
ACH-001072,Pancreas,Pancreatic Adenocarcinoma,
ACH-001075,Lung,Mucoepidermoid Carcinoma of the Lung,
ACH-001079,Lung,Lung Squamous Cell Carcinoma,
ACH-001081,Bowel,Colon Adenocarcinoma,
ACH-001084,Bowel,Colon Adenocarcinoma,
ACH-001085,,Transformed cell line,
ACH-001086,Cervix,Endocervical Adenocarcinoma,
ACH-001087,Kidney,Immortalized Embyonic Kidney Cells,
ACH-001088,Lung,Lung Adenocarcinoma,
ACH-001089,Liver,Hepatocellular Carcinoma,
ACH-001090,Head and Neck,Oral Cavity Squamous Cell Carcinoma,
ACH-001091,Bowel,Colon Adenocarcinoma,MSI
ACH-001093,Fibroblast,"Fibroblast, Lymphoid",
ACH-001094,Bone,Osteosarcoma,
ACH-001096,Soft Tissue,Alveolar Rhabdomyosarcoma,
ACH-001097,Lymphoid,Non-Hodgkin Lymphoma,
ACH-001098,Pancreas,Pancreatic Adenocarcinoma,
ACH-001099,Soft Tissue,Extrarenal Rhabdoid Cancer,
ACH-001100,Lymphoid,Natural Killer (NK) Cell Lymphoblastic Leukemia/Lymphoma (NKCLL),
ACH-001101,Pancreas,Pancreatic Adenocarcinoma,
ACH-001106,Lymphoid,B-Cell Acute Lymphoblastic Leukemia,KMT2A::MLLT1
ACH-001107,Pancreas,Pancreatic Adenocarcinoma,
ACH-001109,Kidney,Rhabdoid Cancer,
ACH-001111,Lymphoid,Anaplastic Large-Cell Lymphoma ALK Positive,
ACH-001113,Lung,Lung Squamous Cell Carcinoma,
ACH-001118,CNS/Brain,Glioblastoma,
ACH-001119,Lymphoid,Anaplastic Large-Cell Lymphoma ALK Negative,
ACH-001121,Lymphoid,Chronic Lymphocytic Leukemia/Small Lymphocytic Lymphoma,
ACH-001122,Skin,Merkel Cell Carcinoma,
ACH-001123,Skin,Merkel Cell Carcinoma,
ACH-001125,CNS/Brain,Anaplastic Astrocytoma,
ACH-001126,CNS/Brain,Anaplastic Astrocytoma,
ACH-001127,Lymphoid,T-Cell Acute Lymphoblastic Leukemia,"TAL1, TAL1 prom"
ACH-001128,Soft Tissue,Extrarenal Rhabdoid Cancer,
ACH-001129,Myeloid,Acute Monoblastic/Monocytic Leukemia,
ACH-001130,Lymphoid,T-Cell Large Granular Lymphocytic Leukemia,
ACH-001131,Skin,Merkel Cell Carcinoma,
ACH-001132,Lymphoid,Natural Killer (NK) Cell Lymphoblastic Leukemia/Lymphoma (NKCLL),
ACH-001134,Lymphoid,Non-Hodgkin Lymphoma,
ACH-001136,Lung,Small Cell Lung Cancer,
ACH-001137,Lung,Lung Adenocarcinoma,
ACH-001138,Lung,Small Cell Lung Cancer,
ACH-001142,CNS/Brain,"Immortalized Epithelial Cells, CNS",
ACH-001143,Lymphoid,Natural Killer (NK) Cell Lymphoblastic Leukemia/Lymphoma (NKCLL),
ACH-001144,Ovary/Fallopian Tube,Serous Ovarian Cancer,
ACH-001145,Ovary/Fallopian Tube,Serous Ovarian Cancer,
ACH-001146,Lymphoid,Activated B-cell Type,
ACH-001147,Lymphoid,Follicular T-Cell Lymphoma,
ACH-001148,Lymphoid,"Diffuse Large B-Cell Lymphoma, NOS",
ACH-001150,Bone,Chondrosarcoma,
ACH-001151,Ovary/Fallopian Tube,High-Grade Serous Ovarian Cancer,
ACH-001162,Lymphoid,Plasma Cell Myeloma,
ACH-001163,Kidney,Renal Medullary Carcinoma,
ACH-001164,Soft Tissue,Undifferentiated Pleomorphic Sarcoma/Malignant Fibrous Histiocytoma/High-Grade Spindle Cell Sarcoma,
ACH-001170,Skin,Merkel Cell Carcinoma,
ACH-001171,Pancreas,Pancreatic Adenocarcinoma,
ACH-001172,CNS/Brain,Astrocytoma,
ACH-001175,Kidney,Renal Clear Cell Carcinoma,
ACH-001182,Lymphoid,B-Cell Acute Lymphoblastic Leukemia,
ACH-001183,Bladder/Urinary Tract,Bladder Urothelial Carcinoma,
ACH-001184,Soft Tissue,Alveolar Rhabdomyosarcoma,PAX3::FKHR
ACH-001188,Peripheral Nervous System,Neuroblastoma,MYC_Amplified
ACH-001189,Soft Tissue,Alveolar Rhabdomyosarcoma,
ACH-001190,Skin,Melanoma,
ACH-001192,Bone,Ewing Sarcoma,EWS::FLI
ACH-001193,Bone,Ewing Sarcoma,EWS::FLI
ACH-001194,Kidney,Renal Cell Carcinoma,
ACH-001196,Soft Tissue,Embryonal Rhabdomyosarcoma,
ACH-001197,Lymphoid,Mature T and NK Neoplasms,
ACH-001198,CNS/Brain,Astrocytoma,
ACH-001199,Bowel,Colon Adenocarcinoma,
ACH-001200,Kidney,Rhabdoid Cancer,
ACH-001201,CNS/Brain,Medulloblastoma,
ACH-001203,Lymphoid,Hodgkin Lymphoma,
ACH-001205,Bone,Ewing Sarcoma,EWS::FLI
ACH-001206,Bone,Ewing Sarcoma,
ACH-001207,Fibroblast,"Fibroblast, Lung",
ACH-001208,Kidney,Renal Clear Cell Carcinoma,
ACH-001209,Lymphoid,B-Cell Acute Lymphoblastic Leukemia,BCR::ABL1
ACH-001210,Kidney,Rhabdoid Cancer,
ACH-001211,Soft Tissue,Extrarenal Rhabdoid Cancer,
ACH-001212,Soft Tissue,Extrarenal Rhabdoid Cancer,
ACH-001214,CNS/Brain,Glioblastoma,
ACH-001224,Kidney,Renal Clear Cell Carcinoma,
ACH-001225,Kidney,Renal Cell Carcinoma,
ACH-001227,Head and Neck,Oral Cavity Squamous Cell Carcinoma,
ACH-001228,Head and Neck,Oral Cavity Squamous Cell Carcinoma,
ACH-001229,Head and Neck,Oral Cavity Squamous Cell Carcinoma,
ACH-001230,Myeloid,Acute Megakaryoblastic Leukemia,
ACH-001232,CNS/Brain,Medulloblastoma,MYC_No
ACH-001233,Lung,Lung Adenocarcinoma,
ACH-001234,Lung,Lung Squamous Cell Carcinoma,
ACH-001239,Skin,Melanoma,
ACH-001249,Breast,Breast Invasive Ductal Carcinoma,"luminal ER, PR+"
ACH-001270,Soft Tissue,Synovial Sarcoma,
ACH-001272,Soft Tissue,Synovial Sarcoma,
ACH-001274,Soft Tissue,Synovial Sarcoma,
ACH-001275,Bone,Osteosarcoma,
ACH-001277,Soft Tissue,Synovial Sarcoma,
ACH-001278,Ovary/Fallopian Tube,Small Cell Carcinoma of the Ovary,
ACH-001279,Ovary/Fallopian Tube,Small Cell Carcinoma of the Ovary,
ACH-001280,Soft Tissue,Synovial Sarcoma,
ACH-001282,Bone,Ewing Sarcoma,EWS::FLI
ACH-001283,Bone,Ewing Sarcoma,EWS::ERG
ACH-001289,CNS/Brain,Atypical Teratoid/Rhabdoid Tumor,
ACH-001295,Eye,Retinoblastoma,
ACH-001300,Peripheral Nervous System,Neuroblastoma,
ACH-001301,Peripheral Nervous System,Neuroblastoma,MYC_Amplified
ACH-001302,Peripheral Nervous System,Neuroblastoma,MYC_Amplified
ACH-001303,Peripheral Nervous System,Neuroblastoma,MYC_Amplified
ACH-001306,Thyroid,Anaplastic Thyroid Cancer,
ACH-001307,Thyroid,Anaplastic Thyroid Cancer,
ACH-001310,Kidney,Immortalized Embyonic Kidney Cells,
ACH-001318,Liver,Hepatocellular Carcinoma,
ACH-001321,Thyroid,Medullary Thyroid Cancer,
ACH-001322,Soft Tissue,Synovial Sarcoma,
ACH-001328,Skin,Cutaneous Squamous Cell Carcinoma,
ACH-001329,CNS/Brain,Glioblastoma,
ACH-001331,Head and Neck,Oral Cavity Squamous Cell Carcinoma,
ACH-001332,Head and Neck,Oral Cavity Squamous Cell Carcinoma,
ACH-001333,Cervix,Cervical Squamous Cell Carcinoma,
ACH-001334,Cervix,Cervical Squamous Cell Carcinoma,
ACH-001335,Cervix,Cervical Squamous Cell Carcinoma,
ACH-001336,Cervix,Cervical Squamous Cell Carcinoma,
ACH-001338,Peripheral Nervous System,Neuroblastoma,MYC_Amplified
ACH-001339,Skin,Cutaneous Melanoma,
ACH-001340,Ovary/Fallopian Tube,Serous Ovarian Cancer,
ACH-001341,Cervix,Mixed Cervical Carcinoma,
ACH-001344,Peripheral Nervous System,Neuroblastoma,
ACH-001345,Bowel,Colon Adenocarcinoma,
ACH-001346,Head and Neck,Oral Cavity Squamous Cell Carcinoma,
ACH-001347,Head and Neck,Oral Cavity Squamous Cell Carcinoma,
ACH-001349,CNS/Brain,Medulloblastoma,
ACH-001350,Thyroid,Anaplastic Thyroid Cancer,
ACH-001353,Pancreas,Pancreatic Adenocarcinoma,
ACH-001354,Peripheral Nervous System,Neuroblastoma,MYC_Amplified
ACH-001355,Peripheral Nervous System,Neuroblastoma,
ACH-001356,Thyroid,Anaplastic Thyroid Cancer,
ACH-001357,Breast,Immortalized Breast Cells,
ACH-001358,Breast,Breast Invasive Lobular Carcinoma,HER2 Amp
ACH-001359,Cervix,Cervical Squamous Cell Carcinoma,
ACH-001360,Cervix,Cervical Squamous Cell Carcinoma,
ACH-001362,Lung,Non-Small Cell Lung Cancer,
ACH-001363,Lung,Non-Small Cell Lung Cancer,
ACH-001364,Lung,Small Cell Lung Cancer,
ACH-001365,Lung,Small Cell Lung Cancer,
ACH-001366,Peripheral Nervous System,Neuroblastoma,MYC_Amplified
ACH-001367,Peripheral Nervous System,Neuroblastoma,MYC_Amplified
ACH-001368,Esophagus/Stomach,Esophageal Adenocarcinoma,
ACH-001369,Ovary/Fallopian Tube,Clear Cell Ovarian Cancer,
ACH-001370,Ovary/Fallopian Tube,Serous Ovarian Cancer,
ACH-001373,Ovary/Fallopian Tube,Serous Ovarian Cancer,
ACH-001374,Ovary/Fallopian Tube,Mixed Germ Cell Tumor,
ACH-001375,Pancreas,Pancreatic Adenocarcinoma,
ACH-001376,Pancreas,Pancreatic Adenocarcinoma,
ACH-001377,Pancreas,Pancreatic Adenocarcinoma,
ACH-001378,Pancreas,Pancreatic Adenocarcinoma,
ACH-001379,Pancreas,Pancreatic Adenocarcinoma,
ACH-001380,Pancreas,Pancreatic Adenocarcinoma,
ACH-001382,Pancreas,Pancreatic Adenocarcinoma,
ACH-001383,Prostate,Immortalized Prostate Cells,
ACH-001384,Thyroid,Follicular Thyroid Cancer,
ACH-001385,Head and Neck,NUT Midline Carcinoma of the Head and Neck,
ACH-001386,Lung,Small Cell Lung Cancer,
ACH-001388,Breast,Breast Invasive Ductal Carcinoma,TNBC
ACH-001389,Breast,Breast Invasive Ductal Carcinoma,TNBC
ACH-001390,Breast,Breast Invasive Ductal Carcinoma,basal_B TNBC
ACH-001391,Breast,Invasive Breast Carcinoma,basal_B TNBC
ACH-001392,Breast,Invasive Breast Carcinoma,luminal TNBC
ACH-001393,Breast,Invasive Breast Carcinoma,basal_A HER2+
ACH-001394,Breast,Invasive Breast Carcinoma,basal TNBC
ACH-001395,Breast,Breast Invasive Lobular Carcinoma,luminal ER+
ACH-001396,Breast,Invasive Breast Carcinoma,luminal TNBC
ACH-001397,Breast,"Breast Invasive Cancer, NOS",basal HER2+
ACH-001398,Kidney,Renal Cell Carcinoma,
ACH-001399,Bowel,Colon Adenocarcinoma,
ACH-001400,Vulva/Vagina,Squamous Cell Carcinoma of the Vulva/Vagina,
ACH-001401,Adrenal Gland,Adrenocortical Carcinoma,
ACH-001402,Cervix,Cervical Squamous Cell Carcinoma,
ACH-001403,Ovary/Fallopian Tube,Serous Ovarian Cancer,
ACH-001407,Bladder/Urinary Tract,Bladder Urothelial Carcinoma,
ACH-001408,Bladder/Urinary Tract,Urethral Urothelial Carcinoma,
ACH-001409,Bladder/Urinary Tract,Bladder Urothelial Carcinoma,
ACH-001410,Bladder/Urinary Tract,Bladder Urothelial Carcinoma,
ACH-001411,Bladder/Urinary Tract,Bladder Squamous Cell Carcinoma,
ACH-001412,Bladder/Urinary Tract,Bladder Urothelial Carcinoma,
ACH-001413,Bladder/Urinary Tract,Bladder Urothelial Carcinoma,
ACH-001414,Bladder/Urinary Tract,Bladder Urothelial Carcinoma,
ACH-001415,Bladder/Urinary Tract,Bladder Urothelial Carcinoma,
ACH-001416,Bladder/Urinary Tract,Bladder Urothelial Carcinoma,
ACH-001417,Lung,Lung Carcinoid,
ACH-001418,Ovary/Fallopian Tube,Serous Ovarian Cancer,
ACH-001419,Breast,Breast Invasive Ductal Carcinoma,
ACH-001421,Eye,Retinoblastoma,
ACH-001422,Prostate,"Immortalized Epithelial Cells, Prostate",
ACH-001423,Kidney,Wilms' Tumor,
ACH-001427,Bone,Ewing Sarcoma,EWS::FLI
ACH-001428,Bone,Ewing Sarcoma,EWS::FLI
ACH-001430,Bone,Ewing Sarcoma,EWS::FLI
ACH-001431,Bone,Ewing Sarcoma,EWS::FEV
ACH-001433,Soft Tissue,Epithelioid Sarcoma,
ACH-001435,Testis,Embryonal Carcinoma,
ACH-001436,Testis,Yolk Sac Tumor,
ACH-001437,Testis,Embryonal Carcinoma,
ACH-001438,Testis,Embryonal Carcinoma,
ACH-001440,Testis,Embryonal Carcinoma,
ACH-001441,Eye,Uveal Melanoma,
ACH-001442,Skin,Cutaneous Squamous Cell Carcinoma,
ACH-001443,Thyroid,Anaplastic Thyroid Cancer,
ACH-001445,Head and Neck,Oral Cavity Squamous Cell Carcinoma,
ACH-001447,Lymphoid,Burkitt Lymphoma,
ACH-001449,Lymphoid,Burkitt Lymphoma,
ACH-001450,Lymphoid,Burkitt Lymphoma,
ACH-001451,Cervix,Cervical Squamous Cell Carcinoma,
ACH-001452,Lymphoid,Hairy Cell Leukemia,
ACH-001453,Prostate,"Hyperplasia, Prostate",
ACH-001454,Bowel,Colon Adenocarcinoma,
ACH-001456,Bowel,Colorectal Adenocarcinoma,
ACH-001458,Bowel,Colon Adenocarcinoma,
ACH-001459,Bowel,Rectal Adenocarcinoma,
ACH-001460,Bowel,Colon Adenocarcinoma,
ACH-001461,Bowel,Rectal Adenocarcinoma,
ACH-001465,Peripheral Nervous System,Neuroblastoma,
ACH-001481,Peripheral Nervous System,Neuroblastoma,
ACH-001484,Lymphoid,Chronic Lymphocytic Leukemia/Small Lymphocytic Lymphoma,
ACH-001485,Lymphoid,"Transformed cell line, B lymphoblast",
ACH-001489,Lung,Lung Squamous Cell Carcinoma,
ACH-001490,Lung,Lung Adenocarcinoma,
ACH-001492,Lymphoid,Burkitt Lymphoma,
ACH-001493,Lymphoid,Burkitt Lymphoma,
ACH-001494,Biliary Tract,Extrahepatic Cholangiocarcinoma,
ACH-001495,Uterus,Uterine Carcinosarcoma/Uterine Malignant Mixed Mullerian Tumor,
ACH-001496,Esophagus/Stomach,Adenocarcinoma of the Gastroesophageal Junction,
ACH-001497,Esophagus/Stomach,Esophageal Adenocarcinoma,
ACH-001498,Lymphoid,Germinal Center B-Cell Type,
ACH-001500,Esophagus/Stomach,Esophageal Adenocarcinoma,
ACH-001502,Testis,Teratoma,
ACH-001503,Lymphoid,Burkitt Lymphoma,
ACH-001508,Head and Neck,Oral Cavity Squamous Cell Carcinoma,
ACH-001509,Head and Neck,Oral Cavity Squamous Cell Carcinoma,
ACH-001510,Head and Neck,Oral Cavity Squamous Cell Carcinoma,
ACH-001511,Head and Neck,Oral Cavity Squamous Cell Carcinoma,
ACH-001513,Cervix,Endocervical Adenocarcinoma,
ACH-001514,Breast,Breast Invasive Ductal Carcinoma,HER2+
ACH-001515,Cervix,Cervical Squamous Cell Carcinoma,
ACH-001516,Cervix,Endocervical Adenocarcinoma,
ACH-001517,Uterus,Endometrial Carcinoma,
ACH-001518,Uterus,Endometrial Carcinoma,
ACH-001519,Bone,Extraskeletal Myxoid Chondrosarcoma,
ACH-001520,Lymphoid,"Transformed cell line, B lymphoblast",
ACH-001521,Skin,Cutaneous Squamous Cell Carcinoma,
ACH-001522,Skin,Melanoma,
ACH-001523,Skin,Cutaneous Squamous Cell Carcinoma,
ACH-001524,Skin,Cutaneous Squamous Cell Carcinoma,
ACH-001525,Cervix,Cervical Adenocarcinoma,
ACH-001526,Bone,Osteosarcoma,
ACH-001528,Thyroid,Papillary Thyroid Cancer,
ACH-001529,Uterus,Choriocarcinoma,
ACH-001530,Uterus,Choriocarcinoma,
ACH-001532,Kidney,Rhabdoid Cancer,
ACH-001533,Lymphoid,Splenic Marginal Zone Lymphoma,
ACH-001536,Biliary Tract,Extrahepatic Cholangiocarcinoma,
ACH-001537,Biliary Tract,Intrahepatic Cholangiocarcinoma,
ACH-001538,Biliary Tract,Intrahepatic Cholangiocarcinoma,
ACH-001539,Lymphoid,Germinal Center B-Cell Type,
ACH-001540,Soft Tissue,Liposarcoma,
ACH-001541,Lymphoid,Plasma Cell Myeloma,
ACH-001542,Head and Neck,Oral Cavity Squamous Cell Carcinoma,
ACH-001543,Head and Neck,Oral Cavity Squamous Cell Carcinoma,
ACH-001544,Esophagus/Stomach,Esophageal Adenocarcinoma,
ACH-001547,Pleura,"Pleural Mesothelioma, Epithelioid Type",
ACH-001548,Peripheral Nervous System,Neuroblastoma,
ACH-001549,Lung,Small Cell Lung Cancer,
ACH-001550,Skin,Merkel Cell Carcinoma,
ACH-001551,Skin,Merkel Cell Carcinoma,
ACH-001552,Skin,Merkel Cell Carcinoma,
ACH-001554,Eye,Uveal Melanoma,
ACH-001555,Pleura,"Pleural Mesothelioma, Epithelioid Type",
ACH-001556,Pleura,"Pleural Mesothelioma, Biphasic Type",
ACH-001557,Pleura,"Pleural Mesothelioma, Epithelioid Type",
ACH-001558,Pleura,"Pleural Mesothelioma, Biphasic Type",
ACH-001559,Pleura,"Pleural Mesothelioma, Epithelioid Type",
ACH-001560,Pleura,"Pleural Mesothelioma, Biphasic Type",
ACH-001561,Pleura,"Pleural Mesothelioma, Biphasic Type",
ACH-001562,Pleura,"Pleural Mesothelioma, Epithelioid Type",
ACH-001563,Skin,Melanoma,
ACH-001566,Skin,Melanoma,
ACH-001567,Skin,Melanoma,
ACH-001568,Skin,Melanoma,
ACH-001569,Skin,Melanoma,
ACH-001570,Skin,Melanoma,
ACH-001571,Lymphoid,Hairy Cell Leukemia,
ACH-001573,Myeloid,"Chronic Myeloid Leukemia, BCR-ABL1+",
ACH-001574,Myeloid,Acute Myeloid Leukemia,
ACH-001577,Myeloid,Acute Myeloid Leukemia,
ACH-001578,Testis,Embryonal Carcinoma,
ACH-001591,Lung,Small Cell Lung Cancer,
ACH-001598,Adrenal Gland,Adrenocortical Carcinoma,
ACH-001599,Lung,Small Cell Lung Cancer,
ACH-001603,Peripheral Nervous System,Neuroblastoma,
ACH-001605,CNS/Brain,Glioblastoma,
ACH-001606,CNS/Brain,Glioblastoma,
ACH-001607,Biliary Tract,"Gallbladder Adenocarcinoma, NOS",
ACH-001608,CNS/Brain,Glioblastoma,
ACH-001609,CNS/Brain,Glioblastoma,
ACH-001610,CNS/Brain,Glioblastoma,
ACH-001611,CNS/Brain,Glioblastoma,
ACH-001613,Myeloid,Acute Myeloid Leukemia,
ACH-001616,Lymphoid,"Diffuse Large B-Cell Lymphoma, NOS",
ACH-001617,Lymphoid,"Diffuse Large B-Cell Lymphoma, NOS",
ACH-001618,Myeloid,Acute Myeloid Leukemia,
ACH-001619,Biliary Tract,"Gallbladder Adenocarcinoma, NOS",
ACH-001622,CNS/Brain,Glioblastoma,
ACH-001623,CNS/Brain,Glioblastoma,
ACH-001624,CNS/Brain,Glioblastoma,
ACH-001625,Head and Neck,Oral Cavity Squamous Cell Carcinoma,
ACH-001626,Head and Neck,Oral Cavity Squamous Cell Carcinoma,
ACH-001627,Prostate,"Immortalized Epithelial Cells, Prostate",
ACH-001628,Ovary/Fallopian Tube,High-Grade Serous Ovarian Cancer,
ACH-001630,Ovary/Fallopian Tube,Serous Ovarian Cancer,
ACH-001632,Ovary/Fallopian Tube,Serous Ovarian Cancer,
ACH-001634,Lymphoid,Chronic Lymphocytic Leukemia/Small Lymphocytic Lymphoma,
ACH-001636,Lymphoid,Non-Hodgkin Lymphoma,MYC::IGH
ACH-001638,Lymphoid,Germinal Center B-Cell Type,
ACH-001639,Lymphoid,"Diffuse Large B-Cell Lymphoma, NOS",
ACH-001641,Head and Neck,Head and Neck Squamous Cell Carcinoma,
ACH-001642,Lymphoid,Mature B-Cell Neoplasms,
ACH-001643,Bone,Ewing Sarcoma,
ACH-001645,Skin,Melanoma,
ACH-001647,Myeloid,Acute Myeloid Leukemia,"KMT2A::AFDN, PTPN11, KRAS"
ACH-001648,Prostate,"Immortalized Epithelial Cells, Prostate",
ACH-001649,Prostate,"Immortalized Epithelial Cells, Prostate",
ACH-001650,Cervix,Cervical Adenocarcinoma,
ACH-001651,Cervix,Cervical Squamous Cell Carcinoma,
ACH-001652,Cervix,Cervical Squamous Cell Carcinoma,
ACH-001653,Esophagus/Stomach,Stomach Adenocarcinoma,
ACH-001654,Esophagus/Stomach,Esophageal Adenocarcinoma,
ACH-001655,Uterus,Uterine Leiomyosarcoma,
ACH-001656,Myeloid,Acute Myeloid Leukemia,"RUNX1::RUNX1T1, TP53, MYC and KIT"
ACH-001662,Breast,"Breast Invasive Cancer, NOS",TNBC
ACH-001664,Esophagus/Stomach,Stomach Adenocarcinoma,
ACH-001667,Soft Tissue,Clear Cell Sarcoma,
ACH-001668,Testis,Teratoma,
ACH-001669,Lymphoid,B-Cell Acute Lymphoblastic Leukemia,BCL2/MYC
ACH-001670,CNS/Brain,Primitive Neuroectodermal Tumor,
ACH-001671,Testis,Embryonal Carcinoma,
ACH-001672,Testis,Embryonal Carcinoma,
ACH-001673,Biliary Tract,Extrahepatic Cholangiocarcinoma,
ACH-001674,Peripheral Nervous System,Neuroblastoma,
ACH-001675,Head and Neck,Oral Cavity Squamous Cell Carcinoma,
ACH-001676,Head and Neck,NUT Midline Carcinoma of the Head and Neck,
ACH-001677,Lymphoid,"Diffuse Large B-Cell Lymphoma, NOS",
ACH-001678,Lymphoid,"Diffuse Large B-Cell Lymphoma, NOS",
ACH-001679,Lymphoid,"High-Grade B-Cell Lymphoma, with MYC and BCL2 and/or BCL6 Rearrangements",
ACH-001680,Lymphoid,Non-Hodgkin Lymphoma,
ACH-001683,Breast,Breast Invasive Lobular Carcinoma,"ER+, HER2+"
ACH-001684,Myeloid,"AML, NOS","ETV6::MN1, PTPN11, KIT and CCND3"
ACH-001685,Lymphoid,Hodgkin Lymphoma,
ACH-001686,Lymphoid,"Diffuse Large B-Cell Lymphoma, NOS",
ACH-001687,Kidney,Renal Clear Cell Carcinoma,
ACH-001688,Kidney,Renal Cell Carcinoma,
ACH-001690,Head and Neck,Oral Cavity Squamous Cell Carcinoma,
ACH-001691,Head and Neck,Oral Cavity Squamous Cell Carcinoma,
ACH-001692,Head and Neck,Oral Cavity Squamous Cell Carcinoma,
ACH-001693,Head and Neck,Oral Cavity Squamous Cell Carcinoma,
ACH-001694,Head and Neck,Oral Cavity Squamous Cell Carcinoma,
ACH-001695,Head and Neck,Oral Cavity Squamous Cell Carcinoma,
ACH-001696,Head and Neck,Oral Cavity Squamous Cell Carcinoma,
ACH-001697,Head and Neck,Oral Cavity Squamous Cell Carcinoma,
ACH-001698,Head and Neck,Oral Cavity Squamous Cell Carcinoma,
ACH-001699,Head and Neck,Oral Cavity Squamous Cell Carcinoma,
ACH-001700,Head and Neck,Oropharynx Squamous Cell Carcinoma,
ACH-001701,Head and Neck,Oral Cavity Squamous Cell Carcinoma,
ACH-001702,Soft Tissue,Epithelioid Sarcoma,
ACH-001703,Lymphoid,"Diffuse Large B-Cell Lymphoma, NOS",
ACH-001704,Skin,Melanoma,
ACH-001705,Breast,Breast Invasive Ductal Carcinoma,"ER-, PR-"
ACH-001707,Lymphoid,Chronic Lymphocytic Leukemia/Small Lymphocytic Lymphoma,
ACH-001708,Lymphoid,Follicular Lymphoma,
ACH-001709,Lymphoid,"Diffuse Large B-Cell Lymphoma, NOS",
ACH-001711,CNS/Brain,Primitive Neuroectodermal Tumor,
ACH-001712,Bone,Osteosarcoma,
ACH-001715,Bone,Osteosarcoma,
ACH-001716,Peripheral Nervous System,Neuroblastoma,
ACH-001719,Ovary/Fallopian Tube,Clear Cell Ovarian Cancer,
ACH-001735,Lymphoid,B-Cell Acute Lymphoblastic Leukemia,KMT2A::AFF1
ACH-001736,Lymphoid,B-Cell Acute Lymphoblastic Leukemia,ETV6::RUNX1
ACH-001737,Lymphoid,T-Cell Acute Lymphoblastic Leukemia,TAL1
ACH-001738,Lymphoid,T-Cell Acute Lymphoblastic Leukemia,TAL1
ACH-001740,Soft Tissue,Alveolar Rhabdomyosarcoma,
ACH-001743,Soft Tissue,Alveolar Rhabdomyosarcoma,PAX3::FKHR
ACH-001745,Soft Tissue,Alveolar Rhabdomyosarcoma,
ACH-001750,Soft Tissue,Embryonal Rhabdomyosarcoma,
ACH-001751,Soft Tissue,Embryonal Rhabdomyosarcoma,
ACH-001756,Soft Tissue,Embryonal Rhabdomyosarcoma,
ACH-001758,Soft Tissue,Embryonal Rhabdomyosarcoma,
ACH-001759,Soft Tissue,Embryonal Rhabdomyosarcoma,
ACH-001760,Soft Tissue,Embryonal Rhabdomyosarcoma,
ACH-001765,Soft Tissue,Alveolar Rhabdomyosarcoma,
ACH-001767,Fibroblast,"Fibroblast, Soft Tissue",
ACH-001786,Bowel,Colon Adenocarcinoma,
ACH-001791,Soft Tissue,Liposarcoma,
ACH-001793,Soft Tissue,Liposarcoma,
ACH-001794,Soft Tissue,Well-Differentiated Liposarcoma,
ACH-001795,Soft Tissue,Well-Differentiated Liposarcoma,
ACH-001796,Soft Tissue,Well-Differentiated Liposarcoma,
ACH-001799,Soft Tissue,Dedifferentiated Liposarcoma,
ACH-001802,Soft Tissue,Dedifferentiated Liposarcoma,
ACH-001804,Soft Tissue,Dedifferentiated Liposarcoma,
ACH-001807,Soft Tissue,Dedifferentiated Liposarcoma,
ACH-001813,Bone,Osteosarcoma,
ACH-001814,Bone,Osteosarcoma,
ACH-001817,Bone,Osteosarcoma,
ACH-001818,Bone,Osteosarcoma,
ACH-001819,Breast,Breast Invasive Ductal Carcinoma,"luminal ER, PR+"
ACH-001820,Breast,"Breast Neoplasm, NOS",HER2+
ACH-001825,Bowel,Colon Adenocarcinoma,
ACH-001828,Lymphoid,Matched Normal,
ACH-001834,Biliary Tract,Intrahepatic Cholangiocarcinoma,
ACH-001835,Biliary Tract,Intrahepatic Cholangiocarcinoma,
ACH-001836,Biliary Tract,Intrahepatic Cholangiocarcinoma,
ACH-001838,Biliary Tract,Intrahepatic Cholangiocarcinoma,
ACH-001839,Biliary Tract,Intrahepatic Cholangiocarcinoma,
ACH-001841,Biliary Tract,Extrahepatic Cholangiocarcinoma,
ACH-001842,Biliary Tract,Intrahepatic Cholangiocarcinoma,
ACH-001843,Biliary Tract,Extrahepatic Cholangiocarcinoma,
ACH-001844,Biliary Tract,Intrahepatic Cholangiocarcinoma,
ACH-001845,Biliary Tract,Intrahepatic Cholangiocarcinoma,
ACH-001846,Biliary Tract,Intrahepatic Cholangiocarcinoma,
ACH-001847,Biliary Tract,Intrahepatic Cholangiocarcinoma,
ACH-001848,Biliary Tract,Intrahepatic Cholangiocarcinoma,
ACH-001849,Biliary Tract,Intrahepatic Cholangiocarcinoma,
ACH-001850,Biliary Tract,"Gallbladder Adenocarcinoma, NOS",
ACH-001852,Biliary Tract,Intrahepatic Cholangiocarcinoma,
ACH-001853,Liver,Hepatocellular Carcinoma plus Intrahepatic Cholangiocarcinoma,
ACH-001854,Biliary Tract,"Immortalized Cholangiocyte, Highly Differentiated",
ACH-001855,Biliary Tract,Intrahepatic Cholangiocarcinoma,
ACH-001856,Biliary Tract,Intrahepatic Cholangiocarcinoma,
ACH-001857,Biliary Tract,Intrahepatic Cholangiocarcinoma,
ACH-001858,Biliary Tract,Intrahepatic Cholangiocarcinoma,
ACH-001861,Biliary Tract,Gallbladder Cancer,
ACH-001862,Ampulla of Vater,Ampullary Carcinoma,
ACH-001863,Biliary Tract,Intrahepatic Cholangiocarcinoma,
ACH-001864,Biliary Tract,Intrahepatic Cholangiocarcinoma,
ACH-001949,Skin,Melanoma,
ACH-001953,Skin,Melanoma,
ACH-001958,Lung,Small Cell Lung Cancer,
ACH-001959,Biliary Tract,Intrahepatic Cholangiocarcinoma,
ACH-001960,Biliary Tract,Intrahepatic Cholangiocarcinoma,
ACH-001961,Biliary Tract,Gallbladder Cancer,
ACH-001970,Skin,Melanoma,
ACH-001971,Skin,Melanoma,
ACH-001972,Skin,Melanoma,
ACH-001973,Skin,Melanoma,
ACH-001974,Skin,Melanoma,
ACH-001975,Skin,Melanoma,
ACH-001976,Skin,Melanoma,
ACH-001977,Pleura,"Pleural Mesothelioma, Epithelioid Type",
ACH-001978,Skin,Melanoma,
ACH-001979,Skin,Melanoma,
ACH-001980,Skin,Melanoma,
ACH-001981,Skin,Melanoma,
ACH-001982,Skin,Melanoma,
ACH-001983,Skin,Melanoma,
ACH-001984,Skin,Melanoma,
ACH-001985,Skin,Melanoma,
ACH-001986,Skin,Melanoma,
ACH-001987,Skin,Melanoma,
ACH-001988,Skin,Melanoma,
ACH-001989,Skin,Melanoma,
ACH-001990,Skin,Melanoma,
ACH-001991,Ovary/Fallopian Tube,Endometrioid Ovarian Cancer,
ACH-001992,Pleura,"Pleural Mesothelioma, Epithelioid Type",
ACH-001993,Lymphoid,B-Cell Acute Lymphoblastic Leukemia,"Near haploid, TP53"
ACH-001994,Biliary Tract,Intrahepatic Cholangiocarcinoma,
ACH-001996,Biliary Tract,Intrahepatic Cholangiocarcinoma,
ACH-001997,Ampulla of Vater,Ampullary Carcinoma,
ACH-001999,Pancreas,Pancreatic Adenocarcinoma,
ACH-002001,Skin,Melanoma,
ACH-002002,Skin,Melanoma,
ACH-002003,Skin,Melanoma,
ACH-002004,Skin,Melanoma,
ACH-002005,Skin,Cutaneous Melanoma,
ACH-002010,Eye,Uveal Melanoma,
ACH-002011,Eye,Uveal Melanoma,
ACH-002013,Eye,Uveal Melanoma,
ACH-002014,Eye,Uveal Melanoma,
ACH-002015,Eye,Uveal Melanoma,
ACH-002016,Eye,Uveal Melanoma,
ACH-002017,Eye,Uveal Melanoma,
ACH-002018,Eye,Uveal Melanoma,
ACH-002019,Cervix,Glassy Cell Carcinoma of the Cervix,
ACH-002020,Cervix,Cervical Squamous Cell Carcinoma,
ACH-002021,Uterus,Choriocarcinoma,
ACH-002023,Ampulla of Vater,Ampullary Carcinoma,
ACH-002024,Bowel,Rectal Adenocarcinoma,
ACH-002025,Bowel,Rectal Adenocarcinoma,
ACH-002026,Uterus,Endometrial Carcinoma,
ACH-002027,Uterus,Endometrial Carcinoma,
ACH-002029,Head and Neck,Oral Cavity Squamous Cell Carcinoma,
ACH-002030,Head and Neck,Oral Cavity Squamous Cell Carcinoma,
ACH-002033,Pleura,"Pleural Mesothelioma, Epithelioid Type",
ACH-002034,Lung,NUT Carcinoma of the Lung,
ACH-002035,Lung,Poorly Differentiated Non-Small Cell Lung Cancer,
ACH-002036,Lung,Small Cell Lung Cancer,
ACH-002038,Ovary/Fallopian Tube,"Ovarian Cancer, Other",
ACH-002039,Pancreas,Pancreatic Adenocarcinoma,
ACH-002040,Vulva/Vagina,Mucosal Melanoma of the Vulva/Vagina,
ACH-002041,Thyroid,Anaplastic Thyroid Cancer,
ACH-002042,Head and Neck,Head and Neck Squamous Cell Carcinoma,
ACH-002043,Head and Neck,Oral Cavity Squamous Cell Carcinoma,
ACH-002044,Head and Neck,Sinonasal Squamous Cell Carcinoma,
ACH-002045,Head and Neck,Oral Cavity Squamous Cell Carcinoma,
ACH-002046,Uterus,Uterine Carcinosarcoma/Uterine Malignant Mixed Mullerian Tumor,
ACH-002047,Uterus,Uterine Carcinosarcoma/Uterine Malignant Mixed Mullerian Tumor,
ACH-002048,Soft Tissue,Embryonal Rhabdomyosarcoma,
ACH-002050,Other,Extra Gonadal Germ Cell Tumor,
ACH-002051,Lung,Small Cell Lung Cancer,
ACH-002052,Lung,Small Cell Lung Cancer,
ACH-002055,Lymphoid,Burkitt Lymphoma,
ACH-002058,Lymphoid,T-Cell Acute Lymphoblastic Leukemia,
ACH-002059,Lymphoid,B-Cell Acute Lymphoblastic Leukemia,MEF2D::HNRNPUL1
ACH-002060,Myeloid,Acute Leukemias of Ambiguous Lineage,BCR::ABL1
ACH-002061,Myeloid,"Chronic Myeloid Leukemia, BCR-ABL1+",
ACH-002062,Lymphoid,Splenic Marginal Zone Lymphoma,
ACH-002065,Peripheral Nervous System,Malignant Peripheral Nerve Sheath Tumor,
ACH-002066,Peripheral Nervous System,Malignant Peripheral Nerve Sheath Tumor,
ACH-002067,Bone,Osteosarcoma,
ACH-002069,Bone,Osteosarcoma,
ACH-002070,CNS/Brain,Meningioma,
ACH-002074,Lung,Small Cell Lung Cancer,
ACH-002075,Lung,Small Cell Lung Cancer,
ACH-002077,Lung,Small Cell Lung Cancer,
ACH-002080,Peripheral Nervous System,Neuroblastoma,
ACH-002083,Peripheral Nervous System,Neuroblastoma,
ACH-002084,Skin,Melanoma,
ACH-002085,Soft Tissue,Synovial Sarcoma,
ACH-002089,Lung,Lung Adenocarcinoma,
ACH-002090,Kidney,Renal Cell Carcinoma,
ACH-002091,Vulva/Vagina,Squamous Cell Carcinoma of the Vulva/Vagina,
ACH-002092,Bone,Chondrosarcoma,
ACH-002093,Bone,Chondrosarcoma,
ACH-002094,Bone,Chondrosarcoma,
ACH-002095,Lung,Small Cell Lung Cancer,
ACH-002096,Skin,Melanoma,
ACH-002097,Skin,Melanoma,
ACH-002098,Skin,Melanoma,
ACH-002099,Bone,Chondrosarcoma,
ACH-002100,Skin,Cutaneous Squamous Cell Carcinoma,
ACH-002101,Lung,Non-Small Cell Lung Cancer,
ACH-002102,Lung,Non-Small Cell Lung Cancer,
ACH-002103,Bone,Ewing Sarcoma,
ACH-002104,Bone,Ewing Sarcoma,
ACH-002105,Bone,Ewing Sarcoma,
ACH-002106,Bone,Ewing Sarcoma,
ACH-002107,Bone,Ewing Sarcoma,EWS::FLI
ACH-002108,Bone,Ewing Sarcoma,
ACH-002109,Bone,Ewing Sarcoma,EWS::FLI
ACH-002110,Bone,Ewing Sarcoma,
ACH-002111,Bone,Ewing Sarcoma,
ACH-002112,Bone,Ewing Sarcoma,
ACH-002113,Bone,Ewing Sarcoma,
ACH-002114,Bone,Ewing Sarcoma,
ACH-002115,Bone,Ewing Sarcoma,
ACH-002116,Bone,Ewing Sarcoma,
ACH-002117,Bone,Ewing Sarcoma,
ACH-002118,Bone,Ewing Sarcoma,
ACH-002119,Bone,Ewing Sarcoma,
ACH-002120,Vulva/Vagina,Mucosal Melanoma of the Vulva/Vagina,
ACH-002121,Skin,Cutaneous Melanoma,
ACH-002122,Lung,Lung Squamous Cell Carcinoma,
ACH-002123,Pleura,Pleural Mesothelioma,
ACH-002124,Pleura,"Pleural Mesothelioma, Sarcomatoid Type",
ACH-002125,Pleura,"Pleural Mesothelioma, Epithelioid Type",
ACH-002126,Pleura,"Pleural Mesothelioma, Epithelioid Type",
ACH-002127,Pleura,"Pleural Mesothelioma, Epithelioid Type",
ACH-002128,Pleura,Pleural Mesothelioma,
ACH-002129,Pleura,"Pleural Mesothelioma, Sarcomatoid Type",
ACH-002130,Pleura,"Pleural Mesothelioma, Epithelioid Type",
ACH-002131,Pleura,Pleural Mesothelioma,
ACH-002132,Pleura,Pleural Mesothelioma,
ACH-002133,Pleura,"Pleural Mesothelioma, Epithelioid Type",
ACH-002134,Pleura,"Pleural Mesothelioma, Epithelioid Type",
ACH-002135,Pleura,"Pleural Mesothelioma, Biphasic Type",
ACH-002136,Pleura,Pleural Mesothelioma,
ACH-002138,Lung,Lung Adenosquamous Carcinoma,
ACH-002139,Kidney,Renal Cell Carcinoma,
ACH-002140,Ovary/Fallopian Tube,High-Grade Serous Ovarian Cancer,
ACH-002141,Esophagus/Stomach,Signet Ring Cell Carcinoma of the Stomach,
ACH-002142,Bone,Osteosarcoma,
ACH-002143,Skin,Melanoma,
ACH-002144,Lung,Small Cell Lung Cancer,
ACH-002145,Lung,Small Cell Lung Cancer,
ACH-002146,Ovary/Fallopian Tube,Serous Ovarian Cancer,
ACH-002147,Skin,Melanoma,
ACH-002148,Thyroid,Papillary Thyroid Cancer,
ACH-002149,Ovary/Fallopian Tube,Granulosa Cell Tumor,
ACH-002150,Kidney,Renal Cell Carcinoma,
ACH-002151,Kidney,Renal Cell Carcinoma,
ACH-002152,Skin,Melanoma,
ACH-002153,Skin,Melanoma,
ACH-002154,Lung,Small Cell Lung Cancer,
ACH-002155,Kidney,Renal Cell Carcinoma,
ACH-002156,Lung,Lung Squamous Cell Carcinoma,
ACH-002157,Lung,Lung Adenocarcinoma,
ACH-002158,Lung,Giant Cell Carcinoma of the Lung,
ACH-002159,Skin,Melanoma,
ACH-002160,Bone,Ewing Sarcoma,
ACH-002161,Esophagus/Stomach,Tubular Stomach Adenocarcinoma,
ACH-002162,Skin,Melanoma,
ACH-002163,Breast,Breast Invasive Lobular Carcinoma,
ACH-002164,Pancreas,Pancreatic Adenocarcinoma,
ACH-002165,Skin,Melanoma,
ACH-002166,Skin,Melanoma,
ACH-002167,Kidney,Renal Cell Carcinoma,
ACH-002168,Kidney,Renal Cell Carcinoma,
ACH-002169,Lung,Small Cell Lung Cancer,
ACH-002170,Lung,Small Cell Lung Cancer,
ACH-002171,Lung,Small Cell Lung Cancer,
ACH-002172,Lung,Lung Adenocarcinoma,
ACH-002173,Lung,Small Cell Lung Cancer,
ACH-002174,Lung,Lung Carcinoid,
ACH-002175,Lung,Small Cell Lung Cancer,
ACH-002177,Lung,Lung Carcinoid,
ACH-002178,Bone,Osteosarcoma,
ACH-002179,Breast,Invasive Breast Carcinoma,
ACH-002180,Cervix,Cervical Squamous Cell Carcinoma,
ACH-002181,Ovary/Fallopian Tube,Serous Ovarian Cancer,
ACH-002182,Ovary/Fallopian Tube,Serous Ovarian Cancer,
ACH-002183,Ovary/Fallopian Tube,High-Grade Serous Ovarian Cancer,
ACH-002184,Lung,Lung Adenocarcinoma,
ACH-002186,Pancreas,Pancreatic Adenocarcinoma,
ACH-002187,Kidney,Renal Clear Cell Carcinoma,
ACH-002188,Kidney,Renal Clear Cell Carcinoma,
ACH-002189,Kidney,Renal Clear Cell Carcinoma,
ACH-002190,Kidney,Renal Clear Cell Carcinoma,
ACH-002191,Kidney,Renal Clear Cell Carcinoma,
ACH-002192,Kidney,Renal Clear Cell Carcinoma,
ACH-002193,Lung,Small Cell Lung Cancer,
ACH-002195,Kidney,Renal Cell Carcinoma,
ACH-002196,Lung,Small Cell Lung Cancer,
ACH-002197,Lung,Small Cell Lung Cancer,
ACH-002198,Other,Extra Gonadal Germ Cell Tumor,
ACH-002199,Kidney,Renal Cell Carcinoma,
ACH-002200,Vulva/Vagina,Mucosal Melanoma of the Vulva/Vagina,
ACH-002201,Cervix,Small Cell Carcinoma of the Cervix,
ACH-002202,Esophagus/Stomach,Stomach Adenocarcinoma,
ACH-002204,Bone,Chordoma,
ACH-002205,Skin,Cutaneous Melanoma,
ACH-002206,Skin,Melanoma,
ACH-002207,Skin,Melanoma,
ACH-002208,Breast,Breast Invasive Ductal Carcinoma,"luminal ER, PR+"
ACH-002209,Lymphoid,B-Cell Acute Lymphoblastic Leukemia,KMT2A
ACH-002210,Myeloid,Immortalized Blood,
ACH-002211,Lymphoid,B-Cell Acute Lymphoblastic Leukemia,"BCL2/MYC; IGH::CCND1, IGH::MYC"
ACH-002212,Head and Neck,Head and Neck Squamous Cell Carcinoma,
ACH-002213,Head and Neck,Oral Cavity Squamous Cell Carcinoma,
ACH-002214,Lymphoid,Primary Effusion Lymphoma,
ACH-002215,Lymphoid,Primary Effusion Lymphoma,
ACH-002216,Lymphoid,T-Cell Acute Lymphoblastic Leukemia,NUP214
ACH-002217,Peripheral Nervous System,Neuroblastoma,
ACH-002218,Myeloid,Acute Myeloid Leukemia,
ACH-002219,Bowel,Colon Adenocarcinoma,
ACH-002220,Lymphoid,Primary Effusion Lymphoma,
ACH-002221,Lymphoid,"Diffuse Large B-Cell Lymphoma, NOS",
ACH-002222,Lymphoid,T-Cell Acute Lymphoblastic Leukemia,TAL1
ACH-002223,CNS/Brain,Glioblastoma,
ACH-002224,CNS/Brain,Gliosarcoma,
ACH-002225,CNS/Brain,Glioblastoma,
ACH-002226,CNS/Brain,Gliosarcoma,
ACH-002227,CNS/Brain,Glioblastoma,
ACH-002228,CNS/Brain,Glioblastoma,
ACH-002229,CNS/Brain,Glioblastoma,
ACH-002230,CNS/Brain,Glioblastoma,
ACH-002231,CNS/Brain,Glioblastoma,
ACH-002232,Lymphoid,Burkitt Lymphoma,
ACH-002233,Bowel,Colorectal Adenocarcinoma,
ACH-002234,Head and Neck,"Head and Neck Carcinoma, Other",
ACH-002235,Bladder/Urinary Tract,Bladder Urothelial Carcinoma,
ACH-002236,Lymphoid,Burkitt Lymphoma,
ACH-002237,Biliary Tract,Intrahepatic Cholangiocarcinoma,
ACH-002238,Lymphoid,B-Cell Acute Lymphoblastic Leukemia,BCL2/MYC
ACH-002239,Head and Neck,Mucoepidermoid Carcinoma,
ACH-002240,Lymphoid,Sezary Syndrome,
ACH-002241,Lymphoid,B-Cell Acute Lymphoblastic Leukemia,TCF3::HLF
ACH-002242,Lymphoid,Hairy Cell Leukemia,
ACH-002243,Esophagus/Stomach,Esophageal Squamous Cell Carcinoma,
ACH-002244,Head and Neck,Oral Cavity Squamous Cell Carcinoma,
ACH-002245,Lymphoid,Hodgkin Lymphoma,
ACH-002246,Soft Tissue,Fibrosarcoma,
ACH-002247,Myeloid,Immortalized Blood,
ACH-002248,Peripheral Nervous System,Neuroblastoma,
ACH-002249,Head and Neck,Larynx Squamous Cell Carcinoma,
ACH-002250,Head and Neck,Larynx Squamous Cell Carcinoma,
ACH-002251,Head and Neck,Larynx Squamous Cell Carcinoma,
ACH-002252,Lymphoid,Burkitt Lymphoma,
ACH-002253,Lymphoid,Primary Effusion Lymphoma,
ACH-002254,Lymphoid,Primary Mediastinal (Thymic) Large B-Cell Lymphoma (PMBL),NHL
ACH-002255,Lymphoid,"Diffuse Large B-Cell Lymphoma, NOS",
ACH-002256,Lymphoid,T-Cell Acute Lymphoblastic Leukemia,KMT2A::FOXO4
ACH-002257,CNS/Brain,Anaplastic Astrocytoma,
ACH-002258,Myeloid,Acute Myeloid Leukemia,
ACH-002259,CNS/Brain,Glioblastoma,
ACH-002261,Peripheral Nervous System,Neuroblastoma,
ACH-002262,Myeloid,Acute Myelomonocytic Leukemia,
ACH-002263,Esophagus/Stomach,Esophageal Squamous Cell Carcinoma,
ACH-002264,Esophagus/Stomach,Esophageal Squamous Cell Carcinoma,
ACH-002265,Head and Neck,Head and Neck Squamous Cell Carcinoma,
ACH-002266,Bladder/Urinary Tract,Bladder Urothelial Carcinoma,
ACH-002267,Lymphoid,B-Cell Acute Lymphoblastic Leukemia,MEF2D
ACH-002268,CNS/Brain,Glioblastoma,
ACH-002269,CNS/Brain,Astrocytoma,
ACH-002270,Lymphoid,B lymphoblast,
ACH-002271,Soft Tissue,Undifferentiated Pleomorphic Sarcoma/Malignant Fibrous Histiocytoma/High-Grade Spindle Cell Sarcoma,
ACH-002272,Lymphoid,Non-Hodgkin Lymphoma,
ACH-002273,Myeloid,Acute Myeloid Leukemia,KMT2A::AFDN
ACH-002274,Lymphoid,Hairy Cell Leukemia,
ACH-002275,Lymphoid,Burkitt Lymphoma,
ACH-002276,Myeloid,Acute Leukemias of Ambiguous Lineage,
ACH-002277,Peripheral Nervous System,Neuroblastoma,
ACH-002278,Peripheral Nervous System,Neuroblastoma,
ACH-002279,Peripheral Nervous System,Neuroblastoma,
ACH-002280,Peripheral Nervous System,Neuroblastoma,
ACH-002281,Peripheral Nervous System,Neuroblastoma,
ACH-002282,Peripheral Nervous System,Neuroblastoma,
ACH-002283,Peripheral Nervous System,Neuroblastoma,
ACH-002284,Peripheral Nervous System,Neuroblastoma,
ACH-002285,Peripheral Nervous System,Neuroblastoma,
ACH-002286,Lung,Small Cell Lung Cancer,
ACH-002287,Bowel,Colorectal Adenocarcinoma,
ACH-002288,Testis,Embryonal Carcinoma,
ACH-002289,Lymphoid,Natural Killer (NK) Cell Lymphoblastic Leukemia/Lymphoma (NKCLL),
ACH-002290,Myeloid,Acute Myeloid Leukemia,
ACH-002291,Testis,Embryonal Carcinoma,
ACH-002292,Esophagus/Stomach,Esophageal Adenocarcinoma,
ACH-002293,Lymphoid,Burkitt Lymphoma,
ACH-002294,Head and Neck,Hypopharynx Squamous Cell Carcinoma,
ACH-002295,Head and Neck,Oral Cavity Squamous Cell Carcinoma,
ACH-002296,Head and Neck,Oral Cavity Squamous Cell Carcinoma,
ACH-002297,Head and Neck,Larynx Squamous Cell Carcinoma,
ACH-002298,Head and Neck,Oral Cavity Squamous Cell Carcinoma,
ACH-002299,Myeloid,Acute Myeloid Leukemia,
ACH-002300,Lymphoid,Burkitt Lymphoma,
ACH-002301,Lymphoid,Non-Hodgkin Lymphoma,
ACH-002302,Myeloid,"Chronic Myeloid Leukemia, BCR-ABL1+",BCR::ABL1
ACH-002304,CNS/Brain,Astrocytoma,
ACH-002305,Head and Neck,Oral Cavity Squamous Cell Carcinoma,
ACH-002306,Esophagus/Stomach,Stomach Adenocarcinoma,
ACH-002307,Lymphoid,Mature B-Cell Neoplasms,
ACH-002308,Lymphoid,B-Cell Acute Lymphoblastic Leukemia,
ACH-002309,Soft Tissue,Fibrosarcoma,
ACH-002310,Soft Tissue,Liposarcoma,
ACH-002311,Esophagus/Stomach,Esophageal Squamous Cell Carcinoma,
ACH-002312,Biliary Tract,"Gallbladder Adenocarcinoma, NOS",
ACH-002313,Lymphoid,Mature B-Cell Neoplasms,
ACH-002314,Myeloid,Acute Monoblastic/Monocytic Leukemia,
ACH-002316,Myeloid,Spherocytosis,
ACH-002317,Lymphoid,Non-Hodgkin Lymphoma,
ACH-002320,Breast,"Breast Invasive Carcinoma, NOS",
ACH-002321,Breast,Immortalized Breast Cells,
ACH-002322,Breast,Breast Invasive Lobular Carcinoma,TNBC
ACH-002323,Breast,Breast Ductal Carcinoma In Situ,
ACH-002324,Breast,Breast Invasive Ductal Carcinoma,TNBC
ACH-002326,Breast,Breast Invasive Ductal Carcinoma,
ACH-002327,Breast,Immortalized Breast Cells,
ACH-002328,Breast,"Breast Neoplasm, NOS",
ACH-002329,Breast,"Breast Neoplasm, NOS",
ACH-002330,Breast,"Breast Neoplasm, NOS",
ACH-002331,Breast,"Breast Invasive Carcinoma, NOS",
ACH-002332,Soft Tissue,Gastrointestinal Stromal Tumor,
ACH-002333,Lung,Lung Adenocarcinoma,
ACH-002334,Soft Tissue,Synovial Sarcoma,
ACH-002336,Eye,"Immortalized Epithelial Cells, Corneal",
ACH-002337,Lung,Lung Adenocarcinoma,
ACH-002338,Skin,Melanoma,
ACH-002339,Lymphoid,Hairy Cell Leukemia,
ACH-002340,Peripheral Nervous System,Neuroblastoma,
ACH-002342,Lymphoid,Matched Normal,
ACH-002343,Normal,Matched Normal,
ACH-002344,Normal,Matched Normal,
ACH-002345,Bowel,Rectal Adenocarcinoma,
ACH-002346,Normal,Matched Normal,
ACH-002347,Normal,Matched Normal,
ACH-002348,CNS/Brain,Diffuse Intrinsic Pontine Glioma,
ACH-002349,CNS/Brain,Glioblastoma,
ACH-002350,Normal,Matched Normal,
ACH-002351,Normal,Matched Normal,
ACH-002352,Normal,Matched Normal,
ACH-002353,Normal,Matched Normal,
ACH-002354,Normal,Matched Normal,
ACH-002355,Normal,Matched Normal,
ACH-002356,Lymphoid,Matched Normal,
ACH-002357,Lymphoid,Matched Normal,
ACH-002358,Lymphoid,Matched Normal,
ACH-002360,Normal,Matched Normal,
ACH-002361,Normal,Matched Normal,
ACH-002362,Lymphoid,Matched Normal,
ACH-002363,Lymphoid,Matched Normal,
ACH-002364,Lymphoid,Matched Normal,
ACH-002365,Lymphoid,Matched Normal,
ACH-002366,Lymphoid,Matched Normal,
ACH-002367,Lymphoid,Matched Normal,
ACH-002368,Lymphoid,Matched Normal,
ACH-002369,Lymphoid,Matched Normal,
ACH-002370,Lymphoid,Matched Normal,
ACH-002371,Lymphoid,Matched Normal,
ACH-002372,Lymphoid,Matched Normal,
ACH-002373,Lymphoid,Matched Normal,
ACH-002374,Lymphoid,Matched Normal,
ACH-002375,Lymphoid,Matched Normal,
ACH-002376,Lymphoid,Matched Normal,
ACH-002377,Lymphoid,Matched Normal,
ACH-002378,Lymphoid,Matched Normal,
ACH-002379,Normal,Matched Normal,
ACH-002380,Lymphoid,Matched Normal,
ACH-002381,Lymphoid,Matched Normal,
ACH-002382,Lymphoid,Matched Normal,
ACH-002383,Lymphoid,Matched Normal,
ACH-002384,Lymphoid,Matched Normal,
ACH-002386,Skin,Melanoma,
ACH-002387,Skin,Melanoma,
ACH-002388,Skin,Melanoma,
ACH-002389,Peripheral Nervous System,Neuroblastoma,
ACH-002392,Lymphoid,Follicular Lymphoma,
ACH-002397,Thyroid,Anaplastic Thyroid Cancer,
ACH-002399,Breast,Breast Invasive Ductal Carcinoma,HER2+
ACH-002400,Breast,Breast Invasive Ductal Carcinoma,HER2+
ACH-002401,Breast,Breast Invasive Ductal Carcinoma,HER2+
ACH-002403,Skin,Melanoma,
ACH-002404,Skin,Melanoma,
ACH-002405,Skin,Melanoma,
ACH-002407,Skin,Melanoma,
ACH-002409,CNS/Brain,Glioblastoma,
ACH-002419,Uterus,Uterine Carcinosarcoma/Uterine Malignant Mixed Mullerian Tumor,
ACH-002431,Peripheral Nervous System,Neuroblastoma,
ACH-002433,Bone,Osteosarcoma,
ACH-002435,Kidney,Wilms' Tumor,
ACH-002438,Kidney,Wilms' Tumor,
ACH-002440,Thyroid,Papillary Thyroid Cancer,
ACH-002444,Esophagus/Stomach,Stomach Adenocarcinoma,
ACH-002445,Esophagus/Stomach,Stomach Adenocarcinoma,
ACH-002446,Esophagus/Stomach,Stomach Adenocarcinoma,
ACH-002458,Skin,Melanoma,
ACH-002459,Skin,Melanoma,
ACH-002460,Skin,Melanoma,
ACH-002461,Skin,Melanoma,
ACH-002462,Eye,"Immortalized Epithelial Cells, Retinal",
ACH-002463,Eye,"Immortalized Epithelial Cells, Retinal",
ACH-002464,Eye,"Immortalized Epithelial Cells, Retinal",
ACH-002465,Eye,"Immortalized Epithelial Cells, Retinal",
ACH-002466,Eye,"Immortalized Epithelial Cells, Retinal",
ACH-002467,Eye,"Immortalized Epithelial Cells, Retinal",
ACH-002470,Bone,Osteosarcoma,
ACH-002471,Bone,Osteosarcoma,
ACH-002475,Myeloid,"Chronic Myeloid Leukemia, BCR-ABL1+",BCR::ABL1
ACH-002478,Lymphoid,Primary Effusion Lymphoma,
ACH-002485,Lymphoid,Mantle Cell Lymphoma,
ACH-002486,Ovary/Fallopian Tube,Serous Ovarian Cancer,
ACH-002490,Lung,Small Cell Lung Cancer,
ACH-002497,Lung,Lung Adenocarcinoma,
ACH-002498,Lymphoid,Activated B-cell Type,
ACH-002499,Breast,Breast Invasive Ductal Carcinoma,HER2+
ACH-002500,Lymphoid,Mantle Cell Lymphoma,
ACH-002501,Soft Tissue,Alveolar Rhabdomyosarcoma,
ACH-002508,Skin,Acral Melanoma,
ACH-002509,Skin,Acral Melanoma,
ACH-002510,Skin,Acral Melanoma,
ACH-002511,Skin,Melanoma,
ACH-002512,Skin,Acral Melanoma,
ACH-002522,Lung,Lung Adenocarcinoma,
ACH-002523,Liver,Hepatocellular Carcinoma,
ACH-002524,Ovary/Fallopian Tube,Endometrioid Ovarian Cancer,
ACH-002526,Lung,Lung Adenocarcinoma,
ACH-002528,Kidney,Renal Clear Cell Carcinoma,
ACH-002529,Lung,Lung Squamous Cell Carcinoma,
ACH-002530,Bowel,Rectal Adenocarcinoma,
ACH-002531,Lung,Lung Adenocarcinoma,
ACH-002532,Bowel,Rectal Adenocarcinoma,
ACH-002533,Kidney,Renal Cell Carcinoma,
ACH-002535,Bowel,Rectal Adenocarcinoma,
ACH-002538,Bowel,Colon Adenocarcinoma,
ACH-002539,Bowel,Colon Adenocarcinoma,
ACH-002543,Bowel,Colon Adenocarcinoma,
ACH-002544,Esophagus/Stomach,Tubular Stomach Adenocarcinoma,
ACH-002643,Lymphoid,B-Cell Acute Lymphoblastic Leukemia,BCL2/MYC
ACH-002644,Myeloid,"AML, NOS","SET::NUP214, TP53 and KRAS"
ACH-002647,Biliary Tract,Cholangiocarcinoma,
ACH-002648,Uterus,Uterine Carcinosarcoma/Uterine Malignant Mixed Mullerian Tumor,
ACH-002650,Lung,Lung Adenocarcinoma,
ACH-002651,Myeloid,Acute Myeloid Leukemia,"DEK::NUP214, ETV6::ABL1, GATA2 and EZH2"
ACH-002653,Myeloid,Acute Leukemias of Ambiguous Lineage,ZNF384
ACH-002654,Bowel,Colon Adenocarcinoma,
ACH-002659,Bowel,Mucinous Adenocarcinoma of the Colon and Rectum,
ACH-002660,Bowel,Colon Adenocarcinoma,
ACH-002662,Bowel,Colon Adenocarcinoma,
ACH-002664,Bowel,Mucinous Adenocarcinoma of the Colon and Rectum,
ACH-002665,Bowel,High-Grade Neuroendocrine Carcinoma of the Colon and Rectum,
ACH-002667,Bowel,Colon Adenocarcinoma,
ACH-002668,Myeloid,Acute Myeloid Leukemia,"MECOM SV, ETV6 and TP53"
ACH-002669,Bowel,Colon Adenocarcinoma,
ACH-002672,Pancreas,Pancreatic Adenocarcinoma,
ACH-002675,Myeloid,Acute Myeloid Leukemia,
ACH-002676,Myeloid,"Chronic Myeloid Leukemia, BCR-ABL1+","BCR::ABL1, TCR::MYB, TCR::NIPBL"
ACH-002677,Lymphoid,"Diffuse Large B-Cell Lymphoma, NOS",
ACH-002678,Lymphoid,"Diffuse Large B-Cell Lymphoma, NOS",
ACH-002680,CNS/Brain,Glioblastoma,
ACH-002681,CNS/Brain,Glioblastoma,
ACH-002687,Eye,Uveal Melanoma,
ACH-002688,Bone,Osteosarcoma,
ACH-002689,Bone,Osteosarcoma,
ACH-002690,Bone,Osteosarcoma,
ACH-002693,Peripheral Nervous System,Malignant Peripheral Nerve Sheath Tumor,NF1_Mutant
ACH-002695,Peripheral Nervous System,Malignant Peripheral Nerve Sheath Tumor,
ACH-002703,Esophagus/Stomach,Esophageal Adenocarcinoma,
ACH-002705,Esophagus/Stomach,Esophageal Adenocarcinoma,
ACH-002706,Esophagus/Stomach,Esophageal Adenocarcinoma,
ACH-002708,Soft Tissue,Myxoid/Round-Cell Liposarcoma,
ACH-002709,Myeloid,Acute Myeloid Leukemia,CBFA2T3::GLIS2 and TP53
ACH-002710,Peripheral Nervous System,Malignant Peripheral Nerve Sheath Tumor,
ACH-002711,Head and Neck,Adenoid Cystic Carcinoma,
ACH-002716,Myeloid,AML with Minimal Differentiation,
ACH-002722,Soft Tissue,Desmoid/Aggressive Fibromatosis,CTNNB1 S45F
ACH-002730,Esophagus/Stomach,Stomach Adenocarcinoma,
ACH-002733,Esophagus/Stomach,Stomach Adenocarcinoma,
ACH-002736,Esophagus/Stomach,Diffuse Type Stomach Adenocarcinoma,
ACH-002738,Pancreas,Pancreatic Adenocarcinoma,
ACH-002742,Pancreas,Pancreatic Adenocarcinoma,
ACH-002743,Pancreas,Pancreatic Adenocarcinoma,
ACH-002744,Pancreas,Pancreatic Adenocarcinoma,
ACH-002745,Pancreas,Pancreatic Adenocarcinoma,
ACH-002757,Esophagus/Stomach,Stomach Adenocarcinoma,
ACH-002778,Bone,Osteosarcoma,
ACH-002780,Bone,Ewing Sarcoma,
ACH-002781,Bone,Dedifferentiated Chondrosarcoma,
ACH-002782,Soft Tissue,Undifferentiated Pleomorphic Sarcoma/Malignant Fibrous Histiocytoma/High-Grade Spindle Cell Sarcoma,
ACH-002784,Soft Tissue,Undifferentiated Pleomorphic Sarcoma/Malignant Fibrous Histiocytoma/High-Grade Spindle Cell Sarcoma,
ACH-002785,Soft Tissue,Leiomyosarcoma,
ACH-002787,Soft Tissue,Pleomorphic Rhabdomyosarcoma,
ACH-002789,Soft Tissue,Synovial Sarcoma,
ACH-002790,Soft Tissue,Synovial Sarcoma,
ACH-002792,Soft Tissue,Clear Cell Sarcoma,
ACH-002794,Soft Tissue,Myxofibrosarcoma,
ACH-002795,Soft Tissue,CIC-DUX4 Sarcoma,CIC::DUX4
ACH-002796,Soft Tissue,CIC-DUX4 Sarcoma,CIC::DUX4
ACH-002798,Skin,Dermatofibrosarcoma Protuberans,
ACH-002799,Peripheral Nervous System,Malignant Peripheral Nerve Sheath Tumor,
ACH-002800,Peripheral Nervous System,Malignant Peripheral Nerve Sheath Tumor,
ACH-002801,Peripheral Nervous System,Malignant Peripheral Nerve Sheath Tumor,
ACH-002802,Peripheral Nervous System,Malignant Peripheral Nerve Sheath Tumor,
ACH-002806,CNS/Brain,Anaplastic Astrocytoma,IDH_Mutant
ACH-002834,Bone,Osteosarcoma,
ACH-002835,Esophagus/Stomach,Esophageal Adenocarcinoma,
ACH-002837,Esophagus/Stomach,Esophageal Adenocarcinoma,
ACH-002839,Bowel,Colon Adenocarcinoma,
ACH-002843,Soft Tissue,Desmoid/Aggressive Fibromatosis,CTNNB1_(t41a)_Mutant
ACH-002844,Soft Tissue,Desmoid/Aggressive Fibromatosis,CTNNB1_WT
ACH-002846,Skin,Acral Melanoma,
ACH-002847,Skin,Melanoma,
ACH-002871,Esophagus/Stomach,Esophageal Adenocarcinoma,
ACH-002883,Breast,Breast Invasive Lobular Carcinoma,HER2+
ACH-002884,Breast,Breast Invasive Lobular Carcinoma,HER2+
ACH-002885,Breast,Breast Invasive Ductal Carcinoma,"ER, PR+"
ACH-002886,Bowel,Colon Adenocarcinoma,
ACH-002921,Breast,Breast Invasive Lobular Carcinoma,
ACH-002922,Peripheral Nervous System,Neuroblastoma,
ACH-002924,Eye,Uveal Melanoma,
ACH-002925,Eye,Uveal Melanoma,
ACH-002926,Eye,Uveal Melanoma,
ACH-002927,Eye,Uveal Melanoma,
ACH-002928,Skin,Acral Melanoma,
ACH-002932,Bowel,Colorectal Adenocarcinoma,
ACH-002936,Soft Tissue,Alveolar Rhabdomyosarcoma,
ACH-002937,Kidney,Wilms' Tumor,
ACH-002942,Soft Tissue,Leiomyosarcoma,
ACH-002946,Myeloid,Acute Myeloid Leukemia,
ACH-002950,Breast,Invasive Breast Carcinoma,TNBC
ACH-002951,Breast,Invasive Breast Carcinoma,TNBC
ACH-002954,Esophagus/Stomach,Esophageal Adenocarcinoma,
ACH-002967,Esophagus/Stomach,Stomach Adenocarcinoma,
ACH-002968,Esophagus/Stomach,Stomach Adenocarcinoma,
ACH-002972,Esophagus/Stomach,Stomach Adenocarcinoma,
ACH-002979,Esophagus/Stomach,Diffuse Type Stomach Adenocarcinoma,
ACH-002981,Esophagus/Stomach,Esophageal Adenocarcinoma,
ACH-002994,Myeloid,Acute Myeloid Leukemia,CBFA2T3::GLIS2
ACH-002996,Lung,Non-Small Cell Lung Cancer,
ACH-003012,Lung,Lung Adenocarcinoma,
ACH-003019,Prostate,Prostate Neuroendocrine Carcinoma,
ACH-003061,Lung,Small Cell Lung Cancer,
ACH-003065,CNS/Brain,Atypical Teratoid/Rhabdoid Tumor,
ACH-003067,CNS/Brain,Medulloblastoma,
ACH-003071,Lung,Small Cell Lung Cancer,
ACH-003099,Head and Neck,Oral Cavity Squamous Cell Carcinoma,
ACH-003100,Lymphoid,"Diffuse Large B-Cell Lymphoma, NOS",
ACH-003101,Lymphoid,B-Cell Acute Lymphoblastic Leukemia,BCR::ABL1
ACH-003103,Lymphoid,B-Cell Acute Lymphoblastic Leukemia,BCR::ABL1
ACH-003105,Skin,Melanoma,
ACH-003106,Lymphoid,Germinal Center B-Cell Type,
ACH-003107,Lymphoid,Mantle Cell Lymphoma,
ACH-003108,Lymphoid,Germinal Center B-Cell Type,
ACH-003111,Soft Tissue,Undifferentiated Pleomorphic Sarcoma/Malignant Fibrous Histiocytoma/High-Grade Spindle Cell Sarcoma,
ACH-003119,Lung,Small Cell Lung Cancer,
ACH-003120,Lung,Small Cell Lung Cancer,
ACH-003121,Lung,Small Cell Lung Cancer,
ACH-003125,Soft Tissue,Alveolar Soft Part Sarcoma,
ACH-003132,,Immortalized Human Intervertebral Disc Cartilage Endplate-derived Stem Cells,
ACH-003133,,Immortalized Human Chondrocytes,
ACH-003134,,Immortalized Human Pancreatic Mesenchymal Stem Cells,
ACH-003135,CNS/Brain,Immortalized Astrocytes,
ACH-003136,,Immortalized Human Chondrocytes,
ACH-003137,CNS/Brain,Immortalized Astrocytes,
ACH-003138,CNS/Brain,"Immortalized Endothelial Cells, Endoneurial",
ACH-003139,Muscle,Immortalized Cardiomyocytes,
ACH-003141,Muscle,"immortalized Smooth Muscle Cells, Coronary artery",
ACH-003142,Muscle,"Immortalized Smooth Muscle Cells, Pulmonary artery",
ACH-003143,Kidney,"Immortalized Epithelial Cells, Renal",
ACH-003145,Embryonal,"Immortalized Endothelial Cells, Umbilical Vein",
ACH-003147,,Immortalized Submandibular Gland Cells,
ACH-003148,CNS/Brain,Immortalized Neuronal Progenitor Cells,
ACH-003149,Muscle,Immortalized Skeletal Muscle Cells,
ACH-003150,CNS/Brain,Immortalized Astrocytes,
ACH-003152,Lung,"Immortalized Epithelial Cells, Lung",
ACH-003153,Lung,"Immortalized Epithelial Cells, Lung",
ACH-003154,Lung,"Immortalized Epithelial Cells, Lung",
ACH-003155,Liver,Immortalized Liver Cells,
ACH-003156,Lung,"Immortalized Epithelial Cells, Lung",
ACH-003157,Lung,Immortalized MPLC Cells,
ACH-003158,Muscle,"Immortalized Smooth Muscle Cells, Intestinal",
ACH-003159,Hair,Immortalized Hair Follicle Inner Root Sheath Cells,
ACH-003160,Hair,Immortalized Hair Germinal Matrix Cells,
ACH-003161,Pancreas,Immortalized Pancreatic Stromal Cells,
ACH-003176,Bone,Osteosarcoma,
ACH-003177,Soft Tissue,Undifferentiated Pleomorphic Sarcoma/Malignant Fibrous Histiocytoma/High-Grade Spindle Cell Sarcoma,
ACH-003180,Soft Tissue,Undifferentiated Pleomorphic Sarcoma/Malignant Fibrous Histiocytoma/High-Grade Spindle Cell Sarcoma,
ACH-003181,Soft Tissue,Leiomyosarcoma,
ACH-003183,Soft Tissue,Myxofibrosarcoma,
ACH-003184,Soft Tissue,Leiomyosarcoma,
ACH-003187,Soft Tissue,Undifferentiated Pleomorphic Sarcoma/Malignant Fibrous Histiocytoma/High-Grade Spindle Cell Sarcoma,
ACH-003191,Bone,Giant Cell Tumor of Bone,
ACH-003221,Fibroblast,Fibroblast,
ACH-003226,Bone,Chordoma,
ACH-003227,Bone,Chordoma,
ACH-003265,Soft Tissue,Leiomyosarcoma,
ACH-003266,Soft Tissue,Leiomyosarcoma,
ACH-003267,Soft Tissue,Leiomyosarcoma,
ACH-003268,Soft Tissue,Leiomyosarcoma,
ACH-003269,Soft Tissue,Leiomyosarcoma,
ACH-003273,Myeloid,Acute Myeloid Leukemia,"NUP98::KDM5A, TP53 and CREBBP"
ACH-003283,Fibroblast,Fibroblast,
ACH-003284,Fibroblast,Fibroblast,
ACH-003295,,Transformed cell line,
ACH-003296,,Transformed cell line,
ACH-003297,,Transformed cell line,
ACH-003305,,Transformed cell line,
ACH-003307,,Transformed cell line,
ACH-003308,,Transformed cell line,
ACH-003313,,Transformed cell line,
ACH-003426,Esophagus/Stomach,Esophageal Adenocarcinoma,
ACH-003429,Pancreas,Pancreatic Adenocarcinoma,
ACH-003430,Pancreas,Pancreatic Adenocarcinoma,
ACH-003433,Pancreas,Pancreatic Adenocarcinoma,
ACH-003437,Esophagus/Stomach,Stomach Adenocarcinoma,
ACH-003438,CNS/Brain,Glioblastoma,
ACH-003451,Kidney,Wilms' Tumor,
ACH-003455,Skin,Melanoma,
ACH-003456,Skin,Melanoma,
ACH-003457,Skin,Melanoma,
ACH-003458,Skin,Melanoma,
ACH-003459,Skin,Melanoma,
ACH-003460,Lymphoid,"Diffuse Large B-Cell Lymphoma, NOS",
ACH-003463,Lymphoid,T-Cell Prolymphocytic Leukemia,
ACH-003464,Soft Tissue,Liposarcoma,
ACH-003465,Head and Neck,Head and Neck Squamous Cell Carcinoma,
ACH-003468,Thyroid,Anaplastic Thyroid Cancer,
ACH-003469,Thyroid,Anaplastic Thyroid Cancer,
ACH-003470,Thyroid,Anaplastic Thyroid Cancer,
ACH-003471,Thyroid,Papillary Thyroid Cancer,
ACH-003472,Thyroid,Medullary Thyroid Cancer,
ACH-003473,Soft Tissue,Embryonal Rhabdomyosarcoma,
ACH-003474,Head and Neck,Head and Neck Squamous Cell Carcinoma,
ACH-003475,Head and Neck,Head and Neck Squamous Cell Carcinoma,
ACH-003476,Esophagus/Stomach,Esophageal Squamous Cell Carcinoma,
ACH-003480,Thyroid,Anaplastic Thyroid Cancer,
