drug,HR,pvalue,padj,cohort
acetophenazine,0.21394528630649368,1.3248546533958902e-08,1.524112242779907e-05,METABRIC
pentamidine,0.29979657615270133,2.473266858301144e-08,1.524112242779907e-05,METABRIC
mebendazole,0.03490738039801699,3.159873343704023e-08,1.524112242779907e-05,METABRIC
nizofenone,2.99254658497374,2.2846595138975965e-07,8.264755791524556e-05,METABRIC
naloxone,0.4451737149701679,2.8809670857788337e-07,8.337518746243945e-05,METABRIC
xl888,0.10496947772573387,1.5730011038345378e-06,0.0003793554328747627,METABRIC
kw-2478,0.15803197419952347,3.1868741797605123e-06,0.0006587724197304945,METABRIC
brigatinib,4.403539752028122,8.031246194598448e-06,0.0014526516554479944,METABRIC
eprobemide,0.5440964965830521,1.2140017985861106e-05,0.0018224269626516236,METABRIC
mubritinib,0.18530837073882095,1.2594519437813571e-05,0.0018224269626516236,METABRIC
lapatinib,5.2823255000147755,1.7362845499079292e-05,0.0022840034033788847,METABRIC
primaquine,0.34687054739827256,2.372482684936466e-05,0.0027429705875777676,METABRIC
acdpp,0.4403617388996026,2.464313589392604e-05,0.0027429705875777676,METABRIC
pardoprunox,0.2508222136595169,4.1705474224781434e-05,0.004310558657375624,METABRIC
fenbendazole,0.37194803268434207,4.641721422648408e-05,0.004477713932381498,METABRIC
tyrphostin-a9,0.23420401034932925,7.532510366366844e-05,0.006812214062583015,METABRIC
mepivacaine,2.77220435003493,9.530334100180877e-05,0.007675787714243449,METABRIC
trovafloxacin,0.38647122397607664,9.705304405420017e-05,0.007675787714243449,METABRIC
trapidil,0.38049025536884556,0.00010078781380139981,0.007675787714243449,METABRIC
uprosertib,0.1656892300595267,0.00014563756535190402,0.010536877853210254,METABRIC
oligomycin-a,0.35085373164439226,0.000178997511751954,0.012299446307635862,METABRIC
azd5363,0.4692046701053719,0.0001869991836682716,0.012299446307635862,METABRIC
mefexamide,0.2492408705044494,0.00022226375115286262,0.013435425804561741,METABRIC
dacomitinib,2.9714771428455835,0.00022284051092569577,0.013435425804561741,METABRIC
racecadotril,1.9632501099418598,0.0002410848179015906,0.013654773721820366,METABRIC
voxtalisib,0.5365658885085398,0.0002513591438961238,0.013654773721820366,METABRIC
cpp,2.524340705489349,0.0002654343604017066,0.013654773721820366,METABRIC
lonafarnib,0.5120487146481607,0.0002666073375336946,0.013654773721820366,METABRIC
fluocinolone-acetonide,1.4553468276572101,0.000273661670997091,0.013654773721820366,METABRIC
sulfasalazine,0.5584109097369225,0.0002910314747414375,0.014037418131695335,METABRIC
pf-05212384,0.13314033734298103,0.000345910453466002,0.015597745915894818,METABRIC
azd8931,3.46312571501529,0.0003494483874746356,0.015597745915894818,METABRIC
tazemetostat,2.0449033223151885,0.00035571915357603936,0.015597745915894818,METABRIC
norfloxacin,0.4279650703416217,0.00041753218258494453,0.01734521662879938,METABRIC
thiostrepton,0.27198615000866594,0.0004195456682847121,0.01734521662879938,METABRIC
ikk-2-inhibitor-v,0.227880482289207,0.0004772764316181772,0.01918386101531951,METABRIC
digoxin,0.09390121143689492,0.0004968391440293255,0.019430438957038755,METABRIC
vemurafenib,0.5072501877014555,0.0005168894677293836,0.01960901665333692,METABRIC
tiludronate,0.46664631954656666,0.0005285083963235245,0.01960901665333692,METABRIC
gsk256066,0.5811126939767082,0.0005622325120412275,0.020338761123091405,METABRIC
pelitinib,3.079288926725234,0.0006498544788805379,0.022416206090194568,METABRIC
bay-87-2243,0.37805920638570795,0.000653726980400464,0.022416206090194568,METABRIC
selinexor,0.19744057305683194,0.0006661346661218842,0.022416206090194568,METABRIC
triamterene,2.3318952228623058,0.0006934174678117464,0.022803978998263565,METABRIC
aee788,1.8561647662594871,0.0007525195599812753,0.024170419148236866,METABRIC
colchicine,0.38331439815037177,0.0007804451956018738,0.024170419148236866,METABRIC
ac-264613,0.4714681144659051,0.0007850792674271822,0.024170419148236866,METABRIC
epirubicin,0.12222290096948978,0.0008632849372600777,0.025270159018115204,METABRIC
telotristat-ethyl,0.5784929256113894,0.000887858285237131,0.025270159018115204,METABRIC
cytochalasin-b,0.36428589050291155,0.0008920432726333815,0.025270159018115204,METABRIC
jte-607,0.3868365499100241,0.0009230491238515507,0.025270159018115204,METABRIC
mifepristone,1.969478836210051,0.000928260185520873,0.025270159018115204,METABRIC
artemisinin,0.4936593374738908,0.000929133301366152,0.025270159018115204,METABRIC
clobetasol-propionate,1.4178004908583648,0.0009447271386784417,0.025270159018115204,METABRIC
alfacalcidol,2.3948616846111594,0.0009739634980838576,0.025270159018115204,METABRIC
vinorelbine,0.31803924490517327,0.000977974364211784,0.025270159018115204,METABRIC
acetylcysteine,2.1562971515494684,0.0010935041521059322,0.027759658036794452,METABRIC
sb-2343,0.11336207870534891,0.001177426200188289,0.029026253031848748,METABRIC
hmn-214,0.23113525541117985,0.0011835168824319807,0.029026253031848748,METABRIC
ixabepilone,0.21490257919539302,0.0012801216132419964,0.030872266239352814,METABRIC
thonzonium,0.12301918785037011,0.0013331905307885107,0.031625027836901236,METABRIC
pha-665752,3.526542088715834,0.0014090703631030215,0.032885884119517296,METABRIC
bardoxolone-methyl,0.25069906835114264,0.0015581466287588929,0.0355403146440026,METABRIC
baicalein,2.001105479997653,0.0015719282219876754,0.0355403146440026,METABRIC
triamcinolone-acetonide,1.4487323917989567,0.0016009282136767767,0.03563912500292763,METABRIC
desonide,1.4368153474094774,0.001647562063432804,0.03612155008768587,METABRIC
chlorindanol,2.2276179485548604,0.001757124230307778,0.03698447785638062,METABRIC
gastrodin,0.5239136114897514,0.0017709063505568533,0.03698447785638062,METABRIC
eprosartan,0.47385125638185915,0.001802084238352971,0.03698447785638062,METABRIC
epothilone-b,0.4233151943384266,0.0018170936586864863,0.03698447785638062,METABRIC
bucladesine,1.8076668965620495,0.0018232589062683977,0.03698447785638062,METABRIC
evp4593,0.33647382721245866,0.0018402780965165201,0.03698447785638062,METABRIC
wz-3146,3.1414606415069444,0.0019278493405444895,0.03821367117490242,METABRIC
riluzole,0.5564698569511795,0.001976375820640399,0.03864615962792779,METABRIC
lidocaine,1.9096048785009254,0.0026933962594448842,0.05157987307880537,METABRIC
sclareol,0.5853915121568486,0.0027091018341321407,0.05157987307880537,METABRIC
idoxuridine,0.5539825041597398,0.0027799191886081526,0.05224081903787009,METABRIC
sb-239063,0.35303149441191073,0.0028460486898404147,0.05279785197691128,METABRIC
dofetilide,2.2813652180589705,0.0029482304732668927,0.053379837650815935,METABRIC
quizartinib,0.6565357906427304,0.003023663745912668,0.053379837650815935,METABRIC
mk-2206,0.3195961786516808,0.0030299531983867273,0.053379837650815935,METABRIC
demecarium,0.5229586234002768,0.0030449713325458637,0.053379837650815935,METABRIC
dovitinib,3.2038416140912496,0.0030891016372488226,0.053379837650815935,METABRIC
sb-228357,0.530968111765165,0.00310067117578522,0.053379837650815935,METABRIC
cefdinir,1.8366589700271203,0.0031356504494259533,0.053379837650815935,METABRIC
cct128930,0.5067643504459852,0.003324414616283293,0.05593520871816192,METABRIC
cetrimonium,0.18812022789414592,0.0033652430423992546,0.05597134117645657,METABRIC
saracatinib,2.8992720665383467,0.0034564570405604613,0.056229109843366,METABRIC
gsk461364,0.6031039853312299,0.0034797979352319277,0.056229109843366,METABRIC
stf-118804,0.18551206094674996,0.0035097586990065514,0.056229109843366,METABRIC
ecamsule-triethanolamine,0.6188385862664931,0.003536177605906224,0.056229109843366,METABRIC
vidarabine,0.32381675499496615,0.003745252397527218,0.05890630673067265,METABRIC
sirolimus,0.5322083749696515,0.0038102609530562184,0.05928438278572417,METABRIC
carmustine,1.4818822944187695,0.0038948935652529525,0.05995649988213853,METABRIC
mln-8054,0.42089313929146793,0.003976435485337033,0.06024924309994389,METABRIC
dasatinib,1.7214511885239347,0.004002874467801459,0.06024924309994389,METABRIC
amoxicillin,2.0246629507596943,0.004038822792463412,0.06024924309994389,METABRIC
oxonic-acid,0.5417943800913315,0.0041450326241903685,0.06096821372578019,METABRIC
rutin,0.5408868871296968,0.004171287601141838,0.06096821372578019,METABRIC
le-135,0.38257486049492245,0.004277264086112399,0.061411169036534395,METABRIC
tamibarotene,0.25105439633275767,0.004286474134547321,0.061411169036534395,METABRIC
pr-619,0.2746749568789934,0.004347490688378455,0.06167469633415317,METABRIC
afatinib,2.5184897548284235,0.004612411675940458,0.06346329513813914,METABRIC
indiplon,2.197323517927421,0.0046396264963326815,0.06346329513813914,METABRIC
p22077,1.6264405179645265,0.004667558206400171,0.06346329513813914,METABRIC
gsk2110183,0.45329212972936794,0.0047423284229899726,0.06346329513813914,METABRIC
riboflavin,1.7927881782932813,0.004743269155308854,0.06346329513813914,METABRIC
vx-765,2.490103075767943,0.004773052847792441,0.06346329513813914,METABRIC
gsk923295,0.44112464077196817,0.004780579937841856,0.06346329513813914,METABRIC
lasalocid,0.16524303572390708,0.004897996637427603,0.06382095817283084,METABRIC
rheochrysidin,2.1990792437551,0.004935766668677936,0.06382095817283084,METABRIC
vx-702,1.6274539377386614,0.004939839195132726,0.06382095817283084,METABRIC
dabrafenib,0.7032666961076316,0.005054249752258453,0.06472123355325647,METABRIC
sunitinib,0.3390705912615392,0.0051463963907622,0.06532311910028862,METABRIC
tirapazamine,0.5245768781298668,0.005292678744559815,0.06632153017626186,METABRIC
indibulin,0.2464287391780402,0.005316722529679596,0.06632153017626186,METABRIC
tofogliflozin,0.4653769348899346,0.005392049244096654,0.06668628424109281,METABRIC
methocarbamol,2.222716647109301,0.005475346815038525,0.06676317661215517,METABRIC
terconazole,0.59622054082969,0.005490544586625062,0.06676317661215517,METABRIC
ve-822,0.35383210371175966,0.00554479132685937,0.0668609420830459,METABRIC
bw-180c,1.8117877043270776,0.005668770966569745,0.06779100486468116,METABRIC
nadifloxacin,0.6403410711963433,0.005963472549265076,0.0707306949080866,METABRIC
sdz-wag-994,0.5685948955142321,0.006025948251120572,0.07076363650440429,METABRIC
practolol,0.40585599349781465,0.00606405730929242,0.07076363650440429,METABRIC
ramifenazone,0.5638400251761416,0.006199559172395819,0.07153597883846173,METABRIC
bms-626529,0.4850159307496929,0.006229117715028458,0.07153597883846173,METABRIC
mk-8245,1.6554538279172897,0.006279812589641146,0.07155030564732864,METABRIC
bms-690514,2.0745827991528834,0.006394760356666918,0.07229076746950805,METABRIC
tyloxapol,0.6313203061895766,0.006728766267611254,0.07508733748857382,METABRIC
nh125,0.2496967146691007,0.0067467762394303014,0.07508733748857382,METABRIC
serdemetan,1.766294644922684,0.006797817008295211,0.07508733748857382,METABRIC
salinomycin,0.5039534420661614,0.007000321933335363,0.07613594249214067,METABRIC
thioguanine,3.976517120683202,0.007001488460267298,0.07613594249214067,METABRIC
bms-754807,1.8829619012514067,0.0070505986827552524,0.07613594249214067,METABRIC
nanchangmycin,0.31602513219455136,0.007116075835004682,0.07627379061667981,METABRIC
abt-702,1.7165877164592587,0.00726430362853572,0.07729005404772932,METABRIC
golgicide-a,2.594604608038593,0.007573487023025524,0.07999150162275863,METABRIC
sulfamethazine,1.7353027065979454,0.008107284979679477,0.08449834003936238,METABRIC
trimebutine,0.6458084078981831,0.00811697945091318,0.08449834003936238,METABRIC
diphenyleneiodonium,0.32621583803980736,0.008523904104017894,0.08782703411452802,METABRIC
av-412,3.2760748869743432,0.00856376747999988,0.08782703411452802,METABRIC
mgcd-265,0.4211241054773618,0.008640479975471108,0.08782703411452802,METABRIC
busulfan,0.5814122613860975,0.008679520302956122,0.08782703411452802,METABRIC
bix-01294,0.10876203924028457,0.008759752182757333,0.08802334311423514,METABRIC
halofantrine,0.5669844848304358,0.009100383121232725,0.0908155474236121,METABRIC
amg-232,1.7206510601678167,0.009187305897916819,0.09105501119373724,METABRIC
prednisolone-tebutate,1.6200924657936333,0.009371628662124733,0.09224997737479244,METABRIC
thiomersal,0.21501544499601719,0.009741023152088772,0.0940664608878101,METABRIC
litronesib,0.522685096788159,0.009742540613858052,0.0940664608878101,METABRIC
podophyllotoxin,0.37435460163247936,0.009751188067153777,0.0940664608878101,METABRIC
brivaracetam,0.4331672322070521,0.010223295431984988,0.09796760589458461,METABRIC
doxorubicin,0.26553987019737657,0.010836215335789458,0.10315791836110097,METABRIC
bisacodyl,0.5310624059073867,0.010984033527168969,0.10388167656087254,METABRIC
ly2606368,0.5229120866458025,0.011297031619472682,0.10614808281413618,METABRIC
pyroxamide,0.47022965936223127,0.01169631979381377,0.1091908047848292,METABRIC
frentizole,1.6881642019582186,0.012196434938602329,0.11290213916657793,METABRIC
idazoxan,1.8070015355921059,0.012249921112061322,0.11290213916657793,METABRIC
tipifarnib,0.5066074345102595,0.012494102549697867,0.11442383790767603,METABRIC
dehydrocholate-acid,0.6194446407255065,0.012575401344986593,0.11444406129682767,METABRIC
erlotinib,2.1294345306630715,0.012950355588507361,0.11711977835356344,METABRIC
lcl-161,0.5124271135475525,0.013131186198857905,0.11772161838065638,METABRIC
am-404,0.5687874299182729,0.013179614497350611,0.11772161838065638,METABRIC
camptothecin,0.636896123277872,0.01334002165114033,0.11842338238773042,METABRIC
venetoclax,1.4733894593388277,0.013503547330972875,0.11880889888341796,METABRIC
apatinib,0.6037420328488828,0.013625646172668576,0.11880889888341796,METABRIC
iem1754,0.4910704466577303,0.013629770017033437,0.11880889888341796,METABRIC
dexamethasone-acetate,1.4166166361568784,0.013777296355177703,0.11927832489403173,METABRIC
linalool,1.769704160564284,0.014120477568805266,0.11927832489403173,METABRIC
tedizolid,0.46230250486499275,0.014122496556058167,0.11927832489403173,METABRIC
scriptaid,0.34386011389884247,0.01416035819496626,0.11927832489403173,METABRIC
afobazole,1.5946707129777467,0.01425577509346178,0.11927832489403173,METABRIC
cyclosporine,0.4104379943130123,0.014255778362923022,0.11927832489403173,METABRIC
ly2608204,2.200308019728316,0.014260642851878015,0.11927832489403173,METABRIC
parbendazole,0.42371838014670354,0.014765103272491312,0.12278795652468351,METABRIC
kd-023,0.5047470244204361,0.01506516461510458,0.12456738970317902,METABRIC
gw-501516,1.569480704364955,0.015163573067850558,0.12466869448397588,METABRIC
3-amino-benzamide,0.5331749222229815,0.015397985242397626,0.12588070421327324,METABRIC
plinabulin,0.3147388757403584,0.015699695965065697,0.12762618012050597,METABRIC
ebastine,1.775219397148788,0.015821526891215205,0.1278980414055218,METABRIC
niacin,0.6486833642575109,0.015935296375653964,0.12810207697539605,METABRIC
thiocolchicoside,0.5306686870769369,0.016658460494446286,0.13293300646628994,METABRIC
hexachlorophene,0.46756119136633956,0.016719977316423475,0.13293300646628994,METABRIC
propoxycaine,0.6784203044767086,0.01704106884323616,0.13474550063476898,METABRIC
tyrphostin-ag-1296,0.4157333378693275,0.017317296452561155,0.13618547808073908,METABRIC
clofazimine,0.5649676853582908,0.01756520139675964,0.13672778577216263,METABRIC
bnc105,0.5051924570628594,0.01757523714832222,0.13672778577216263,METABRIC
tanespimycin,0.5501614401366413,0.01791961411561605,0.13866139906575628,METABRIC
streptozotocin,0.6609335377762713,0.01817541733320727,0.13963385994129224,METABRIC
monensin,0.4669926158884127,0.018413895691151507,0.13963385994129224,METABRIC
taselisib,1.4678560021093237,0.01845947499444511,0.13963385994129224,METABRIC
anagrelide,0.33192315069390227,0.018520295583947907,0.13963385994129224,METABRIC
etoposide-phosphate,0.47454732851231274,0.018527782383364277,0.13963385994129224,METABRIC
navitoclax,1.9396314670139798,0.018698596752298433,0.14000912012173955,METABRIC
mibefradil,1.541121539949962,0.018771091433045936,0.14000912012173955,METABRIC
a-803467,1.8813121179871473,0.019202872852129994,0.1424898058554051,METABRIC
securinine,0.6462984411022582,0.019432920932052844,0.1424898058554051,METABRIC
lgx818,0.7719290042857948,0.019436842574546073,0.1424898058554051,METABRIC
selumetinib,0.465270886508986,0.019659960212986233,0.1424898058554051,METABRIC
sc-144,0.7111627074903956,0.019722120943190757,0.1424898058554051,METABRIC
cpi-1189,1.731343501595717,0.020007082922368063,0.1424898058554051,METABRIC
xl-647,2.20194049103897,0.02002548614522597,0.1424898058554051,METABRIC
m-344,0.3109455056488836,0.02010239038017887,0.1424898058554051,METABRIC
epinastine,1.847181149549928,0.020121801163706387,0.1424898058554051,METABRIC
sodium-stibogluconate,1.7460671317429064,0.020170412401697528,0.1424898058554051,METABRIC
ly456236,0.5797407615762814,0.020186876434248824,0.1424898058554051,METABRIC
napabucasin,0.4662185718057159,0.020421848491321164,0.1433604788383605,METABRIC
flumethasone-pivalate,1.3626430874952453,0.020508375341769608,0.1433604788383605,METABRIC
crizotinib-(s),0.25973450527057473,0.020833218731148087,0.1449310937690927,METABRIC
psb-1115,0.7068876721990289,0.020967610527779075,0.14516809776888193,METABRIC
fleroxacin,1.4412170839692653,0.02138958122824619,0.14687212888225082,METABRIC
flumatinib,1.5227356949497701,0.021416737521876245,0.14687212888225082,METABRIC
phenylbutazone,0.6246489599270003,0.021723439709071944,0.14827272291993918,METABRIC
mrs-1220,0.5645231526333724,0.022000573998148296,0.14945929847568348,METABRIC
rita,0.6812466534441376,0.022365609706683314,0.15010671208346893,METABRIC
tenovin-6,2.9473639339809514,0.022393966432235835,0.15010671208346893,METABRIC
tremorine,0.3860048054267096,0.022492830417113314,0.15010671208346893,METABRIC
olda,1.5669140675734683,0.022510819987638396,0.15010671208346893,METABRIC
betulinic-acid,0.5603228873629594,0.022685688466501423,0.15057885876618146,METABRIC
hyodeoxycholic-acid,0.6360115486394413,0.022953776859512935,0.15166262609915623,METABRIC
kpt-276,0.3943921969629076,0.023084415800451716,0.1518324984693347,METABRIC
torasemide,0.6384123354373612,0.02357354706403735,0.15434806607086898,METABRIC
y-27632,1.9571453284051263,0.02485211676970808,0.16114902520948238,METABRIC
ban-orl-24,1.6683144133031858,0.02495106418243058,0.16114902520948238,METABRIC
tivozanib,0.33099323805227365,0.025009046611079108,0.16114902520948238,METABRIC
teriflunomide,1.803137279089101,0.02505772679484004,0.16114902520948238,METABRIC
ro-106-9920,0.19710766842998814,0.02575915104829663,0.16492695383577533,METABRIC
cyclocytidine,1.7654147687477966,0.02663650302571433,0.16840168250135507,METABRIC
ar-42,0.48468071478663677,0.02663652817746145,0.16840168250135507,METABRIC
calcitriol,0.5336780179851439,0.02680430559739081,0.16840168250135507,METABRIC
fudosteine,1.8129501896270488,0.026809907341432862,0.16840168250135507,METABRIC
parthenolide,2.940740186762052,0.026883751664003468,0.16840168250135507,METABRIC
triamcinolone,1.5522172813548742,0.02724003254078534,0.16989796157981202,METABRIC
4-chlorophenylguanidine,1.7075780494691322,0.028177213457169222,0.17492282669322518,METABRIC
12-o-tetradecanoylphorbol-13-acetate,0.7525423250222164,0.02839432061780054,0.17492282669322518,METABRIC
nsc-319726,0.5019346210268384,0.028408337438084255,0.17492282669322518,METABRIC
tucatinib,0.34779403480958687,0.02869840480708503,0.17591777595972563,METABRIC
fexinidazole,0.6549183417957621,0.028945857827828277,0.17591777595972563,METABRIC
wp1066,11.077523043371203,0.028988466058032965,0.17591777595972563,METABRIC
sar131675,1.3566262833071612,0.029056218696872443,0.17591777595972563,METABRIC
cyt387,3.3278580656881953,0.02926819759710706,0.17646284134589132,METABRIC
alpelisib,0.3199055817315215,0.030016205277469805,0.17830355697816197,METABRIC
dienogest,0.674142056288909,0.03010942653819618,0.17830355697816197,METABRIC
ubenimex,0.5931703065275947,0.03013021631701615,0.17830355697816197,METABRIC
ftorafur,1.625940414903966,0.030185683484922076,0.17830355697816197,METABRIC
bms-345541,0.6492657822558651,0.030201647324044213,0.17830355697816197,METABRIC
acesulfame-potassium,0.473439551322526,0.03031283691543044,0.17830355697816197,METABRIC
ly2183240,1.560593614241909,0.03089167286983076,0.1809726746665794,METABRIC
gilteritinib,0.533884996582152,0.031196273226362703,0.1820201909618824,METABRIC
octenidine,0.33014696665278626,0.03185064465274792,0.18447762965542064,METABRIC
beclomethasone-dipropionate,0.79977013600189,0.03188834956845309,0.18447762965542064,METABRIC
dmh1,0.6194776410826704,0.03199992055529411,0.18447762965542064,METABRIC
cefditoren-pivoxil,1.7065453429110542,0.03260080380130158,0.1871958853193785,METABRIC
bay-11-7082,0.20742598416028193,0.033312225487565315,0.19052486276880243,METABRIC
iproniazid,0.7118860509375198,0.033504358090629814,0.1908693155792966,METABRIC
cinromide,1.841715848783517,0.03453858326679187,0.19598952936097191,METABRIC
plx-4720,0.5779829995506314,0.034727146877907664,0.1962897716106734,METABRIC
kifunensine,1.4011512069742893,0.03536068270814954,0.1987039734001964,METABRIC
pp242,0.34500637362857833,0.035428904725121405,0.1987039734001964,METABRIC
k-strophanthidin,0.38455425470253474,0.0362253122014848,0.20238620368937643,METABRIC
sb-590885,1.391319476612533,0.036523789616765855,0.20326893682869304,METABRIC
ru-58841,0.6567572659340999,0.03678333965303048,0.20392908995377437,METABRIC
lerisetron,1.694468563813431,0.03745844359136691,0.20615454672348993,METABRIC
d-serine,0.6213741871764452,0.03746969301194046,0.20615454672348993,METABRIC
crystal-violet,0.5964610095065523,0.03766264301284149,0.2064312289378092,METABRIC
cep-33779,1.6601825242773018,0.03784288509201096,0.20663643293637685,METABRIC
zaldaride,0.5962174487172595,0.03819669065560772,0.20778425330324948,METABRIC
spiradoline,0.5472583061823043,0.0385187884128683,0.20824198191850085,METABRIC
methoxyflurane,1.7066993308699752,0.0386259930573332,0.20824198191850085,METABRIC
triciribine,0.47609855809848256,0.038814147482631525,0.20824198191850085,METABRIC
gw-441756,0.5418107489857592,0.038856485914302165,0.20824198191850085,METABRIC
eltrombopag,1.5474696038255054,0.0392414052843688,0.20952883190583635,METABRIC
evacetrapib,1.6046987520484168,0.04018932848822632,0.21329053271109596,METABRIC
pentostatin,1.7522700766011479,0.04024071557023442,0.21329053271109596,METABRIC
adarotene,0.15630396681579023,0.04077667169117448,0.2145813252724799,METABRIC
5-fluorouracil,1.6312921456088958,0.0407808323772854,0.2145813252724799,METABRIC
metoprolol,1.500231548799719,0.04110188171101679,0.21548703926029456,METABRIC
srt1720,1.7563526343126563,0.04126509091827215,0.2155616843275805,METABRIC
azd9668,1.5356709785136835,0.04149647511691069,0.21561164634621957,METABRIC
2-methoxyestradiol,0.3217914873373893,0.04157266712549776,0.21561164634621957,METABRIC
isoflupredone-acetate,1.2780931447018826,0.04174333295224781,0.21572358136393777,METABRIC
sb-939,0.31825394113631283,0.041936705110295396,0.21595164517650334,METABRIC
alvespimycin,1.603744966185023,0.04218429741849327,0.2164563062573041,METABRIC
unc2250,1.5077912330604872,0.042962393116989246,0.2196699040292701,METABRIC
maxacalcitol,1.6022192203157204,0.043528178206154955,0.2217791333250219,METABRIC
ly3023414,0.3198668491276791,0.043838039228440324,0.22187408909509893,METABRIC
"mns-(3,4-methylenedioxy-nitrostyrene)",0.46621624913844895,0.04385348270988134,0.22187408909509893,METABRIC
ziprasidone,1.3961271402976674,0.04464604006768591,0.22271748118780796,METABRIC
osimertinib,2.312532382413469,0.04494812473799245,0.22271748118780796,METABRIC
omeprazole,0.5354172891991396,0.04508636258908975,0.22271748118780796,METABRIC
g-1,1.333215298565747,0.04509567843662726,0.22271748118780796,METABRIC
bexarotene,0.3380656583898483,0.04550746043772646,0.22271748118780796,METABRIC
sb-242235,0.6492741597127205,0.045516445884101746,0.22271748118780796,METABRIC
raloxifene,1.939046927499016,0.04578377215512787,0.22271748118780796,METABRIC
clonazepam,0.41632138991948026,0.04586892181149786,0.22271748118780796,METABRIC
lb42708,0.47752120123408964,0.04587814068106978,0.22271748118780796,METABRIC
raf265,0.5674175699381915,0.04626088091963566,0.22271748118780796,METABRIC
mexiletine,0.3936712659685013,0.046346062679659364,0.22271748118780796,METABRIC
indirubin,3.4467757576512277,0.04639740413516849,0.22271748118780796,METABRIC
uh-232-(+),1.5289859970814355,0.04641514781675324,0.22271748118780796,METABRIC
cholecalciferol,0.55563887067425,0.046507562739628285,0.22271748118780796,METABRIC
nobiletin,0.7363442744005284,0.04658740184331738,0.22271748118780796,METABRIC
ciclopirox,0.6062755760225315,0.04665457262845502,0.22271748118780796,METABRIC
abt-751,0.39005772536017813,0.046784905096148216,0.22271748118780796,METABRIC
ramatroban,0.6965731318543571,0.046793257104954494,0.22271748118780796,METABRIC
bgt226,0.297929969511536,0.04696391520366081,0.22271748118780796,METABRIC
clocortolone-pivalate,1.416410142328263,0.04741961934752444,0.22271748118780796,METABRIC
bms-265246,0.6471447712661214,0.04752677930376926,0.22271748118780796,METABRIC
cephalomannine,0.46993782895044717,0.04759774691465507,0.22271748118780796,METABRIC
fdcyd,0.5319643466834214,0.04774513584280597,0.22271748118780796,METABRIC
oxymatrine,0.6510910187091808,0.04782350039444495,0.22271748118780796,METABRIC
temazepam,1.7728840218602457,0.047918048200405794,0.22271748118780796,METABRIC
azd6482,0.39381478538368014,0.048022013911953064,0.22271748118780796,METABRIC
er-27319,0.1626299229290873,0.04838315285880513,0.22320058837671503,METABRIC
ly2874455,2.27124841359366,0.048455769036618475,0.22320058837671503,METABRIC
iodipamide,1.718851520939851,0.04858893250771613,0.22320058837671503,METABRIC
parachlorophenol,0.661030847941128,0.048874362943880555,0.2234286020542894,METABRIC
cebranopadol,1.3932617712948843,0.04894738552260521,0.2234286020542894,METABRIC
azd2858,0.5909614477420935,0.04912588046566056,0.2235382045088391,METABRIC
difluprednate,0.6570687990713713,0.04935031451524148,0.22385550189202014,METABRIC
baicalin,1.6402990025988358,0.04989752078396673,0.2244333460559862,METABRIC
dexrazoxane,0.4086211940961795,0.049925693901439305,0.2244333460559862,METABRIC
chloroxine,0.4626603233261506,0.049943011354545645,0.2244333460559862,METABRIC
terbutaline,1.45264593248875,0.051631573303533525,0.23105634687785964,METABRIC
yo-01027,1.4850273195783055,0.05191315376442614,0.23105634687785964,METABRIC
4-(4-fluorobenzoyl)-1-(4-phenylbutyl)-piperidine,0.6933616480364464,0.05195507229444375,0.23105634687785964,METABRIC
bis(maltolato)oxovanadium(iv),0.5868118006794794,0.05205554186743762,0.23105634687785964,METABRIC
ethacridine-lactate-monohydrate,0.6003209821477176,0.05229201006499826,0.23139614239771397,METABRIC
birinapant,0.7493778449485617,0.05279953145076933,0.23259689697055871,METABRIC
caffeic-acid,0.6600239058033804,0.05293715997496741,0.23259689697055871,METABRIC
dihydromyricetin,1.463794814486718,0.0530455950243845,0.23259689697055871,METABRIC
piperazine,0.7241950853574732,0.053431962051998884,0.2335832298768652,METABRIC
melphalan,1.5511714640519187,0.05371231318350191,0.23410155776062427,METABRIC
kp-1212,0.557369286419215,0.05398549732661494,0.2345856295243598,METABRIC
nomegestrol-acetate,1.518855924210359,0.0542980273828009,0.2352372623440506,METABRIC
torin-1,0.30384912286523935,0.05491985548966499,0.23689718449780633,METABRIC
meglitinide,1.6650940664303926,0.05506665405425906,0.23689718449780633,METABRIC
su014813,0.5271528405186433,0.055172322858162225,0.23689718449780633,METABRIC
benfotiamine,0.7590375562251688,0.05600676371965278,0.2397686008944899,METABRIC
trans-4-hydroxycrotonic-acid,1.372480252787959,0.056866010544776226,0.24272895946398584,METABRIC
u-18666a,0.6982671863663709,0.05750891698950293,0.24475118495238454,METABRIC
ccg-50014,2.6168600230547607,0.058398038374064216,0.24780633878965078,METABRIC
pki-179,0.3001073164197544,0.058576177589802624,0.2478354648317088,METABRIC
dirithromycin,1.3710019631132626,0.05894740973393508,0.24848640086773424,METABRIC
ly2603618,0.4326030347406713,0.05934710919179055,0.24848640086773424,METABRIC
cs-110266,1.3876497023869319,0.05955283700027163,0.24848640086773424,METABRIC
ki-16425,0.5917403012972812,0.05964527294708121,0.24848640086773424,METABRIC
gsk1904529a,0.7754424298010487,0.059754421489755995,0.24848640086773424,METABRIC
r406,1.4775888984872703,0.05976037837040188,0.24848640086773424,METABRIC
ketoconazole,1.5410611749833139,0.060616957234287554,0.2513258943209573,METABRIC
skf-96365,3.402532785075119,0.060895838236286685,0.25176079407973384,METABRIC
se-methylselenocysteine,1.4995055192597342,0.06128594004516384,0.2526517243457324,METABRIC
topotecan,0.5519097385226339,0.06151098583125933,0.2527733651784465,METABRIC
r306465,0.35726354159006785,0.06170765399768602,0.2527733651784465,METABRIC
cgp-54626,1.5146140587431927,0.06183951020951629,0.2527733651784465,METABRIC
cobicistat,1.4878730452577733,0.06210561343071915,0.2530553169259761,METABRIC
tacalcitol,1.3869820083457216,0.0624885260606651,0.2530553169259761,METABRIC
tacrolimus,0.6107549629909187,0.062498984378146924,0.2530553169259761,METABRIC
halofuginone,3.0241842301965285,0.06291250887624616,0.2530553169259761,METABRIC
sch-58261,0.8030366887096967,0.06294012973934421,0.2530553169259761,METABRIC
florfenicol,0.6681034357928926,0.06311602115487039,0.2530553169259761,METABRIC
tedizolid-phosphate,0.4909546098267696,0.06313266718056487,0.2530553169259761,METABRIC
pevonedistat,0.572403720991525,0.06339681732717034,0.25341213997904827,METABRIC
mek162,0.5695525745625841,0.06373576926588574,0.2540651739056107,METABRIC
acy-1215,1.9183102093947673,0.06403679534898912,0.25408066139563923,METABRIC
nocodazole,0.48378531304837413,0.06412023916222484,0.25408066139563923,METABRIC
deoxycorticosterone-acetate,0.531280233890093,0.0642664285216337,0.25408066139563923,METABRIC
idelalisib,2.8565054358618984,0.0645238775296635,0.25440340813466783,METABRIC
amg458,0.7013130372656673,0.06536848037149139,0.25703312798246747,METABRIC
batimastat,0.46072443233742255,0.06558894522508603,0.2572010941482371,METABRIC
amprolium,1.550926155938501,0.06708839659558137,0.2623700266859628,METABRIC
gsk1292263,0.5780326990892147,0.06794061030180513,0.2649866930100055,METABRIC
forskolin,0.6869378878658776,0.06822258128830389,0.2653711696886444,METABRIC
r547,0.37648262221809103,0.06861409516210994,0.26541971412614457,METABRIC
pp-2,1.3526864187780563,0.06880471395177441,0.26541971412614457,METABRIC
erythritol,1.4052217356047352,0.06888464134821155,0.26541971412614457,METABRIC
pu-h71,0.25256973356524115,0.06914704615779133,0.26541971412614457,METABRIC
thiamine,1.6653058514479788,0.06915219918835971,0.26541971412614457,METABRIC
tw-37,0.24959303142114503,0.06961777779722393,0.2664998001920186,METABRIC
levocarnitine,0.7425839798530083,0.06984629362837948,0.2666690946708842,METABRIC
belinostat,0.4545346122666829,0.07099056469829448,0.26963883220257745,METABRIC
amsacrine,1.9317362814698908,0.07138221370175493,0.26963883220257745,METABRIC
tiletamine,1.375527132725503,0.07158943294952456,0.26963883220257745,METABRIC
albendazole,0.6257355679661861,0.0716369556706971,0.26963883220257745,METABRIC
panobinostat,0.630648725159458,0.07169216905626911,0.26963883220257745,METABRIC
vindesine,0.6420826778043124,0.07207209303278361,0.26963883220257745,METABRIC
norethindrone,0.6431842334617807,0.07221800543874042,0.26963883220257745,METABRIC
estradiol,1.4430215529366877,0.07253392318183305,0.26963883220257745,METABRIC
dichlorisone-acetate,1.338302248341471,0.07260998761306339,0.26963883220257745,METABRIC
tosedostat,0.573773436974448,0.07262612306314449,0.26963883220257745,METABRIC
8-bromo-cgmp,1.7453785002079492,0.07279958708616734,0.26963883220257745,METABRIC
gdc-0879,1.2048832924410504,0.07286025113421409,0.26963883220257745,METABRIC
am-251,1.623559885106618,0.07310544327918801,0.26985606230863535,METABRIC
gsk2656157,1.478560885554137,0.07364865974058014,0.26987928699114494,METABRIC
amonafide,1.332711886335412,0.07368594475161858,0.26987928699114494,METABRIC
7-aminocephalosporanic-acid,1.4507047447751251,0.07371130079663343,0.26987928699114494,METABRIC
merimepodib,0.5521234644409168,0.07403187035918263,0.26987928699114494,METABRIC
broxyquinoline,0.5085345015722917,0.07404428260918075,0.26987928699114494,METABRIC
narasin,0.5402984145372068,0.07431293958785987,0.27017794870259604,METABRIC
halcinonide,1.2405867158988022,0.07472340407456998,0.2704088542457258,METABRIC
dolastatin-10,0.5313914289188156,0.07475020158831397,0.2704088542457258,METABRIC
nithiamide,0.6297039918963665,0.07576368435487658,0.2733053947491959,METABRIC
zk811752,0.5140040151098106,0.07592865838920301,0.2733053947491959,METABRIC
pd-153035,1.3675879063001437,0.07662395397261872,0.27493677218162504,METABRIC
indisulam,0.5280150753750014,0.07678383902884296,0.27493677218162504,METABRIC
gsk2830371,1.9018469911716407,0.07709741071255384,0.27493677218162504,METABRIC
papaverine,0.5014136496445694,0.07716909281097992,0.27493677218162504,METABRIC
ponatinib,1.7183595143405694,0.07733190482233683,0.27493677218162504,METABRIC
zstk-474,1.4452580867165088,0.07795316313715737,0.2763653509167356,METABRIC
flumethasone,1.2219373985277315,0.07811570734274005,0.2763653509167356,METABRIC
dacinostat,0.4062229858243385,0.07835331281608783,0.2765298625484856,METABRIC
tame,0.6807574335255324,0.07869751282666732,0.27706885902722045,METABRIC
defactinib,1.4807423917768174,0.07945609511641984,0.2790606059064551,METABRIC
fenretinide,0.46874909576414253,0.07979446965943,0.27957045423049687,METABRIC
propranolol,0.7619095922019927,0.08024577383697039,0.2804725476862226,METABRIC
cabazitaxel,0.6390320705807364,0.08054476058921846,0.2808392013797569,METABRIC
flubendazole,0.478351369352374,0.08097465148027805,0.2816594247402941,METABRIC
pi-828,1.5264640399926084,0.08206232287501941,0.28475822829772923,METABRIC
tranilast,0.5380794358287204,0.0825530113911134,0.28511250847954617,METABRIC
pci-24781,0.3383433108977729,0.0825584941623565,0.28511250847954617,METABRIC
ch5132799,0.3603461426226291,0.08277949173482703,0.2851950584292731,METABRIC
dapivirine,0.5530970949546297,0.08308255143464402,0.2852470317351635,METABRIC
chicago-sky-blue-6b,1.4246533027594588,0.08326513166330164,0.2852470317351635,METABRIC
exemestane,0.675969765445773,0.08338596712092203,0.2852470317351635,METABRIC
melengestrol-acetate,1.3620243243428731,0.08404102330611134,0.2868098130281677,METABRIC
obatoclax,0.5943600186751874,0.08473956486776499,0.2885132949733081,METABRIC
costunolide,1.2883418595269105,0.08505763878572858,0.288916439725233,METABRIC
danazol,1.4511184906504102,0.08535697379691871,0.2892541945764435,METABRIC
romidepsin,0.5721051714550253,0.0858636840929228,0.28999669914047677,METABRIC
gs-39783,0.6874684546293758,0.08597690665602249,0.28999669914047677,METABRIC
niclosamide,0.5721424593054029,0.08671454355078792,0.29180452213486074,METABRIC
bvt-948,1.7080271629877568,0.08740383121938844,0.2928521281852841,METABRIC
epothilone-d,0.5685673236787013,0.08743062845614563,0.2928521281852841,METABRIC
menadione,2.2890192192700427,0.08770905725839243,0.29292828107135954,METABRIC
oprozomib,3.452198047094259,0.08785824048719423,0.29292828107135954,METABRIC
orantinib,1.5357400478844527,0.08898191637827399,0.29599271953876427,METABRIC
nms-e973,0.4656485489002266,0.08957808188230915,0.29729239560481957,METABRIC
ap26113,1.453952028229815,0.09045761397316977,0.2995244105701983,METABRIC
elesclomol,0.6589119438101093,0.09091192699399098,0.30034145744361856,METABRIC
telatinib,0.7070922059403115,0.09219219029810496,0.3038772195019542,METABRIC
uracil,1.6344944435840931,0.09342404587944703,0.30577427622154685,METABRIC
eptifibatide,1.7445669880358736,0.09350562913652437,0.30577427622154685,METABRIC
proflavine-hemisulfate,0.557285072993591,0.09353722032483662,0.30577427622154685,METABRIC
tak-901,0.5035223343965717,0.09364588957467507,0.30577427622154685,METABRIC
enzalutamide,0.698802069999663,0.09382431143218162,0.30577427622154685,METABRIC
"cp-945,598",1.6075350523177394,0.09457057723132375,0.3075137646151134,METABRIC
cudc-907,0.3591584228106942,0.09522477887430836,0.3087618086357316,METABRIC
cx-5461,0.5684498063619338,0.09538115304780374,0.3087618086357316,METABRIC
alogliptin,0.6806588526523842,0.0961283181484046,0.3092277843831637,METABRIC
phenelzine,0.7473069887463455,0.0962265875063148,0.3092277843831637,METABRIC
flufenamic-acid,0.6831517862374784,0.09633728835520727,0.3092277843831637,METABRIC
gw-788388,1.256200633640009,0.09637991068196738,0.3092277843831637,METABRIC
kw-2449,0.7089490117733297,0.0976769368972903,0.31213220858980273,METABRIC
sb-743921,0.5770341998111834,0.09771657946868047,0.31213220858980273,METABRIC
vinflunine,0.5767492301867801,0.09796658645933659,0.31224152116004417,METABRIC
pq-401,0.7815352092938436,0.09866542653305813,0.313777741084253,METABRIC
ibrutinib,1.7638428649055755,0.09945486354067258,0.31559470952489743,METABRIC
astemizole,0.6927176877887202,0.10045325318566956,0.31792144937225986,METABRIC
tu-2100,1.4745653816917361,0.1011628967518649,0.31792144937225986,METABRIC
ap1903,0.6849073129385959,0.10117688565991494,0.31792144937225986,METABRIC
fenaclon,1.7079108347895484,0.10127648415564951,0.31792144937225986,METABRIC
lidamidine,0.6749854406298329,0.10130317100765769,0.31792144937225986,METABRIC
polydatin,0.4758561790577127,0.10154444702937657,0.31792144937225986,METABRIC
azd2461,0.7704036598561237,0.10172607536928563,0.31792144937225986,METABRIC
clobutinol,1.2761295080946538,0.10280457306099994,0.3204892695206525,METABRIC
roquinimex,0.6723915478911072,0.10299067748935964,0.3204892695206525,METABRIC
tepoxalin,0.5528278821124003,0.10358947333028445,0.3212187066498339,METABRIC
buphenine,0.7886121592642286,0.10368038086456953,0.3212187066498339,METABRIC
ispinesib,0.7390318100099598,0.10389105370568227,0.3212187066498339,METABRIC
arctigenin,0.6345661557255659,0.10626717351504993,0.32786481892596425,METABRIC
sufentanil,0.6826806096527372,0.10709126748343605,0.32901527775117034,METABRIC
ri-1,0.7508830778402193,0.10709481397429249,0.32901527775117034,METABRIC
vtp-27999,0.6237557740972889,0.10823721728289125,0.3318204521363213,METABRIC
disulfiram,0.4165315440372009,0.10860680603306497,0.3322495736360359,METABRIC
jib04,0.5778835461390935,0.10904197262616665,0.3328770767722851,METABRIC
daunorubicin,0.6520983803763678,0.10962167787008903,0.33351499805252127,METABRIC
as-1949490,0.7280283243010532,0.10971191366482387,0.33351499805252127,METABRIC
nvp-auy922,0.6569886253480779,0.1104561696785314,0.33507353778791393,METABRIC
jnj-26481585,0.6241515677822016,0.111961183953659,0.3386160791540625,METABRIC
chlorambucil,0.6659572732496197,0.11209198473724669,0.3386160791540625,METABRIC
zardaverine,0.5141445149207635,0.1123266551558463,0.338618062521895,METABRIC
way-170523,0.6604280311933964,0.11274278139966018,0.33916591410667,METABRIC
regorafenib,0.6390117982903901,0.11315785246340877,0.3397083247189886,METABRIC
cgp-37849,1.385527818420726,0.11486922063763712,0.34413201296617163,METABRIC
erastin,0.583498823789188,0.11619647871726459,0.3463311796232813,METABRIC
enocitabine,1.432463535986336,0.11620195523238483,0.3463311796232813,METABRIC
halobetasol-propionate,1.190146668323415,0.11632132225080492,0.3463311796232813,METABRIC
posaconazole,0.7010569865894919,0.11693725213032884,0.3474501105391906,METABRIC
sch-900776,1.695677300663622,0.11734318738491598,0.3479417871843718,METABRIC
crizotinib,0.5462358467322417,0.11914872908381742,0.35145100814007874,METABRIC
nicotine,1.4203700167891327,0.11924560091976043,0.35145100814007874,METABRIC
mk-2461,0.8148049999358244,0.11925531789687538,0.35145100814007874,METABRIC
sparfloxacin,1.7502223168546134,0.12002950716396535,0.3528383247376613,METABRIC
crenolanib,0.4518575066381357,0.12021374851117278,0.3528383247376613,METABRIC
dioscin,0.5830595240010437,0.1206811462983354,0.35349315525038727,METABRIC
cp-724714,2.4977224140008345,0.12153991526964569,0.35460173978790654,METABRIC
ly364947,1.2989391225552567,0.12154973250504605,0.35460173978790654,METABRIC
cnx-2006,1.501918023876584,0.12213796605368918,0.3553970863061928,METABRIC
triapine,1.6353427364473498,0.12231357911574568,0.3553970863061928,METABRIC
y-39983,0.7660586090277416,0.12401830531324494,0.3596282320406121,METABRIC
diaveridine,0.7526522757895121,0.12468051363903677,0.36062798128797763,METABRIC
fluoromethylcholine,0.6696840703859892,0.124861519436957,0.36062798128797763,METABRIC
nsc-663284,0.5024431568001295,0.1252016487113161,0.3608900113252478,METABRIC
arcyriaflavin-a,0.7200691248654129,0.12607311878554214,0.3626795285937962,METABRIC
clofoctol,1.766965238287703,0.12647032867494498,0.3631003285568361,METABRIC
bix-02188,0.5794762018002607,0.12786144017135104,0.36636733451078207,METABRIC
ldn-212854,3.4843830354318794,0.12873832706785743,0.3681509076426674,METABRIC
altretamine,1.4653301777184935,0.12927669353083535,0.3689612929765656,METABRIC
brefeldin-a,2.703199393215253,0.1303233074684688,0.37121619273006756,METABRIC
nvp-bez235,0.6725732433918006,0.13089333616059398,0.37183835516685176,METABRIC
lomitapide,0.7350950486081377,0.1314951101538239,0.37183835516685176,METABRIC
bephenium-hydroxynaphthoate,0.6654389069603969,0.13156549977093332,0.37183835516685176,METABRIC
gsk1838705a,1.3771587106105232,0.13156961841425577,0.37183835516685176,METABRIC
pj-34,0.6870990642519141,0.13186420363211096,0.37194444962117845,METABRIC
capecitabine,0.38141004521500593,0.13223572703304026,0.3722667257136367,METABRIC
erdafitinib,1.5261338779401599,0.13266510803937323,0.3726848698691718,METABRIC
pik-75,4.139853792605006,0.13303909027582508,0.3726848698691718,METABRIC
epz-5676,0.7400729898900605,0.13352488582297783,0.3726848698691718,METABRIC
ixazomib-citrate,0.4082561759934678,0.13353613429012454,0.3726848698691718,METABRIC
sib-1757,1.2999727901667932,0.13389185259268396,0.3726848698691718,METABRIC
rs-16566,0.5982224163330573,0.13392960078228705,0.3726848698691718,METABRIC
kx2-391,0.6039641293570797,0.13527955515977305,0.3753636602524726,METABRIC
saxagliptin,1.458664372954638,0.13541107854304815,0.3753636602524726,METABRIC
tg100-115,1.4764506598020353,0.13690702748840594,0.37809116866240394,METABRIC
favipiravir,1.4849312166631605,0.1373225045079577,0.37809116866240394,METABRIC
combretastatin-a-4,0.7665465725521959,0.1377098723157716,0.37809116866240394,METABRIC
cyc116,1.3093495717222525,0.13776494778244358,0.37809116866240394,METABRIC
isoxsuprine,0.7298894151191299,0.1379217473183575,0.37809116866240394,METABRIC
cyclovalone,2.8157446570319684,0.13831940672336498,0.37809116866240394,METABRIC
4e1rcat,1.2886375958127114,0.1385127678542417,0.37809116866240394,METABRIC
mitomycin-c,0.5172008301815832,0.13854250442645502,0.37809116866240394,METABRIC
pindolol,0.737232376772914,0.13907009923685246,0.37809116866240394,METABRIC
pf-04691502,0.4012566969127089,0.1392420052161385,0.37809116866240394,METABRIC
adl5859,1.2405356803889973,0.1394561759685559,0.37809116866240394,METABRIC
onx-0914,0.3312871839166098,0.13953053494521334,0.37809116866240394,METABRIC
rociletinib,2.1702329809667003,0.13984810488169208,0.3782433789977728,METABRIC
oltipraz,0.32224929728816176,0.14146699896874612,0.37992065707384187,METABRIC
tilmicosin,1.5815644846165031,0.14178171312944904,0.37992065707384187,METABRIC
cct129202,1.5122605783987395,0.1418473928122807,0.37992065707384187,METABRIC
bx-912,0.5746855518244671,0.14200027561190834,0.37992065707384187,METABRIC
cgs-20625,0.7216232054849029,0.14208644255344394,0.37992065707384187,METABRIC
gsk650394,1.4259237137001,0.14224579212084779,0.37992065707384187,METABRIC
azd5438,0.25286895031135287,0.14252570343530788,0.37992065707384187,METABRIC
snx-5422,0.4245997862638091,0.1425886459545586,0.37992065707384187,METABRIC
cidofovir,1.4506532478722203,0.14283126292202486,0.37992065707384187,METABRIC
ifosfamide,0.6752581538269752,0.14362207544703848,0.3813231984804857,METABRIC
ritodrine,0.6752735841160838,0.14505419148880316,0.3842219732478971,METABRIC
pd-173074,1.3191803934927813,0.14524493390919124,0.3842219732478971,METABRIC
volasertib,0.7288455438067871,0.145589823867087,0.38443152397020963,METABRIC
neratinib,1.937215101969192,0.14633531709292813,0.3856961818460237,METABRIC
cgp-52411,1.5173126499922256,0.1478011456626034,0.38858788238541914,METABRIC
gambogic-acid,2.564075045955389,0.14796953918062608,0.38858788238541914,METABRIC
epiandrosterone,1.3441306496535628,0.14967295913118456,0.392349224389174,METABRIC
scs,0.7971754365710649,0.15007424227493615,0.3926897442528619,METABRIC
linsitinib,2.098457036010704,0.1505971759166821,0.39334677536360824,METABRIC
ppt,0.7411874550361995,0.15159511579767723,0.3943288237354198,METABRIC
thiram,1.6889920939312983,0.15171794666519353,0.3943288237354198,METABRIC
cetylpyridinium,0.5184492067892261,0.15192676139606937,0.3943288237354198,METABRIC
oxyquinoline,2.0181431641926655,0.15206322297468156,0.3943288237354198,METABRIC
emd-53998,0.7733860254042845,0.15302086658683348,0.3961023147605511,METABRIC
alisertib,0.7912681157530608,0.15340771645669865,0.39624138326457226,METABRIC
prazosin,1.6782850414795505,0.153622264002367,0.39624138326457226,METABRIC
embelin,1.331534044485095,0.15463239441367685,0.39803511798509256,METABRIC
penfluridol,0.4046104158200634,0.15506555744732367,0.39803511798509256,METABRIC
e7449,1.282183203510296,0.1553094351796468,0.39803511798509256,METABRIC
morin,1.3120595193176297,0.15541799700178113,0.39803511798509256,METABRIC
cx-4945,0.8091344292441672,0.15598442993368275,0.3987799825336377,METABRIC
caffeic-acid-phenethyl-ester,1.271491493263872,0.15639737383775076,0.39913051136371314,METABRIC
cd-437,2.1055617465567167,0.158039464766876,0.40261110126350275,METABRIC
jq1-(+),0.8211926929514772,0.1593246615632919,0.40517185462580557,METABRIC
fenofibrate,1.3352178288665286,0.1598425465632308,0.4053104328420918,METABRIC
su3327,1.7324209088967384,0.15993936223416338,0.4053104328420918,METABRIC
cid-5458317,0.3099311593437971,0.1615584041713623,0.4079578502001826,METABRIC
fluticasone-propionate,1.3024994459533856,0.16161153077651458,0.4079578502001826,METABRIC
amg-208,0.8133957180320067,0.1618298590289598,0.4079578502001826,METABRIC
a61603,0.7068986653705515,0.165956221478331,0.41733388583663517,METABRIC
mephenytoin,0.7830304061843824,0.16612599740283474,0.41733388583663517,METABRIC
gsk-3-inhibitor-ix,0.7849199545349612,0.16693009415649254,0.4181968461274188,METABRIC
nvp-tae226,1.9309412858738846,0.16719643863049286,0.4181968461274188,METABRIC
fr-122047,0.7269685998142067,0.16733654036473775,0.4181968461274188,METABRIC
vorinostat,0.5085523613344742,0.1704618837118706,0.42527300988116684,METABRIC
vinblastine,0.6878089860317979,0.17111332997673567,0.42608655378203564,METABRIC
erteberel,1.335020948980666,0.17148142008067188,0.42608655378203564,METABRIC
ggti-298,0.7264897572634914,0.17167136202828387,0.42608655378203564,METABRIC
prednisolone-acetate,1.2212470355258678,0.17236147381571942,0.426462871891266,METABRIC
gdc-0941,1.5971900798465093,0.17241242574733284,0.426462871891266,METABRIC
aspirin,0.7479765798523108,0.1730356170080318,0.4272739553082287,METABRIC
marimastat,0.5572219259040001,0.1738107888538997,0.4284569190316743,METABRIC
teroxirone,1.6265588117382617,0.17411401769721863,0.42847446191815536,METABRIC
quinethazone,0.7949158712721383,0.17585078653496544,0.43153460685583633,METABRIC
colforsin-daproate,1.2782424452813557,0.17595398620935968,0.43153460685583633,METABRIC
mevastatin,1.568645172860375,0.17788699666998614,0.43371186456740574,METABRIC
isometheptene-mucate,1.3661009120187295,0.17810874844577335,0.43371186456740574,METABRIC
azd4547,1.246007161312799,0.178446443234676,0.43371186456740574,METABRIC
chlorquinaldol,0.7241982383200939,0.1787084063680331,0.43371186456740574,METABRIC
benzocaine,0.7186309629874137,0.17943617073031734,0.43371186456740574,METABRIC
bardoxolone,1.6307608874732804,0.1795430598133983,0.43371186456740574,METABRIC
bf2.649,0.8295123111259883,0.17977926168439912,0.43371186456740574,METABRIC
pyrimethamine,0.6718185876891976,0.17999999677702108,0.43371186456740574,METABRIC
cabozantinib,0.7480261354768657,0.18000515083031096,0.43371186456740574,METABRIC
filgotinib,1.4885549466314845,0.1800583120888274,0.43371186456740574,METABRIC
kf-38789,0.4620595354946339,0.18013879101935787,0.43371186456740574,METABRIC
chlorhexidine,0.5747820508804699,0.1806270403118287,0.43387126018780436,METABRIC
cyt-997,1.5270824360792443,0.18110847255501283,0.43387126018780436,METABRIC
osi-420,1.4335451341082568,0.18124994202854516,0.43387126018780436,METABRIC
y-320,1.2241416792730713,0.1814043624143895,0.43387126018780436,METABRIC
bosentan,0.7944059085166518,0.18233760961591855,0.4353836982083072,METABRIC
tak-632,0.5195127278490034,0.18497663500903955,0.44095748082056047,METABRIC
kenpaullone,0.8392916581299881,0.18544813876361335,0.44135436972195485,METABRIC
vu0364770,0.6562735168994824,0.18701787458173175,0.44435938344789133,METABRIC
jnj-16259685,1.3271910228717123,0.18792192466065807,0.4457754507933971,METABRIC
inh1,0.7632399692795294,0.18854788981087264,0.4460630512229507,METABRIC
spironolactone,2.3301632278699684,0.18910378843500208,0.4460630512229507,METABRIC
naftidrofuryl,1.4002222014738708,0.18914705236656315,0.4460630512229507,METABRIC
brilliant-green,0.44783571025887753,0.1895263004423343,0.4460630512229507,METABRIC
pomalidomide,1.3086224689523702,0.18958450345688643,0.4460630512229507,METABRIC
ouabain,0.5182221476244636,0.19012088014925166,0.4465988856752714,METABRIC
radezolid,0.7126101727009033,0.19064340561429466,0.4471004990662632,METABRIC
cefpiramide,0.8288566511153084,0.19166172445794608,0.4487613516029903,METABRIC
digitoxigenin,0.518269342829995,0.19239382293446133,0.4492129449140871,METABRIC
idarubicin,0.5209477476545534,0.19267251639132738,0.4492129449140871,METABRIC
k-858,0.5946290817592699,0.19278592867425576,0.4492129449140871,METABRIC
levocetirizine,0.7441114216477497,0.19363648344236056,0.450408682369886,METABRIC
cobimetinib,0.7120618691620166,0.19392163726084244,0.450408682369886,METABRIC
gidazepam,1.674688878887931,0.1944087258798328,0.45056264891772074,METABRIC
anastrozole,0.8123455772451222,0.19464137400759612,0.45056264891772074,METABRIC
ranitidine,0.6773955197086924,0.1949977697592341,0.45056264891772074,METABRIC
equol,1.4173295816894922,0.19550713795954816,0.45056264891772074,METABRIC
chir-98014,0.7519530038321814,0.19554481238447036,0.45056264891772074,METABRIC
taurine,1.3085328012089148,0.19601785815791276,0.45093456399761483,METABRIC
8-hydroxy-pipat,0.6881329590965094,0.1969823892658249,0.45243415439309304,METABRIC
sb-366791,1.3976524151547423,0.19770259566784354,0.4527329753923452,METABRIC
gdc-0152,1.2112778049094226,0.19773824495367115,0.4527329753923452,METABRIC
domperidone,0.7723667516891286,0.19930044694817753,0.45495197717155006,METABRIC
pyritinol,1.3191856767053942,0.19933624984572407,0.45495197717155006,METABRIC
jk-184,0.6046681337957246,0.20135574279758925,0.4588374170521443,METABRIC
nitisinone,1.3229530286296347,0.2019313353970708,0.4590873887494148,METABRIC
clindamycin-phosphate,1.3970251254830732,0.20209997694082737,0.4590873887494148,METABRIC
ginkgolide-a,1.3289020356116288,0.20292317698956824,0.4591305459846788,METABRIC
taltobulin,0.6039787685841218,0.20299716921552025,0.4591305459846788,METABRIC
methiazole,0.6909553886784033,0.20325010743785277,0.4591305459846788,METABRIC
simvastatin,0.7394215838878422,0.20338816860827857,0.4591305459846788,METABRIC
gestrinone,1.3688130155224694,0.20376145757867217,0.459256743171867,METABRIC
mocetinostat,1.4577361752005145,0.2045926402835726,0.4604129867656758,METABRIC
abt-737,1.4219245374329854,0.2054640740860676,0.4609761231186117,METABRIC
foscarnet,0.8081586320359249,0.20580493564258476,0.4609761231186117,METABRIC
anisomycin,2.1174115824083035,0.20595406739738323,0.4609761231186117,METABRIC
deferasirox,1.303457009025307,0.20611717460797635,0.4609761231186117,METABRIC
genz-644282,0.5580891633950332,0.2067770547997969,0.4617382689742378,METABRIC
azilsartan,0.6409836892325964,0.20772717648989994,0.46314518394589405,METABRIC
sonidegib,2.6517224558251633,0.2101625198682346,0.4671852520883497,METABRIC
lestaurtinib,1.436889520039248,0.21018493373152428,0.4671852520883497,METABRIC
acipimox,1.2502973859093238,0.21263510032237418,0.47190642663569854,METABRIC
letrozole,0.7455948994752379,0.21344910378700102,0.4722173355901435,METABRIC
cilostamide,0.7639294968357987,0.2136769812507829,0.4722173355901435,METABRIC
bi-d1870,0.7970248349276196,0.2137981876424929,0.4722173355901435,METABRIC
gdc-0349,0.5118281620876993,0.21415898640365488,0.4722173355901435,METABRIC
alexidine,0.4663701918504277,0.21440690358170306,0.4722173355901435,METABRIC
u-0126,0.7591381316388417,0.215741109796492,0.47443371713605464,METABRIC
gsk2126458,1.719161881003583,0.2162593367541964,0.47471894626602074,METABRIC
mechlorethamine,1.3784614623720317,0.2165269554496017,0.47471894626602074,METABRIC
levobunolol,0.7122459572170879,0.21725975023810273,0.47560492979506,METABRIC
lorlatinib,1.549537633398032,0.21784128026617777,0.47615760203196256,METABRIC
d-7193,0.7133887149736284,0.21879297204291312,0.4775164864948646,METABRIC
ag-14361,0.7289409688897619,0.220649769690415,0.48051710591595403,METABRIC
ribavirin,1.3755925688952781,0.2209231152913272,0.48051710591595403,METABRIC
gw-842166,0.7832360044073147,0.22116405842434375,0.48051710591595403,METABRIC
mk-5108,0.6080571618763584,0.22151547583910033,0.4805590607783781,METABRIC
mg-132,2.558604023062654,0.22193056898363425,0.48073882233430953,METABRIC
palmitoylethanolamide,1.3338869706517185,0.2225019413411708,0.4812560674449539,METABRIC
alectinib,0.6204177827562308,0.22306163295446113,0.48174654161956004,METABRIC
dihydroartemisinin,1.2037362765805162,0.22396766817955954,0.48269340664795224,METABRIC
vincristine,0.8374229679149685,0.22416722133201378,0.48269340664795224,METABRIC
penicillamine-(d),1.3735502034256264,0.22577716554078053,0.48470387108040053,METABRIC
pepstatin,1.4031119104729461,0.22611353318223854,0.48470387108040053,METABRIC
mtpg,0.7180271508206381,0.2266120563462928,0.48470387108040053,METABRIC
nitrocaramiphen,1.394704452362183,0.22699954188951207,0.48470387108040053,METABRIC
ly2109761,1.2563947670895779,0.22708962510066874,0.48470387108040053,METABRIC
at-7519,0.63133460859536,0.22711072881306948,0.48470387108040053,METABRIC
fg-4592,1.2350078788863355,0.2284860744510565,0.4869209863485696,METABRIC
doxifluridine,0.6843013971460502,0.22895930190494268,0.4871991283583311,METABRIC
norgestrel,0.8020115710868339,0.22947715811106462,0.4871991283583311,METABRIC
mpi-0479605,1.2679709745673748,0.2299203492810629,0.4871991283583311,METABRIC
bay-k-8644-(s)-(-),1.274850275546108,0.23019684294663628,0.4871991283583311,METABRIC
zk-93423,0.7663327562461391,0.23030007173261816,0.4871991283583311,METABRIC
ki-8751,0.7311499976832652,0.23185052910195836,0.489763088482531,METABRIC
epothilone-a,0.6060046992970252,0.2332310471248623,0.4919611154368452,METABRIC
fendiline,1.3761322039472579,0.23576195510557002,0.496575762791499,METABRIC
cytochlor,1.3636734710662426,0.23621168854649838,0.4967998740214872,METABRIC
chlorpyrifos,1.2902738304386883,0.2367279734043433,0.49716310234555117,METABRIC
acetylsalicylsalicylic-acid,0.7506143926114746,0.23748473231989833,0.4980295763288302,METABRIC
valrubicin,0.6120352885066097,0.23923969879548448,0.50035858972254,METABRIC
vismodegib,0.41175682990476287,0.23928689985348833,0.50035858972254,METABRIC
estramustine-phosphate,1.2967291369300178,0.2407809711989176,0.5027562270199621,METABRIC
emetine,0.4615857900936111,0.24323078313007762,0.5062899510208321,METABRIC
mesna,1.2183799106145343,0.24347029356263378,0.5062899510208321,METABRIC
ky02111,0.827117850629105,0.24397739290409098,0.5062899510208321,METABRIC
5-hydroxymethyl-tolterodine,0.7230729278074004,0.24416401446079572,0.5062899510208321,METABRIC
fk-866,0.6545572791161697,0.2442227960003737,0.5062899510208321,METABRIC
dcebio,0.6223642656387247,0.24477994934354178,0.5063798745375269,METABRIC
salvinorin-a,0.8000751306982828,0.2449660761411671,0.5063798745375269,METABRIC
psi-7976,0.6565874620036958,0.24558462329824807,0.5069343080065121,METABRIC
rucinol,1.310018660395076,0.24828795458241837,0.5117844305993723,METABRIC
mk-0773,1.373607551643729,0.24967276706738106,0.5135796239288165,METABRIC
lovastatin,0.7756350362778367,0.24986873202894738,0.5135796239288165,METABRIC
rifampin,1.3978333907038591,0.25077720263006786,0.5147157619939123,METABRIC
poziotinib,1.2542487106899507,0.25130191255725254,0.5150621352271167,METABRIC
aphidicolin,1.4394749071385293,0.2524636597802226,0.516711337626566,METABRIC
iobenguane,0.7966550618904107,0.2531022293147417,0.5172866183876147,METABRIC
wye-125132,0.6826819369465282,0.2551645670445367,0.5207660486790475,METABRIC
palbociclib,1.1568825859901786,0.2568011976188358,0.5228591409083131,METABRIC
rg2833,1.1955501098779922,0.25714039597329275,0.5228591409083131,METABRIC
isofloxythepin,0.8439470041448458,0.25747996479779794,0.5228591409083131,METABRIC
biib021,0.6671533626829518,0.25763549928654267,0.5228591409083131,METABRIC
piretanide,0.7968826901845014,0.25934172314846204,0.5248584870562173,METABRIC
methscopolamine,0.8134332811478794,0.2593461079787114,0.5248584870562173,METABRIC
verubulin,0.6995283553553563,0.2608747573551766,0.5272147680069003,METABRIC
oxibendazole,1.688733588336641,0.2617740397903301,0.5273807405039548,METABRIC
azd8055,0.5511276288936274,0.26198281116041083,0.5273807405039548,METABRIC
quinidine,0.7810414698224245,0.2621947786566259,0.5273807405039548,METABRIC
dacarbazine,1.8212205441302194,0.2624147430289201,0.5273807405039548,METABRIC
rs-17053,1.965137896638653,0.26321982265859106,0.5282650255020545,METABRIC
am-580,0.743000031204691,0.2636281354824094,0.5283516787299811,METABRIC
adefovir-dipivoxil,1.5552705091914083,0.2644497920702437,0.5292653514877492,METABRIC
midostaurin,0.5102945688635726,0.26565894210648394,0.5309509519724893,METABRIC
tanaproget,1.294496048584821,0.2663124788426788,0.5315229750142845,METABRIC
paricalcitol,0.797865800570688,0.2673340185662696,0.5316713080257122,METABRIC
imiquimod,3.56428474542241,0.26746463453871117,0.5316713080257122,METABRIC
phenazone,0.8051081953333565,0.26748908931770454,0.5316713080257122,METABRIC
raltitrexed,0.6705871086183206,0.2680026574171349,0.5319613789884694,METABRIC
nemonapride,0.830453722703485,0.26848625178704805,0.5321069590647046,METABRIC
gefitinib,0.733238999854783,0.2689938527082688,0.5321069590647046,METABRIC
zm-447439,0.7602440154275588,0.26917919421932535,0.5321069590647046,METABRIC
licochalcone-a,0.7201990423610214,0.2697399994205274,0.5324881025395677,METABRIC
mericitabine,1.2327972706143489,0.2712452928807154,0.5329435818963435,METABRIC
gzd824,1.263900915698674,0.27143087307236796,0.5329435818963435,METABRIC
rn-1734,0.6917171815056107,0.2721002141276646,0.5329435818963435,METABRIC
zolantidine,1.2376765920172155,0.27216085548093427,0.5329435818963435,METABRIC
fludarabine-phosphate,1.4306153595080149,0.27225544552244707,0.5329435818963435,METABRIC
ym-976,0.8407893961157966,0.2725111204147719,0.5329435818963435,METABRIC
icg-001,0.7393247126655563,0.272548894680922,0.5329435818963435,METABRIC
ercalcitriol,0.8067620865340609,0.27313239686458957,0.5330627598917039,METABRIC
bam7,0.8636343488606474,0.2733466260121937,0.5330627598917039,METABRIC
ribociclib,1.7766274697349782,0.2739083623403695,0.5334393005471261,METABRIC
dpi-201106,0.47528777955540674,0.2747348217067669,0.534276046351867,METABRIC
beta-naphthol,1.321511213558198,0.275076471687727,0.534276046351867,METABRIC
riociguat,0.8146320083795022,0.2754956165087138,0.5343728647293685,METABRIC
pilaralisib,0.7418182202473933,0.27649460267284887,0.5348270080570261,METABRIC
cudc-101,0.8223700774286283,0.2765375160311323,0.5348270080570261,METABRIC
tg-101348,0.6572493885056058,0.27683858260864724,0.5348270080570261,METABRIC
metronidazole,1.2258472959211426,0.27760960282156527,0.5356014603770732,METABRIC
gdc-0068,0.6793904202616152,0.28129451686840445,0.5412535788688142,METABRIC
hexylresorcinol,1.3075480627687903,0.2819165049741993,0.5412535788688142,METABRIC
ilomastat,0.7587325151132706,0.2819212622853321,0.5412535788688142,METABRIC
wz-4002,1.1696651382287062,0.28235502017256225,0.5412535788688142,METABRIC
axitinib,1.610886883963341,0.28329320707989364,0.5412535788688142,METABRIC
sorafenib,0.7815567054670873,0.2834209680620663,0.5412535788688142,METABRIC
genipin,0.6812705169776238,0.28368468440650546,0.5412535788688142,METABRIC
bendamustine,1.2422483780400433,0.2838236638925705,0.5412535788688142,METABRIC
metatinib,1.3176315614381042,0.28390564364991705,0.5412535788688142,METABRIC
tozasertib,0.7140750834160985,0.28443818709417357,0.5415553377964067,METABRIC
torin-2,0.43060972967140854,0.285142177008578,0.5421822997784657,METABRIC
fludarabine,1.3009215810496486,0.2863026687504081,0.5436632110348323,METABRIC
meclizine,0.6334807297794017,0.2868073336035224,0.5436632110348323,METABRIC
cycloheximide,1.3477613059473816,0.2870481639465182,0.5436632110348323,METABRIC
rubitecan,0.7504543906697142,0.29115535428531625,0.5507213041187615,METABRIC
etp-46464,0.6066684248001991,0.2925813979910054,0.5526961917662987,METABRIC
1-azakenpaullone,1.1921457168211633,0.2934822269805592,0.5530429319693437,METABRIC
acivicin,0.6781625503363841,0.2935293515911928,0.5530429319693437,METABRIC
sobetirome,0.8122920388885371,0.29504519636320065,0.5551760717003268,METABRIC
ruxolitinib,1.8905139136013525,0.2955919080454035,0.5551956275328547,METABRIC
acetazolamide,1.224372782575593,0.2958229639445964,0.5551956275328547,METABRIC
azd3463,0.6048306751909106,0.2970514050104206,0.5567789935881847,METABRIC
canrenone,1.2443082073710925,0.2987777214757611,0.5592902496447947,METABRIC
ly2334737,1.761691011999471,0.3005748551474273,0.5616778312959749,METABRIC
gimeracil,1.273605572286326,0.3008295226360612,0.5616778312959749,METABRIC
abiraterone-acetate,1.2787486508148986,0.30207543361193034,0.5632240912005415,METABRIC
buparlisib,0.5583782808725538,0.30288594686197584,0.5632240912005415,METABRIC
oncrasin-1,1.3118034176870434,0.30328577543462865,0.5632240912005415,METABRIC
adapalene,0.6792268290045146,0.304939758907946,0.5632240912005415,METABRIC
norepinephrine,0.7122478070851435,0.30500646902330797,0.5632240912005415,METABRIC
domiphen,1.2950881917597308,0.305093715532156,0.5632240912005415,METABRIC
gsk429286a,1.3274492807080636,0.30535823677188495,0.5632240912005415,METABRIC
rabeprazole,0.7559068537467961,0.30552618662535685,0.5632240912005415,METABRIC
latanoprost,1.1612882956219814,0.3056916512983393,0.5632240912005415,METABRIC
piperine,0.7192261775119586,0.30583791409891703,0.5632240912005415,METABRIC
bntx,0.5815462218079865,0.3059392782886148,0.5632240912005415,METABRIC
abiraterone,0.7985180918979509,0.3066240692701677,0.5637675072858103,METABRIC
diphemanil,0.7938269119365525,0.30784890934797415,0.565301233282384,METABRIC
mk-3207,0.781400232668121,0.3089823065588333,0.5659858165975152,METABRIC
pilocarpine,1.140460113370801,0.30900400491502217,0.5659858165975152,METABRIC
terfenadine,0.8237166730514609,0.3094832418907961,0.5661469671504198,METABRIC
palomid-529,1.2327383592251897,0.3101318639297199,0.5666171806897787,METABRIC
dimethisoquin,0.8488483242411973,0.3119613370613995,0.5686353068498765,METABRIC
carboplatin,1.2065248731233758,0.3120224144013835,0.5686353068498765,METABRIC
gw-843682x,0.7501356614154095,0.31253262397011505,0.5687455633195491,METABRIC
felbamate,1.634475238351766,0.31292987703906994,0.5687455633195491,METABRIC
brequinar,0.5645971047619128,0.3132620690847827,0.5687455633195491,METABRIC
a-674563,0.479831481331157,0.31609835827633903,0.5727996732501328,METABRIC
amg900,1.1941807538164584,0.3162867580697002,0.5727996732501328,METABRIC
pf-573228,0.8330615210244855,0.3173585196281441,0.5729759909433192,METABRIC
torcetrapib,1.2240042853303164,0.31745594801910637,0.5729759909433192,METABRIC
az-628,1.2304366658228032,0.3177475539642649,0.5729759909433192,METABRIC
pirenperone,0.6068413954197058,0.31835886491779314,0.5729759909433192,METABRIC
pf-03758309,0.804879127082152,0.3183639922034752,0.5729759909433192,METABRIC
nan-190,1.227080633976053,0.31943413132583076,0.5741878112154996,METABRIC
odanacatib,0.4920054190496806,0.32090520400935124,0.5754071551876123,METABRIC
desoxycortone,0.8729303446967956,0.32090779145570364,0.5754071551876123,METABRIC
oxaliplatin,1.261587199979378,0.32143868689671873,0.5756457672519207,METABRIC
tmc-353121,0.7081914592266888,0.3236911157361785,0.5789629721511128,METABRIC
dequalinium,0.7867111803243223,0.3244629758482086,0.5796270692004417,METABRIC
ikk-16,0.5201078775233922,0.32710678419043265,0.5833446605508936,METABRIC
alvocidib,1.4081590201083358,0.32735028636304464,0.5833446605508936,METABRIC
butylscopolamine-bromide,0.7884115621293922,0.3279219528231098,0.5835791470781193,METABRIC
bitopertin,0.7328892465968073,0.32834941518230293,0.5835791470781193,METABRIC
cyproterone-acetate,1.4125758241605093,0.3286917794531218,0.5835791470781193,METABRIC
triptolide,0.6729720875054597,0.3292334046749545,0.5838244320645333,METABRIC
oleanolic-acid,1.3307995459623267,0.33058501900422615,0.5839311607633393,METABRIC
pp-121,1.7282802407850544,0.3307019214122806,0.5839311607633393,METABRIC
chromocarb,0.843460601475164,0.33079907377013007,0.5839311607633393,METABRIC
kynurenic-acid,1.146558665262997,0.3309077759681674,0.5839311607633393,METABRIC
1-naphthyl-pp1,1.2613323570953912,0.3313875748388976,0.5840655551667294,METABRIC
smi-4a,0.8163523613102305,0.3318122574893643,0.5841025992543919,METABRIC
sb-216641,1.6210940896374975,0.332784620828891,0.5847442679332318,METABRIC
hyoscyamine,0.6904602753546212,0.3331532638971174,0.5847442679332318,METABRIC
hesperadin,1.2863720149452098,0.3333890954007714,0.5847442679332318,METABRIC
guanidine,1.213553446987592,0.3357688443400192,0.588205227312358,METABRIC
lurasidone,0.7947968982042374,0.3371348925578846,0.5895424155707135,METABRIC
jzl-184,1.2240840233501147,0.3373470076658955,0.5895424155707135,METABRIC
tipiracil,1.5217766591330188,0.3386313975202284,0.591073138976804,METABRIC
adaprev,0.7941687987324179,0.3391204847215137,0.5912136643277474,METABRIC
sid-7969543,0.836127215921941,0.3406842092223595,0.5917808418132342,METABRIC
d-64131,0.827814544940436,0.3409204253232126,0.5917808418132342,METABRIC
nonoxynol-9,0.8055512440981727,0.34226580368690995,0.5917808418132342,METABRIC
tetramethylthiuram-monosulfide,1.3232641251545227,0.3422734230227078,0.5917808418132342,METABRIC
cibenzoline,0.695240636378176,0.342886671460986,0.5917808418132342,METABRIC
cladribine,0.7433040912437151,0.3429778033349997,0.5917808418132342,METABRIC
ibutilide,1.2431340851750305,0.34306237428770886,0.5917808418132342,METABRIC
paliperidone,0.8313506282300882,0.34341865928493887,0.5917808418132342,METABRIC
fludroxycortide,1.258970268740913,0.34348701776053403,0.5917808418132342,METABRIC
tas-103,0.6924787344547787,0.3435355266918567,0.5917808418132342,METABRIC
istradefylline,0.8347357948344098,0.3445432676464435,0.5924901219050642,METABRIC
stattic,0.49860577744907963,0.34476619394890395,0.5924901219050642,METABRIC
dihydroergocristine,1.2826107070897745,0.34548317442761467,0.5930179755596185,METABRIC
cmpd-1,1.4689211064207583,0.3463611803444506,0.5935999502046819,METABRIC
levonorgestrel,1.2359741818400318,0.34768834116908265,0.5935999502046819,METABRIC
7-nitroindazole,0.8318398929805083,0.3479278370502309,0.5935999502046819,METABRIC
xbd173,1.2200176050789195,0.3480860579372934,0.5935999502046819,METABRIC
tetrandrine,0.6793758090843596,0.3482366581579581,0.5935999502046819,METABRIC
gamma-aminobutyric-acid,1.1763276633986068,0.3486719926682219,0.5935999502046819,METABRIC
cl-218872,1.3657468519434903,0.3486938200925913,0.5935999502046819,METABRIC
mesoridazine,0.796402440956592,0.3491948578330323,0.5937543587360725,METABRIC
obidoxime,0.779114623278994,0.34972986565718966,0.5939660981290533,METABRIC
lanatoside-c,0.62397711365856,0.3502422777863293,0.5941390105003734,METABRIC
clofarabine,1.372916516212167,0.35110650080310735,0.5949076190422674,METABRIC
nvp-tae684,0.7082247942692463,0.35256161819311893,0.5963310242313745,METABRIC
clenbuterol,0.8227252013182256,0.3527708063179382,0.5963310242313745,METABRIC
az3146,0.7754102749491593,0.35472423859001023,0.5980568485154062,METABRIC
trametinib,1.1786183657596168,0.35505480378750376,0.5980568485154062,METABRIC
cnx-774,1.1375574414079894,0.355168518210373,0.5980568485154062,METABRIC
sulconazole,1.4837666746081661,0.3557550440936438,0.5980568485154062,METABRIC
i-bet-762,1.5836965613601761,0.3558582906508395,0.5980568485154062,METABRIC
4-hydroxy-phenazone,1.2000046491545098,0.3562747075497842,0.5980620670818303,METABRIC
whi-p154,0.8720776427359066,0.3607031137908797,0.6040241129658073,METABRIC
temsirolimus,1.3100274794398776,0.36157335028482096,0.6040241129658073,METABRIC
bromosporine,0.8578174348894512,0.36164064573664645,0.6040241129658073,METABRIC
tacedinaline,1.8604851740647779,0.36169658982843056,0.6040241129658073,METABRIC
methyldopa,0.7619640633439402,0.361937675747973,0.6040241129658073,METABRIC
broxaldine,0.7897546110416188,0.3634743232031983,0.6040241129658073,METABRIC
ha14-1,0.6104726085492526,0.36383544911824395,0.6040241129658073,METABRIC
sevelamer,1.2822122858560245,0.36394095665296544,0.6040241129658073,METABRIC
bts-54505,0.8506255368462773,0.3641412548924784,0.6040241129658073,METABRIC
canertinib,1.3796150395860756,0.36427475229175765,0.6040241129658073,METABRIC
avanafil,0.7502916517921718,0.3644181414092258,0.6040241129658073,METABRIC
ldn-57444,1.9624596997557149,0.36597429302236284,0.6049651508534251,METABRIC
p5091,1.3325289090797428,0.36602638988619096,0.6049651508534251,METABRIC
lafutidine,1.1921011055192299,0.3662401327903251,0.6049651508534251,METABRIC
zk-93426,0.8333151445268158,0.3675591696199413,0.6064516743900286,METABRIC
bekanamycin,0.8627909264729885,0.3682405149302034,0.6068838554715311,METABRIC
paclitaxel,1.2499295797825447,0.3687083179112298,0.6069635222042657,METABRIC
tpca-1,1.2675844243662828,0.3704172417864606,0.6090838055284188,METABRIC
loxistatin-acid,1.2284410083640662,0.371267668304717,0.6097892350021856,METABRIC
mln0128,0.7710107318026824,0.37497192333005447,0.6151750261435247,METABRIC
chlorogenic-acid,0.8369605171413224,0.375998893020385,0.6154047279221554,METABRIC
pranidipine,0.8470873977372037,0.3761926416584934,0.6154047279221554,METABRIC
irinotecan,0.7651627402032999,0.37638782599247234,0.6154047279221554,METABRIC
ro-10-5824,1.218604314727966,0.37712086357307895,0.6159073245939563,METABRIC
azd1480,0.81499869152229,0.37807006788335196,0.6167614297939237,METABRIC
masitinib,1.1578185286874938,0.3788137415463708,0.6172786982180164,METABRIC
gw-583340,1.2144530751870162,0.38020224234419364,0.6188443697098405,METABRIC
sb-218078,0.7875713709298963,0.3845966086656082,0.6252935873473427,METABRIC
gossypol,2.0683669940019698,0.38526482308665855,0.6256769910285016,METABRIC
wz8040,0.6664445348606093,0.3860191520270255,0.6259938578779128,METABRIC
josamycin,1.2153126691771317,0.38641878747326286,0.6259938578779128,METABRIC
tms,0.7938523127726582,0.3867577808865612,0.6259938578779128,METABRIC
ccmi,0.8204045034516511,0.3881123686440511,0.627484466399935,METABRIC
azd7762,0.7128442026747976,0.38980980498917017,0.6295254328340728,METABRIC
cinalukast,0.7895179619868014,0.39171873495895226,0.6319030206082541,METABRIC
suxibuzone,0.8416402187222445,0.39286237946590064,0.6330421637941628,METABRIC
n-acetylmannosamine,0.8220026563609838,0.39445714711949387,0.6349048852968939,METABRIC
rg108,0.8500928740044827,0.39499355349440424,0.635061857673781,METABRIC
mercaptopurine,0.8601510595198844,0.3964940882087381,0.6367668653030455,METABRIC
tipranavir,1.2919507545951183,0.3975595968661587,0.6375336423580846,METABRIC
etomoxir,0.7939656735075438,0.3978527153070839,0.6375336423580846,METABRIC
parthenolide-(-),1.3729451509830606,0.3988442193413916,0.6377965472175522,METABRIC
trometamol,1.1737275319182083,0.39889832427911864,0.6377965472175522,METABRIC
az20,0.6873879629373847,0.3994388251023896,0.6379558277297547,METABRIC
capsaicin,1.2125976041152926,0.4008416464905963,0.6392758583198213,METABRIC
vs-4718,0.8818114115243935,0.4012265855707412,0.6392758583198213,METABRIC
onc201,0.63085258382515,0.4015907085091345,0.6392758583198213,METABRIC
p276-00,1.4225883034605253,0.4020591679031498,0.6393182592921512,METABRIC
amfenac,1.2845854710717375,0.402611658716327,0.6394940396954173,METABRIC
nadide,0.8678402890753857,0.4041853467684471,0.6412896894451129,METABRIC
nizatidine,1.2441493190096033,0.4062161584850219,0.6438058941159109,METABRIC
sb-525334,0.8489578140150563,0.40709339949223355,0.6441930764292425,METABRIC
phlorizin,1.1904656048413256,0.40796839344158553,0.6441930764292425,METABRIC
unbs-5162,1.3050865172903063,0.40828159823641785,0.6441930764292425,METABRIC
prednisolone-hemisuccinate,0.9153264019382519,0.40842157654582645,0.6441930764292425,METABRIC
cisplatin,0.8355745867510808,0.40868641614515866,0.6441930764292425,METABRIC
naltrexone,0.8058370046243994,0.41111746621876766,0.6473198842421728,METABRIC
ketoprofen,0.8579981954969258,0.4121088240254689,0.6481755090922321,METABRIC
aminoglutethimide,1.216788798739925,0.4126344468180513,0.6482975510811294,METABRIC
dvd-111,0.8330676750171205,0.413967804504878,0.6493401610265364,METABRIC
niraparib,0.6743391079902288,0.4141955553749088,0.6493401610265364,METABRIC
clopamide,1.1509701064815814,0.415293160032319,0.6503562798341619,METABRIC
almorexant,0.8195961670726284,0.4164741394004039,0.6515006267160913,METABRIC
elacridar,1.447588772387282,0.41694283750064265,0.6515294663751943,METABRIC
oxiperomide,1.260347157547224,0.4184450539268829,0.6531715135190934,METABRIC
tg-101209,0.7752446541853498,0.420470315144873,0.6556255883778354,METABRIC
nutlin-3,0.860835493241444,0.42107803478012906,0.6558664330751849,METABRIC
tandutinib,0.8338053797126629,0.42172452720558606,0.6561670869532076,METABRIC
tioxolone,0.8397719679847515,0.4226932642372092,0.6569679413010115,METABRIC
oxazepam,0.8623687938126574,0.4237000745608087,0.657826188722629,METABRIC
repaglinide,0.8034075667716161,0.42459552773166753,0.6585098913480417,METABRIC
sertindole,0.709905895298118,0.4264891363738992,0.6607385228405055,METABRIC
mexeneone,0.7775052091250656,0.4282237805690484,0.6627163748485702,METABRIC
mozavaptan,1.5761318094656107,0.4290542140116925,0.6628948171496307,METABRIC
3-deazaneplanocin-a,1.3128923265330246,0.4295887276016892,0.6628948171496307,METABRIC
pacritinib,0.4802363468130759,0.4300451723399811,0.6628948171496307,METABRIC
pf-477736,0.8026438778787051,0.43039000758456036,0.6628948171496307,METABRIC
azathioprine,0.8652699016175353,0.4306296669804097,0.6628948171496307,METABRIC
leucovorin,0.8585252183721543,0.43133338838523716,0.6632724898973839,METABRIC
sb-657510,0.8943873083254134,0.4335082308917503,0.6659091402339307,METABRIC
phenylmercuric-acetate,0.6281169017718713,0.43535613685969987,0.6680385260190729,METABRIC
icotinib,1.495339833086779,0.4362798976684179,0.6687468346675856,METABRIC
usniacin-(+),1.1484033939242169,0.4367931436848427,0.668825057049701,METABRIC
1-phenylbiguanide,0.8407665883423077,0.43782441431610286,0.6691057976712074,METABRIC
s26948,1.1095305078718898,0.43790130642338176,0.6691057976712074,METABRIC
hypericin,1.1381138878461259,0.4409387562979833,0.6730362662058881,METABRIC
7-hydroxystaurosporine,1.6552412203959566,0.4421685816892911,0.6742022525863058,METABRIC
pd-198306,0.7819442107992481,0.4433411216984633,0.6751499126683635,METABRIC
petcm,0.8509029072190408,0.443723266722608,0.6751499126683635,METABRIC
oridonin,0.7242264574809713,0.4445919940480134,0.675761150617096,METABRIC
bibu-1361,0.8494420958964374,0.4450639463790246,0.6757686573037236,METABRIC
ajmaline,0.8793990990832955,0.446358606745923,0.6769453522231612,METABRIC
thioproperazine,1.2223406028992785,0.44709097441737533,0.6769453522231612,METABRIC
mitoxantrone,0.7671092802460509,0.44724240271274507,0.6769453522231612,METABRIC
nilotinib,1.175688459376065,0.4482271247432543,0.6777269064822247,METABRIC
tg-100572,1.4245973516725179,0.4487499734114433,0.6778091978354472,METABRIC
hydrocortisone,1.2509367134081775,0.44974018921487613,0.6785965107340206,METABRIC
floxuridine,1.1738951506339568,0.4507504238353003,0.6794123575934161,METABRIC
sr-27897,0.8975647399917982,0.4530027766471678,0.6820967927247157,METABRIC
pentagastrin,0.8350108696722005,0.4535257716930612,0.6821744195840536,METABRIC
uk-383367,1.1972677601224397,0.4545101730518286,0.6829451925295908,METABRIC
clotrimazole,0.8592388994662307,0.45643320505990403,0.6849395429795938,METABRIC
octopamine,0.8671838916609682,0.45678414580187143,0.6849395429795938,METABRIC
teniposide,1.318756335256779,0.45847773105629275,0.6867673673275938,METABRIC
balapiravir,0.8860256952561618,0.45914456582897667,0.6870550018144046,METABRIC
mk-0812,0.8662344592248615,0.4601185053898975,0.6878011129123778,METABRIC
pfi-1,0.7743086027713293,0.46131834363619717,0.6888830167611737,METABRIC
nicorandil,1.2026918848794812,0.4632094665290424,0.6909939155335303,METABRIC
bendroflumethiazide,0.8763366501033838,0.4659671856464761,0.69293240618072,METABRIC
tamoxifen,1.1923598932240382,0.4660343686174626,0.69293240618072,METABRIC
vandetanib,1.4039815073163862,0.4663479901788756,0.69293240618072,METABRIC
iowh032,1.1572227523365426,0.4664244392674647,0.69293240618072,METABRIC
unc0631,1.5971003117483118,0.46709852183750955,0.6930673764694358,METABRIC
bvd-523,1.2175113160537772,0.4674732269759291,0.6930673764694358,METABRIC
cyclosporin-a,1.182327179444707,0.4684493978228025,0.6938037652503534,METABRIC
etofylline-clofibrate,1.2353790538058649,0.4699487208897706,0.6944893362499936,METABRIC
tanshinone-i,1.1989465635032766,0.4701375753161846,0.6944893362499936,METABRIC
avl-292,1.5296554427681646,0.470352142035241,0.6944893362499936,METABRIC
tezacaftor,0.8436863212192998,0.47248838107888724,0.6962266435731336,METABRIC
3'-fluorobenzylspiperone,0.8404533485913916,0.4727217160158177,0.6962266435731336,METABRIC
azalomycin-b,0.648355582976844,0.4729722119090465,0.6962266435731336,METABRIC
eprinomectin,0.8621863031425304,0.4750719425659006,0.6976538459628355,METABRIC
gtp-14564,0.8344969864846148,0.4753556513906738,0.6976538459628355,METABRIC
chloropyramine,0.7569320956170468,0.47538817700024594,0.6976538459628355,METABRIC
dicycloverine,1.1755121439271847,0.4782075089597352,0.701080309488082,METABRIC
zaleplon,1.2516299764923637,0.47941122682933635,0.7021336490101717,METABRIC
uridine,1.1620716784402942,0.48018827572733924,0.702560601595005,METABRIC
cgs-15943,0.8020889775265494,0.4820708915784445,0.7045377243996792,METABRIC
ci-844,1.19031972363876,0.48251339659991854,0.7045377243996792,METABRIC
olaparib,0.8548344649859715,0.4835653905982368,0.7046932626675414,METABRIC
pha-793887,0.8951097781852939,0.4837551611049139,0.7046932626675414,METABRIC
sb-225002,1.3776795149283807,0.4840809281904189,0.7046932626675414,METABRIC
betamethasone,1.1026813889502882,0.4871876634799114,0.7085030643773184,METABRIC
dichloroacetate,1.267801577579309,0.4889147517692032,0.7101061574158979,METABRIC
"hydroxytacrine-maleate-(r,s)",0.8850578168442852,0.4894997215272071,0.7101061574158979,METABRIC
ulipristal,1.2402276485832582,0.4898432411793545,0.7101061574158979,METABRIC
temocapril,1.1838580502485319,0.4906922290316841,0.7101061574158979,METABRIC
pha-848125,1.3189537408500351,0.4907437162514844,0.7101061574158979,METABRIC
mibampator,1.290644719127095,0.49301069413674126,0.7119684730350856,METABRIC
trequinsin,1.196813463788995,0.49379461069280084,0.7119684730350856,METABRIC
rigosertib,0.8448439718340366,0.4938891373096873,0.7119684730350856,METABRIC
pha-680632,1.4290223064638663,0.49408836656838184,0.7119684730350856,METABRIC
atiprimod,1.4212454187152759,0.49449088832084387,0.7119684730350856,METABRIC
gsk1070916,0.8556214594569612,0.4960169057913997,0.7134557283102936,METABRIC
kpt-185,0.7594843429259629,0.49672340885128186,0.7137624355588925,METABRIC
cep-32496,1.1210179387325347,0.4994763626411255,0.7170062467675681,METABRIC
eplerenone,1.2801701893199493,0.5004451949245354,0.7176850317698739,METABRIC
bosutinib,0.8927321655799402,0.5029720301476892,0.7205945818056497,METABRIC
aztreonam,1.189461597291041,0.5042576718907064,0.7207746839253557,METABRIC
sb-205384,1.1956830105679157,0.5045408202633137,0.7207746839253557,METABRIC
noretynodrel,0.8642886505928326,0.5045920904052421,0.7207746839253557,METABRIC
tetrahydropapaverine,0.869875895523797,0.5054798551682684,0.7211403410477752,METABRIC
sns-314,1.1099980495478419,0.5058448142111208,0.7211403410477752,METABRIC
captamine,1.1516427202258495,0.5098518611133322,0.7261374439281415,METABRIC
osi-930,1.178964281126767,0.5115057087482175,0.7277765590547403,METABRIC
s-methylcysteine,0.8448821711445409,0.5136456811067648,0.7293991139197971,METABRIC
ski-ii,0.8156347818038603,0.5136542481577562,0.7293991139197971,METABRIC
ciprofibrate,0.896273884854883,0.514241941817456,0.7295177351077047,METABRIC
ivermectin,0.82080180959869,0.5150672579015774,0.7299728914628624,METABRIC
i-bet151,0.9213632136069156,0.5165304940370603,0.7313303570172468,METABRIC
galeterone,0.7506593561892847,0.5176737982844561,0.7322326355010832,METABRIC
azithromycin,0.7538356853420113,0.523288308709468,0.7382741432048133,METABRIC
itraconazole,0.8634880335193683,0.5233571230099041,0.7382741432048133,METABRIC
decitabine,0.8447140799340995,0.5234756537167509,0.7382741432048133,METABRIC
ro-4987655,1.124623607043517,0.5248638548213513,0.7390227127117106,METABRIC
entinostat,1.218361622108611,0.5252733017875729,0.7390227127117106,METABRIC
oxcarbazepine,0.8864639420883242,0.5257503152805612,0.7390227127117106,METABRIC
metoxibutropate,0.8846511697193589,0.5260493393870505,0.7390227127117106,METABRIC
ambazone,1.1250410049032018,0.5339183093814228,0.7474013026250942,METABRIC
pac-1,0.8939283974058284,0.5342152469820263,0.7474013026250942,METABRIC
cb-10-277,0.8936164726265459,0.5348935263148897,0.7474013026250942,METABRIC
fph1-(brd-6125),0.8555927508357759,0.534893985329609,0.7474013026250942,METABRIC
iododexetimide,1.1589008903059643,0.5359021129087311,0.7474013026250942,METABRIC
bafetinib,0.8206004230102311,0.5359226608985159,0.7474013026250942,METABRIC
nisoxetine,1.1249895236517027,0.536138045135345,0.7474013026250942,METABRIC
palmatine-chloride,0.8941249110654141,0.5364954650438403,0.7474013026250942,METABRIC
nafcillin,0.9003878758444743,0.5366620272477353,0.7474013026250942,METABRIC
lomefloxacin,1.2568460410863853,0.5375738798310827,0.7479513501111315,METABRIC
asymmetrical-dimethylarginine,1.1538767207139957,0.5387241998352044,0.7487631470539968,METABRIC
norethindrone-acetate,0.8910855573280706,0.5391922593160088,0.7487631470539968,METABRIC
ly2090314,1.1169266197957048,0.5404917510554139,0.7498480956636472,METABRIC
carboxyamidotriazole,1.2634449116551512,0.5414855094339732,0.7503453315087143,METABRIC
dorzolamide,0.8481095556992746,0.5418872642892927,0.7503453315087143,METABRIC
gsk-j4,0.8002122992180521,0.5461378280327103,0.7553240419197509,METABRIC
bms-707035,0.9190411481044414,0.5471318781906533,0.7553240419197509,METABRIC
pralatrexate,0.8364395518734198,0.5476292275605992,0.7553240419197509,METABRIC
chidamide,1.2515411987442429,0.5485521389754808,0.7553240419197509,METABRIC
raclopride,0.870918662749493,0.5489907601407027,0.7553240419197509,METABRIC
wye-354,1.2917932319528478,0.5490630120637534,0.7553240419197509,METABRIC
ver-49009,0.7933589668568456,0.5491367602623206,0.7553240419197509,METABRIC
triclabendazole,0.8004734773800957,0.55151723404007,0.7578779085052054,METABRIC
echinomycin,0.7301464258991219,0.5523813321657001,0.7583451495671423,METABRIC
ethinyl-estradiol,0.9191427333771857,0.5557522589043564,0.76212120423576,METABRIC
dianhydrogalactitol,1.166550940230294,0.5561852050262354,0.76212120423576,METABRIC
fosbretabulin,0.7894515308390705,0.5572717509700285,0.7628876288113824,METABRIC
drospirenone,1.1645218953183127,0.5593544345931815,0.7650149970286707,METABRIC
clebopride,1.1326165536654933,0.5603243175482778,0.7656178352146913,METABRIC
sulmazole,1.0970583624243584,0.563096212974431,0.7683000133185359,METABRIC
gw-3965,1.1310190736206862,0.5634513584076888,0.7683000133185359,METABRIC
sulfanilamide,0.8674684207883951,0.5638801756353042,0.7683000133185359,METABRIC
estradiol-benzoate,0.8590927181277339,0.5652362950693389,0.7694232539655065,METABRIC
indoprofen,0.8932781442365002,0.5697679617335649,0.7743229892976516,METABRIC
fenoprofen,1.2283003603828935,0.5699060011071175,0.7743229892976516,METABRIC
imidapril,1.2532929501301808,0.5714620408800788,0.7757087928268986,METABRIC
pibenzimol,1.1099411157393222,0.5726812243502875,0.7766351749155257,METABRIC
sangivamycin,0.613042180779548,0.5735122608078613,0.7770339338848083,METABRIC
azacitidine,0.8717900177565263,0.5767741737113188,0.7804294726510956,METABRIC
nu6027,1.1626863573825743,0.5770971221400638,0.7804294726510956,METABRIC
cytarabine,1.1498073918051102,0.5780715506696683,0.7810173051531374,METABRIC
dronedarone,1.3969155932935613,0.5795102003486788,0.7822306528960246,METABRIC
foretinib,1.273674911362269,0.5811178367311023,0.7828077500609242,METABRIC
selamectin,1.1162949200135908,0.5813510312179978,0.7828077500609242,METABRIC
10-hydroxycamptothecin,0.8080885079698158,0.5815606989049713,0.7828077500609242,METABRIC
rgfp966,1.1305303727561535,0.5827392330859884,0.7829503955210334,METABRIC
azd2014,0.8212216914089977,0.5827488431072239,0.7829503955210334,METABRIC
ganetespib,0.8357216707816065,0.583303582537519,0.7829687234988776,METABRIC
cinacalcet,1.3177224737322397,0.5848311193464277,0.7842915937852465,METABRIC
valnemulin,0.8227441045193519,0.587177556495649,0.7867091891196334,METABRIC
4-iodo-6-phenylpyrimidine,0.8656037360563282,0.589246904641969,0.7883292281952992,METABRIC
"l-798,106",0.9150692533255091,0.5894763129974525,0.7883292281952992,METABRIC
ixazomib,0.8376706314535184,0.5905748537154765,0.7885357751367404,METABRIC
cp-673451,1.1057217005295468,0.590720649791449,0.7885357751367404,METABRIC
idasanutlin,1.1818433262954888,0.5956620316054881,0.7943990412287016,METABRIC
wp1130,0.7439152524102077,0.5987121860412534,0.7974474844323912,METABRIC
fulvestrant,0.900606186127655,0.5990500453199787,0.7974474844323912,METABRIC
etoposide,1.1175553834524943,0.5998714019309104,0.7978069104724517,METABRIC
resminostat,1.1068519630108034,0.6019264991553643,0.7998049993368339,METABRIC
ast-1306,0.8605456515709021,0.6043364814349117,0.8016466950378417,METABRIC
midodrine,0.9043303596075181,0.6044369805616913,0.8016466950378417,METABRIC
pheniramine,1.1356757734587035,0.6049745618392005,0.8016466950378417,METABRIC
artesunate,0.9163314228602356,0.6062378451288404,0.8025856924990229,METABRIC
way-600,0.790343567800512,0.6079656865649575,0.8041374300361,METABRIC
vu0238429,0.8378446914507456,0.6106392796375044,0.8069361074296519,METABRIC
cr8-(r),1.2703528509030864,0.6114614859597827,0.8070077734170819,METABRIC
isoetharine,1.1166929610518264,0.6118089339589072,0.8070077734170819,METABRIC
metyrapone,0.8176370869976961,0.6129529237009937,0.8077804012707996,METABRIC
as-703026,0.8739638349856411,0.6150766486900592,0.8078378591409614,METABRIC
lucitanib,0.8774351638178224,0.6151643998501799,0.8078378591409614,METABRIC
tc1,0.860399021702382,0.6160789638852718,0.8078378591409614,METABRIC
taltirelin,0.8996306563536528,0.6161772109513358,0.8078378591409614,METABRIC
peruvoside,1.300880645174544,0.6162153958211402,0.8078378591409614,METABRIC
mycophenolic-acid,1.2615307488086749,0.6163462311621433,0.8078378591409614,METABRIC
tyrphostin-ag-99,0.8121278544245738,0.6171611399247314,0.8081739090236076,METABRIC
golvatinib,1.2068532971423813,0.6181806307605245,0.8081965993844533,METABRIC
tyrphostin-ag-1478,1.1627768920710773,0.6186227591534936,0.8081965993844533,METABRIC
10-deacetylbaccatin,1.133092108150317,0.6191953083737771,0.8081965993844533,METABRIC
tak-733,0.8806526492438163,0.6194125975931989,0.8081965993844533,METABRIC
naproxen,0.8875234018324056,0.6202792734240419,0.8085982960762059,METABRIC
ipsapirone,0.8623284720922718,0.6210087271848325,0.808820547467554,METABRIC
lenalidomide,0.8668321792492809,0.6272303796609333,0.8161891720947576,METABRIC
prednisolone,1.0556643337054123,0.6280195039812658,0.8164817810070903,METABRIC
ciclesonide,1.0836855778725585,0.630406053312078,0.818848796357789,METABRIC
warfarin,1.0994844338733791,0.631692102083853,0.8197833827043365,METABRIC
formestane,1.0985177997973405,0.6331720962949902,0.8209677628484326,METABRIC
camylofine-chlorhydrate,1.1155586863209592,0.6347635530102522,0.8221334108548792,METABRIC
imiloxan,1.1159259249245133,0.6352074314690773,0.8221334108548792,METABRIC
cgm097,0.9367386748213149,0.6358335829631734,0.8222083954849971,METABRIC
bms-986020,0.9286547448854114,0.6374813317287404,0.8223107622394845,METABRIC
everolimus,0.9198340474700134,0.6375376915446789,0.8223107622394845,METABRIC
bay-11-7085,0.7889355126256711,0.6379420765426835,0.8223107622394845,METABRIC
cyproheptadine,0.878210412546199,0.63834222938591,0.8223107622394845,METABRIC
tropisetron,0.9091731377164337,0.6392862560066803,0.8223107622394845,METABRIC
clomifene,1.1503917639086236,0.6396869722156318,0.8223107622394845,METABRIC
tak-285,1.1199689409504747,0.6399402408493009,0.8223107622394845,METABRIC
doxycycline,1.127111671633172,0.6414969799825414,0.8223107622394845,METABRIC
hypoestoxide,0.8754346605256621,0.6417194369709756,0.8223107622394845,METABRIC
colfosceril-palmitate,1.1610970607256028,0.6420959682498768,0.8223107622394845,METABRIC
lenvatinib,0.7756212787902869,0.6422863331966753,0.8223107622394845,METABRIC
vatalanib,0.8974142405406399,0.6428355944723996,0.8223107622394845,METABRIC
fluorometholone,1.1089953719543912,0.6437765224762345,0.8223107622394845,METABRIC
pf-4981517,0.9207473536270773,0.6439538933327733,0.8223107622394845,METABRIC
ingenol-mebutate,0.9500095265043684,0.6444370451828442,0.8223107622394845,METABRIC
tivantinib,1.191552703426729,0.6451390313877261,0.8224812144652333,METABRIC
4-methylgenistein,0.9227900655150738,0.6457213750298152,0.8224989697782945,METABRIC
imatinib,1.2061434367026271,0.6468287203620736,0.8231848358521728,METABRIC
chlormidazole,0.8707843853544002,0.6480526769649646,0.8240177711496519,METABRIC
pha-767491,1.191000513918018,0.6508435038958928,0.8247837697195468,METABRIC
butamben,0.8939904751077152,0.6513442225554065,0.8247837697195468,METABRIC
endo-iwr-1,1.1320459412929045,0.6514382294214554,0.8247837697195468,METABRIC
daclatasvir,0.8970462292883107,0.6515227323869368,0.8247837697195468,METABRIC
delanzomib,1.2824044573885565,0.6520034899105387,0.8247837697195468,METABRIC
zolmitriptan,1.0910898710848678,0.6527531100113053,0.8247837697195468,METABRIC
sc-12267,1.1153890463391072,0.6536396937926516,0.8247837697195468,METABRIC
atenolol-(-),1.0776287853609363,0.6537043275123678,0.8247837697195468,METABRIC
azd8330,0.9105654282686526,0.6537850614155634,0.8247837697195468,METABRIC
at-9283,1.1293617225424826,0.6544771918647072,0.8249377148329541,METABRIC
nsc-23766,1.145827908284226,0.6572972696331731,0.8276876010444533,METABRIC
theophylline,0.8801370161499028,0.6578028619219912,0.8276876010444533,METABRIC
carmofur,1.2404608362724612,0.6602474919261974,0.8298700004063574,METABRIC
nsc-697923,0.7129688534213157,0.6608866480595159,0.8298700004063574,METABRIC
pi3k-in-2,1.2297185701155864,0.6612578510494334,0.8298700004063574,METABRIC
spermine,1.1386079278221675,0.6631590759214108,0.8306087843357791,METABRIC
bibr-1532,1.1329147068763783,0.6640013748774333,0.8306087843357791,METABRIC
pazopanib,0.9191928033200739,0.6650852341178976,0.8306087843357791,METABRIC
tg-02,0.775974068384192,0.6651744914863897,0.8306087843357791,METABRIC
zln005,0.9570119661894685,0.6652677468510917,0.8306087843357791,METABRIC
kd025,1.1302840435688728,0.6652906572530531,0.8306087843357791,METABRIC
d-4476,1.093193697708341,0.6676156133837015,0.8321695491617892,METABRIC
tetrahydrouridine,1.0665101475715493,0.667917534568458,0.8321695491617892,METABRIC
4-methylhistamine,0.9462669291618093,0.6686090327067082,0.8321695491617892,METABRIC
ornithine,0.9221803652825917,0.6688411787665245,0.8321695491617892,METABRIC
jtc-801,0.7773835888586998,0.6699385327259403,0.8328187773663536,METABRIC
sb-431542,1.1768850640412158,0.6707031452310348,0.8330536061367446,METABRIC
cediranib,1.1440512227853454,0.6719868480836539,0.8339322205635054,METABRIC
curcumin,0.7763093982212758,0.6727504474622013,0.8341644365705272,METABRIC
ml133,0.823248703214652,0.6741758560973001,0.8344503936606882,METABRIC
nefiracetam,0.9141255163623425,0.6744521364376728,0.8344503936606882,METABRIC
nimorazole,1.117944268863728,0.6747110992280616,0.8344503936606882,METABRIC
diazooxonorleucine,0.91066989010099,0.6774530179479475,0.8371259752098036,METABRIC
buthionine-sulfoximine,1.0924307535026798,0.6786200198098171,0.8376144114740747,METABRIC
latrepirdine,0.9075290559446675,0.6790060156593569,0.8376144114740747,METABRIC
motesanib,1.249439272074096,0.6817938605486252,0.8403370666216871,METABRIC
uric-acid,1.1036357657750213,0.6856728702360997,0.8430927362652615,METABRIC
bortezomib,1.1086898101604767,0.6857129935941444,0.8430927362652615,METABRIC
otx015,1.043311234057337,0.6859752723558169,0.8430927362652615,METABRIC
pf-04136309,1.0771996178919476,0.6863602234419336,0.8430927362652615,METABRIC
pf-03814735,1.097616311137445,0.6878536036964855,0.843684451895424,METABRIC
salvianolic-acid-b,1.118117371788983,0.6881559720097853,0.843684451895424,METABRIC
du-728,1.0909148081573268,0.6887779196104102,0.843684451895424,METABRIC
at13387,0.8802702437942032,0.689174168721763,0.843684451895424,METABRIC
forodesine,0.873072955275066,0.6918202508459974,0.8462078638834812,METABRIC
oseltamivir-phosphate,1.1007253816786724,0.6932654220101252,0.8472593459870363,METABRIC
aurora-a-inhibitor-i,0.7832529762695715,0.6950548405794466,0.8481430576929627,METABRIC
vincamine,1.0764738150769386,0.695160792276333,0.8481430576929627,METABRIC
cep-37440,1.24223202207376,0.6966347426068648,0.8488055585543298,METABRIC
arry-334543,0.8446077301407111,0.6970591978444094,0.8488055585543298,METABRIC
tryptanthrin,0.8539874904027559,0.6985743648301388,0.8488055585543298,METABRIC
enoximone,1.172142035692322,0.6987265978977125,0.8488055585543298,METABRIC
bms-387032,0.8123591861661653,0.6989319153305702,0.8488055585543298,METABRIC
ro-04-5595,0.9448269973131747,0.6992233765008715,0.8488055585543298,METABRIC
evodiamine,0.8721888941198801,0.7020237733328643,0.8514906957356703,METABRIC
digoxigenin,0.7600614613580071,0.7032269398462593,0.8522356632810194,METABRIC
methacycline,0.9112465030655975,0.7045250336434248,0.8526388167679451,METABRIC
anguidine,1.1968095758443038,0.7047380959602365,0.8526388167679451,METABRIC
tideglusib,1.0968685914997784,0.7064427417307533,0.8539871740053467,METABRIC
gw-405833,0.9329702753076281,0.7090358819016166,0.8564064450013683,METABRIC
harringtonine,0.8455486839434235,0.7112980773871578,0.8570629498378589,METABRIC
homoharringtonine,0.8955194033172768,0.7115982636910085,0.8570629498378589,METABRIC
sgi-1776,0.9434303140771946,0.7118248812527318,0.8570629498378589,METABRIC
methylphenidate,1.0946088269148873,0.7123009251176238,0.8570629498378589,METABRIC
darifenacin,0.900746845918253,0.7125409320352067,0.8570629498378589,METABRIC
sb-218795,0.9442667587497946,0.7138161015108593,0.857228912942316,METABRIC
filanesib,1.0773577876416067,0.713863745746711,0.857228912942316,METABRIC
ici-162846,1.0543627476345152,0.7152364219454008,0.8581650933291832,METABRIC
prt062070,0.9459236286111874,0.7176884808971827,0.8602957194874843,METABRIC
estramustine,1.278303399212431,0.7185470473467508,0.8602957194874843,METABRIC
bindarit,0.905752939535663,0.7187958015621068,0.8602957194874843,METABRIC
azomycin-(2-nitroimidazole),0.9177191219759131,0.7204556681790979,0.8615697122769874,METABRIC
colistin-b-sulfate,0.9504157320389331,0.7214427103576975,0.8620376563894205,METABRIC
temozolomide,1.1020999470229342,0.7222741006306956,0.8623189963800467,METABRIC
bentazepam,0.8900330142043571,0.7235995759636311,0.8625391044502272,METABRIC
bumetanide,0.9324636583882535,0.7236506377350214,0.8625391044502272,METABRIC
carboxypyridine-disulfide,1.1193526580653317,0.7264292686259346,0.865138396462327,METABRIC
hexaminolevulinate,1.1428772504315228,0.7278341355714406,0.8660986794176601,METABRIC
temoporfin,0.7339734637286635,0.7293321741874002,0.8667220533804127,METABRIC
tyrphostin-ag-494,0.9255649233159485,0.7295559509449501,0.8667220533804127,METABRIC
"2,3-dcpe",1.0955146447921467,0.7316880466758202,0.8685419225101819,METABRIC
ku-0063794,0.8792312628341679,0.7367470787705651,0.873830346705744,METABRIC
sr-57227a,1.0648967185203182,0.7385192208145972,0.8744580247484036,METABRIC
tasisulam,0.7873510916589779,0.7392512738542247,0.8744580247484036,METABRIC
teprenone,0.9100947520890994,0.7396090329533402,0.8744580247484036,METABRIC
sevoflurane,1.0628432807487225,0.7396935883151665,0.8744580247484036,METABRIC
xanomeline,1.0826807722205571,0.7408762409933398,0.8748311540987236,METABRIC
spermidine,1.1252714516678395,0.7412183793538598,0.8748311540987236,METABRIC
maytansinol-isobutyrate,0.9250296715213961,0.7439240377254486,0.877218817730411,METABRIC
jnj-7706621,1.1513378397351437,0.7444538411699687,0.877218817730411,METABRIC
berberine,1.1482821527322713,0.745386594184134,0.8774791489030002,METABRIC
betamethasone-dipropionate,1.0453533885436854,0.7464473489394496,0.8774791489030002,METABRIC
famciclovir,0.9437821757472933,0.7464940098822344,0.8774791489030002,METABRIC
tg-100713,1.1033269742102985,0.748053191760591,0.8785981886993306,METABRIC
nvp-bhg712,0.9352292620917196,0.7496584872266747,0.8795647417288421,METABRIC
piperacetazine,0.9555111030852298,0.7500918391799524,0.8795647417288421,METABRIC
oxiracetam,0.8836364479618419,0.7507812598377472,0.8796603101094901,METABRIC
oxprenolol,1.1099990271109799,0.7535547485677941,0.8821955672957914,METABRIC
nexturastat-a,1.052575226925309,0.7543696470719713,0.8824356340445776,METABRIC
cyclophosphamide,0.9209039464135949,0.7562830412071189,0.8839592573721333,METABRIC
salidroside,0.9212400333755443,0.7574287693762475,0.8845838815879178,METABRIC
ro-90-7501,0.9381223334134122,0.7586638202770833,0.8846590429661059,METABRIC
resatorvid,0.9241510075413045,0.7592007703346277,0.8846590429661059,METABRIC
cimetidine,0.902750986124777,0.7593272504242594,0.8846590429661059,METABRIC
baricitinib,0.9222097963531196,0.7619399988112296,0.886988880353861,METABRIC
hydroxyurea,0.9251509947819164,0.7626610550129858,0.8871145873020823,METABRIC
blebbistatin-(-),0.9199503058649021,0.7648727824434189,0.8889726234503029,METABRIC
enmd-2076,1.1050851306859868,0.765644284081566,0.889155119635655,METABRIC
vu0361737,1.0512207171830865,0.7686254072819787,0.8910310688521357,METABRIC
cyromazine,1.0589468820385868,0.7688469987324807,0.8910310688521357,METABRIC
orotic-acid,0.9367082436480241,0.7691069834114149,0.8910310688521357,METABRIC
prt062607,0.8514627714278517,0.7709205086339248,0.8916586998334224,METABRIC
bi-78d3,0.8127854764257084,0.7712870069667758,0.8916586998334224,METABRIC
lacitol,0.9497614387343255,0.7714973684806115,0.8916586998334224,METABRIC
skepinone-l,1.0598088802698848,0.7725339687324572,0.8917073691550859,METABRIC
abemaciclib,0.8648536388485055,0.7727719702283882,0.8917073691550859,METABRIC
at7867,1.0570209851631533,0.7753964955825359,0.8924248025182991,METABRIC
estrone,1.0632363858139118,0.7754270762442919,0.8924248025182991,METABRIC
talazoparib,0.932076521476416,0.7756176116760571,0.8924248025182991,METABRIC
finafloxacin,0.9573640337615826,0.7758606783469387,0.8924248025182991,METABRIC
bicalutamide,0.915016605669842,0.7790654184653365,0.8950906953097264,METABRIC
deflazacort,0.9522386244101971,0.7794155328889117,0.8950906953097264,METABRIC
ym-201636,1.0541164506221086,0.7809220201680673,0.8960320678020692,METABRIC
fli-06,0.9356592826430887,0.7814737177375337,0.8960320678020692,METABRIC
puromycin,1.161746681361346,0.7826425414217286,0.8963123124015988,METABRIC
mycophenolate-mofetil,0.9248521288836422,0.7833329880655571,0.8963123124015988,METABRIC
dalcetrapib,0.9436451141819635,0.7835764168541965,0.8963123124015988,METABRIC
sarafloxacin,1.0685731576718807,0.7854441625529531,0.8972296696936717,METABRIC
pf-3845,1.0451073790194794,0.7856185152051707,0.8972296696936717,METABRIC
picolinic-acid,1.0639629706049605,0.7874774901785142,0.8985643058905854,METABRIC
mk-8745,1.096368109529012,0.7884489873203979,0.8985643058905854,METABRIC
beta-lapachone,0.7732616204507547,0.7888857364732056,0.8985643058905854,METABRIC
tak-715,1.0576736504541828,0.7892710661969137,0.8985643058905854,METABRIC
trifluridine,1.0843192350244082,0.7914545388536921,0.8997621294127931,METABRIC
methylprednisolone,0.9768980440509636,0.7915668215221048,0.8997621294127931,METABRIC
inc-280,0.8807756236945724,0.7924951830742261,0.9001103060505535,METABRIC
pf-562271,1.1454697904235287,0.7932544191446904,0.900265995688131,METABRIC
tiotidine,1.042027349707924,0.7943214801666213,0.9007705186529005,METABRIC
pd-98059,1.0594848712626659,0.7976601238867536,0.9038482374817012,METABRIC
bms-599626,1.0525477547750204,0.798796687894066,0.9044278618018102,METABRIC
trolox,0.9470192735461868,0.7997516632391235,0.9048011389421514,METABRIC
carvedilol,1.0624530611736729,0.8009206999766012,0.9054158225516733,METABRIC
oxyphencyclimine,1.0605496525347782,0.8017990076970302,0.905701142964561,METABRIC
pd-407824,1.0993763163073336,0.8056671169944395,0.9093606226918518,METABRIC
pd-318088,0.9453890384216243,0.8073848074719505,0.9095394594589848,METABRIC
pf-04217903,1.050762589713048,0.8075008721032552,0.9095394594589848,METABRIC
ym-155,0.9227343126230194,0.8077112684207295,0.9095394594589848,METABRIC
pd-0325901,0.9555089710064045,0.8103386704759956,0.9117885351312329,METABRIC
niridazole,0.9480171171976803,0.8116412583283888,0.9125446004671164,METABRIC
nsc-632839,1.0812691389470515,0.8136070256902092,0.9131765708259693,METABRIC
idra-21,1.0472596788899318,0.8138391030872077,0.9131765708259693,METABRIC
barasertib-hqpa,1.0457453203580742,0.8140965973500348,0.9131765708259693,METABRIC
talmapimod,0.9515587866998433,0.8153097779230483,0.9138290074784282,METABRIC
dolutegravir,1.086895919478801,0.816390484581195,0.9143320674837377,METABRIC
atipamezole,0.9523874776512116,0.8173234945388396,0.9144644193107402,METABRIC
atorvastatin,0.9603083477902089,0.8177726044147186,0.9144644193107402,METABRIC
satraplatin,1.048082939039129,0.8202670991440177,0.9155733175481362,METABRIC
ar-12,0.9018065672504018,0.8202680773001558,0.9155733175481362,METABRIC
meloxicam,1.038454066141862,0.8206624691499189,0.9155733175481362,METABRIC
narlaprevir,0.9567165670819723,0.8214706906810922,0.9157689440797693,METABRIC
gdc-0980,0.9129043903533359,0.8228963032215033,0.9166520021258778,METABRIC
danusertib,1.0651785810642922,0.8275770040352315,0.9211568652607538,METABRIC
tioguanine,0.9484054079817474,0.8292203027685479,0.9216424439970636,METABRIC
zm-306416,1.0649837223980665,0.8292871196158789,0.9216424439970636,METABRIC
sb-200646,1.0455477429772793,0.8302751359836049,0.9220323267599971,METABRIC
repsox,0.9691312751716294,0.8328674021080367,0.9236036802529957,METABRIC
estradiol-cypionate,0.948225084911896,0.8329666915896057,0.9236036802529957,METABRIC
ots167,1.1373999137623194,0.8338486812782068,0.9238736920440775,METABRIC
maprotiline,1.0429153654648515,0.840193021480069,0.9288902460801912,METABRIC
exatecan-mesylate,1.0477401296029192,0.8402825787564266,0.9288902460801912,METABRIC
gemcitabine,1.0532055566160656,0.8403022336689497,0.9288902460801912,METABRIC
pi-103,0.9146331014079083,0.8412265292536287,0.9289408116326099,METABRIC
clofibrate,0.95701444897335,0.8416319309262967,0.9289408116326099,METABRIC
metaraminol,1.1646355841035156,0.8423450288688882,0.929019250589391,METABRIC
dichlorvos,0.9423357322635754,0.8444347957599163,0.9294474730806095,METABRIC
bifemelane,1.0480889263851247,0.8445796698044415,0.9294474730806095,METABRIC
sulfabenzamide,0.9471279015811451,0.8448730203557546,0.9294474730806095,METABRIC
bibx-1382,1.050113065537483,0.8457794557253864,0.9294474730806095,METABRIC
9-aminoacridine,1.1428279246428206,0.845944935761688,0.9294474730806095,METABRIC
doxercalciferol,1.0314903487413376,0.8476714799642806,0.9306378084281594,METABRIC
pfk-015,0.9261253769151773,0.8495464539722486,0.9319891727807761,METABRIC
vlx600,1.0253174749244731,0.852029804426116,0.9323518338477632,METABRIC
azodicarbonamide,1.0446867697419484,0.8527469841069134,0.9323518338477632,METABRIC
deforolimus,1.0472364152331024,0.8527661243196603,0.9323518338477632,METABRIC
lorazepam,0.962646760068501,0.8530846094538633,0.9323518338477632,METABRIC
linifanib,0.8905574747085958,0.8536595571343686,0.9323518338477632,METABRIC
mk-1775,0.9346411344047658,0.8537430406691682,0.9323518338477632,METABRIC
barasertib,0.9369221755748978,0.8558270405841728,0.9339228715877058,METABRIC
chloramphenicol-palmitate,0.9493815883999188,0.857069173992639,0.9344596658937441,METABRIC
trichostatin-a,0.8825330638394944,0.8590388765594232,0.9344596658937441,METABRIC
proscillaridin-a,1.119549696077105,0.85946683773878,0.9344596658937441,METABRIC
pd-168393,0.932072827437665,0.8599057579980586,0.9344596658937441,METABRIC
carbachol,0.9528025774926708,0.8606007847398358,0.9344596658937441,METABRIC
chlorpropamide,1.0422747826194962,0.8606733961172315,0.9344596658937441,METABRIC
sr-33805,1.0762611130941964,0.8608394848903669,0.9344596658937441,METABRIC
secnidazole,0.9616377802770915,0.8643282487544854,0.93754346023069,METABRIC
4-pyrimidinecarbonitrile,0.9710378073457191,0.8661046619449404,0.9384836971351488,METABRIC
tagatose,1.052457793457405,0.8664922041275458,0.9384836971351488,METABRIC
oleoylethanolamide,1.0457219084012475,0.8697422591608656,0.9412992139160601,METABRIC
nsc-3852,1.0432634536820327,0.870628246972319,0.9415538664939803,METABRIC
benzyldimethylhexadecylammonium,1.0426493595478223,0.8723248053380707,0.9419039415133875,METABRIC
rimexolone,0.9780228253597425,0.8725403261330201,0.9419039415133875,METABRIC
snx-2112,0.9126706926776083,0.8733419885434952,0.9419039415133875,METABRIC
fk-3311,0.9486940332960553,0.8739112042444032,0.9419039415133875,METABRIC
minocycline,0.9768065414440792,0.87420662989114,0.9419039415133875,METABRIC
xl388,1.0619312899364728,0.875805410628798,0.9422893084776913,METABRIC
ferb-033,0.9499168057028904,0.8759044053188726,0.9422893084776913,METABRIC
cromakalim,1.0369660273845978,0.8774004439235282,0.9422893084776913,METABRIC
famotidine,0.9758204600941845,0.877443461197929,0.9422893084776913,METABRIC
sn-38,1.0377045032193726,0.8778203094871652,0.9422893084776913,METABRIC
diclazuril,0.9523231555591976,0.8787113743648265,0.9425465965203143,METABRIC
creatine,0.976437648376561,0.8814453170247327,0.9446731814944972,METABRIC
darapladib,0.9278159283532136,0.8819996324803494,0.9446731814944972,METABRIC
ly303511,0.9709807707541385,0.8835298208294814,0.9456121677072927,METABRIC
chir-99021,0.9791289837620668,0.8854266092947413,0.9458845717067376,METABRIC
methotrexate,1.0453307686248345,0.8856884084935294,0.9458845717067376,METABRIC
ro-9187,0.9561343415355416,0.8857454005961503,0.9458845717067376,METABRIC
chir-124,1.0451877517453125,0.8884861706613698,0.9481117175125385,METABRIC
ryuvidine,1.1128810864215792,0.8891922605530036,0.9481659550627827,METABRIC
lappaconite,0.9260493427597516,0.8904396887341961,0.9487969290120631,METABRIC
protirelin,1.0350057165115454,0.8917215688294239,0.9494636571715794,METABRIC
pterostilbene,0.9681446399052102,0.8929280726014307,0.9500492066575517,METABRIC
cinnarazine,0.9690244417645617,0.8951917469041494,0.9517578675755358,METABRIC
digitoxin,0.9722378217371811,0.896825392470537,0.9527946717363194,METABRIC
ptc-209,0.9699945194830284,0.8984897198417612,0.9538625272274605,METABRIC
pitavastatin,1.027528747166167,0.8999603328373306,0.9547233149674613,METABRIC
vanoxerine,1.064853286434973,0.9012442232090652,0.9553849018194266,METABRIC
nitarsone,1.0299990381875777,0.9051398921860275,0.9582567684592425,METABRIC
xylazine,1.0268986751019602,0.9056907963027687,0.9582567684592425,METABRIC
tiagabine,0.980632757666764,0.9066568665701235,0.9582567684592425,METABRIC
pd-184352,1.0244067147519398,0.9069404577121247,0.9582567684592425,METABRIC
benzethonium,1.0327358176660943,0.9072645285343208,0.9582567684592425,METABRIC
voreloxin,1.0401527125297314,0.9083965584406859,0.9587526039851731,METABRIC
nvp-bvu972,0.97718457355445,0.9103530087623856,0.9588770802217614,METABRIC
rs-504393,1.031577151830174,0.9106610813295273,0.9588770802217614,METABRIC
cyclovirobuxin-d,1.036133319506096,0.9116972821968896,0.9588770802217614,METABRIC
idronoxil,1.038085939292793,0.9118839798001299,0.9588770802217614,METABRIC
naftifine,0.9779256746496612,0.9120194976187492,0.9588770802217614,METABRIC
aeg3482,0.9732921386781944,0.9124904903008746,0.9588770802217614,METABRIC
atenolol-(+/-),0.9746804540980175,0.9139014959078302,0.9590181481221264,METABRIC
remoxipride,0.9723324574626856,0.9139502600279283,0.9590181481221264,METABRIC
2'-meccpa,1.0136285948898676,0.9150091887632938,0.9594335479278885,METABRIC
homosalate,0.9773542718787156,0.9160038576189278,0.9597810151879714,METABRIC
tecastemizole,0.9806304853604293,0.9178990279465469,0.9610708346155235,METABRIC
inosine,1.0400370078843502,0.9210555768546135,0.9636785391964032,METABRIC
cariporide,0.9835645865598234,0.922474310867588,0.9644655547871387,METABRIC
docetaxel,0.9797943948435766,0.9254115083565285,0.9668378719075067,METABRIC
az960,1.0298145108644874,0.9265892305431032,0.9673698532437737,METABRIC
nvp-aew541,0.9768099879573137,0.9279216167224759,0.968062422060146,METABRIC
homoquinolinic-acid,1.0127471909413202,0.9319205815791467,0.9702137552010377,METABRIC
sgi-1027,1.030741826543848,0.9320349687393473,0.9702137552010377,METABRIC
epinephrine,1.0163189579578975,0.9323104042371547,0.9702137552010377,METABRIC
lanoconazole,1.01895244321412,0.9326657453245635,0.9702137552010377,METABRIC
osi-027,1.0550639741815875,0.9348256795809107,0.9713338506748657,METABRIC
stemregenin-1,0.9868468449350587,0.9369635122783948,0.9713338506748657,METABRIC
gs-9973,0.974412279146995,0.9378703445333006,0.9713338506748657,METABRIC
oxymetazoline,1.0166602000958282,0.9379399876673125,0.9713338506748657,METABRIC
candesartan,0.9836026280420158,0.9379968338036034,0.9713338506748657,METABRIC
bisindolylmaleimide-ix,1.0706112003038473,0.9381507351338819,0.9713338506748657,METABRIC
tws-119,0.9782995188462814,0.9384414120549152,0.9713338506748657,METABRIC
isopropyl-myristate,0.9762390712496943,0.9402075479714618,0.9717886824227859,METABRIC
nms-873,1.0402309969879677,0.9402240189301315,0.9717886824227859,METABRIC
fluvastatin,1.030437578552425,0.941333063783448,0.9722341380383037,METABRIC
novobiocin,1.0188296183159893,0.9426499965201043,0.9722341380383037,METABRIC
bruceantin,0.9690459686861824,0.9426706950018936,0.9722341380383037,METABRIC
nelarabine,0.9869206864194392,0.9451433788713834,0.9740900777969315,METABRIC
ammonium-lactate,1.0112118932135261,0.9484717860918386,0.9753433794395191,METABRIC
bi-2536,1.0101258514929772,0.948649715395383,0.9753433794395191,METABRIC
sta-5326,0.9881970222949943,0.9495576330112871,0.9753433794395191,METABRIC
xilobam,1.0159852658643393,0.9508663375662815,0.9753433794395191,METABRIC
nintedanib,0.9893928936709975,0.9510250193485902,0.9753433794395191,METABRIC
mek1-2-inhibitor,0.9812904922897652,0.9510730690247912,0.9753433794395191,METABRIC
rs-67506,1.0129166380559458,0.9511745463671724,0.9753433794395191,METABRIC
sodium-tanshinone-ii-a-sulfonate,0.9874604092278152,0.9526993473465244,0.9753433794395191,METABRIC
pyrithione-zinc,0.9613797072281189,0.952938576003454,0.9753433794395191,METABRIC
fk-888,1.016576463325092,0.9532294825086784,0.9753433794395191,METABRIC
k-ras(g12c)-inhibitor-6,1.012759341186939,0.9537739335915131,0.9753433794395191,METABRIC
ly2801653,0.9733604920434847,0.9550773221763377,0.9759865008398027,METABRIC
carfilzomib,1.0199526251185007,0.9567070775541544,0.9762680515458332,METABRIC
th-302,0.9823686765816622,0.9568329119883657,0.9762680515458332,METABRIC
fr-139317,1.0155851226610202,0.9573768936721059,0.9762680515458332,METABRIC
sb-505124,0.9873522640763849,0.9591318223945162,0.9773688359189191,METABRIC
resiquimod,1.0326441516337226,0.9603139810814392,0.9778848209886296,METABRIC
toremifene,1.017496132518073,0.9612116481767571,0.9781105871390771,METABRIC
piroxicam,1.0108047792325532,0.9656160002887859,0.9808319605066269,METABRIC
benzydamine,1.0082150076367637,0.9657840220798417,0.9808319605066269,METABRIC
ly2784544,0.9887056951434419,0.9663368876295702,0.9808319605066269,METABRIC
aminopurvalanol-a,1.0081003472076464,0.9665973570714927,0.9808319605066269,METABRIC
flutamide,1.0088124176582112,0.9681055777592597,0.981446551626522,METABRIC
navarixin,1.0118970672546617,0.9685595547496015,0.981446551626522,METABRIC
nms-1286937,1.0229233211382482,0.9704516912262727,0.9822053056095364,METABRIC
avn-944,0.9844986493888499,0.9707005613752842,0.9822053056095364,METABRIC
semaxanib,0.9884422015660979,0.9713447078971988,0.9822053056095364,METABRIC
efonidipine-monoethanolate,1.009837524549477,0.9725740185695795,0.9827615955797357,METABRIC
nemorubicin,1.0171553478010258,0.9738765673482411,0.9833910627724388,METABRIC
monobenzone,1.0090010808150267,0.9755063235706599,0.9843498258066562,METABRIC
rki-1447,1.0067802168470739,0.9767350289709161,0.9849028480285126,METABRIC
sodium-glucoheptonate,1.0043192927915883,0.978750312021881,0.9862477029914081,METABRIC
dinaciclib,1.0074708184414385,0.9831775603929142,0.9900194362481188,METABRIC
nilutamide,1.0056559576883297,0.9854391843478545,0.9910686863197368,METABRIC
fluroxene,0.9966490302735099,0.985589384667658,0.9910686863197368,METABRIC
refametinib,0.9953350661048159,0.9864399352540866,0.991235129383794,METABRIC
cct137690,1.0057693687369118,0.9886367073381256,0.9921121183248889,METABRIC
pp-1,1.0022592168306046,0.9886839492912852,0.9921121183248889,METABRIC
amisulpride,0.9962726544844497,0.9897210124602518,0.9924645218503011,METABRIC
ve-821,0.998948871335342,0.9963321531550131,0.9984020953014571,METABRIC
givinostat,0.9980348894581743,0.997565439650677,0.9989461530619582,METABRIC
ribitol,1.0003544439543866,0.9990085319597414,0.999699409229423,METABRIC
pf-04457845,0.9998916563866987,0.9997306354731975,0.9997306354731975,METABRIC
