drug,n_samples,pearson_r,spearman_r,rmse
1-azakenpaullone,89,0.19230420771730533,0.19984678243105214,0.21739578570102236
1-naphthyl-pp1,90,0.0790250347013177,0.12237724821994485,0.20671791330435765
1-phenylbiguanide,75,0.05138456577581819,0.0721479374110953,0.19220187769295363
10-deacetylbaccatin,91,0.0826251908113806,0.2748208313425705,0.15155512165059637
10-hydroxycamptothecin,92,0.40892358910239207,0.40096789605906014,0.10514953362668435
12-o-tetradecanoylphorbol-13-acetate,81,0.13975062962597196,0.15320686540198736,0.36423662816788344
2'-meccpa,85,0.11996127023699837,0.1160641000586281,0.3367936410288121
"2,3-dcpe",87,0.2541514055382332,0.2739848363344754,0.19335103593677003
2-methoxyestradiol,87,0.1406008200734671,0.12159824174707287,0.06689614870960718
3'-fluorobenzylspiperone,76,0.006619303284831596,0.00330827067669173,0.20905198749310971
3-amino-benzamide,90,0.0765096761503488,0.07426364085081298,0.11620504694465833
3-deazaneplanocin-a,91,0.07607385551868706,0.11371237458193982,0.10826834296602546
4-(4-fluorobenzoyl)-1-(4-phenylbutyl)-piperidine,93,0.09275234512206446,0.08515114440034614,0.21048206333383934
4-chlorophenylguanidine,86,0.2534935045016135,0.25128543799235814,0.16504179650648748
4-hydroxy-phenazone,82,0.13071030544870416,0.10401497589273082,0.20270394391502342
4-iodo-6-phenylpyrimidine,85,0.04857248370848215,0.07439906195036154,0.1491277069591666
4-methylgenistein,86,0.04295382225514996,0.014896929100429267,0.24648744951159626
4-methylhistamine,85,0.10301166178754863,0.06961110025405512,0.29371226627568137
4-pyrimidinecarbonitrile,89,0.23227386766172003,0.16574736125297926,0.25021446849804363
4e1rcat,72,-0.06251455970628207,-0.05145025403562931,0.24974959330474647
5-fluorouracil,89,-0.03385684596580816,0.0787878787878788,0.1958449027957914
5-hydroxymethyl-tolterodine,72,0.23440289834305134,0.19207022959675868,0.17928620817717364
7-aminocephalosporanic-acid,75,0.15983609629756446,0.18972972972972973,0.202601755264043
7-hydroxystaurosporine,76,0.15855365241168357,0.17585782638414216,0.078168724628331
7-nitroindazole,80,-0.11735907518922423,-0.09322550398499765,0.2115561053838155
8-bromo-cgmp,78,0.13090043681370697,0.1708544619937025,0.14237580350734994
8-hydroxy-pipat,91,0.057365284108821524,0.029112916069437816,0.18774699244526757
9-aminoacridine,91,-0.0012991765306254286,0.02494027711419016,0.04109175718533664
a-674563,89,0.27783914396844545,0.2551923731699013,0.08065153798106778
a-803467,76,0.122975358571984,0.10012303485987696,0.22195622410944912
a61603,90,-0.030350161824909887,0.17400502119603242,0.21642918835868416
abemaciclib,90,0.25751127517219324,0.23218036898066613,0.08240851711708673
abiraterone,81,-0.07323575416406057,-0.08665311653116532,0.20531689288718782
abiraterone-acetate,80,-0.18425684681915047,-0.1739099859353024,0.1798928486623192
abt-702,91,0.02980190389811619,-0.019541328236980415,0.1753126005613138
abt-737,92,0.17064227753826292,0.141839927253672,0.1803518504320287
abt-751,93,0.4609683686117593,0.3899764256512786,0.09471943677893553
ac-264613,94,0.1825540097458828,0.19463930932341145,0.19126440205809522
acdpp,71,0.049479778245207474,0.06026156941649899,0.2084767156179916
acesulfame-potassium,87,0.04219262011521675,0.09092731646861557,0.13253039420297347
acetazolamide,78,0.12127192062449746,0.09541091819572832,0.19057803756287545
acetophenazine,81,-0.1202284494513605,-0.1239159891598916,0.21490853379684813
acetylcysteine,82,0.19220565206472218,0.20886799229438077,0.19078155508619787
acetylsalicylsalicylic-acid,89,0.00603690478340718,-0.04971058903643173,0.16311191455504567
acipimox,91,0.05583095715872875,0.04809683070552636,0.2444092100082295
acivicin,72,0.10517558425395133,0.046466010675927726,0.15943703251399843
acy-1215,91,0.0757033875567049,0.07577639751552795,0.13532987042542974
adapalene,83,0.07953484303722688,0.05734436001847109,0.112471704517158
adaprev,93,0.0006806130142478755,-0.0012831607531855209,0.18443241398834515
adarotene,24,0.21474738752956563,0.14782608695652172,0.07024373071942683
adefovir-dipivoxil,75,0.0035769121029549595,0.09257467994310098,0.11432431969528348
adl5859,80,-0.13912532998028043,-0.16476793248945149,0.27132473602630713
aee788,85,0.327712497888096,0.33980848153214777,0.2323765329290682
aeg3482,89,-0.13641788846934644,-0.12868573374191355,0.19809757761851673
afatinib,94,0.4461289206791662,0.4269817292442409,0.11627527143760555
afobazole,90,-0.06565024990476441,-0.05105980162159938,0.23180156282934036
ag-14361,83,0.1063206393449608,0.13857520675034632,0.19877291546343262
ajmaline,84,-0.12948684761898552,-0.2094158145185785,0.23560245541513306
albendazole,89,0.28531308547824435,0.27878787878787886,0.18494388536412856
alectinib,92,-0.07123618560266333,0.04301979360998004,0.10015168579928661
alexidine,94,0.05226025166508843,-0.02241809052487086,0.09245080826128856
alfacalcidol,88,0.14561615585616194,0.2143284843788525,0.20907878311643777
alisertib,92,0.24812809495929056,0.38037698626758937,0.21198266815684222
almorexant,88,-0.12348569319267261,-0.18324469021873133,0.25073130303398394
alogliptin,72,0.24322524067920498,0.28252620747314944,0.21047894073991674
alpelisib,88,0.38547571158236543,0.3616527415655349,0.06450249899235544
altretamine,34,-0.07724628276486326,0.02857142857142857,0.33721207189403885
alvespimycin,92,0.24179690140611518,0.15109772306836858,0.15963883241420693
alvocidib,90,0.16836452035203558,0.1546921305228634,0.12039902365336487
am-251,87,0.18196064385962415,0.15991105926951957,0.14289382368910558
am-404,49,-0.2228780799340982,-0.1777551020408163,0.261094800941198
am-580,75,0.06935605886609277,0.035732574679943105,0.14149781128119662
ambazone,82,-0.10662086067655724,-0.10146820343705444,0.233611909551026
amfenac,88,0.18986667980308233,0.13661019337113875,0.15790405936728583
amg-208,87,0.22117644428219255,0.1834949332944521,0.29697298274011175
amg-232,91,0.4145460695415036,0.40525561395126614,0.20792851125107056
amg458,88,0.13646839975160022,-0.01382480363495474,0.17778502716608788
amg900,90,0.4564572743819487,0.4663209449726304,0.2330811613791717
aminoglutethimide,92,-0.013979458065255915,-0.07394157267777457,0.1834853628328381
aminopurvalanol-a,92,0.14703274260348229,0.2631351817887582,0.1714153583289691
amisulpride,79,0.0534415277535482,0.11063777994157742,0.19755386273250422
ammonium-lactate,82,-0.018370472925057908,-0.010872759330002937,0.2173465999155495
amonafide,89,0.21017918988171175,0.2345760980592442,0.27635456224982197
amoxicillin,82,0.15064845534804872,0.1268053242781424,0.16418366579807897
amprolium,74,0.12145945203346489,0.15560162902628655,0.2158914124929708
amsacrine,86,0.25149964611071995,0.25945563469974997,0.09006772665023331
anagrelide,81,0.1425771497393268,0.10378669867472669,0.12838013840559087
anastrozole,67,0.16700899884139356,0.18628781227552083,0.21773638962608494
anguidine,93,0.4235845573024498,0.4081794037778639,0.07839494518220864
anisomycin,94,0.26691984351499565,0.2153162590759672,0.07585247837476268
ap1903,73,0.2519361065090001,0.2356226089102802,0.23019486458575403
ap26113,89,0.18131815591202735,0.19581205311542396,0.2449909012939866
apatinib,90,0.13827737925497136,0.08708070955261965,0.19658968027643245
aphidicolin,76,0.160077726150635,0.28978810663021193,0.08291956351025172
ar-12,89,0.26067285873853835,0.17730677562138242,0.15155748333853616
ar-42,92,0.13987475902544927,0.19619931260884976,0.06435904951276049
arctigenin,92,0.07017827481101484,0.02912935591757471,0.1755977930214502
arcyriaflavin-a,89,0.26984184972786923,0.22247191011235956,0.20280701101536378
arry-334543,86,0.5802870580977362,0.5688754766054874,0.0718932738136018
artemisinin,90,0.0907544626206858,0.14649545211342965,0.18497307048113854
artesunate,85,0.21851853949281821,0.19185069376587843,0.22606077426947552
as-1949490,86,0.32323726784046775,0.2666823906788056,0.2080418111287969
as-703026,88,0.6356546175023997,0.5910154788145233,0.18454651254800378
aspirin,85,0.12909079241276328,0.0761579050224741,0.21051483079965197
ast-1306,58,0.09114825871053778,0.2500538312467317,0.13622396771856288
astemizole,85,0.004003546767205744,0.00799296462771155,0.19414851251254903
asymmetrical-dimethylarginine,90,0.20501586987862422,0.15368975593694695,0.1522348564899054
at-7519,91,0.34212024100497346,0.269090185361623,0.09506495697514014
at-9283,76,0.4361097286998175,0.347177033492823,0.19525879020711645
at13387,87,0.29912254784807024,0.2917935561305133,0.15109790628700304
at7867,65,0.12128510068426533,0.08199300699300699,0.24610720989572504
atenolol-(+/-),83,0.10768929895666829,0.0869400948742706,0.15758179417648857
atenolol-(-),75,0.1251283173568695,0.06876244665718349,0.2975134201717371
atipamezole,89,0.07022736539570626,0.015151515151515154,0.19492787028096548
atiprimod,86,0.3038703912324492,0.28003216836364503,0.09702161402503504
atorvastatin,87,0.41071392137062657,0.439035503389954,0.22029009121471096
aurora-a-inhibitor-i,90,0.1768731429093395,0.13650301067329948,0.09344928085132312
av-412,91,0.38163974747209656,0.4015766841853799,0.06709567193958307
avanafil,84,0.009505201446127862,0.0023286423002936117,0.1486789799061515
avl-292,86,0.18291242994596385,0.15641246836355338,0.07497291881262856
avn-944,85,0.32426271104606214,0.2940203716546792,0.09878734719358874
axitinib,85,0.2977354425747382,0.1976235271457777,0.08097514686191537
az-628,93,0.5618028366282906,0.598394934262834,0.19476404357014207
az20,92,0.06912386791145408,0.18363824114174748,0.11955414276338668
az3146,88,0.3554678224410763,0.15864182311295838,0.1398188216228138
az960,90,0.2901482365338818,0.29945260731777584,0.12215569800798536
azacitidine,93,-0.027428568130107876,0.019565670871613323,0.16969107257338728
azalomycin-b,92,0.14406812028553062,0.11647118659741379,0.062188087651910855
azathioprine,86,0.06725622416189221,0.12705316288504176,0.23071159359004564
azd1480,80,0.06036640495425165,0.07517580872011252,0.18622853593686414
azd2014,88,0.1718051065670027,0.13406192134362802,0.12072686897748629
azd2461,87,0.06829820511525689,0.009167456440912734,0.22755415360040684
azd2858,87,0.12327224389666575,0.150506670554786,0.19742133929186823
azd3463,91,0.2362834682455759,0.24865424430641825,0.1282443253611836
azd4547,73,0.07203020532096308,0.11526595088238925,0.269394184168828
azd5363,92,0.11017212465466478,0.13801766256184209,0.2286294623940234
azd5438,91,0.027720328105977066,0.06579073100812231,0.09061614777098408
azd6482,94,0.21912096262134528,0.2421919589639851,0.0670016907092188
azd7762,94,0.15427648094321092,0.18498717624534913,0.1002837834357074
azd8055,91,0.10441086428658028,0.13471890428412167,0.0993224441779401
azd8330,93,0.5659840783135651,0.5799737399659812,0.18024253124685474
azd8931,88,0.49929351735225247,0.5453142730578734,0.12084886201430753
azd9668,90,0.1040376546852135,0.16187183602913938,0.23087392653164984
azilsartan,85,0.1204413423505691,3.908540160250147e-05,0.12062202598142131
azithromycin,85,0.09192293678064267,0.09239788938831346,0.10347573346476613
azodicarbonamide,90,0.11853283462140252,0.11058978474708811,0.21200853107892262
azomycin-(2-nitroimidazole),87,0.16270352869652752,0.19953342567616822,0.17325503208424237
aztreonam,86,0.1290756563771882,0.12624180385867256,0.1673261056365608
bafetinib,92,0.2941010794068564,0.3180648243761848,0.1238710725221696
baicalein,89,0.29497912165131257,0.27732379979571,0.20625384063465443
baicalin,84,-0.0007937813661739658,-0.011562273778996887,0.17875683526066463
balapiravir,90,-0.061908757990068716,-0.09783100794336749,0.22813131333783637
bam7,87,0.0674495763838761,0.042429102573449,0.33091137465412207
ban-orl-24,79,0.23395369070179786,0.19883154819863683,0.19575312703323966
barasertib,88,0.29365468901508207,0.13200401480810398,0.0922976051115374
barasertib-hqpa,91,0.23577143530722125,0.2480490523968785,0.2001220490389302
bardoxolone,56,0.1396805486925312,0.12153110047846892,0.1524964792431572
bardoxolone-methyl,90,0.2229946197282437,0.18466553346468076,0.08649145694933506
baricitinib,90,0.0018894837902206445,0.010758529859653454,0.22275554949683524
batimastat,93,0.06702366850580012,0.07461444821300771,0.0838449657274596
bay-11-7082,87,0.06096224993729439,0.09508274404024203,0.04275945132494626
bay-11-7085,91,-0.02487721788771456,-0.005924510272336359,0.1831813108835483
bay-87-2243,93,0.051261907780017296,0.08367401748679536,0.19727619804726357
bay-k-8644-(s)-(-),80,0.010072097810509037,0.009587435536802627,0.1834636539315191
beclomethasone-dipropionate,85,-0.05371584710498374,-0.030076216533124877,0.28369840351476144
bekanamycin,86,0.10348934006804048,0.1812255295061088,0.2415393917196132
belinostat,86,0.029781909033051147,0.016075553251208536,0.09577846185100654
bendamustine,90,0.013148558263568071,0.0736798781742602,0.19316520842034682
bendroflumethiazide,80,-0.03209715249347485,-0.10285982184716362,0.2168464881357953
benfotiamine,80,-0.07440416535798487,0.05173464603844351,0.21914063689033614
bentazepam,85,0.09705339860570383,0.016513582177056868,0.09825350635342935
benzethonium,75,0.35744294295588364,0.34651493598862015,0.16129770714671357
benzocaine,58,-0.078306011881755,-0.09581961918238027,0.20133716333407453
benzydamine,87,0.22122662473255353,0.24427717430925128,0.2620345677275827
benzyldimethylhexadecylammonium,89,0.10045508448568552,0.11639427987742598,0.15449697302457616
bephenium-hydroxynaphthoate,81,-0.07534304200397186,-0.03407859078590786,0.19287739001721632
berberine,94,0.11168757332612671,0.1826174908788787,0.09149735874986738
beta-lapachone,94,0.2938888925190293,0.323541523678792,0.04837157997647269
beta-naphthol,81,0.2829982461919605,0.27922312556458895,0.18316724765691358
betamethasone,80,0.22432598273122903,0.2607829348335678,0.23600315735715555
betamethasone-dipropionate,90,0.1837693185803724,0.18962834917891097,0.2801091158293533
betulinic-acid,73,-0.03436413756395691,-0.034462544736517345,0.16491454212750523
bexarotene,86,0.27025549826076917,0.20979696594796066,0.0674642028631549
bf2.649,90,0.17153715996871582,0.09389636580647816,0.3263050393100976
bgt226,89,0.19478550716528728,0.17505958461014645,0.07888881344670047
bi-2536,93,0.4461578698053746,0.42398018561069495,0.15443021027645007
bi-78d3,89,0.06914332994893738,0.04400749063670413,0.05849744843973971
bi-d1870,88,0.0870456800209154,0.06294248177239267,0.25839296020288427
bibr-1532,95,0.11380524083158075,0.14069148936170212,0.16838484379315466
bibu-1361,93,0.3484284401896661,0.41389394527170176,0.21563851589484087
bibx-1382,89,0.20480113682818338,0.2933946203609125,0.19939098582082287
bicalutamide,77,-0.11023010714921382,-0.02639465797360534,0.1757297995515278
bifemelane,90,0.04505334512016695,-0.005358686257562662,0.17699010850294503
biib021,89,0.26004860127986285,0.28247744961286414,0.1175318436553206
bindarit,77,-0.05452014222388283,-0.07405752142594246,0.18400526747507576
birinapant,92,0.2766350720166997,0.3476873757378666,0.26960830591523716
bis(maltolato)oxovanadium(iv),91,0.5382315121772112,0.5415989807294156,0.13474038226330223
bisacodyl,82,0.16178827063294446,0.17752310053221013,0.15909572235875136
bisindolylmaleimide-ix,95,0.05953814501985408,0.11835106382978722,0.05458520945999519
bitopertin,91,0.15857121423096246,0.04027711419015767,0.13059233638600345
bix-01294,95,0.2775459905591903,0.3909154535274356,0.05978536862702552
bix-02188,93,0.0267497463128957,0.13394109396914444,0.12783107890017417
blebbistatin-(-),84,0.1329906140353489,0.12489622354966083,0.17760216770267345
bms-265246,93,0.20873041969633394,0.18389484050013424,0.20848755908178757
bms-345541,91,0.1568282413570984,0.07413600891861762,0.2501173567379406
bms-387032,93,0.4043340152156727,0.3134343946763749,0.06882915587598405
bms-599626,87,0.22499281765665774,0.2034154698549245,0.22337783379407566
bms-626529,73,-0.197758877641242,-0.10283228433913366,0.12144382963233293
bms-690514,95,0.5330496077399947,0.5009877511366854,0.13087424541388276
bms-707035,67,0.21708912179259238,0.1860483677867348,0.2818799615695545
bms-754807,95,0.1348524328358587,0.3085103537223864,0.2417537021350251
bms-986020,89,0.08074408626915136,0.02116104868913858,0.2525003528637639
bnc105,94,0.5112606167550539,0.5468554708665969,0.12478498703281493
bntx,92,-0.0439369936530829,0.10720835966277761,0.12749447909511596
bortezomib,95,0.17211755588683414,0.1624300111982083,0.1365969440956885
bosentan,87,0.03162301258413966,0.06951228402711962,0.23471658948262025
bosutinib,87,0.29901036790000196,0.34284100021870667,0.2877942609059651
brefeldin-a,92,0.2650441514150091,0.27674429357458813,0.05794218975659021
brequinar,89,0.22652459113743775,0.32156290723651404,0.08247656019665982
brigatinib,95,0.21699080974041388,0.331335146051672,0.13136830076330447
brilliant-green,91,0.15124630369252137,0.18889950629081065,0.06770149049979779
brivaracetam,93,0.3616362879834777,0.4085822565724687,0.09251917951426972
bromosporine,84,0.04436347162591922,0.14058924774729167,0.26640269070032113
broxaldine,93,0.18603841007670296,0.10475664707111096,0.14933297264686116
broxyquinoline,93,0.11917763387429957,0.10259317835934469,0.12821197248531355
bruceantin,93,0.30590018896030047,0.33867983647160627,0.08775433826204714
bts-54505,58,0.1722642100115741,0.1494047802147098,0.24410312800973796
bucladesine,49,-0.16389659670000617,0.04061224489795918,0.18918417214597835
bumetanide,72,0.23991000080403535,0.28252620747314944,0.22960231852857688
buparlisib,89,0.08819474844725032,0.22616615594143688,0.10809823018963054
buphenine,81,-0.11531230729089972,-0.08644986449864499,0.35081987089210853
busulfan,84,0.2086243200210198,0.2092335729472512,0.29108508596101346
butamben,90,0.07460944516423151,0.17448244639255872,0.19857897257240748
buthionine-sulfoximine,84,0.014549443418201663,0.05981573352232459,0.22036565651985762
butylscopolamine-bromide,87,0.07768984551663809,0.08713640008748268,0.1572618936876312
bvd-523,93,0.19971532012893015,0.22700008952284323,0.21086219435427583
bvt-948,88,0.19242656825374563,0.09595512642799509,0.1418369974190674
bw-180c,79,0.03473762455537295,0.09608081791626097,0.20884815785099844
bx-912,95,0.42118737721287214,0.3661394176931691,0.10883059324236807
cabazitaxel,93,0.3041438602872691,0.3442600937005759,0.16931625252872837
cabozantinib,86,0.2917746264332018,0.23807726779565072,0.19531964190472387
caffeic-acid,83,-0.02122375511898628,0.05877167205406993,0.22735189273437467
caffeic-acid-phenethyl-ester,85,0.1844390532926956,0.15987883525503224,0.2670156707487349
calcitriol,88,-0.032656603727841446,-0.12470501215173824,0.1410103718495288
camptothecin,67,0.24302279866561372,0.3413281187644665,0.3255993236243144
camylofine-chlorhydrate,80,0.17679197840393132,0.16413502109704645,0.14304330071704144
candesartan,82,-0.027912870611727796,0.04243532395163309,0.21209764276424642
canertinib,84,0.5408534641137913,0.6128760610071297,0.10947361424074527
canrenone,82,0.19361743776943363,0.11050162710462447,0.18661396442447853
capecitabine,83,0.1391335425305583,0.07506089179571433,0.06076816455421687
capsaicin,59,0.08761539280165241,0.09456458211572182,0.23209119160718247
captamine,91,0.3145548854226802,0.26794075489727665,0.225277564304098
carbachol,53,-0.17847111272672317,-0.1582809224318658,0.2021250471567596
carboplatin,90,0.11171290387300684,0.11915051240893937,0.23750744959600745
carboxyamidotriazole,91,0.2527034314476813,0.289902850772416,0.1401899755789044
carboxypyridine-disulfide,90,0.17637377423954503,0.23495081697328887,0.09664460815029284
carfilzomib,90,0.3681164558127035,0.3403300819031156,0.10136826372129432
cariporide,86,0.2763814696837465,0.29155148827774896,0.2588024456091603
carmofur,84,0.2744402444181929,0.3242274571132714,0.0942828865202056
carmustine,93,0.05133027887638947,0.06097997672406074,0.2556952179003356
carvedilol,89,0.3909430402412642,0.24894450119169226,0.1512508407308255
cb-10-277,86,-0.021735074582685972,-0.059974527100334914,0.31092102268335786
ccg-50014,91,0.07386781230389046,0.21508201942984556,0.09161158219367263
ccmi,92,0.08587345784075234,0.10728542145091935,0.1918423948791495
cct128930,92,0.20623575578160763,0.2504045743877441,0.1921898850604142
cct129202,89,0.22463332996328422,0.20726932243786178,0.14247459380211525
cct137690,94,0.23416872972582045,0.23756818263916485,0.11735917291522514
cd-437,94,0.17318247649210414,0.14374887114835821,0.07426668157285117
cebranopadol,84,0.18951725581316212,0.19807633896932267,0.24113870622870054
cediranib,93,0.2834820235680197,0.43224612813702956,0.11775764804855099
cefdinir,89,0.2802675755381809,0.24725910793326528,0.2041323453536155
cefditoren-pivoxil,92,0.06597680389170184,0.15235115515620426,0.18437743838176057
cefpiramide,83,0.004834669383019675,-0.047940892489819906,0.36713678338993944
cep-32496,86,0.3536375157898481,0.32381716118684845,0.23398749098187038
cep-33779,79,-0.03123688540419218,-0.07093476144109057,0.20900365962740336
cep-37440,90,-0.0633715296252415,0.11352018767749104,0.09335271436220774
cephalomannine,93,0.40268584196429597,0.4107308048103607,0.12426915349084625
cetrimonium,91,0.16441619238484753,0.20318522057652494,0.08580854600938878
cetylpyridinium,90,0.09318069366446755,0.20120179446022143,0.09805840303335238
cgm097,83,0.4139275634955205,0.3767683976323412,0.3422842323114193
cgp-37849,82,-0.03380901377047921,-0.05279655206190616,0.20198491714762007
cgp-52411,91,0.10470840514445309,0.14760312151616503,0.1601720105083697
cgp-54626,49,-0.15690643078858788,-0.13683673469387753,0.19966303037888802
cgs-15943,89,0.5334021489703634,0.5813074565883556,0.14135773159029114
cgs-20625,93,0.21585874888875228,0.07214049118199993,0.1850522825827762
ch5132799,76,0.28758030841705295,0.2898154477101845,0.07663737065193565
chicago-sky-blue-6b,79,-0.0325415572083233,-0.0010223953261927947,0.18555123353128564
chidamide,89,0.16930926572050353,0.12728975144705484,0.09624207007610174
chir-124,89,0.24833500425272403,0.23377596186584956,0.12793503005951073
chir-98014,86,0.022981418998138728,0.005104014340299071,0.2236263643126688
chir-99021,89,0.056719468721322844,0.09417773237997959,0.31328090872627984
chlorambucil,83,-0.02999447085156876,-0.050732546912388224,0.1564526804324031
chloramphenicol-palmitate,56,-0.1619708161796356,-0.12576896787423103,0.1740474088089773
chlorhexidine,86,0.05836687068250483,0.21479315062031223,0.12540676066727718
chlorindanol,88,0.1418707940118015,0.175319643549012,0.17875419391490496
chlormidazole,93,0.07367961001864645,0.07697472471725701,0.12533171276440988
chlorogenic-acid,89,-0.10946912004601718,-0.1679434797412326,0.21435634951980437
chloropyramine,33,0.02877217628079757,0.12466577540106953,0.12184061833001211
chloroxine,91,0.1349453953475196,0.01447682752030578,0.11744029869651598
chlorpropamide,91,0.06268081891786174,0.008377130116260552,0.21910576629904802
chlorpyrifos,85,-0.023396460048625854,-0.0292358803986711,0.1869237487985751
chlorquinaldol,90,-0.04616691599377291,0.08551673046055068,0.1926783307736384
cholecalciferol,91,0.13502900749187072,0.3058926580665711,0.1926991364212399
chromocarb,87,-0.09681177768513154,0.021943573667711595,0.26482513742965674
ci-844,75,0.006636692122272858,-0.030042674253200567,0.20792394701924155
cibenzoline,88,0.07044659801936541,0.023493360572012262,0.10945195748836126
ciclesonide,86,0.27527003345535916,0.35210151422236896,0.28964590559087494
ciclopirox,91,0.139671184102242,-0.0037426341774167864,0.16674004340213067
cid-5458317,95,0.15364820983066915,0.3393057110862262,0.08931892828238011
cidofovir,82,0.05379104955292268,0.15801961232463732,0.17990764298750372
cilostamide,89,0.028470423549788702,0.027391896493020096,0.18571471119809363
cimetidine,83,-0.0663349444998816,-0.05106838503841148,0.16516901833211253
cinacalcet,87,0.18569080593074416,0.1814070806489029,0.05655400962218047
cinalukast,83,0.10895935904220112,0.06532051551152344,0.16132853647489395
cinnarazine,82,0.18282469351656624,0.11589991401922052,0.16710576481366024
cinromide,80,0.08759193094680003,0.09835911861228316,0.15565578663138238
ciprofibrate,84,0.11096593098024757,0.13749114103472715,0.23302112579308246
cisplatin,92,0.14931640900114335,0.03857713114375106,0.21791992416678774
cl-218872,87,0.14349005004188026,0.17077349274622727,0.14898656457750592
cladribine,62,-0.015313033344678555,0.05995819798040845,0.1337146760857177
clebopride,56,-0.15253607812132092,-0.02966507177033493,0.2179345838589552
clenbuterol,84,0.2305688967325662,0.1842462286119267,0.17389233094060724
clindamycin-phosphate,81,0.14970052991698055,0.14299909665763325,0.15533423986612963
clobetasol-propionate,84,0.3103825277647298,0.3730079983800749,0.3065804009129706
clobutinol,69,0.1615784816371566,0.18586043112897335,0.32881516297162006
clocortolone-pivalate,43,0.46672655870851887,0.4398973119903352,0.15656004774225238
clofarabine,91,0.23435630281636807,0.37133301481127573,0.11097221233967412
clofazimine,90,0.21876145053531768,0.23447339177676255,0.1791663583967191
clofibrate,72,-0.055083172094624086,-0.10148562608527882,0.19342806997126552
clofoctol,86,-0.028405478482744013,0.007443747346572951,0.10941019734928721
clomifene,92,0.1344809492466221,0.1707380978068215,0.15231328023566815
clonazepam,93,0.2567825161054079,0.19259347676882213,0.08773139642224496
clopamide,86,0.05032676198674986,-0.0020472663804896453,0.23176720093546324
clotrimazole,90,-0.05343254900713389,-0.03919002345968638,0.2250892387637764
cmpd-1,94,0.2528117475674382,0.23581981721634215,0.12717227551433805
cnx-2006,87,0.1904803244027104,0.18549974484216664,0.19524011935044708
cnx-774,87,0.11839284469331197,0.2764635124298315,0.24418032805946016
cobicistat,86,0.17554463913803242,0.09184395490353317,0.20433711698024956
cobimetinib,86,0.6637094743341034,0.5837019122731927,0.15103679962487263
colchicine,87,0.19584963636322902,0.2810199023110009,0.15407589582604242
colforsin-daproate,87,0.18844590697533578,0.15694029306699714,0.21770591028815303
colfosceril-palmitate,81,0.2728735473480375,0.12669376693766937,0.16617521241970484
colistin-b-sulfate,66,-0.06986644149357206,-0.10840204571547857,0.3153596593207803
combretastatin-a-4,93,0.18427011672039892,0.30463131509056723,0.21075766725199285
costunolide,87,-0.016943776778682754,-0.0541299117882919,0.2207040478697509
cp-673451,91,0.31924776978325314,0.4161809205287466,0.33081222655966086
cp-724714,79,0.2847832629800555,0.1965811843217772,0.06315476717668475
"cp-945,598",91,0.19395995208445035,0.15196687370600415,0.14970850118548054
cpi-1189,90,0.23380282391390994,0.20721076676132855,0.18776154781654653
cpp,91,-0.024036674575852512,0.015368689281732762,0.18950142869684147
cr8-(r),95,0.08981436676073905,0.044834826427771556,0.06792530307777282
creatine,83,-0.10170913771689383,-0.03444439780026027,0.2491704617987757
crenolanib,95,0.28937775320504294,0.28986562150055994,0.07692431567361502
crizotinib,94,0.026372424795977296,-0.0315048054709203,0.11301921908050479
crizotinib-(s),88,0.18534611883216767,0.1480574830051777,0.04076675144521049
cromakalim,45,-0.17263414756264936,-0.21436100131752303,0.23717877127332382
crystal-violet,84,0.09703494957607305,0.09112078566366308,0.15335573461291
cs-110266,82,0.10508282625825141,0.12972214059489995,0.20339035477621886
cudc-101,36,0.057924255492432325,0.25045045045045045,0.20565498984441916
cudc-907,93,0.11053495658138547,0.1795679030766017,0.06977250661406574
curcumin,91,0.1794009262295044,0.1662207357859532,0.053352680163454284
cx-4945,74,0.0015390223826068873,-0.019533506108848568,0.25748187475604833
cx-5461,93,0.05128866140946882,0.1161111276894154,0.13091414847246982
cyc116,88,0.11366944332062971,0.08495650029939067,0.23011196876706103
cyclocytidine,92,0.19584661150884125,0.24383891003806848,0.16451975846110123
cycloheximide,90,0.24585209430649216,0.3915462814339219,0.12962525733219638
cyclophosphamide,59,-0.22959755359917905,-0.22267679719462308,0.17548096898110818
cyclosporin-a,81,0.004958211591930586,0.05853658536585365,0.18287194374198934
cyclosporine,87,-0.02481394237124587,-0.044452139680688195,0.12578340729700607
cyclovalone,91,0.22909828073378388,0.27464564421086163,0.050092535459991934
cyclovirobuxin-d,81,0.27483405647446457,0.2458446251129178,0.1509877045496742
cyproheptadine,90,0.13353952849009107,0.14188582952627896,0.15601810004607222
cyproterone-acetate,72,0.03280404801792844,0.08627841918472029,0.11898818147499972
cyromazine,82,-0.002788118244979684,-0.01468203437054451,0.18984073237400778
cyt-997,92,0.5182005813304915,0.5782870705731855,0.1650533664576934
cyt387,84,0.09419634956821785,0.10233981962258928,0.06412453574956731
cytarabine,80,-0.154606342646257,-0.10897796530707923,0.14780370759882486
cytochalasin-b,94,0.14932305718566935,0.11772568002022901,0.11770113430422671
cytochlor,92,0.23809108748085406,0.3952344990213153,0.19382225066227723
d-4476,78,-0.027357906142469073,-0.046902464623983606,0.18359579375345395
d-64131,76,0.16778615068912617,0.2324812030075188,0.14378914507590623
d-7193,93,0.2554674356772288,0.24958968696845807,0.15296805159868734
d-serine,67,-0.06305868039019537,-0.03687445127304654,0.20236538006574611
dabrafenib,93,0.2871045071765315,0.28434087443020306,0.33562226151686014
dacarbazine,89,0.04001385688034019,-0.02570760234672544,0.09367449067427452
dacinostat,91,0.1624547171289555,0.21350533524446566,0.06448283102579917
daclatasvir,80,-0.2150336710911222,-0.0924285044538209,0.2367953290905692
dacomitinib,88,0.5038796538775665,0.4660357735362445,0.12017770780615626
dalcetrapib,83,0.09080363712631599,0.04072037278031988,0.16097610331331497
danazol,85,0.3830669228518615,0.33631033808872385,0.23385494527980752
danusertib,94,0.38505467749968847,0.3448975905790558,0.13769094389178324
dapivirine,89,-0.09663348167923289,-0.07003745318352061,0.09088841695877423
darapladib,89,-0.038426995844920264,-0.17194416070820567,0.11957296928718862
darifenacin,90,0.059214326909795924,-0.01113717742931226,0.2133662373683861
dasatinib,89,0.5595872455399896,0.5391166793505755,0.159205953723909
daunorubicin,93,0.15539856024929552,0.25065664348418604,0.17361868616062823
dcebio,87,0.20995882199753807,0.34460887949260044,0.13013230425909042
decitabine,93,0.024983242294997935,0.030291380064568187,0.13402274261257383
defactinib,73,-0.11839821610049145,0.046248303097618175,0.1984501672748543
deferasirox,90,0.2538558740136995,0.2356257974235502,0.25331270789995486
deflazacort,87,0.28180390482082285,0.23644018371363998,0.22212081973249373
deforolimus,92,0.3386406467017973,0.20177858607031118,0.2464275909335261
dehydrocholate-acid,77,-0.04693021830781258,-0.0014722119985277878,0.19856258547079828
delanzomib,95,0.11660158754738269,0.2037653975363942,0.06568140570300772
demecarium,81,-0.017649182782709077,0.004290876242095754,0.1865398445572656
deoxycorticosterone-acetate,91,-0.020847541619984415,0.10609969740404523,0.18659183329321877
dequalinium,89,0.13507435614907906,0.022284644194756557,0.16650919290131952
desonide,87,0.3304178547951589,0.25100240577385724,0.21448013202535282
desoxycortone,85,0.2725580349012335,0.28364275942935313,0.2988100221017239
dexamethasone-acetate,68,0.1349665872070146,0.17960071763942434,0.27515005680379745
dexrazoxane,80,0.0875739698062726,0.2593999062353493,0.06801188828531315
dianhydrogalactitol,95,0.1195289238938152,-0.01455767077267637,0.14015417482620374
diaveridine,86,0.13029006476580077,0.10124062455776216,0.220170929721272
diazooxonorleucine,87,0.05485916585211681,0.050922213311948676,0.16649991490816562
dichlorisone-acetate,73,0.26471472260351436,0.25746637048006915,0.26177855922685206
dichloroacetate,92,-0.007971617978716905,0.02584317450445269,0.10782848518529592
dichlorvos,94,0.13590919203457136,0.22485279774590905,0.10591139573325176
diclazuril,91,0.28237324626524757,0.3239847109412327,0.07862118166849773
dicycloverine,83,0.1485838134434661,0.15112715671046556,0.17010070217334872
dienogest,87,0.23303673127686644,0.3133520449077786,0.18957255861030997
difluprednate,90,0.186932325027414,0.20595958348767338,0.2443720470243168
digitoxigenin,95,0.42993099504003063,0.4344064949608063,0.05877913769303247
digitoxin,62,-0.0011623706763755036,0.1150562816348115,0.15386430884507027
digoxigenin,90,0.013589186510554373,0.13365436062065275,0.09952563861407814
digoxin,91,0.44333701650966495,0.4341933428889951,0.055899500347045994
dihydroartemisinin,85,0.451726648218013,0.39960914598397496,0.256203952690138
dihydroergocristine,78,-0.07010726497806778,-0.07618963315165847,0.1797789574028518
dihydromyricetin,89,0.2598675347941654,0.2515151515151516,0.22757213398000148
dimethisoquin,71,-0.04612055722654198,-0.10204560697518443,0.2688048069953318
dinaciclib,91,0.4684239186167058,0.3865265169612996,0.10770297014707429
dioscin,88,-0.03155006225703074,-0.02592370821739284,0.1429437283600376
diphemanil,82,-0.11558827868511666,-0.05233943905704118,0.1697847942834558
diphenyleneiodonium,90,0.162890873811703,0.18799851833559694,0.10547901322741123
dirithromycin,85,0.18309638319212232,0.22479968731678718,0.23603310905430383
disulfiram,94,0.22036398614865388,0.2333923346458115,0.063386906000823
dmh1,84,-0.03736292933309844,-0.028834666396679153,0.19273977523888505
docetaxel,95,0.3627221477557067,0.3672242536037567,0.19343598722329586
dofetilide,88,0.2075668699896227,0.16408368849283225,0.21432830982204007
dolastatin-10,89,0.49006487523316,0.5126659856996936,0.13266212417838888
dolutegravir,74,-0.012526858697523551,0.02575342465753424,0.08873481822029243
domiphen,89,0.010117470951014045,0.006877766428328227,0.22716730766118076
domperidone,86,0.3466616112926657,0.3536676258314071,0.25210916128426747
dorzolamide,69,-0.0038999474022623007,-0.03470953598830837,0.15962083243222203
dovitinib,92,0.00025578399012465836,-0.01702199269340668,0.10589153466539122
doxercalciferol,74,-0.30399087941137043,-0.3174676045908922,0.2683760543146174
doxifluridine,82,0.042418494168443316,0.10540808219327175,0.15260774422237422
doxorubicin,90,0.14823630163407342,0.17678725768613407,0.07765454727186459
doxycycline,94,0.08135313879731229,-0.02079976881118376,0.14873344526380666
dpi-201106,92,0.09333735826578023,0.08048333153522494,0.07091027664343401
dronedarone,90,0.014515505258532653,0.21552455035601104,0.07745277581436091
drospirenone,87,0.12967242495516604,0.1792301523656776,0.16313711865793531
du-728,85,0.08234011213664394,0.08233339847566934,0.21033787337500487
dvd-111,81,0.12810764534687186,0.13154923215898826,0.18066264641429242
e7449,87,0.10979733904233678,0.0917110155281767,0.21946371338928383
ebastine,88,0.03454137296297041,-0.012750519530837237,0.18786172861533515
ecamsule-triethanolamine,84,-0.1459883346157155,-0.08344639060443454,0.23400016577740207
echinomycin,91,0.39808657950762644,0.3882783882783883,0.08096662409503029
efonidipine-monoethanolate,90,0.12316308775702499,0.1608346709470305,0.15129107691800958
elacridar,92,0.0627052544185572,-0.08744971718323752,0.09876734852742312
elesclomol,87,0.16998811152099066,0.13610369912153306,0.17941036637587104
eltrombopag,92,0.17113012165476155,0.0936917220227178,0.2163949156456513
embelin,71,0.08371948692529502,0.025217974513749155,0.20918398656803502
emd-53998,83,0.07199685962514704,0.043344108139876575,0.3012476583470096
emetine,93,0.1866576693849445,0.1497567962758497,0.06203423780194302
endo-iwr-1,94,-0.010555789452324327,-0.07041866849691146,0.18740771345059865
enmd-2076,84,0.059467170794359474,0.13791637136782423,0.1482925307036744
enocitabine,86,0.01683400418196726,0.037067786216330965,0.16755791168865955
enoximone,86,-0.028035412685865544,-0.04721920845322893,0.11548315762661784
entinostat,95,-0.04120551199606799,0.03328667413213886,0.11444403325019716
enzalutamide,66,-0.008135728479073727,-0.0625613192777372,0.20719617154102207
epiandrosterone,88,-0.10701437303702876,-0.1604733894544046,0.2339808400974271
epinastine,77,-0.027554428685104593,-0.07474104842525894,0.1700993630524854
epinephrine,82,-0.05509572363680455,-0.12012276749273515,0.20031498291146788
epirubicin,56,0.4522895965593348,0.4700615174299385,0.0582218321810374
eplerenone,87,0.0013151855770652063,0.06320652842582389,0.09526139546875202
epothilone-a,90,0.24206986963588242,0.18348767337531383,0.08331446741725043
epothilone-b,95,0.4772232086977956,0.4089725643896977,0.1488862031724746
epothilone-d,71,0.17038462953241174,0.16485580147551976,0.12736822923383978
eprinomectin,68,-0.05971019593401351,-0.03126312173149597,0.22513630238629373
eprobemide,84,0.13289457070805963,0.10796800647970033,0.22036283474320725
eprosartan,85,0.14867503322854345,0.18993550908735587,0.20170185155766376
eptifibatide,74,0.09027326460768262,0.11644576082932245,0.13252352975478013
epz-5676,88,0.1155206129654778,0.09687929273361279,0.17785100217503727
equol,86,-0.14660355400512182,-0.15577149865559697,0.15892104174392943
er-27319,93,0.13877956342613043,0.17007848169257853,0.05627726106736958
erastin,72,0.22469302543032743,0.3330117692456107,0.1441609414780272
ercalcitriol,89,0.14071778330382503,0.15008512087163775,0.23913982687013868
erdafitinib,88,0.3826684801389455,0.3815645803247509,0.14001310754750027
erlotinib,95,0.2084297180232954,0.31882793939337584,0.1652285102569016
erteberel,90,0.07130203591912956,0.03609499115117092,0.21698977970711042
erythritol,87,0.10001270104245423,0.06911132171757672,0.22883932830032785
estradiol,77,0.07933366324703495,0.0888847994111152,0.22144911741880774
estradiol-benzoate,78,-0.07418668392431624,-0.077454191378242,0.2212940168073627
estradiol-cypionate,85,-0.0496558250707474,-0.1137580613640805,0.2039892761910543
estramustine,85,-0.09315960260856244,-0.12700691751711876,0.062271433476482854
estramustine-phosphate,79,-0.05075077159302376,-0.12122687439143136,0.20274012782552167
estrone,82,0.0649802674946674,0.08031040149758928,0.19003174160384173
ethacridine-lactate-monohydrate,89,-0.07280986328579885,-0.056792645556690516,0.21295299386120464
ethinyl-estradiol,83,-0.10443122648592486,-0.07455606397716301,0.315407644727464
etofylline-clofibrate,60,-0.02035042583682218,0.014559599888858018,0.17863021402495713
etomoxir,85,-0.32231225741539443,-0.3128786398280242,0.15743561326288108
etoposide,93,0.30554235246556427,0.25785562949479274,0.16583193971972243
etoposide-phosphate,90,0.3026820606637486,0.26517677079474833,0.13742166630103228
etp-46464,94,0.14922781837535476,0.13838818047176968,0.07593417373317132
evacetrapib,93,0.06850666390811644,0.06475485661424606,0.179144976063348
everolimus,90,0.3091853613660385,0.3854692625803948,0.2749031773369426
evodiamine,92,0.3269676133573746,0.26914600126381333,0.14463882754615504
evp4593,92,0.1749267451278369,0.19314766579843717,0.10486082298982576
exatecan-mesylate,60,0.5022207932631978,0.4202278410669631,0.14272858649588666
exemestane,59,0.027442543564750503,-0.05336060783167739,0.19504225176730744
famciclovir,69,0.013112728945380705,0.05622944830105956,0.23764053853392977
famotidine,79,0.10862388610446494,0.12538948393378774,0.24254528434362224
favipiravir,85,-0.026437875294943017,-0.040609732264999025,0.14873669593306899
fdcyd,76,0.12333841091019902,0.170580997949419,0.15576742649538464
felbamate,85,0.11530399635997376,0.14139144029704906,0.10707129589609625
fenaclon,80,0.07521717581618202,0.056071261134552276,0.15331220807484544
fenbendazole,86,0.10001011409154807,-0.000915137506486155,0.16643708465491702
fendiline,74,0.20286211323651726,0.19934838948537573,0.13887869696947847
fenofibrate,89,0.23469670312207835,0.24286687095675866,0.1902001369584504
fenoprofen,83,-0.025049458763833004,0.15146299483648878,0.11275279535913797
fenretinide,89,0.3548497273285406,0.2962546816479401,0.11775267947395869
ferb-033,85,0.02734105939386266,-0.05071330857924566,0.14571612501898135
fexinidazole,71,0.12610199507865258,0.1828303152246814,0.24987754196807424
fg-4592,85,0.24505011542657285,0.2023842094977526,0.2709979323882213
filanesib,90,0.18190406340387413,0.28278712946386725,0.17066481533427588
filgotinib,74,0.1426935312914937,0.0710107367641614,0.20691511369792234
finafloxacin,86,0.3020658658037792,0.37010236331902446,0.2853259301881982
fk-3311,88,-0.009103212095001978,0.0066922616322073894,0.16702129235662785
fk-866,84,0.3729185492347105,0.35637048444046976,0.10226386436592255
fk-888,82,0.23587039602620585,0.20527639011329873,0.14956991315503332
fleroxacin,79,-0.050059522862721875,-0.058666017526777026,0.2840999795177245
fli-06,87,0.09297085810174664,0.04674856018079755,0.17319263395306692
florfenicol,88,0.04333283567759613,0.029586840900285304,0.17196583700594226
floxuridine,90,0.2562032448227829,0.3083261307980409,0.18099394928164475
flubendazole,94,0.3810708597529047,0.3042517068236824,0.10208426117339457
fludarabine,89,-0.03329587318063641,-0.029485869935308145,0.18733737890024746
fludarabine-phosphate,90,-0.09196651603245523,0.0281104663127135,0.14916206059800818
fludroxycortide,84,0.11274891867291945,0.09703351220006073,0.16332706392562832
flufenamic-acid,83,0.17991717665289406,0.19808152470509213,0.16775837748369254
flumatinib,86,0.005089996949522597,0.01289683475635643,0.22640687541607135
flumethasone,89,0.27900809816618816,0.260929519918284,0.3036762710036913
flumethasone-pivalate,82,0.25983663766693077,0.23916805433114577,0.23872024089327631
fluocinolone-acetonide,84,0.3221855209296234,0.2852283081907462,0.25596023405735074
fluorometholone,90,0.2917528038361147,0.3485450878709305,0.17954093492777431
fluoromethylcholine,55,-0.017190175629354043,0.00266955266955267,0.16392944504984255
fluroxene,93,0.1892763225014,0.15603831577690902,0.22536979530899443
flutamide,88,0.10566924034186884,0.05776478461484274,0.2098398186489634
fluticasone-propionate,75,0.06424833139348878,0.16893314366998577,0.2503125946839354
fluvastatin,92,0.21261090867563842,0.4021700599540712,0.13897402678646575
foretinib,84,0.06184406809026238,0.008149826092158585,0.09840785173600015
formestane,84,-0.17897270819672875,-0.14828389187000102,0.21217571896233162
forodesine,82,0.008336390111158913,-0.04023682807109196,0.12407867779926468
forskolin,70,0.16198504433819325,0.1102090805703788,0.24521158263097528
fosbretabulin,95,0.3459398228400717,0.4758745342573277,0.1571350235262306
foscarnet,82,0.16987074427580423,0.19722249431329655,0.1990895620050273
fph1-(brd-6125),73,-0.06657573865789271,-0.020362828582006668,0.18005258188385553
fr-122047,77,-0.11227443149289867,-0.03270413796729586,0.22376047056184817
fr-139317,91,0.23029517390139423,0.1492753623188406,0.1413897685884971
frentizole,92,0.08581557766905872,0.17058397423053803,0.16553114640729702
ftorafur,88,0.024064084701920622,-0.03506392870980241,0.2029141706160986
fudosteine,81,0.0826505965692413,0.14595754290876242,0.15663816068434455
fulvestrant,79,0.20642315817607407,0.20864167478091533,0.2098446656228486
g-1,89,0.11259899578042001,0.22524685052774943,0.24051921795852246
galeterone,89,-0.03185011783616055,0.10817160367722167,0.1566614464211111
gambogic-acid,94,0.36847445619267616,0.3634360437813821,0.04981661051107943
gamma-aminobutyric-acid,81,0.07986331669942562,0.0575880758807588,0.2802774667265577
ganetespib,91,0.23806697444313762,0.2212163120009925,0.153940299456252
gastrodin,90,0.14555937657785195,0.2298637691896119,0.19284817563514856
gdc-0068,90,0.3634739863501375,0.3768284150306622,0.13648439851175334
gdc-0152,90,0.16774045026934062,0.2078528213359674,0.26442620820941665
gdc-0349,93,0.2651513659009489,0.14701142908298767,0.09726292504635456
gdc-0879,79,0.3687276388876947,0.3680866601752678,0.44132884844263814
gdc-0941,93,0.11746663265233151,0.0398824266658709,0.13840486821674475
gdc-0980,90,0.2879758361808659,0.30348878214879865,0.10763983861732689
gefitinib,94,0.1654084099771816,0.25476708724748853,0.13889808447235594
gemcitabine,73,0.2614129902951203,0.23923238306799954,0.1284721486970622
genipin,92,-0.006815045838454803,0.010927361558497604,0.14771276066685513
genz-644282,94,0.3809309780798354,0.3823935267131452,0.08415963287675499
gestrinone,84,-0.01314552492599413,0.0003239850156930242,0.19355150100078833
ggti-298,91,0.22414654040343987,0.22705844879757925,0.1961294708643167
gidazepam,86,0.060057502975607364,-0.05750271239209396,0.13264520073008584
gilteritinib,88,0.22759909489440025,0.29891514916698964,0.13323306309340946
gimeracil,83,0.04819174527469518,0.02046513580454221,0.1529270763803487
ginkgolide-a,92,0.005122372237717307,0.006673550853073995,0.22997272018010728
givinostat,89,0.09468319887006868,0.08898535921007833,0.06944843439800233
golgicide-a,89,0.2885738768947884,0.35350697991147434,0.1462159797440688
golvatinib,80,0.192956073440942,0.18346794887356507,0.10336748367089446
gossypol,93,0.19176481539136553,0.18529736504431377,0.030870330127396574
gs-39783,79,0.006255337316008471,0.013875365141187925,0.1878041977229637
gs-9973,87,0.08264970876540695,0.09892833709994896,0.10761372867216012
gsk-3-inhibitor-ix,89,-0.09243496787134575,-0.06108273748723188,0.2535284084352707
gsk-j4,90,0.10033816961375674,0.16819360414866033,0.09038553992200431
gsk1070916,89,0.3610630315751023,0.4264725910793327,0.1758112563247492
gsk1292263,93,0.13430753840896992,0.12452627495449255,0.13929468861100802
gsk1838705a,87,0.09500758523915326,0.13774877888751183,0.21193166412055325
gsk1904529a,86,0.12790247310759562,0.120864191707156,0.30116987086138225
gsk2110183,91,0.3313051395045409,0.3079630514413123,0.12898947318647488
gsk2126458,76,0.23989724480297267,0.2490498974709501,0.10708378589976489
gsk256066,66,0.15537404883352215,0.07466861496712245,0.2678100838689433
gsk2656157,89,0.06369802604706602,0.0418454204971059,0.18161447681692833
gsk2830371,87,0.2698492623297983,0.14748122767368957,0.11249419872534255
gsk429286a,85,0.13427432806121123,0.16877076411960135,0.1455603246910349
gsk461364,93,0.35753502828217765,0.45453731610515946,0.2394110159714587
gsk650394,92,0.13332369699277552,0.23189433287610003,0.16249336559464372
gsk923295,89,0.17411406859312456,0.2164453524004086,0.17208430670362965
gtp-14564,91,0.06758906140268807,0.014922758401019271,0.1911649172742399
guanidine,86,0.1292522561292091,0.06976744186046512,0.188137814879675
gw-3965,83,-0.0201414402978286,-0.029091977666764614,0.23226275321288428
gw-405833,88,0.12907213949008994,0.1541333521186292,0.25160434874858256
gw-441756,86,0.07643751446938872,0.014972404358696166,0.18387914063683464
gw-501516,55,0.2984874461257044,0.27655122655122666,0.20756333014700903
gw-583340,93,0.2657052085401537,0.2979917042165259,0.1689555869013932
gw-788388,84,0.26392562488197036,0.2748405386250886,0.2683002726538033
gw-842166,90,0.03591769102528933,0.08345886323414412,0.2324839122718954
gw-843682x,93,0.20248092238965856,0.3709677419354838,0.1891989332005162
gzd824,89,0.4134435135886647,0.39988083077970726,0.15073757374693544
ha14-1,90,0.004108885365087632,0.009589661275054532,0.0996123526479094
halcinonide,85,0.29977647456279843,0.29112761383623215,0.31772097282125017
halobetasol-propionate,87,0.2521683526263468,0.23490923671356706,0.34714381469955635
halofantrine,91,0.17780720853263302,0.1947762382544991,0.1896640452642612
halofuginone,91,0.09430145731876613,0.15247650899824813,0.0750744610381179
harringtonine,91,0.33665360524379073,0.4453575410097149,0.14432434810306813
hesperadin,73,0.2982945833201937,0.20415278291990624,0.20092115446193043
hexachlorophene,91,-0.03843240459051001,-0.09807294155120244,0.11651589799620984
hexaminolevulinate,91,0.17166077673098884,0.15268354833572229,0.08789410145796159
hexylresorcinol,72,0.12054902088974656,0.17390185864042706,0.18799242914230135
hmn-214,95,0.282019963289697,0.35985442329227324,0.1064880288558458
homoharringtonine,88,0.4681631063219219,0.4603295817978335,0.15066686395913062
homoquinolinic-acid,81,0.323636567309754,0.29984191508581753,0.289482202307191
homosalate,68,0.13683009050505543,0.14100851242508683,0.20847805085750995
hydrocortisone,13,0.21270010990050764,0.14285714285714285,0.17865412044026352
"hydroxytacrine-maleate-(r,s)",87,0.331457531477014,0.29826128162134574,0.23828286990961928
hydroxyurea,88,-0.1916993734737259,-0.13643408122292278,0.210537145598157
hyodeoxycholic-acid,87,0.03188718599428523,-0.014416417584019826,0.2562073952039722
hyoscyamine,90,0.08018656394140496,0.128649627526032,0.12351627699262673
hypericin,65,-0.18939813203480957,-0.13430944055944055,0.25203281106736874
hypoestoxide,73,-0.06617579372596817,-0.03097618166111317,0.16449710982337343
i-bet-762,89,0.19073050125793392,0.12467642300346078,0.09271743051308595
i-bet151,86,0.16568500855026883,0.17977263078447098,0.33079431985432783
ibrutinib,95,0.42676540057725987,0.4534686779138404,0.14553686565190607
ibutilide,89,0.07221150341251244,-0.0006639427987742596,0.16233256212938124
icg-001,93,0.10231295323211004,0.08450956402375338,0.17935820063796745
ici-162846,82,-0.02262092228153434,-0.04184760723109239,0.29791930004724093
icotinib,82,0.3445591528640551,0.41964972793842154,0.07115490010417166
idarubicin,86,0.16648640509539012,0.1055238454644087,0.07484194133402178
idasanutlin,87,0.584636769578799,0.44562916633708965,0.13515218267570867
idazoxan,90,0.27919460068731383,0.2509857184014487,0.16855605640903892
idelalisib,76,-0.09835539846832463,-0.0983432144115265,0.05698508497958628
idoxuridine,88,0.12800968225621445,0.15084005494699027,0.23987198932375292
idra-21,73,0.11991488985646721,0.11415525114155253,0.23747930999848912
idronoxil,89,0.29538855490794014,0.2700034048348655,0.11927095685076664
iem1754,88,0.1276038709742779,0.04934662393011871,0.16015305816092545
ifosfamide,80,0.07559591264868405,0.0943975621190811,0.1630663308620074
ikk-16,94,0.071718523703248,0.019022504786330958,0.1070609839046992
ikk-2-inhibitor-v,94,0.06531502829667013,0.002579200231188816,0.15956754809099302
ilomastat,83,0.0678120179193155,0.03778178917761639,0.1774243844262194
imatinib,91,-0.05892886837742355,-0.12662352493524914,0.10041733329754184
imidapril,83,0.01787158998260792,0.12757650812308466,0.10717687185922505
imiloxan,66,0.020989832435368658,0.02916188289322618,0.20078539688996688
imiquimod,83,0.01095778218552157,0.11261499484685987,0.04304597276421812
inc-280,90,0.07298335079722282,0.10841802114785969,0.06522690386320733
indibulin,93,0.2597527244766038,0.18258183879920023,0.1211764825958354
indiplon,90,0.18494603377934474,0.16119685557887803,0.13351961359065706
indirubin,88,0.3552932022415684,0.340043540596423,0.06873459380666369
indisulam,85,0.34254524892585336,0.37722215619805666,0.12366585452732272
indoprofen,92,0.14309501418568346,0.11788912349922168,0.20469941379749348
ingenol-mebutate,88,0.1777067751878387,0.22908668239935195,0.34852263131823574
inh1,88,0.18079319754183465,0.19925328449156424,0.1649078100232476
inosine,89,0.17521335785296335,0.20490296220633303,0.10490260580985335
iobenguane,57,0.38212878728522215,0.438553279751102,0.24100785864510413
iodipamide,84,-0.029166716353343773,0.08703047484053864,0.1679212296963317
iododexetimide,89,0.10701179524838113,0.09290091930541369,0.19892099643547556
iowh032,88,-0.04498658635425157,-0.09059208904230215,0.18925359817930967
iproniazid,85,0.008290492172209844,0.027613836232167285,0.2627943305574782
ipsapirone,69,-0.11347590261561033,-0.0462915601023018,0.15930540023954262
irinotecan,92,0.37441007312023494,0.37554159730370174,0.17493940443884132
isoetharine,69,-0.04255958336781164,-0.031019364267446115,0.2277465149123679
isofloxythepin,91,0.28901573514623796,0.11180124223602485,0.2025817304519619
isoflupredone-acetate,77,0.33301807681006096,0.2550081497449918,0.25503144322711496
isometheptene-mucate,49,-0.0759812049223834,-0.06755102040816326,0.21912086008623421
isopropyl-myristate,94,0.21573500081469046,0.20053462413755735,0.19284703934002723
isoxsuprine,60,0.14898721409208912,0.11675465407057518,0.22564895112707722
ispinesib,85,0.21914177228418036,0.3156064547937096,0.2305184218451635
istradefylline,71,0.41752682308259376,0.4303487592219986,0.15832003036804085
itraconazole,42,0.39943843262291095,0.27347864840774655,0.13864567262420624
ivermectin,93,-0.06487594256694887,-0.04970009847512757,0.1330075806989987
ixabepilone,90,0.4186961670692561,0.4419887228875993,0.059015391218178115
ixazomib,94,0.15508690787422963,0.0891594119134487,0.1102554911799717
ixazomib-citrate,89,-0.02608964332161321,0.09278175008512089,0.09210467479917235
jib04,91,0.33720595834399536,0.4234272973403408,0.06834803362814158
jk-184,92,0.36416574366957505,0.38279672641523965,0.10583633632858847
jnj-16259685,77,0.21314884914176047,0.18202849781797145,0.24470746019940462
jnj-26481585,73,0.1241349149433063,0.034215722571886965,0.19435450360394363
jnj-7706621,88,0.13545326125380686,0.26152654010073617,0.08807204263088653
josamycin,85,-0.14165458045931273,-0.14809458667187805,0.17809756178848354
jq1-(+),90,0.12007723239659142,0.15785487920319383,0.29854435690087094
jtc-801,90,0.13750338818139013,0.1407992756307363,0.08009566678064685
jte-607,91,0.0795755565221171,0.08294314381270904,0.10535761635737811
jzl-184,86,0.21972655129601737,0.25162507665455913,0.16643145606990617
k-858,90,0.18468451582051182,0.2032761246244392,0.1576018321681975
k-ras(g12c)-inhibitor-6,92,0.09871068638663352,0.03748285375213846,0.23761708320661232
k-strophanthidin,19,0.13841222991391688,0.07192982456140351,0.19054173119608436
kd-023,90,0.2350759283320676,0.12777709182203564,0.14666846609807146
kd025,95,0.05849948706245527,0.10095184770436731,0.2606551861376767
kenpaullone,88,0.07880312755438966,0.11098587580571309,0.31096726734372576
ketoconazole,59,-0.02798197298056059,-0.0014026884862653423,0.14070037507810546
ketoprofen,87,0.2446517384108113,0.26091711015528174,0.24374520778127562
kf-38789,92,0.2526788521585133,0.29010680763836444,0.10381024653432412
ki-16425,90,0.039907911774174645,0.08031444211219492,0.17876440831639925
ki-8751,87,0.13221472655126223,0.15037909163811328,0.17309120430266497
kifunensine,84,0.30929836258990395,0.31183557760453584,0.2501874894938131
kp-1212,73,0.12240812519499455,0.046279155868196975,0.15640227081233307
kpt-185,92,0.20488199177537403,0.20541590247060093,0.10528929133512328
kpt-276,91,-0.06084637824185825,0.06059882146838669,0.13275100919290458
ku-0063794,95,0.008820848463107421,0.1287374020156775,0.13520670931906112
kw-2449,91,0.14222015544154434,0.20543080108297498,0.20089763685959455
kw-2478,94,0.4559106394572941,0.5189105227034642,0.1617680228295836
kx2-391,90,0.2550791789003052,0.3166893032061571,0.16811165341349862
ky02111,82,0.24364605541150441,0.2640698294533146,0.22868877415069094
kynurenic-acid,85,-0.05030181978277052,-0.035939026773500096,0.29251617014787906
"l-798,106",89,0.19953660635327197,0.26355124276472597,0.2685447938489637
lacitol,73,-0.09907511699006592,-0.033475256077995806,0.2686308396858804
lafutidine,87,0.08940646238419447,-0.03269665378727126,0.19636605862413156
lanatoside-c,89,0.15597003340231186,0.23609124957439567,0.0986770262921055
lanoconazole,59,0.0030681676844359455,0.03606078316773817,0.21480554581980657
lapatinib,94,0.33072696024143927,0.38996765534595074,0.1113644423445211
lappaconite,93,-0.0013572324358661885,0.09886305989078212,0.07788732813262175
lasalocid,93,0.026739886634761553,0.09540150995195605,0.035513755372393686
latanoprost,83,0.017962141657303515,0.023991436127786404,0.25996285202112634
latrepirdine,69,0.08743498941013866,0.08483741322616004,0.2214541283939797
lb42708,94,0.15259873826868164,0.23382581367626343,0.13081037773573528
lcl-161,87,0.24326512159715746,0.24396733979733176,0.16591166471824756
ldn-212854,94,0.010906058963073924,0.019036954087346025,0.05785708601851974
ldn-57444,88,0.1417126655490128,0.29512873798034595,0.08588088743766815
le-135,88,0.033865148590925646,0.055017435102673394,0.1127911456616156
lenalidomide,89,-0.054512024755803995,-0.06394279877425946,0.17151289379985088
lenvatinib,84,0.14566521393662846,0.1254446247023466,0.0649965393335752
lerisetron,90,0.2645831623223618,0.26884800592665764,0.19019521828589764
lestaurtinib,76,0.2751040927913868,0.3376623376623377,0.10647649401464936
letrozole,84,0.14393896838493891,0.17460767439505923,0.20051546403750756
leucovorin,81,0.05847675535255093,0.08574977416440831,0.22035153713277753
levobunolol,88,0.11528461358385082,0.13974498960938328,0.1455151233683045
levocarnitine,82,-0.001367651282972177,-0.020907478151086734,0.22607260802333798
levocetirizine,88,0.02662011469245045,0.10137015251312036,0.19260449137793195
levonorgestrel,61,0.21656487072580893,0.1571655208884188,0.17054914417012185
lgx818,90,0.392089286097185,0.2985965345515907,0.4025758658430085
licochalcone-a,90,-0.01075986637325109,-0.09147631394822404,0.17005489391401454
lidamidine,55,0.034363568412883926,-0.011111111111111113,0.16179268243123077
lidocaine,80,0.08413779269876262,0.14135021097046416,0.1735257394592514
linalool,86,-0.02359407871646854,0.029614604462474645,0.19592581289161082
linifanib,83,0.059280314775691366,0.07449016054839913,0.0462900499821554
linsitinib,82,0.30890098013134043,0.27746055987895474,0.06817638959258537
litronesib,90,0.3760563642203664,0.40468457425288956,0.17708502389907135
lomefloxacin,48,0.030431947391015374,0.09216239687364307,0.13089433954977064
lomitapide,79,-0.01646907084434343,0.04294060370009737,0.22628140191116058
lonafarnib,93,0.07559049886339383,0.10911342544239204,0.251819864358512
lorazepam,84,0.09084985673351528,0.06635618102662752,0.19101010484142536
lorlatinib,84,0.1355776282789157,0.15658600789713478,0.13273873516660586
lovastatin,57,0.22963367215676017,0.2187581021519316,0.2716306850513602
loxistatin-acid,85,0.038651834943961,0.1351377760406488,0.1880027730013099
lucitanib,85,0.21692598237958385,0.21405120187609927,0.16353704736142968
lurasidone,82,0.1658817475738814,0.15323080941652792,0.19563531102125276
ly2090314,91,0.04357920852778935,0.0841535276317885,0.32178249536034653
ly2109761,80,0.1956090831003467,0.13893577121425224,0.2740930345675956
ly2183240,95,0.39775514697843806,0.4041013437849944,0.14062943735256941
ly2334737,93,0.22996683397236373,0.1760019098206559,0.07413064263707143
ly2603618,89,0.01989226037951822,0.0929483965946132,0.09885037560669654
ly2606368,93,0.30135517713901483,0.30761540986541724,0.20872285232292584
ly2608204,88,-0.06733490548017854,0.005565143883625094,0.09492470390635162
ly2784544,93,0.1260620265547604,0.10838232222255377,0.15779583348150306
ly2801653,90,0.19594588986597203,0.20745255505638724,0.09388160438476574
ly2874455,89,0.38931448423494314,0.44669731018045633,0.12269716740371998
ly3023414,93,0.24666049014412997,0.20008355465369576,0.07727463020106683
ly303511,85,0.0964247444604521,0.07029509478209889,0.22434942110551626
ly364947,80,0.17453227499019403,-0.026230661040787626,0.2461345431684298
ly456236,91,0.0073688391010668045,0.060582895365504055,0.14738493695123686
m-344,94,0.3792497773359665,0.3958458259581693,0.06981367488868302
maprotiline,79,0.001942451205347205,-0.04208860759493671,0.21848341915818562
marimastat,95,0.12568309501956693,0.17010078387458008,0.09304075945744272
masitinib,82,-0.12093779523330021,-0.06753300464731556,0.23631009988776747
maxacalcitol,86,0.2507597996898582,0.23962451059012216,0.1861521736058411
maytansinol-isobutyrate,57,0.41632626749843743,0.44062743064557947,0.2027066180165275
mebendazole,62,-0.21917488154142942,-0.07224698446274333,0.09635669245936973
mechlorethamine,81,0.02114035575308108,0.04778681120144535,0.161203212513929
meclizine,84,-0.08614545943776455,-0.08731396172927003,0.10493456513729636
mefexamide,90,0.28529681832743986,0.2610116475285014,0.09611842054910652
meglitinide,86,0.02422784130333313,0.056276239445256844,0.18008917489932275
mek1-2-inhibitor,88,0.06821331676013773,0.0026945158677045547,0.14865559915198448
mek162,89,0.4846337857851901,0.49358188627851557,0.17668004229577308
melengestrol-acetate,83,0.14460622332719097,0.12526762100667477,0.2620159661884098
meloxicam,85,0.1531189120038454,0.1514559312096932,0.29787669657334426
melphalan,93,0.24999040055986532,0.2814001372683596,0.20962431559862424
menadione,88,0.07827164471651575,0.12185253184459907,0.10567728158273912
mephenytoin,80,0.18978032694705885,0.20201593999062356,0.18580270925820458
mepivacaine,87,0.14939736999627848,0.1668003207698476,0.1529300458098255
mercaptopurine,92,0.18482805174866201,0.20319652297211907,0.25399544160349424
mericitabine,87,0.05971831350893602,0.10122475760005831,0.27460350556983715
merimepodib,89,0.011746552823174322,0.026574736125297926,0.16359922690359152
mesna,86,0.30974648749193123,0.43844520967970185,0.24878974121086772
mesoridazine,77,0.07550325271882787,0.05357800094642199,0.16260483690528602
metaraminol,91,-0.15392474595810787,0.0036630036630036634,0.12177914185602101
metatinib,93,0.192081025848816,0.12830115484467786,0.1863608920086405
methacycline,91,0.097774953482172,0.03226628444019749,0.19067638432369133
methiazole,89,0.21263336565487523,0.19712291453864492,0.1833017824089791
methocarbamol,55,-0.1335984149838354,-0.15519480519480522,0.16551592905782583
methotrexate,62,-0.04546688468267827,-0.014681070736068091,0.1881064450869785
methoxyflurane,95,0.15871020711914113,0.15086786114221723,0.13621167446757687
methscopolamine,88,0.07488728696481464,0.14902609982036563,0.2721245450332178
methyldopa,79,-0.23755064070012014,-0.24233203505355405,0.22788520282687005
methylphenidate,79,-0.043243917356072685,-0.1016796494644596,0.181590751049024
methylprednisolone,79,0.3467841551511303,0.3084956183057449,0.3541867431477862
metoprolol,82,0.17335231919093894,0.23651244544573963,0.15694052382872672
metoxibutropate,82,0.01522360827381316,-0.09241301248353849,0.19924537445414653
metronidazole,88,0.08266092846411639,0.04846606318903879,0.23577006949537235
metyrapone,85,-0.004328996215087167,-0.09724447918702364,0.09698426354318619
mevastatin,90,0.3675300517189222,0.33171996542783055,0.1157469462081205
mexeneone,82,0.23170828990542575,0.24900686757871593,0.2166668520693177
mexiletine,95,0.031326834692225844,0.07075867861142217,0.07982733783873179
mg-132,92,0.11692708983266799,0.13914276466871137,0.06127715840520155
mgcd-265,93,-0.005038148604600681,-0.12958431559786335,0.15386602257522025
mibampator,73,0.10815792205784293,0.12587930396149577,0.11285816483289961
mibefradil,85,0.1367108806880407,0.1188782489740082,0.2344713362014933
midodrine,85,0.17844703233312997,0.1718389681453977,0.24439091446780067
midostaurin,94,0.3004495708522132,0.31836867391539936,0.08010444779753009
mifepristone,88,0.16466717256513885,0.09964425346060372,0.18563729443767438
minocycline,73,0.0793258559568162,0.016537085030235717,0.32676380031326446
mitomycin-c,89,0.2662360448786561,0.28003064351378965,0.10161656440667213
mitoxantrone,86,0.24362353698516698,0.27960752865701216,0.12936313554541934
mk-0773,72,0.10339454967558315,0.09920252106244776,0.2029034376069885
mk-0812,90,0.08138349287383624,0.07071654936823477,0.2482817730754141
mk-1775,87,0.24749159183940136,0.15970228511294274,0.11770548269903322
mk-2206,93,0.25215057760007736,0.17931425502073942,0.08750857880728555
mk-2461,92,0.17697220130709865,0.11277222076661066,0.3832639825472867
mk-3207,81,0.09618110299072036,0.109936766034327,0.18684454554899965
mk-5108,95,0.006434578291300002,0.1751959686450168,0.16890826314601495
mk-8245,91,0.11741674722598516,0.0822742474916388,0.209793172321843
mk-8745,89,0.3621775068342379,0.35658835546476003,0.14889635082566383
ml133,92,0.019502659601211267,0.07533560408735723,0.11914715476956551
mln-8054,73,0.16370085919742625,0.20279526101443912,0.1796203624528158
mln0128,90,0.24664741411087143,0.17343940169159655,0.1678961337296697
"mns-(3,4-methylenedioxy-nitrostyrene)",86,0.08284275355258838,0.02118024435114864,0.12162226328757338
mocetinostat,44,0.09629862052916224,0.09443269908386187,0.17961428652254016
monensin,91,0.2845095585451388,0.32470138557095074,0.14248825723009179
monobenzone,61,0.10108632092737377,0.08699101004759385,0.14617966007707825
morin,73,0.15724806661699528,0.17394792052326302,0.2242698068173107
motesanib,81,-0.0779803135856534,-0.156448730968608,0.06400341446700329
mozavaptan,89,0.14678963616194032,0.09048348655090228,0.09798232184882534
mpi-0479605,90,0.2543297586436433,0.29619294563114784,0.19495820488680496
mrs-1220,85,0.37723069433076745,0.338030095759234,0.12219757567186683
mtpg,87,0.16040373257807142,0.2140045199387621,0.18254765714408364
mubritinib,72,-0.00707567192666313,0.042639398032027785,0.11024746259484755
mycophenolate-mofetil,71,-0.06651445443785975,-0.060898725687458084,0.15569424170516144
mycophenolic-acid,62,0.25046899314437887,0.17927022739291382,0.12306327870582841
n-acetylmannosamine,74,0.1798781736672582,0.25698630136986295,0.169843234202957
nadide,80,-0.03599950792026325,-0.06481481481481483,0.2481261829356625
nadifloxacin,71,0.206752909896231,0.21281019450033534,0.21951870149123529
nafcillin,82,0.2359051211398897,0.24815794342682385,0.22286037454705004
naftidrofuryl,58,0.05532982931725962,0.07299517056815037,0.16592818158619582
naftifine,90,0.07964810068774067,0.11636827591883772,0.1435721869093928
naloxone,70,0.06053583908448275,0.044528037791969205,0.3175220775435693
naltrexone,80,-0.011868191449154561,0.00947022972339428,0.17285451259614854
nan-190,75,0.1768059785726198,0.21883357041251777,0.19357758461927838
nanchangmycin,93,0.14212241967930528,0.1381785085494315,0.11345479590604259
napabucasin,92,0.4413855202007733,0.44670324594560007,0.11536607783933463
naproxen,60,0.19204882372700136,0.17565990552931374,0.17195289494786814
narasin,92,0.13998368063159516,0.18343788049257892,0.12625102490951548
narlaprevir,37,0.07038572075400293,0.0649596965386439,0.3165095987227485
navarixin,88,0.14444626051946266,0.02890000352224297,0.16500561623475987
navitoclax,95,0.06382246272279365,0.07545373182158661,0.16342864101084623
nefiracetam,87,0.04495334778633085,0.0659036232412335,0.22373911152181722
nelarabine,84,-0.12895419174564487,-0.13562822719449227,0.21599289064294025
nemonapride,77,0.14498842866470152,0.09595667490404333,0.21815306517464106
nemorubicin,92,0.26135737216856186,0.2964104619083581,0.09228600677589746
neratinib,81,0.4507536580098759,0.3837922613007657,0.09974167285423645
nexturastat-a,85,0.12730688679558813,0.12382255227672466,0.26375057551214587
nh125,95,-0.04274951718884659,0.017399216125419933,0.07098753980038446
niacin,66,-0.0929768947642681,-0.1140382006053648,0.23363078321936356
niclosamide,92,0.04316637677135536,0.03806852334201563,0.1282113180262615
nicorandil,85,0.18029755673826459,0.1503419972640219,0.16129509641729123
nicotine,85,0.024733762989970084,0.010650771936681649,0.20723746471559415
nilotinib,88,0.0523743701797419,0.08051847416434788,0.23602665663800926
nilutamide,81,0.035709386181913286,0.029494128274616078,0.15385354899447257
nimorazole,85,0.020306243669744643,0.0682626538987688,0.15159775214083407
nintedanib,90,0.1917904879722414,0.23924764374202573,0.22554250473380136
niraparib,86,0.2517386714448954,0.22027779076459467,0.0954386905733902
niridazole,83,0.14211555229151832,0.11949540321565003,0.18392341966853779
nisoxetine,86,0.007713898172656195,0.040728336242275585,0.22498820874797226
nitarsone,70,0.1443747056191567,0.1457615256757939,0.2032063030187536
nithiamide,84,0.11212363739943465,0.07184367722992813,0.15660386044225025
nitisinone,81,-0.003822079557942241,-0.06246612466124661,0.16215047873209504
nitrocaramiphen,73,-0.037967547758681025,-0.10588670862643468,0.19957174544993586
nizatidine,79,0.02281198471190089,0.018524829600778968,0.14327839708907472
nizofenone,82,0.030385224700634733,0.029723228959197226,0.15507798995528582
nms-1286937,73,0.2608656820641607,0.31907935332592874,0.07050515945889023
nms-873,92,0.02518937042367276,-0.0418137262457038,0.07726708243524873
nms-e973,90,0.2851666952049613,0.2697534675062765,0.08365060778958276
nobiletin,89,0.3219170616767187,0.3085461355124277,0.24875528313210632
nocodazole,94,0.23700520091453003,0.30397717010439623,0.09051009957625238
nomegestrol-acetate,70,0.17163571810951045,0.12235150030618491,0.2139813696982988
nonoxynol-9,93,0.2166350760506959,0.19615947002476794,0.21537123308445966
norepinephrine,91,-0.023875591661253914,-0.03962414397197006,0.14529685590922115
norethindrone,89,0.26084532099528285,0.24530132788559758,0.15064561239429072
norethindrone-acetate,81,0.14889112134534244,0.04037940379403794,0.25819297355359944
noretynodrel,84,-0.040293488723683414,-0.004414295838817455,0.14159825938934542
norfloxacin,88,0.31172286182415215,0.2608573139375155,0.19255800364455358
norgestrel,82,-0.0051579575010603515,0.009022540024597034,0.2325208088179784
novobiocin,92,0.03423886729401401,0.08613966678482807,0.18057786522635294
nsc-23766,78,0.13599268251492738,0.14867411069942715,0.1355435269003171
nsc-319726,89,0.24498786671314968,0.26094654409261153,0.10584358538069691
nsc-3852,88,-0.07165978753053491,0.18391391638195206,0.17544000110145938
nsc-632839,94,-0.09746311872511601,-0.06070873821478885,0.12726878622407237
nsc-663284,91,0.11998293379862962,0.13863672559324736,0.1292108779079278
nsc-697923,91,0.28889935689998436,0.19601847427934385,0.05719424619878947
nu6027,85,0.12894992940137398,0.11684580809067814,0.19689590542190852
nutlin-3,87,0.4655914897792818,0.42345264999635485,0.21600484811076473
nvp-aew541,80,0.10586611214874768,0.11031411157993437,0.1252878772785684
nvp-auy922,89,0.23821116247799964,0.20158866963660932,0.18486174358143725
nvp-bez235,92,0.008673871169550939,0.05095018221155741,0.2026075041271162
nvp-bhg712,83,0.04117989899356941,0.05020779984047688,0.19078787081092818
nvp-bvu972,90,0.043288143717492025,0.03265423714861917,0.25334432784209354
nvp-tae226,91,0.14488312182269464,0.14484790571747094,0.09230725455935117
nvp-tae684,88,0.33703465215386397,0.28385756049452293,0.103464929891328
obatoclax,93,0.2690804790874266,0.22659301276328625,0.12176568305606882
obidoxime,84,0.03333701693646007,0.0037663258074314065,0.15112272275555477
octenidine,61,-0.08946583727424613,-0.08413537810682177,0.13578465671269496
octopamine,81,0.03487684458299825,-0.04058265582655827,0.25220986680449176
odanacatib,87,0.15792132967626638,0.08221189986630742,0.05869749601751374
olaparib,95,0.2974233748388141,0.30911541049135116,0.17448383939553855
olda,71,0.39918796106866705,0.3599597585513078,0.2003947813700719
oleanolic-acid,87,0.013231425484110054,0.01973828096522563,0.15116255440368845
oleoylethanolamide,77,-0.03633975415377986,-0.03806744615628617,0.1426977597980934
oligomycin-a,75,0.1069202098805917,0.04452347083926031,0.18183529316088376
oltipraz,82,0.09773843134397643,0.10510536851655128,0.05146491699044408
omeprazole,70,0.11355173772093176,0.011425072172163415,0.13301536140258477
onc201,81,0.06900085163058331,0.028374495597641353,0.07427250010964856
oncrasin-1,93,0.007066565492732798,0.004237414580287069,0.214504218576861
onx-0914,91,0.15231727874717682,0.16709667144449755,0.07691043751866664
oprozomib,76,-0.24031930546386335,-0.197593984962406,0.09273330378515424
orantinib,81,0.04638497222311418,0.06115627822944896,0.17918788264774663
oridonin,85,0.07468984140748892,0.03519640414305257,0.10144289712619795
ornithine,91,0.1681603300397798,0.19875776397515532,0.22035558796205262
orotic-acid,82,0.20479648085079563,0.11259128655543583,0.20801053630736765
oseltamivir-phosphate,86,0.0010881978903440367,-0.0065946506910703325,0.16603047462172346
osi-027,94,0.0839363941571004,0.05010295126973233,0.07447236017387758
osi-420,90,0.21627124027236536,0.295485039305264,0.19629441314306537
osi-930,91,0.1593315594953168,0.1929447364229973,0.17168560341373856
osimertinib,83,0.41824196289038945,0.4307909269356517,0.09885198148897027
ots167,94,0.24256367690877773,0.24237979987718095,0.07696149495725876
otx015,74,0.19385874841774187,0.23749722325064784,0.4068114266060854
ouabain,76,0.17207431259434788,0.4509364319890636,0.11580595921363684
oxaliplatin,92,0.1698616160434651,0.18069448083473327,0.17146518534979815
oxazepam,85,0.21752766908871995,0.21954270080125074,0.22450318064116753
oxcarbazepine,85,0.0879157017205898,0.053234316982606986,0.1845358799883631
oxibendazole,92,0.2535574457375185,0.14820523095417906,0.09297154266055875
oxiperomide,78,-0.04580759834392964,-0.2128377951162761,0.13697415978383054
oxiracetam,93,0.33000002562230357,0.24615797797738048,0.10028693531622686
oxonic-acid,81,0.008881287559917482,0.010230352303523035,0.16351607145556402
oxprenolol,92,0.29065309658469535,0.3341861504554351,0.15616402279523767
oxymatrine,80,-0.09457422178318604,0.020534458509142057,0.18025672589125702
oxymetazoline,87,0.09665388157016616,0.12349639133921411,0.21520515273996385
oxyphencyclimine,91,0.23772806835683058,0.32651696129957,0.1375354239235461
oxyquinoline,92,-0.07448321198106506,-0.04745464913767859,0.06704934174153888
p22077,91,0.19275371787565754,0.1551202420767638,0.2804295072154972
p276-00,91,0.10950747729694725,0.10987418378722726,0.09839247072369134
p5091,94,0.007383890585278762,0.13922623993064334,0.14817725472554813
pac-1,91,0.06220989157843555,0.04258639910813824,0.23095430591772492
paclitaxel,95,0.2335393196980258,0.27147581039918794,0.21446394290039267
pacritinib,94,0.37838340171707535,0.43361629881154495,0.06765365263297485
palbociclib,95,0.4319142804418212,0.4775994774563141,0.2686775926973004
paliperidone,90,0.1452301983914928,0.08367288142569042,0.21464678598127762
palmatine-chloride,88,0.1595403481384473,0.17294212954809624,0.25410193526303027
palmitoylethanolamide,80,0.09368193772978456,0.07165963431786217,0.17741793131283304
palomid-529,80,-0.0628089534733261,-0.044678856071261146,0.19551092957143823
panobinostat,90,-0.008936109476397777,0.07816423158817015,0.15883945204345476
papaverine,87,0.19581396753090097,0.1939199533425676,0.09403337052430813
parachlorophenol,78,-0.013814850756182998,-0.03729182210194868,0.190571474609064
parbendazole,90,0.3033296294776246,0.2769148454541713,0.09723632494608914
pardoprunox,92,0.4663405988541681,0.4535702726446065,0.10303591979313405
paricalcitol,70,-0.00011701674660596125,0.026646837547021258,0.19689037010258828
parthenolide,75,-0.02467150246402354,-0.004381223328591749,0.06889903322954707
parthenolide-(-),90,-0.14162745326400916,-0.06938305140552331,0.1551360056082552
pazopanib,93,0.08325129953715754,-0.0027604936137828728,0.2224105077133782
pci-24781,92,0.33715060832096894,0.3895473390564555,0.0534146794883054
pd-0325901,92,0.4090271329882846,0.45404805573108514,0.2385314239711025
pd-153035,85,0.3346463069958852,0.412155559898378,0.24147314595039854
pd-168393,93,0.5175464195800242,0.6479514189370653,0.11995196090394311
pd-173074,90,0.15433687622150577,0.18007984524838455,0.22953634381469393
pd-184352,88,0.30647651248374064,0.3464830404001269,0.24326315837592422
pd-198306,94,0.24322080954739206,0.31575335043167285,0.13993998158355592
pd-318088,93,0.46356775799384414,0.5239175196204231,0.25459887430852113
pd-407824,86,0.13192533134465434,0.19509410821265155,0.12286081904872614
pd-98059,50,-0.012526386287404465,-0.018103241296518604,0.21121794830440815
pelitinib,83,0.5093373132480618,0.44121686922820225,0.09848206478549694
penfluridol,90,0.13969184159314313,0.10191381652055809,0.06285256521560358
penicillamine-(d),85,-0.0597781131528138,-0.0904436193081884,0.1356795302907668
pentagastrin,78,-0.25445805347127065,-0.210156931675919,0.19539270634376468
pentamidine,84,0.03704346124328987,-0.04713981978333502,0.1477558017190337
pentostatin,81,0.31980511886645013,0.25135501355013545,0.11532455141853913
pepstatin,76,-0.03653619415443474,0.009788106630211893,0.178267235884594
peruvoside,91,0.2778256306645094,0.22393693263258482,0.08336255920139832
petcm,89,0.11606764383496507,0.17958801498127344,0.18810298211328358
pevonedistat,90,0.3055617509662481,0.30311187208465756,0.15633732221849322
pf-03758309,71,0.340870389545715,0.35217974513749156,0.13451289654903664
pf-03814735,90,0.4670263887019686,0.43681936041486596,0.21806169423894683
pf-04136309,89,0.0601412747437574,0.07683009874021111,0.1978124809323113
pf-04217903,91,-0.008674114957373785,0.022551361681796465,0.22631613682085402
pf-04457845,90,0.14902926017900434,0.12216323002839855,0.11439320894467687
pf-04691502,90,0.033662306911682816,0.02539408157385685,0.049252830119773446
pf-05212384,94,0.35581159011952646,0.310999530397717,0.06530224639006325
pf-3845,88,0.07535638601512522,0.0989045824380966,0.25504980800625643
pf-477736,91,0.3029892821101512,0.3016722408026756,0.20743771728752117
pf-4981517,89,0.06896658710350456,0.07439564181137216,0.2352672975242997
pf-562271,93,0.16736588851604786,0.26998597475455816,0.12640071599447972
pf-573228,91,0.22713267480463864,0.2550406115623507,0.24845136447733215
pfi-1,90,0.051894618926129524,0.14348273449397045,0.09169411061975066
pfk-015,73,-0.16987034436170725,-0.05001234110823153,0.12932707324094345
pha-665752,88,0.18407970923894645,0.20798844704307706,0.12737310572240543
pha-680632,88,0.14277294819780478,0.15765559508294885,0.10054276748218634
pha-767491,93,-0.2774754264445132,-0.22232998120020286,0.09041107129053541
pha-793887,93,0.3334856324070712,0.4765599355435528,0.24658584573297554
pha-848125,91,0.29526358834368066,0.3011398304022734,0.09951632092079457
phenazone,78,-0.032006289182037156,-0.02100431214355265,0.18381396272869352
phenelzine,81,-0.07282028698622278,-0.11140469738030713,0.22169657279934984
pheniramine,94,0.25159559906162443,0.2840226854025936,0.1601822430504998
phenylbutazone,87,-0.026093662423124126,-0.031147481227673687,0.218353324207472
phenylmercuric-acetate,95,0.3557876099813772,0.3567889137737962,0.05924382820162115
phlorizin,81,0.02192162471248279,0.10887533875338752,0.2003195440815789
pi-103,91,0.21739490662998742,0.17416786112438287,0.0845140180470351
pi-828,83,-0.11412678860860356,-0.0855337727215482,0.183981648999031
pi3k-in-2,93,0.23089416972192306,0.2416669153412312,0.09215854787038309
pibenzimol,92,0.11650058758851806,0.09383043324137293,0.21690571811913717
picolinic-acid,87,0.013434949620968036,0.02677334694175111,0.20717704355592462
pik-75,91,0.04767472998067403,0.06534480012740881,0.05435131104490116
pilaralisib,87,-0.08310293350816358,-0.12715972880367427,0.18126064632499053
pilocarpine,79,0.006074213315633358,0.0748539435248296,0.3104468177250027
pindolol,86,-0.04211478598994277,-0.07699419783952073,0.21931520362654258
piperacetazine,81,-0.06636248194057223,-0.07208672086720867,0.29982342453025107
piperazine,80,0.05239549550188443,0.045733708391936245,0.2118194726386115
piperine,85,0.336363420916006,0.2790893101426617,0.1677817835782185
pirenperone,95,0.1678132712508972,0.27884938409854426,0.11284565279307827
piretanide,84,0.11072407542878297,0.09662853093044448,0.16641184531720127
piroxicam,81,-0.09338736523999877,-0.10905600722673893,0.1836694760177185
pitavastatin,61,0.22570222702497933,0.41136964569011103,0.15835672850557952
pj-34,87,0.16097733692111418,0.12273091783917764,0.19881857205799347
pki-179,91,0.16824227820953241,0.1639592291766205,0.08036565523108893
plinabulin,93,0.4037637435878716,0.38748470651427885,0.0725907963213894
plx-4720,93,0.10099003955395257,0.17258512130345258,0.1279740371212483
podophyllotoxin,93,0.30486050377563245,0.28971084121631696,0.091894234707457
polydatin,89,0.23744493160840674,0.19722505958461017,0.11583731949496491
pomalidomide,80,0.28768299463040514,0.20714955461790904,0.18605724160046647
ponatinib,84,0.22894820085801432,0.2568441783963709,0.10158760224821739
posaconazole,88,0.08584736978755088,0.0779824592300377,0.19561919846068637
poziotinib,94,0.5519003785210144,0.5657542199107232,0.16541637628817826
pp-1,90,0.32183412288368596,0.26224636786434535,0.26616633938610895
pp-121,94,0.21716870557727574,0.18890293682043133,0.07278539018154145
pp-2,81,0.13269908582347328,-0.008401084010840108,0.3564674806699647
pp242,90,0.16031842978650254,0.13215623327982878,0.061913341193002056
ppt,89,0.07935014482245452,0.03968335035750766,0.19726267739864656
pq-401,84,-0.03859954155643813,-0.08486382504809153,0.2774678196139874
pr-619,89,0.3923113365859641,0.3414538644875724,0.058502889091156265
practolol,62,-0.1132515520310016,-0.04404321220820427,0.17707284089304318
pralatrexate,88,0.19373627597181337,0.2223838309005324,0.14795146392048472
pranidipine,89,0.05050155289278156,0.05749063670411986,0.27166578804823555
prazosin,86,0.13710259259512608,0.15243171847728668,0.1505857114665232
prednisolone,79,0.12808762008975286,0.13074488802336903,0.3396880340397369
prednisolone-acetate,84,0.18885607617580633,0.17610610509263946,0.32756323906789464
prednisolone-hemisuccinate,89,0.2060581805730296,0.1268130745658836,0.31046372717046294
prednisolone-tebutate,56,0.027614429861617076,-0.06254272043745727,0.25954006387747985
primaquine,88,0.043582984139428155,0.11989715050544189,0.19830470713288384
proflavine-hemisulfate,73,0.13105067582808644,0.1587683573984944,0.12813119345021867
propoxycaine,81,-0.03664969804196472,0.0043586269196025295,0.25027069198754315
propranolol,81,-0.21200955060892326,-0.21720867208672087,0.322612329634715
proscillaridin-a,62,0.22826266565971087,0.250384024577573,0.07497424987483763
protirelin,76,0.09473183786211847,0.013178400546821598,0.14956059423796622
prt062070,91,0.11758635451515528,0.1737219302436694,0.27051865466248126
prt062607,93,0.1387968465133835,-0.025618453642087667,0.09507092323327203
psb-1115,84,-0.05772196685949785,-0.0666194188518781,0.27047844782786523
psi-7976,81,-0.1041975390755843,-0.06930894308943089,0.14074368034680063
ptc-209,91,0.0336428508489152,0.10993788819875777,0.22903775681356714
pterostilbene,74,0.00524818154801391,0.014794520547945203,0.14300941745520324
pu-h71,91,0.3114819438125698,0.40479375696767,0.07206927568092596
puromycin,91,0.31873416307590574,0.41525720656155435,0.11137690594056379
pyrimethamine,93,0.29601748036612285,0.45698427382053647,0.13547556255789936
pyrithione-zinc,95,0.252353269924402,0.23302071668533034,0.08550187709974953
pyritinol,59,0.13603786619829655,0.15669199298655762,0.21764456115366448
pyroxamide,84,-0.039405371879975386,0.015024805102764,0.1189691271032161
quinethazone,82,-0.01975805560449391,-0.018621913126761792,0.23192795687185996
quinidine,79,-0.11578479881834687,-0.10406523855890945,0.20867580676367958
quizartinib,92,0.27591517673813243,0.3264183222107486,0.34048250762223453
r306465,76,0.3478516339700743,0.36596035543403965,0.07245538504290401
r406,91,0.21428313872683602,0.3198120719859851,0.17244640075274015
r547,76,-0.09194380243247208,-0.1012987012987013,0.12317121291574534
rabeprazole,62,-0.00433503768625447,0.10140767041877566,0.1697558561993993
racecadotril,82,0.04358504675887052,0.03570923259433398,0.22973389289788054
raclopride,89,0.21414425787224725,0.22558733401430037,0.21038460236243917
radezolid,75,0.1867285757278475,0.1289331436699858,0.2293175077253379
raf265,91,0.1957010003146295,0.2758878802357063,0.1807876433872083
raloxifene,58,0.20443787860059026,0.1247962102802301,0.1522905452357842
raltitrexed,92,0.17250742272920863,0.23169397222693155,0.13554015409289716
ramatroban,87,0.017032481517965117,-0.027247211489392718,0.22858624723291554
ramifenazone,80,-0.07160826670310867,0.018729488982653544,0.2548219614376413
ranitidine,52,-0.22693016557192286,-0.18014172287202254,0.17788193221628365
refametinib,73,0.45987412707538,0.46763544366284104,0.168014021972727
regorafenib,95,0.09389166062472172,0.1598235682278446,0.19096803550204292
remoxipride,69,0.19781145159254165,0.23916697113628063,0.18628958059901612
repaglinide,81,-0.10400613075626397,-0.029539295392953926,0.16280159021506965
repsox,91,0.34886652658462025,0.37275043796782925,0.20221232394525016
resatorvid,89,0.10018316260724701,0.11113381001021452,0.1908701599639008
resiquimod,75,-0.10517248586848742,-0.019196880362764762,0.046726709422395124
resminostat,94,0.1643364609523424,0.2089950149474361,0.18832048223096523
rg108,83,0.03991294976499091,0.10761512950757735,0.24358580445877095
rg2833,83,-0.07309002894795431,-0.001721170395869191,0.2881473666930618
rgfp966,80,0.31469774506960146,0.24838255977496485,0.199095667754322
rheochrysidin,87,0.07093876722713281,-0.004064299774003062,0.13610830527201606
ri-1,85,0.05897741215314921,0.056986515536447145,0.20569396767197978
ribavirin,79,0.10631318168201623,0.05944498539435248,0.21398567953546302
ribitol,89,0.11205525599352045,0.029060265577119514,0.17117557068823142
ribociclib,87,0.23641572529921767,0.2788323825645731,0.07703613818020956
riboflavin,86,0.1547874036750863,0.1226189914618614,0.19467029687291362
rifampin,91,0.20956224365253567,0.16816372033763338,0.18321532082553532
rigosertib,86,0.5116095456580342,0.5269574157905101,0.17639617381765785
riluzole,84,0.18297672026777995,0.17778677736154702,0.19181458667317167
rimexolone,80,0.14758995202635045,0.1345757149554618,0.2531984077553183
riociguat,83,0.10974578404501925,0.13429327064354982,0.2215615797732259
rita,87,0.3964759655294416,0.3908106728876576,0.2590310227791719
ritodrine,84,-0.09475891621627548,-0.1140224764604637,0.1667865963524029
rki-1447,90,0.3241538232148131,0.3284767666790139,0.17831654807636402
rn-1734,90,0.05488504690731639,0.03407004980038687,0.13553305019164652
ro-04-5595,85,0.2519211543258516,0.22519054133281222,0.2833728806335689
ro-10-5824,84,0.06464610015239906,0.004596537410144781,0.14153258320951026
ro-106-9920,94,0.08403571002099039,0.14077231513925514,0.09592383401162069
ro-4987655,93,0.5349323873629109,0.5437617498731758,0.1957470921368092
ro-90-7501,91,0.20562243198427238,0.18714763497372192,0.20693218601546057
ro-9187,90,-0.07628042977395416,-0.1145408898217887,0.1791837969905385
rociletinib,85,-0.05152945850083821,-0.07212318630337283,0.08888859389353915
romidepsin,91,0.0882114548395925,0.11334607421563944,0.13577959240906434
roquinimex,87,0.006015281299777089,0.00913100532186338,0.13638726018652989
rs-16566,87,0.03940703736396447,0.10423197492163008,0.1260031898245271
rs-17053,88,0.03200243786918386,0.07271670599837977,0.05148933648769886
rs-504393,88,-0.025545541629288005,-0.08638300869994014,0.1713978620381777
rs-67506,71,0.10752696798159583,0.06026156941649899,0.1883499456282877
ru-58841,67,-0.039762168955740626,-0.011373613217335782,0.2012843602880933
rubitecan,94,0.42267026845830064,0.45374417512552834,0.14209213112678448
rucinol,85,0.08361365409559586,0.1102794606214579,0.20494831274296887
rutin,92,0.0834606684570403,0.12667416734737913,0.2126035180541566
ruxolitinib,83,0.10644223313166191,0.13860137919122023,0.058188198493571625
ryuvidine,89,0.20783258031478866,0.21739870616275114,0.05653866777592455
s-methylcysteine,71,0.04277243436870232,0.0255533199195171,0.17378129065690384
s26948,80,0.11722959032570442,0.10417252695733709,0.24144891386665698
salidroside,85,-0.1506568259822071,-0.1556576118819621,0.2521012570697724
salinomycin,89,0.10618988095382519,0.10789921688798096,0.15395993032620378
salvianolic-acid-b,81,0.27338824907044756,0.28360433604336044,0.12281558681588275
salvinorin-a,88,0.1613947464100534,0.1824345743369378,0.21761860997080207
sangivamycin,68,0.18340286601778297,0.05141810130931022,0.017985611041123357
sar131675,86,0.17593926428512988,0.2239256568706071,0.33953617762577804
saracatinib,89,0.4686010671280122,0.4667037468115947,0.08179384879238343
sarafloxacin,76,-0.03034184743373692,-0.08300751879699249,0.16336876007528453
satraplatin,86,0.06788713288137442,0.2293032690221237,0.20366397857037902
saxagliptin,93,-0.09293530894896926,-0.0612634657276715,0.1904157536362943
sb-200646,89,0.07739344063966248,0.0327545114061968,0.23334820669418246
sb-205384,91,0.3008846638291513,0.2935180761267718,0.16933554276975962
sb-216641,90,0.3093884571448786,0.26855167304605504,0.1218356103337089
sb-218078,92,0.20092423855069508,0.2536103447744401,0.161790424405492
sb-218795,86,0.10303601215901398,0.07835275248832492,0.24670726598126214
sb-225002,76,0.19047119972642235,0.288092959671907,0.09454582790528443
sb-228357,85,0.15208878934473058,0.17475083056478405,0.1816142959063732
sb-2343,94,0.08059204344738193,0.07992630856482318,0.07024848955560757
sb-239063,91,0.22007767224411848,0.27376970855231725,0.11046695245918153
sb-242235,73,0.006778129910830818,0.032487967419474274,0.20992468314418924
sb-366791,89,0.13616738301635534,0.14043241402791964,0.19142369879364368
sb-431542,89,0.0006899800143326669,0.07356145726932244,0.10921880795625837
sb-505124,88,0.08701951137873891,0.1493783241167976,0.19134539084010302
sb-525334,72,0.30172188191014815,0.07852595022187922,0.24913103573350567
sb-590885,89,0.28899997333008554,0.3249914879128362,0.26867079574202835
sb-657510,88,0.20266558421484812,0.19405797611919273,0.2622506097687726
sb-743921,47,0.1420454790421761,0.13540703052728956,0.20278814406843543
sb-939,95,0.24736590004450185,0.29413493840985444,0.0852179361191548
sc-12267,89,-0.02755014214313083,-0.11653047327204631,0.21726867709232714
sc-144,87,0.024328904662090863,0.162371509805351,0.30693013726443885
sch-58261,84,0.2210058695602767,0.2074921534879012,0.25484394599128096
sch-900776,87,0.11510977844309044,0.09041209633950043,0.11563475104672843
sclareol,87,0.03432196910457602,0.023638550703506594,0.24236583512222426
scriptaid,93,0.031703873040883714,0.24654591029811102,0.07504541850497647
scs,69,-0.12155995659121467,-0.0823529411764706,0.26025662066368405
sdz-wag-994,90,0.20535767383814246,0.19250936329588014,0.19740346495469258
se-methylselenocysteine,85,-0.1425881078799184,-0.11153019347273795,0.2111638982681442
secnidazole,88,0.18591351845170326,0.2019654115740904,0.194963232775641
securinine,88,0.187902155376197,0.22237680955232295,0.24414130254572872
selamectin,67,0.018453922043415942,0.05694788091627425,0.2006992432626794
selinexor,93,0.5158654560177224,0.3616424457640774,0.09519243098824283
selumetinib,88,0.5752925206676371,0.5499182403902971,0.12955484339091006
semaxanib,93,-0.09034456698727902,0.026091661514031052,0.15289037530485625
serdemetan,56,0.3898712537179599,0.31866028708133975,0.22001596065294868
sertindole,91,0.032458442699600284,0.010622710622710623,0.09631011644283219
sevelamer,78,0.08703689666187918,0.0927300547553712,0.1605323902190634
sevoflurane,93,-0.032470848298094365,-0.005371370594730088,0.20328517988979472
sgi-1027,95,0.33875860083696363,0.21010638297872342,0.10932149209810384
sgi-1776,83,0.1122906312657207,-0.01389530246421225,0.26185856379887906
sib-1757,68,0.07834608414390158,0.0500820704660839,0.16201885078671102
sid-7969543,85,-0.025401718236130924,0.0106703146374829,0.2816379518706599
simvastatin,86,0.12204365016595242,0.0646728619274494,0.12833180609351383
sirolimus,85,0.16053038116172452,0.10052765292163378,0.15896364553478226
skepinone-l,83,0.06901621866095713,0.0716174803744595,0.21181803601967406
skf-96365,72,-0.04157206158554898,-0.09888095697472507,0.05604553100892686
ski-ii,91,0.07232778204862092,0.0881669055582099,0.14431152796461585
smi-4a,85,0.09666558044639856,0.03799101035763142,0.23342845129119802
sn-38,56,0.5173080410560866,0.5299384825700616,0.1369863268909688
sns-314,90,0.28495945247614934,0.3682182985553772,0.24490940767825853
snx-2112,94,0.2618936825884755,0.24632445905429323,0.0835307211491705
snx-5422,76,0.17932254228056513,0.23641831852358167,0.07649978207039883
sobetirome,68,0.14918408804428965,0.05279230446234301,0.23012267049155713
sodium-glucoheptonate,80,0.08747386830077666,0.11497890295358651,0.2512812889825106
sodium-stibogluconate,93,0.02448704666850313,0.00799737399659813,0.173474300770032
sodium-tanshinone-ii-a-sulfonate,83,0.06373650159529111,0.03289114646740271,0.21656821105505852
sonidegib,85,-0.02335360158751159,0.0255737049417483,0.05600985813655111
sorafenib,94,-0.017352379185114404,0.07447999810019951,0.19916464109746015
sparfloxacin,87,0.1778855742100118,0.08265291244441202,0.12964566802618663
spermidine,87,-0.04617203887199544,0.07013195305095866,0.14429785046599597
spermine,88,0.30533401467935267,0.06891268359691453,0.2032082847879576
spiradoline,93,0.22298445180264415,0.1728089284115663,0.11150744719908588
spironolactone,91,0.0731525282482708,0.08912247173116739,0.03165273705291461
sr-27897,85,0.0020858197997516703,-0.05835450459253468,0.3132354217040346
sr-33805,76,0.28720015447987324,0.2551196172248804,0.12875607970386158
sr-57227a,90,0.11189937508192775,0.16052187512861668,0.30590733601881137
srt1720,83,0.12497641945474523,0.18788044162713569,0.07582125307351811
sta-5326,90,0.41804909119840244,0.3200642054574639,0.20290466064500176
stattic,87,0.04794825864010706,0.05279944594299044,0.06834360310165995
stemregenin-1,70,0.048990931922699536,-5.248884612019945e-05,0.29074614901020457
stf-118804,92,0.15614927465015283,0.1557264614768121,0.10338676596404865
streptozotocin,71,0.13351478969334907,0.24818913480885307,0.2526046025166357
su014813,89,0.13194890077025845,0.10621382362955399,0.1737142532291005
su3327,95,-0.04889601502147983,0.04396696528555431,0.08103064837388682
sufentanil,79,-0.13647663545381944,-0.166699123661149,0.19526824800139903
sulconazole,93,-0.04638642873289881,0.07798931694070603,0.06468588641040478
sulfabenzamide,70,0.2551387967413399,0.14814102003324292,0.19118335315054408
sulfamethazine,78,-0.011686617077277722,0.01630015554066187,0.25303343842615905
sulfanilamide,87,0.11489172767913838,0.010844207917183055,0.15887131703168145
sulfasalazine,82,-0.0022213045851110823,-0.00850012516189419,0.3147759133148225
sulmazole,85,0.06622339388677768,0.03910494430330271,0.29305478334512003
sunitinib,91,0.061279462279551056,0.09810642951295989,0.13947302997413843
suxibuzone,90,0.06617599351296949,0.09083425937358522,0.22814764105866622
tacalcitol,87,0.05746524600373949,0.07115258438434059,0.23899076861259932
tacedinaline,87,0.13374568119832198,0.13929463287633267,0.05246002405604559
tacrolimus,92,-0.0049336544022449275,-0.03498605181634634,0.18756363788124322
tagatose,85,0.187612574375273,0.18745358608559706,0.14355988638956096
tak-285,89,0.3372956291602546,0.3009022812393599,0.19966528623374807
tak-632,89,0.40858404836652923,0.3678072863466123,0.07541106780255505
tak-715,85,0.11929507433122347,0.14746922024623801,0.18485167105515393
tak-733,92,0.46052429524067795,0.5134935191036172,0.16955079018477562
tak-901,94,0.45294051841142496,0.40139435754795366,0.10686656792561258
talazoparib,89,0.5420766133800202,0.48180368228299975,0.13950449754843416
talmapimod,94,0.016483891395121488,-0.026409698221030033,0.1987052353041611
taltirelin,87,0.054556731012156606,0.13113290078005393,0.26226625836064443
taltobulin,76,0.46563361227999395,0.4916746411483254,0.11618494957689174
tame,77,-0.08552006413794071,-0.11073137388926863,0.16253985377820968
tamibarotene,85,0.20373569575447162,0.23228704677989936,0.08321930042676112
tamoxifen,87,0.13203293580634845,0.07131661442006268,0.1870362620646284
tanaproget,93,0.07113175502023861,0.18428277282086475,0.19190249043318264
tandutinib,87,0.024122051111420587,0.05580666326456221,0.209510524983588
tanespimycin,94,-0.004183205041886599,0.0805969695656327,0.17266657903348334
tanshinone-i,81,-0.05388889899743658,-0.003771454381210478,0.15695374439434104
tas-103,89,0.2372505566489009,0.20246850527749408,0.1488225400951763
taselisib,93,0.3176344497638206,0.3525260362269104,0.25111141244212637
tasisulam,84,0.07005473119078814,0.14371783837925,0.056280704217151374
taurine,75,0.1305945527020843,0.08665718349928875,0.22852294648230842
tazemetostat,93,-0.01301238964765546,-0.11236608874697858,0.16176834194355133
tc1,78,0.10184404895792462,0.06344288622769635,0.17438006165904363
tecastemizole,81,0.1293727111801567,0.11312104787714544,0.29478392035545303
tedizolid,89,0.16692809125429023,0.14853592100783114,0.15209844138756246
tedizolid-phosphate,92,0.5084087947307074,0.3969298583604334,0.08872378508657326
telatinib,88,0.003508075957341851,0.006498538269169809,0.25119487716401
telotristat-ethyl,51,-0.06559945555030137,-0.17429864253393665,0.24833364015227014
temazepam,84,0.013797356902340439,0.06445276905943101,0.18364357926919697
temocapril,82,0.11585614311744909,0.07138581425974902,0.17134809274212653
temoporfin,85,0.03968806248267613,0.01819055272599772,0.04026828394937603
temozolomide,79,-0.017728098868873412,-0.06472736124634859,0.19331074680751992
temsirolimus,87,0.2314620560261723,0.24227033643163295,0.14346386356531562
teniposide,93,0.32928066710791676,0.2718211930410909,0.10418334123047567
tenovin-6,93,0.2566293634221362,0.14323654919280235,0.08558781394680291
tepoxalin,91,0.164876044396925,0.16983596114030897,0.1064482183724155
teprenone,87,-0.1552242067804517,-0.18759568418750455,0.168861174099809
terbutaline,87,0.05611679196708498,0.04432456076401545,0.2891799747644135
terconazole,81,0.08924134368121421,0.06860885275519421,0.20717689726539001
terfenadine,84,-0.06495570367236078,-0.031629037157031484,0.26564286802543663
teriflunomide,91,0.11076341512443963,0.03354037267080746,0.23404531228187295
teroxirone,94,0.19126639412111743,0.1893942130549435,0.1144958855530235
tetrahydropapaverine,89,0.21392216975980208,0.11164453524004088,0.2009357828643257
tetrahydrouridine,87,0.005643305406199105,-0.007873441714660638,0.2685883275021092
tetramethylthiuram-monosulfide,89,0.24323198603928076,0.3524514811031666,0.18998208131071131
tetrandrine,90,0.05115045276811855,0.0683129604477919,0.09205282225128869
tezacaftor,77,0.11362472107547014,0.10783952889216046,0.13703385442455734
tg-02,95,0.22456717035791965,0.18306270996640536,0.05723886483947059
tg-100572,91,0.0028441359193002048,-0.007198598502946329,0.11721904933411392
tg-100713,90,0.17582160600643268,0.13533358027740047,0.14754493529244253
tg-101209,92,0.18099820097679428,0.12009309064007521,0.10043871225360737
tg-101348,90,0.1885552021853659,0.19581841379594186,0.10978461015793713
tg100-115,88,0.09723669712451895,0.09286393575428835,0.16394649771676362
th-302,76,0.05393024091154528,0.049760765550239235,0.140203057438843
theophylline,89,-0.056266675705875895,-0.08300987402111,0.18358181158554185
thiamine,76,0.07852704824086974,0.09700615174299386,0.13822137553859948
thiocolchicoside,85,-0.060872460952333826,-0.07645104553449288,0.19291134001104482
thioguanine,93,0.24619318887082198,0.19998885903269972,0.08249123845517482
thiomersal,91,0.13729503117253836,0.24854276158623986,0.06691296471562493
thioproperazine,31,0.0016419430715730117,-0.0036290322580645167,0.23564018232684916
thiostrepton,76,-0.006185879476566524,-0.07196172248803827,0.10445390800940747
thiram,86,0.09861949312995014,0.19207509788197555,0.11345984956224467
thonzonium,91,0.1371807516432412,0.18818283166109254,0.056522450179104865
tiagabine,72,-0.054148662436078916,-0.05498745900057882,0.20515857246434668
tideglusib,92,0.3781857223159447,0.32026879151703835,0.1994469480280841
tiletamine,79,-0.007969757886025167,-0.010978578383641677,0.2647921885942155
tilmicosin,79,0.07000419646969062,0.06794060370009736,0.18004179700406603
tiludronate,83,0.1644902190565474,0.2440073884387725,0.21733740741757498
tioguanine,92,0.11850313977950261,0.12582648767782006,0.20379629163939864
tiotidine,88,0.0491618540856187,0.12422950935155508,0.31388761955175754
tioxolone,89,0.08779786894327256,0.04221995233231189,0.23655818964993117
tipifarnib,94,0.1332046760407169,0.14575732398945201,0.16787732165921285
tipiracil,93,-0.08860493115997722,-0.0928053474978365,0.07446078326179463
tipranavir,72,0.22855549691400223,0.2717216541256673,0.15687495210244431
tirapazamine,82,0.08927635274787375,0.06065454228839478,0.179599382590991
tivantinib,88,0.241819210927752,0.2129686899325822,0.10111527263685262
tivozanib,86,0.16523777137496562,0.073438895815641,0.06655351306854315
tmc-353121,89,0.09786336970518535,0.14737827715355808,0.158423807195782
tms,92,0.09887757530704153,0.12559530231339486,0.16374505220759028
tofogliflozin,89,0.2896814163991547,0.24135171944160713,0.14828546505967097
topotecan,94,0.4809285769004615,0.49681754145143225,0.1289094314477399
torasemide,87,0.058492820329569865,0.1489028213166144,0.2495169378046355
torcetrapib,85,-0.2317834584844773,-0.22710572601133475,0.2740572767874409
toremifene,89,0.09295781654975643,0.0850868232890705,0.10331836848923978
torin-1,94,0.24582080882747415,0.25107827908824915,0.07643625464363958
torin-2,92,0.06974060451395661,0.06420788187969113,0.06024290944186146
tosedostat,93,0.2391321585617991,0.22255378830831662,0.1268777358710107
tozasertib,94,0.19690689396958108,0.2066992512711606,0.13799781727366778
tpca-1,93,0.34610103318692964,0.2369371251230939,0.14804203965051072
trametinib,94,0.6117333373603938,0.6345109492329847,0.22150027081675075
tranilast,93,-0.18818594792590893,-0.09384978066903403,0.10918106252162904
trans-4-hydroxycrotonic-acid,87,0.07545201146435718,0.011062914631479185,0.23435878035202365
trapidil,85,0.15533910532154277,0.13375024428376,0.1673406543380982
tremorine,86,0.21378492678845232,0.3029105146469173,0.15469655313178565
trequinsin,86,-0.05076818271442003,-0.058766922968064524,0.16219120851108515
triamcinolone,84,0.053695912556184805,0.025756808747595426,0.20585446683073702
triamcinolone-acetonide,63,0.14771025927520934,0.20295698924731181,0.3472523145985472
triamterene,88,0.07678197821169486,0.13666302701560354,0.17873837104170373
triapine,93,0.01874461213640628,0.0518188057652711,0.11066983332781814
trichostatin-a,90,0.19303466988969703,0.18500226365394906,0.06680605772114626
triciribine,93,0.2094447707424279,0.23108829936438782,0.11338261534930494
triclabendazole,92,0.11205778518615435,0.03737496724874004,0.15050957371730522
trifluridine,91,0.2658968816221198,0.33584965758878804,0.14090065668069976
trimebutine,88,0.1564008931845971,0.15140361382128142,0.2706172781549579
triptolide,78,0.27469303484884944,0.354544189987228,0.11157921900902075
trolox,82,-0.00023150945081159766,-0.03853897976730771,0.21770739558351324
trometamol,73,-0.0645963932313802,-0.16166851783290143,0.24523742169284385
tropisetron,84,-0.08211639459147546,-0.05608990584185481,0.20118061937055834
trovafloxacin,87,0.19923486555616557,0.13375738135160747,0.17121650142303133
tryptanthrin,95,-0.139822737721191,-0.09001959686450169,0.11165353990660622
tu-2100,75,0.09106385258147116,0.035903271692745375,0.17549270283730586
tucatinib,85,0.3952228670576397,0.34586079358604277,0.08017977668888245
tw-37,90,0.09870024420523586,0.18987529324607974,0.08464708408303293
tws-119,92,0.12804018138310957,0.12175762526393662,0.16876910311633608
tyloxapol,63,0.16819952169159214,0.25057603686635943,0.23425656290300548
tyrphostin-a9,92,0.12548430069263442,0.18585762064022934,0.10317246836896624
tyrphostin-ag-1296,92,0.15507351028599667,0.14899126119322473,0.1415723885866054
tyrphostin-ag-1478,95,0.31716984166853945,0.3089165733482643,0.10705959649748462
tyrphostin-ag-494,77,0.027294422150109472,0.08680792891319207,0.19471361211315943
tyrphostin-ag-99,93,-0.10014695087979049,-0.08004834233535256,0.12375494052154837
u-0126,95,0.09941856464677566,0.11872900335946249,0.2030182993473503
u-18666a,88,0.05240756299202144,0.004578915853615583,0.25129326907406185
ubenimex,56,-0.01989258794506056,-0.03287764866712235,0.14719553939768992
uh-232-(+),84,0.01358729063200708,0.043616482737673386,0.18229988351105803
uk-383367,89,0.12265981657302942,0.16275110657133132,0.22141179080377457
ulipristal,57,-0.03748141615029637,-0.006352087114337569,0.18049598326056487
unbs-5162,92,0.12063518005411897,0.22158346562273631,0.11843688943168583
unc0631,89,0.021516882567422936,0.05011916922029282,0.062042539714676694
unc2250,85,0.28396203708809553,0.37652921633769787,0.2771946517343715
uprosertib,90,0.33647868562205135,0.2967007703442558,0.09468379584081375
uracil,86,0.15319795741871933,0.20873626114439361,0.15540772274253167
uric-acid,84,0.1161092661166814,0.10013161891262529,0.21122000150066372
uridine,84,0.021991721981009002,0.04867874860787689,0.19378587953408996
usniacin-(+),89,0.12408100398654401,0.12545114061967996,0.2414461501446527
valnemulin,91,0.12389421883977303,0.021452460582895364,0.1664330340202824
valrubicin,91,0.3148644631819806,0.2981047937569677,0.08718832464402368
vandetanib,82,0.3542062767299997,0.2886784022551766,0.0775642720588398
vanoxerine,94,0.1336651352375966,0.06260159664776217,0.1080414245180259
vatalanib,90,0.020623065888163716,0.08029797917438367,0.18393871310365048
ve-821,92,0.13932800332938383,0.13780188955504521,0.19813448173481754
ve-822,94,0.2301609683275832,0.22336451974135754,0.11300195955937856
vemurafenib,94,0.17725662178150528,0.11189604809863851,0.24487770633542644
venetoclax,95,0.0020541469918027235,0.006190585602219673,0.24162888290687973
ver-49009,93,0.2927904315943193,0.22547820118766967,0.08011339430251727
verubulin,92,0.5549116974845851,0.5953639628253934,0.13701894581160567
vidarabine,85,0.015158574538430164,0.06955247215165135,0.1283544518158303
vinblastine,93,0.501230488313066,0.5037748798901852,0.1336614023190571
vincamine,90,0.1808145380620681,0.16336996336996334,0.2202966791150849
vincristine,90,0.32589279693601286,0.3634934354035478,0.3106545150750028
vindesine,94,0.4962749582631175,0.5710580500668281,0.14150426051093787
vinflunine,93,0.5268051198099064,0.5689176688251618,0.10845243012832576
vinorelbine,92,0.31219501850058007,0.32705022887351076,0.13215177543250317
vismodegib,81,0.14278456553114494,0.04734645951204287,0.046134348705974236
vlx600,93,0.2355626205399729,0.22192712840559814,0.31289988355146364
volasertib,83,0.3154344760366406,0.30998768123215564,0.1939193084843569
voreloxin,91,0.16523944179194666,0.18547539417104636,0.12119750528713351
vorinostat,95,0.12190309964973098,0.12371358296748793,0.07296448751344038
voxtalisib,91,0.1536093325098496,0.26741519350215004,0.2769324162731162
vs-4718,90,-0.10840981496614562,-0.14537597234226446,0.22943987994522622
vtp-27999,72,0.00033798160407258124,0.0416103929513152,0.18727578250216068
vu0238429,90,0.35493533868743815,0.35829114705519194,0.09589034752666259
vu0361737,87,0.17616788736627295,0.16291827659109132,0.26734997545649464
vu0364770,90,0.17380136155796924,0.13928468535210106,0.1265912747582813
vx-702,91,0.004364441848491307,0.009141583054626534,0.20503561485498745
vx-765,91,-0.09385819904689328,-0.0563306258958433,0.1272532850833185
warfarin,85,0.2172666643372304,0.2251123705296072,0.22408536394710973
way-170523,91,0.09641142729092883,0.0817646121993948,0.18798446332450378
way-600,95,0.2347532106279605,0.24871220604703245,0.10618036897714321
whi-p154,89,0.13754859400055228,0.12114402451481104,0.2804574567049106
wp1066,95,0.12503054687859494,0.22308230683090705,0.040119599257527463
wp1130,94,0.32102805521844424,0.32235668099555687,0.0666852106265951
wye-125132,92,0.03872683050397952,0.030100334448160532,0.1697694499968273
wye-354,94,0.011209539493317815,0.11617960481161725,0.11764521861204731
wz-3146,88,0.009283479355768844,0.11644535240040861,0.09692162141427244
wz-4002,86,0.31778903494091326,0.3790273126090853,0.2316117928713702
wz8040,87,0.11793008610489882,0.2767368958227017,0.12052695040722616
xanomeline,91,0.34613951730781783,0.3519827998088868,0.16966955856134844
xbd173,84,0.20165462898100664,0.14411258479295333,0.20711172871200825
xilobam,87,0.1899264057321979,0.1789020922942334,0.19672784883243247
xl-647,84,0.4395849563996572,0.42576551904194404,0.114658960511315
xl388,87,0.25376981066151494,0.2518954581905664,0.13714830806647946
xl888,91,0.03822866509857287,0.12334766682592771,0.08155143122932601
xylazine,84,0.16042381986595233,0.11181532854105497,0.20319490029251375
y-27632,76,0.2323197433404974,0.19994531784005468,0.15129490807897328
y-320,84,0.08205171621903459,0.06817859673990079,0.3122298132622935
y-39983,88,0.013772585201647067,0.014229861575851504,0.2508737832456606
ym-155,95,0.5274371409455259,0.5140957446808511,0.14973546821444506
ym-201636,88,0.14455682155449376,0.19927089570638587,0.22883384506000892
ym-976,84,0.33135170989609125,0.27216766224562117,0.23490151991777158
yo-01027,86,0.17410321455330643,0.19509410821265155,0.2182965256292776
zaldaride,93,-0.003519901784881565,-0.028915878368296972,0.1819727066314967
zaleplon,89,0.09567326943750945,0.09914879128362276,0.1313523735420195
zardaverine,90,0.2640268272571212,0.26904556118039263,0.10926727660367677
ziprasidone,88,0.11486361384559772,0.12422950935155508,0.27836049223812226
zk-93423,93,-0.0071868254744862255,-0.038644027334308134,0.25586320453806066
zk-93426,92,0.09134731128557826,0.18286762326033013,0.21749147926539628
zk811752,91,0.12959480685392893,0.06974040452301322,0.12695425560658202
zln005,84,0.22907204102511022,0.25564442644527696,0.3332050355888366
zm-306416,88,0.371896448496091,0.39711528301222226,0.18411674679941578
zm-447439,92,0.011231860685125652,0.08701817116964383,0.11652869377550096
zolantidine,48,-0.052818032900772346,0.019756838905775075,0.21786640172467944
zolmitriptan,87,-0.01030450683833492,0.07241014799154333,0.22870109420918744
zstk-474,89,0.06668723102828714,0.07597889002383386,0.1872402059329183
